No files changed, compilation skipped
note[unaliased-plain-import]: use named imports '{A, B}' or alias 'import ".." as X'
 --> src/interfaces/IStableStaker.sol:4:8
  |
4 | import "./IStableStakerMigratable.sol";
  |        ^^^^^^^^^^^^^^^^^^^^^^^^^^^^^^^
  |
  = help: https://book.getfoundry.sh/reference/forge/forge-lint#unaliased-plain-import

note[mixed-case-variable]: mutable variables should use mixedCase
  --> src/interfaces/IAntimatter.sol:36:84
   |
36 |     function annihilate(address stable, address recipient, uint256 amount, uint256 minPhUSDOut) external;
   |                                                                                    ^^^^^^^^^^^ help: consider using: `minPhUsdOut`
   |
   = help: https://book.getfoundry.sh/reference/forge/forge-lint#mixed-case-variable

note[unaliased-plain-import]: use named imports '{A, B}' or alias 'import ".." as X'
 --> test/poc/Run16_H01_EmptyPoolEmissionCliff.t.sol:4:8
  |
4 | import "forge-std/Test.sol";
  |        ^^^^^^^^^^^^^^^^^^^^
  |
  = help: https://book.getfoundry.sh/reference/forge/forge-lint#unaliased-plain-import

note[unaliased-plain-import]: use named imports '{A, B}' or alias 'import ".." as X'
 --> test/poc/Run16_H01_EmptyPoolEmissionCliff.t.sol:6:8
  |
6 | import "../../src/StableStakerV2.sol";
  |        ^^^^^^^^^^^^^^^^^^^^^^^^^^^^^^
  |
  = help: https://book.getfoundry.sh/reference/forge/forge-lint#unaliased-plain-import

note[mixed-case-variable]: mutable variables should use mixedCase
  --> test/poc/Run16_H01_EmptyPoolEmissionCliff.t.sol:44:24
   |
44 |     FlaxToken internal phUSD;
   |                        ^^^^^ help: consider using: `phUsd`
   |
   = help: https://book.getfoundry.sh/reference/forge/forge-lint#mixed-case-variable

note[mixed-case-variable]: mutable variables should use mixedCase
  --> test/poc/Run16_H01_EmptyPoolEmissionCliff.t.sol:45:32
   |
45 |     PhusdStableMinter internal phUSDMinter;
   |                                ^^^^^^^^^^^ help: consider using: `phUsdMinter`
   |
   = help: https://book.getfoundry.sh/reference/forge/forge-lint#mixed-case-variable

note[unaliased-plain-import]: use named imports '{A, B}' or alias 'import ".." as X'
 --> test/GoldenRule.t.sol:4:8
  |
4 | import "forge-std/Test.sol";
  |        ^^^^^^^^^^^^^^^^^^^^
  |
  = help: https://book.getfoundry.sh/reference/forge/forge-lint#unaliased-plain-import

note[unaliased-plain-import]: use named imports '{A, B}' or alias 'import ".." as X'
 --> test/CrossVersionMigrator.t.sol:4:8
  |
4 | import "forge-std/Test.sol";
  |        ^^^^^^^^^^^^^^^^^^^^
  |
  = help: https://book.getfoundry.sh/reference/forge/forge-lint#unaliased-plain-import

note[unaliased-plain-import]: use named imports '{A, B}' or alias 'import ".." as X'
 --> test/CrossVersionMigrator.t.sol:5:8
  |
5 | import "../src/StableStakerV2.sol";
  |        ^^^^^^^^^^^^^^^^^^^^^^^^^^^
  |
  = help: https://book.getfoundry.sh/reference/forge/forge-lint#unaliased-plain-import

note[unaliased-plain-import]: use named imports '{A, B}' or alias 'import ".." as X'
 --> src/InPlaceMigrator.sol:4:8
  |
4 | import "@openzeppelin/contracts/access/Ownable.sol";
  |        ^^^^^^^^^^^^^^^^^^^^^^^^^^^^^^^^^^^^^^^^^^^^
  |
  = help: https://book.getfoundry.sh/reference/forge/forge-lint#unaliased-plain-import

note[unaliased-plain-import]: use named imports '{A, B}' or alias 'import ".." as X'
 --> src/InPlaceMigrator.sol:5:8
  |
5 | import "@openzeppelin/contracts/token/ERC20/IERC20.sol";
  |        ^^^^^^^^^^^^^^^^^^^^^^^^^^^^^^^^^^^^^^^^^^^^^^^^
  |
  = help: https://book.getfoundry.sh/reference/forge/forge-lint#unaliased-plain-import

note[unaliased-plain-import]: use named imports '{A, B}' or alias 'import ".." as X'
 --> test/EmissionCap.t.sol:4:8
  |
4 | import "forge-std/Test.sol";
  |        ^^^^^^^^^^^^^^^^^^^^
  |
  = help: https://book.getfoundry.sh/reference/forge/forge-lint#unaliased-plain-import

warning[divide-before-multiply]: multiplication should occur before division to avoid loss of precision
   --> test/poc/Run16_H01_EmptyPoolEmissionCliff.t.sol:218:26
    |
218 |         uint256 amount = (am / 1e12) * 1e12;
    |                          ^^^^^^^^^^^^^^^^^^
    |
    = help: https://book.getfoundry.sh/reference/forge/forge-lint#divide-before-multiply

note[unaliased-plain-import]: use named imports '{A, B}' or alias 'import ".." as X'
 --> test/poc/Run17_ECON001_ExitFeeBrick.t.sol:4:8
  |
4 | import "forge-std/Test.sol";
  |        ^^^^^^^^^^^^^^^^^^^^
  |
  = help: https://book.getfoundry.sh/reference/forge/forge-lint#unaliased-plain-import

note[unaliased-plain-import]: use named imports '{A, B}' or alias 'import ".." as X'
 --> test/poc/Run17_ECON001_ExitFeeBrick.t.sol:5:8
  |
5 | import "../../src/StableStakerV2.sol";
  |        ^^^^^^^^^^^^^^^^^^^^^^^^^^^^^^
  |
  = help: https://book.getfoundry.sh/reference/forge/forge-lint#unaliased-plain-import

note[unaliased-plain-import]: use named imports '{A, B}' or alias 'import ".." as X'
 --> test/GoldenRule.t.sol:5:8
  |
5 | import "../src/StableStakerV2.sol";
  |        ^^^^^^^^^^^^^^^^^^^^^^^^^^^
  |
  = help: https://book.getfoundry.sh/reference/forge/forge-lint#unaliased-plain-import

note[unaliased-plain-import]: use named imports '{A, B}' or alias 'import ".." as X'
 --> test/GoldenRule.t.sol:6:8
  |
6 | import "../src/interfaces/IStableStakerMigratable.sol";
  |        ^^^^^^^^^^^^^^^^^^^^^^^^^^^^^^^^^^^^^^^^^^^^^^^
  |
  = help: https://book.getfoundry.sh/reference/forge/forge-lint#unaliased-plain-import

note[unaliased-plain-import]: use named imports '{A, B}' or alias 'import ".." as X'
 --> test/GoldenRule.t.sol:7:8
  |
7 | import "../src/versions/v1/IStableStakerV1.sol";
  |        ^^^^^^^^^^^^^^^^^^^^^^^^^^^^^^^^^^^^^^^^
  |
  = help: https://book.getfoundry.sh/reference/forge/forge-lint#unaliased-plain-import

note[unaliased-plain-import]: use named imports '{A, B}' or alias 'import ".." as X'
  --> src/versions/v1/vendor/IFlax.sol:31:8
   |
31 | import "@openzeppelin/contracts/token/ERC20/IERC20.sol";
   |        ^^^^^^^^^^^^^^^^^^^^^^^^^^^^^^^^^^^^^^^^^^^^^^^^
   |
   = help: https://book.getfoundry.sh/reference/forge/forge-lint#unaliased-plain-import

note[unaliased-plain-import]: use named imports '{A, B}' or alias 'import ".." as X'
  --> src/versions/v1/vendor/IFlax.sol:32:8
   |
32 | import "@openzeppelin/contracts/access/Ownable.sol";
   |        ^^^^^^^^^^^^^^^^^^^^^^^^^^^^^^^^^^^^^^^^^^^^
   |
   = help: https://book.getfoundry.sh/reference/forge/forge-lint#unaliased-plain-import

note[unaliased-plain-import]: use named imports '{A, B}' or alias 'import ".." as X'
 --> src/CrossVersionMigrator.sol:4:8
  |
4 | import "@openzeppelin/contracts/access/Ownable.sol";
  |        ^^^^^^^^^^^^^^^^^^^^^^^^^^^^^^^^^^^^^^^^^^^^
  |
  = help: https://book.getfoundry.sh/reference/forge/forge-lint#unaliased-plain-import

note[unaliased-plain-import]: use named imports '{A, B}' or alias 'import ".." as X'
  --> src/versions/v1/vendor/FlaxToken.sol:31:8
   |
31 | import "@openzeppelin/contracts/token/ERC20/ERC20.sol";
   |        ^^^^^^^^^^^^^^^^^^^^^^^^^^^^^^^^^^^^^^^^^^^^^^^
   |
   = help: https://book.getfoundry.sh/reference/forge/forge-lint#unaliased-plain-import

note[unaliased-plain-import]: use named imports '{A, B}' or alias 'import ".." as X'
 --> src/InPlaceMigrator.sol:6:8
  |
6 | import "@openzeppelin/contracts/token/ERC20/utils/SafeERC20.sol";
  |        ^^^^^^^^^^^^^^^^^^^^^^^^^^^^^^^^^^^^^^^^^^^^^^^^^^^^^^^^^
  |
  = help: https://book.getfoundry.sh/reference/forge/forge-lint#unaliased-plain-import

note[unaliased-plain-import]: use named imports '{A, B}' or alias 'import ".." as X'
 --> src/InPlaceMigrator.sol:7:8
  |
7 | import "@openzeppelin/contracts/utils/ReentrancyGuard.sol";
  |        ^^^^^^^^^^^^^^^^^^^^^^^^^^^^^^^^^^^^^^^^^^^^^^^^^^^
  |
  = help: https://book.getfoundry.sh/reference/forge/forge-lint#unaliased-plain-import

note[unaliased-plain-import]: use named imports '{A, B}' or alias 'import ".." as X'
 --> test/CrossVersionMigrator.t.sol:6:8
  |
6 | import "../src/CrossVersionMigrator.sol";
  |        ^^^^^^^^^^^^^^^^^^^^^^^^^^^^^^^^^
  |
  = help: https://book.getfoundry.sh/reference/forge/forge-lint#unaliased-plain-import

note[mixed-case-variable]: mutable variables should use mixedCase
   --> test/poc/Run17_ECON001_ExitFeeBrick.t.sol:180:24
    |
180 |     FlaxToken internal phUSD;
    |                        ^^^^^ help: consider using: `phUsd`
    |
    = help: https://book.getfoundry.sh/reference/forge/forge-lint#mixed-case-variable

note[unaliased-plain-import]: use named imports '{A, B}' or alias 'import ".." as X'
 --> test/EmissionCap.t.sol:5:8
  |
5 | import "../src/StableStakerV2.sol";
  |        ^^^^^^^^^^^^^^^^^^^^^^^^^^^
  |
  = help: https://book.getfoundry.sh/reference/forge/forge-lint#unaliased-plain-import

note[unaliased-plain-import]: use named imports '{A, B}' or alias 'import ".." as X'
 --> test/StableStakerV1Snapshot.t.sol:4:8
  |
4 | import "forge-std/Test.sol";
  |        ^^^^^^^^^^^^^^^^^^^^
  |
  = help: https://book.getfoundry.sh/reference/forge/forge-lint#unaliased-plain-import

note[unaliased-plain-import]: use named imports '{A, B}' or alias 'import ".." as X'
 --> test/StableStakerV1Snapshot.t.sol:5:8
  |
5 | import "../src/StableStakerV2.sol";
  |        ^^^^^^^^^^^^^^^^^^^^^^^^^^^
  |
  = help: https://book.getfoundry.sh/reference/forge/forge-lint#unaliased-plain-import

note[mixed-case-variable]: mutable variables should use mixedCase
   --> test/poc/Run17_ECON001_ExitFeeBrick.t.sol:182:38
    |
182 |     MockMinterYieldStrategy internal minterYS;
    |                                      ^^^^^^^^ help: consider using: `minterYs`
    |
    = help: https://book.getfoundry.sh/reference/forge/forge-lint#mixed-case-variable

note[unaliased-plain-import]: use named imports '{A, B}' or alias 'import ".." as X'
 --> src/InPlaceMigrator.sol:8:8
  |
8 | import "@openzeppelin/contracts/utils/structs/EnumerableSet.sol";
  |        ^^^^^^^^^^^^^^^^^^^^^^^^^^^^^^^^^^^^^^^^^^^^^^^^^^^^^^^^^
  |
  = help: https://book.getfoundry.sh/reference/forge/forge-lint#unaliased-plain-import

note[unaliased-plain-import]: use named imports '{A, B}' or alias 'import ".." as X'
 --> test/invariant/medusa/Run17Medusa.sol:4:8
  |
4 | import "../../../src/StableStakerV2.sol";
  |        ^^^^^^^^^^^^^^^^^^^^^^^^^^^^^^^^^
  |
  = help: https://book.getfoundry.sh/reference/forge/forge-lint#unaliased-plain-import

note[screaming-snake-case-const]: constants should use SCREAMING_SNAKE_CASE
  --> test/invariant/medusa/Run17Medusa.sol:38:27
   |
38 |     IVM internal constant vm = IVM(0x7109709ECfa91a80626fF3989D68f67F5b1DD12D);
   |                           ^^ help: consider using: `VM`
   |
   = help: https://book.getfoundry.sh/reference/forge/forge-lint#screaming-snake-case-const

note[unaliased-plain-import]: use named imports '{A, B}' or alias 'import ".." as X'
 --> test/CrossVersionMigrator.t.sol:7:8
  |
7 | import "../src/interfaces/IStableStakerMigratable.sol";
  |        ^^^^^^^^^^^^^^^^^^^^^^^^^^^^^^^^^^^^^^^^^^^^^^^
  |
  = help: https://book.getfoundry.sh/reference/forge/forge-lint#unaliased-plain-import

warning[divide-before-multiply]: multiplication should occur before division to avoid loss of precision
   --> test/poc/Run17_ECON001_ExitFeeBrick.t.sol:350:39
    |
350 |         staker.antimatterPerDay(USDC, (booked / 2) * 1e12 * 86_400);
    |                                       ^^^^^^^^^^^^^^^^^^^
    |
    = help: https://book.getfoundry.sh/reference/forge/forge-lint#divide-before-multiply

note[screaming-snake-case-immutable]: immutables should use SCREAMING_SNAKE_CASE
   --> test/poc/Run17_ECON001_ExitFeeBrick.t.sol:487:30
    |
487 |     address public immutable assetToken;
    |                              ^^^^^^^^^^ help: consider using: `ASSET_TOKEN`
    |
    = help: https://book.getfoundry.sh/reference/forge/forge-lint#screaming-snake-case-immutable

note[unaliased-plain-import]: use named imports '{A, B}' or alias 'import ".." as X'
 --> src/CrossVersionMigrator.sol:5:8
  |
5 | import "@openzeppelin/contracts/token/ERC20/IERC20.sol";
  |        ^^^^^^^^^^^^^^^^^^^^^^^^^^^^^^^^^^^^^^^^^^^^^^^^
  |
  = help: https://book.getfoundry.sh/reference/forge/forge-lint#unaliased-plain-import

note[mixed-case-variable]: mutable variables should use mixedCase
  --> test/invariant/medusa/Run17Medusa.sol:42:22
   |
42 |     FlaxToken public phUSD;
   |                      ^^^^^ help: consider using: `phUsd`
   |
   = help: https://book.getfoundry.sh/reference/forge/forge-lint#mixed-case-variable

note[unaliased-plain-import]: use named imports '{A, B}' or alias 'import ".." as X'
 --> test/YieldStrategyIntegration.t.sol:4:8
  |
4 | import "forge-std/Test.sol";
  |        ^^^^^^^^^^^^^^^^^^^^
  |
  = help: https://book.getfoundry.sh/reference/forge/forge-lint#unaliased-plain-import

note[unaliased-plain-import]: use named imports '{A, B}' or alias 'import ".." as X'
 --> test/YieldStrategyIntegration.t.sol:5:8
  |
5 | import "../src/StableStakerV2.sol";
  |        ^^^^^^^^^^^^^^^^^^^^^^^^^^^
  |
  = help: https://book.getfoundry.sh/reference/forge/forge-lint#unaliased-plain-import

note[unaliased-plain-import]: use named imports '{A, B}' or alias 'import ".." as X'
  --> src/versions/v1/vendor/FlaxToken.sol:32:8
   |
32 | import "@openzeppelin/contracts/access/Ownable.sol";
   |        ^^^^^^^^^^^^^^^^^^^^^^^^^^^^^^^^^^^^^^^^^^^^
   |
   = help: https://book.getfoundry.sh/reference/forge/forge-lint#unaliased-plain-import

note[unaliased-plain-import]: use named imports '{A, B}' or alias 'import ".." as X'
  --> src/versions/v1/vendor/FlaxToken.sol:33:8
   |
33 | import "./IFlax.sol";
   |        ^^^^^^^^^^^^^
   |
   = help: https://book.getfoundry.sh/reference/forge/forge-lint#unaliased-plain-import

note[mixed-case-variable]: mutable variables should use mixedCase
  --> test/invariant/medusa/Run17Medusa.sol:44:36
   |
44 |     MockMinterYieldStrategy public minterYS;
   |                                    ^^^^^^^^ help: consider using: `minterYs`
   |
   = help: https://book.getfoundry.sh/reference/forge/forge-lint#mixed-case-variable

note[unaliased-plain-import]: use named imports '{A, B}' or alias 'import ".." as X'
  --> test/CrossVersionMigrator.t.sol:11:8
   |
11 | import "reflax-yield-vault/interfaces/IYieldStrategy.sol";
   |        ^^^^^^^^^^^^^^^^^^^^^^^^^^^^^^^^^^^^^^^^^^^^^^^^^^
   |
   = help: https://book.getfoundry.sh/reference/forge/forge-lint#unaliased-plain-import

note[unaliased-plain-import]: use named imports '{A, B}' or alias 'import ".." as X'
  --> test/CrossVersionMigrator.t.sol:12:8
   |
12 | import "@openzeppelin/contracts/access/Ownable.sol";
   |        ^^^^^^^^^^^^^^^^^^^^^^^^^^^^^^^^^^^^^^^^^^^^
   |
   = help: https://book.getfoundry.sh/reference/forge/forge-lint#unaliased-plain-import

note[unaliased-plain-import]: use named imports '{A, B}' or alias 'import ".." as X'
 --> test/YieldStrategyIntegration.t.sol:7:8
  |
7 | import "reflax-yield-vault/interfaces/IYieldStrategy.sol";
  |        ^^^^^^^^^^^^^^^^^^^^^^^^^^^^^^^^^^^^^^^^^^^^^^^^^^
  |
  = help: https://book.getfoundry.sh/reference/forge/forge-lint#unaliased-plain-import

note[unaliased-plain-import]: use named imports '{A, B}' or alias 'import ".." as X'
 --> src/versions/v1/StableStakerV1.sol:4:8
  |
4 | import "@openzeppelin/contracts/access/Ownable.sol";
  |        ^^^^^^^^^^^^^^^^^^^^^^^^^^^^^^^^^^^^^^^^^^^^
  |
  = help: https://book.getfoundry.sh/reference/forge/forge-lint#unaliased-plain-import

note[unaliased-plain-import]: use named imports '{A, B}' or alias 'import ".." as X'
 --> src/versions/v1/StableStakerV1.sol:5:8
  |
5 | import "@openzeppelin/contracts/utils/Pausable.sol";
  |        ^^^^^^^^^^^^^^^^^^^^^^^^^^^^^^^^^^^^^^^^^^^^
  |
  = help: https://book.getfoundry.sh/reference/forge/forge-lint#unaliased-plain-import

note[unaliased-plain-import]: use named imports '{A, B}' or alias 'import ".." as X'
 --> src/InPlaceMigrator.sol:9:8
  |
9 | import "@openzeppelin/contracts/utils/math/Math.sol";
  |        ^^^^^^^^^^^^^^^^^^^^^^^^^^^^^^^^^^^^^^^^^^^^^
  |
  = help: https://book.getfoundry.sh/reference/forge/forge-lint#unaliased-plain-import

note[unaliased-plain-import]: use named imports '{A, B}' or alias 'import ".." as X'
  --> src/InPlaceMigrator.sol:10:8
   |
10 | import "./interfaces/IStableStaker.sol";
   |        ^^^^^^^^^^^^^^^^^^^^^^^^^^^^^^^^
   |
   = help: https://book.getfoundry.sh/reference/forge/forge-lint#unaliased-plain-import

warning[erc20-unchecked-transfer]: ERC20 'transfer' and 'transferFrom' calls should check the return value
   --> test/YieldStrategyIntegration.t.sol:228:9
    |
228 |         usdc.transfer(address(staker), amount);
    |         ^^^^^^^^^^^^^^^^^^^^^^^^^^^^^^^^^^^^^^
    |
    = help: https://book.getfoundry.sh/reference/forge/forge-lint#erc20-unchecked-transfer

note[unaliased-plain-import]: use named imports '{A, B}' or alias 'import ".." as X'
 --> src/versions/v1/StableStakerV1.sol:6:8
  |
6 | import "@openzeppelin/contracts/utils/ReentrancyGuard.sol";
  |        ^^^^^^^^^^^^^^^^^^^^^^^^^^^^^^^^^^^^^^^^^^^^^^^^^^^
  |
  = help: https://book.getfoundry.sh/reference/forge/forge-lint#unaliased-plain-import

note[unaliased-plain-import]: use named imports '{A, B}' or alias 'import ".." as X'
 --> src/versions/v1/StableStakerV1.sol:7:8
  |
7 | import "@openzeppelin/contracts/token/ERC20/IERC20.sol";
  |        ^^^^^^^^^^^^^^^^^^^^^^^^^^^^^^^^^^^^^^^^^^^^^^^^
  |
  = help: https://book.getfoundry.sh/reference/forge/forge-lint#unaliased-plain-import

note[unaliased-plain-import]: use named imports '{A, B}' or alias 'import ".." as X'
 --> test/mocks/MockMinterYieldStrategy.sol:4:8
  |
4 | import "@openzeppelin/contracts/token/ERC20/IERC20.sol";
  |        ^^^^^^^^^^^^^^^^^^^^^^^^^^^^^^^^^^^^^^^^^^^^^^^^
  |
  = help: https://book.getfoundry.sh/reference/forge/forge-lint#unaliased-plain-import

note[mixed-case-variable]: mutable variables should use mixedCase
  --> test/invariant/medusa/Run17Medusa.sol:64:20
   |
64 |     uint256 public cAA;
   |                    ^^^ help: consider using: `cAa`
   |
   = help: https://book.getfoundry.sh/reference/forge/forge-lint#mixed-case-variable

note[mixed-case-variable]: mutable variables should use mixedCase
  --> test/invariant/medusa/Run17Medusa.sol:65:20
   |
65 |     uint256 public cAAExcess;
   |                    ^^^^^^^^^ help: consider using: `cAaExcess`
   |
   = help: https://book.getfoundry.sh/reference/forge/forge-lint#mixed-case-variable

note[unaliased-plain-import]: use named imports '{A, B}' or alias 'import ".." as X'
 --> test/DeferredAccrual.t.sol:4:8
  |
4 | import "forge-std/Test.sol";
  |        ^^^^^^^^^^^^^^^^^^^^
  |
  = help: https://book.getfoundry.sh/reference/forge/forge-lint#unaliased-plain-import

note[screaming-snake-case-immutable]: immutables should use SCREAMING_SNAKE_CASE
  --> src/InPlaceMigrator.sol:73:36
   |
73 |     IStableStaker public immutable staker;
   |                                    ^^^^^^ help: consider using: `STAKER`
   |
   = help: https://book.getfoundry.sh/reference/forge/forge-lint#screaming-snake-case-immutable

note[unaliased-plain-import]: use named imports '{A, B}' or alias 'import ".." as X'
 --> test/mocks/MockMinterYieldStrategy.sol:5:8
  |
5 | import "@openzeppelin/contracts/token/ERC20/utils/SafeERC20.sol";
  |        ^^^^^^^^^^^^^^^^^^^^^^^^^^^^^^^^^^^^^^^^^^^^^^^^^^^^^^^^^
  |
  = help: https://book.getfoundry.sh/reference/forge/forge-lint#unaliased-plain-import

note[unaliased-plain-import]: use named imports '{A, B}' or alias 'import ".." as X'
 --> test/StableStakerV1Snapshot.t.sol:6:8
  |
6 | import "../src/versions/v1/StableStakerV1.sol";
  |        ^^^^^^^^^^^^^^^^^^^^^^^^^^^^^^^^^^^^^^^
  |
  = help: https://book.getfoundry.sh/reference/forge/forge-lint#unaliased-plain-import

note[mixed-case-variable]: mutable variables should use mixedCase
  --> test/invariant/medusa/Run17Medusa.sol:66:20
   |
66 |     uint256 public cAADust;
   |                    ^^^^^^^ help: consider using: `cAaDust`
   |
   = help: https://book.getfoundry.sh/reference/forge/forge-lint#mixed-case-variable

note[mixed-case-variable]: mutable variables should use mixedCase
  --> test/invariant/medusa/Run17Medusa.sol:67:20
   |
67 |     uint256 public cAAFullExit;
   |                    ^^^^^^^^^^^ help: consider using: `cAaFullExit`
   |
   = help: https://book.getfoundry.sh/reference/forge/forge-lint#mixed-case-variable

note[mixed-case-variable]: mutable variables should use mixedCase
  --> test/invariant/medusa/Run17Medusa.sol:68:20
   |
68 |     uint256 public cAAZeroGross;
   |                    ^^^^^^^^^^^^ help: consider using: `cAaZeroGross`
   |
   = help: https://book.getfoundry.sh/reference/forge/forge-lint#mixed-case-variable

note[unaliased-plain-import]: use named imports '{A, B}' or alias 'import ".." as X'
 --> test/DeferredAccrual.t.sol:5:8
  |
5 | import "../src/StableStakerV2.sol";
  |        ^^^^^^^^^^^^^^^^^^^^^^^^^^^
  |
  = help: https://book.getfoundry.sh/reference/forge/forge-lint#unaliased-plain-import

note[screaming-snake-case-immutable]: immutables should use SCREAMING_SNAKE_CASE
  --> src/InPlaceMigrator.sol:76:30
   |
76 |     uint256 public immutable migrationTimeout;
   |                              ^^^^^^^^^^^^^^^^ help: consider using: `MIGRATION_TIMEOUT`
   |
   = help: https://book.getfoundry.sh/reference/forge/forge-lint#screaming-snake-case-immutable

note[unaliased-plain-import]: use named imports '{A, B}' or alias 'import ".." as X'
 --> src/CrossVersionMigrator.sol:6:8
  |
6 | import "@openzeppelin/contracts/token/ERC20/utils/SafeERC20.sol";
  |        ^^^^^^^^^^^^^^^^^^^^^^^^^^^^^^^^^^^^^^^^^^^^^^^^^^^^^^^^^
  |
  = help: https://book.getfoundry.sh/reference/forge/forge-lint#unaliased-plain-import

note[unaliased-plain-import]: use named imports '{A, B}' or alias 'import ".." as X'
 --> src/CrossVersionMigrator.sol:7:8
  |
7 | import "./interfaces/IStableStakerMigratable.sol";
  |        ^^^^^^^^^^^^^^^^^^^^^^^^^^^^^^^^^^^^^^^^^^
  |
  = help: https://book.getfoundry.sh/reference/forge/forge-lint#unaliased-plain-import

note[screaming-snake-case-immutable]: immutables should use SCREAMING_SNAKE_CASE
   --> test/poc/Run17_ECON001_ExitFeeBrick.t.sol:488:30
    |
488 |     uint256 public immutable feeE5;
    |                              ^^^^^ help: consider using: `FEE_E5`
    |
    = help: https://book.getfoundry.sh/reference/forge/forge-lint#screaming-snake-case-immutable

note[unaliased-plain-import]: use named imports '{A, B}' or alias 'import ".." as X'
 --> test/DeferredAccrual.t.sol:6:8
  |
6 | import "../src/interfaces/IStableStakerMigratable.sol";
  |        ^^^^^^^^^^^^^^^^^^^^^^^^^^^^^^^^^^^^^^^^^^^^^^^
  |
  = help: https://book.getfoundry.sh/reference/forge/forge-lint#unaliased-plain-import

note[unaliased-plain-import]: use named imports '{A, B}' or alias 'import ".." as X'
 --> test/mocks/MockERC4626Vault.sol:4:8
  |
4 | import "@openzeppelin/contracts/token/ERC20/ERC20.sol";
  |        ^^^^^^^^^^^^^^^^^^^^^^^^^^^^^^^^^^^^^^^^^^^^^^^
  |
  = help: https://book.getfoundry.sh/reference/forge/forge-lint#unaliased-plain-import

note[unaliased-plain-import]: use named imports '{A, B}' or alias 'import ".." as X'
 --> test/mocks/MockERC4626Vault.sol:5:8
  |
5 | import "@openzeppelin/contracts/token/ERC20/extensions/ERC4626.sol";
  |        ^^^^^^^^^^^^^^^^^^^^^^^^^^^^^^^^^^^^^^^^^^^^^^^^^^^^^^^^^^^^
  |
  = help: https://book.getfoundry.sh/reference/forge/forge-lint#unaliased-plain-import

note[unaliased-plain-import]: use named imports '{A, B}' or alias 'import ".." as X'
 --> src/versions/v1/StableStakerV1.sol:8:8
  |
8 | import "@openzeppelin/contracts/token/ERC20/utils/SafeERC20.sol";
  |        ^^^^^^^^^^^^^^^^^^^^^^^^^^^^^^^^^^^^^^^^^^^^^^^^^^^^^^^^^
  |
  = help: https://book.getfoundry.sh/reference/forge/forge-lint#unaliased-plain-import

note[unaliased-plain-import]: use named imports '{A, B}' or alias 'import ".." as X'
 --> test/mocks/MockERC20.sol:4:8
  |
4 | import "@openzeppelin/contracts/token/ERC20/ERC20.sol";
  |        ^^^^^^^^^^^^^^^^^^^^^^^^^^^^^^^^^^^^^^^^^^^^^^^
  |
  = help: https://book.getfoundry.sh/reference/forge/forge-lint#unaliased-plain-import

note[unaliased-plain-import]: use named imports '{A, B}' or alias 'import ".." as X'
 --> test/AutoAnnihilate.t.sol:4:8
  |
4 | import "forge-std/Test.sol";
  |        ^^^^^^^^^^^^^^^^^^^^
  |
  = help: https://book.getfoundry.sh/reference/forge/forge-lint#unaliased-plain-import

note[unaliased-plain-import]: use named imports '{A, B}' or alias 'import ".." as X'
 --> test/mocks/MockERC4626Vault.sol:6:8
  |
6 | import "@openzeppelin/contracts/token/ERC20/IERC20.sol";
  |        ^^^^^^^^^^^^^^^^^^^^^^^^^^^^^^^^^^^^^^^^^^^^^^^^
  |
  = help: https://book.getfoundry.sh/reference/forge/forge-lint#unaliased-plain-import

note[unaliased-plain-import]: use named imports '{A, B}' or alias 'import ".." as X'
 --> test/StableStakerV1Snapshot.t.sol:7:8
  |
7 | import "../src/versions/v1/IStableStakerV1.sol";
  |        ^^^^^^^^^^^^^^^^^^^^^^^^^^^^^^^^^^^^^^^^
  |
  = help: https://book.getfoundry.sh/reference/forge/forge-lint#unaliased-plain-import

note[unaliased-plain-import]: use named imports '{A, B}' or alias 'import ".." as X'
 --> test/StableStakerV1Snapshot.t.sol:8:8
  |
8 | import "flax-token/FlaxToken.sol";
  |        ^^^^^^^^^^^^^^^^^^^^^^^^^^
  |
  = help: https://book.getfoundry.sh/reference/forge/forge-lint#unaliased-plain-import

note[mixed-case-variable]: mutable variables should use mixedCase
  --> test/StableStakerV1Snapshot.t.sol:36:24
   |
36 |     FlaxToken internal phUSD;
   |                        ^^^^^ help: consider using: `phUsd`
   |
   = help: https://book.getfoundry.sh/reference/forge/forge-lint#mixed-case-variable

note[screaming-snake-case-immutable]: immutables should use SCREAMING_SNAKE_CASE
   --> src/CrossVersionMigrator.sol:105:46
    |
105 |     IStableStakerMigratable public immutable oldStaker;
    |                                              ^^^^^^^^^ help: consider using: `OLD_STAKER`
    |
    = help: https://book.getfoundry.sh/reference/forge/forge-lint#screaming-snake-case-immutable

note[unaliased-plain-import]: use named imports '{A, B}' or alias 'import ".." as X'
 --> test/AutoAnnihilate.t.sol:5:8
  |
5 | import "../src/StableStakerV2.sol";
  |        ^^^^^^^^^^^^^^^^^^^^^^^^^^^
  |
  = help: https://book.getfoundry.sh/reference/forge/forge-lint#unaliased-plain-import

note[mixed-case-variable]: mutable variables should use mixedCase
  --> test/AutoAnnihilate.t.sol:25:24
   |
25 |     FlaxToken internal phUSD;
   |                        ^^^^^ help: consider using: `phUsd`
   |
   = help: https://book.getfoundry.sh/reference/forge/forge-lint#mixed-case-variable

warning[unsafe-typecast]: typecasts that can truncate values should be checked
   --> test/poc/Run17_ECON001_ExitFeeBrick.t.sol:320:65
    |
320 |             emit log_named_bytes32("    other revert selector", bytes32(lowlevel));
    |                                                                 ^^^^^^^^^^^^^^^^^
    |
    = note: consider disabling this lint if you're certain the cast is safe
            
            // casting to 'bytes32' is safe because [explain why]
            // forge-lint: disable-next-line(unsafe-typecast)
            
            
    = help: https://book.getfoundry.sh/reference/forge/forge-lint#unsafe-typecast

note[unaliased-plain-import]: use named imports '{A, B}' or alias 'import ".." as X'
 --> src/versions/v1/StableStakerV1.sol:9:8
  |
9 | import "@openzeppelin/contracts/utils/structs/EnumerableSet.sol";
  |        ^^^^^^^^^^^^^^^^^^^^^^^^^^^^^^^^^^^^^^^^^^^^^^^^^^^^^^^^^
  |
  = help: https://book.getfoundry.sh/reference/forge/forge-lint#unaliased-plain-import

note[unaliased-plain-import]: use named imports '{A, B}' or alias 'import ".." as X'
  --> src/versions/v1/StableStakerV1.sol:10:8
   |
10 | import "flax-token/IFlax.sol";
   |        ^^^^^^^^^^^^^^^^^^^^^^
   |
   = help: https://book.getfoundry.sh/reference/forge/forge-lint#unaliased-plain-import

note[unaliased-plain-import]: use named imports '{A, B}' or alias 'import ".." as X'
  --> src/versions/v1/StableStakerV1.sol:11:8
   |
11 | import "pauser/interfaces/IPausable.sol";
   |        ^^^^^^^^^^^^^^^^^^^^^^^^^^^^^^^^^
   |
   = help: https://book.getfoundry.sh/reference/forge/forge-lint#unaliased-plain-import

note[unaliased-plain-import]: use named imports '{A, B}' or alias 'import ".." as X'
  --> src/versions/v1/StableStakerV1.sol:12:8
   |
12 | import "reflax-yield-vault/interfaces/IYieldStrategy.sol";
   |        ^^^^^^^^^^^^^^^^^^^^^^^^^^^^^^^^^^^^^^^^^^^^^^^^^^
   |
   = help: https://book.getfoundry.sh/reference/forge/forge-lint#unaliased-plain-import

note[unaliased-plain-import]: use named imports '{A, B}' or alias 'import ".." as X'
 --> test/Migration.t.sol:4:8
  |
4 | import "forge-std/Test.sol";
  |        ^^^^^^^^^^^^^^^^^^^^
  |
  = help: https://book.getfoundry.sh/reference/forge/forge-lint#unaliased-plain-import

note[unaliased-plain-import]: use named imports '{A, B}' or alias 'import ".." as X'
 --> test/mocks/MockYieldStrategy.sol:4:8
  |
4 | import "@openzeppelin/contracts/token/ERC20/IERC20.sol";
  |        ^^^^^^^^^^^^^^^^^^^^^^^^^^^^^^^^^^^^^^^^^^^^^^^^
  |
  = help: https://book.getfoundry.sh/reference/forge/forge-lint#unaliased-plain-import

note[unaliased-plain-import]: use named imports '{A, B}' or alias 'import ".." as X'
 --> test/mocks/MockYieldStrategy.sol:5:8
  |
5 | import "@openzeppelin/contracts/token/ERC20/utils/SafeERC20.sol";
  |        ^^^^^^^^^^^^^^^^^^^^^^^^^^^^^^^^^^^^^^^^^^^^^^^^^^^^^^^^^
  |
  = help: https://book.getfoundry.sh/reference/forge/forge-lint#unaliased-plain-import

note[screaming-snake-case-immutable]: immutables should use SCREAMING_SNAKE_CASE
   --> src/CrossVersionMigrator.sol:108:46
    |
108 |     IStableStakerMigratable public immutable newStaker;
    |                                              ^^^^^^^^^ help: consider using: `NEW_STAKER`
    |
    = help: https://book.getfoundry.sh/reference/forge/forge-lint#screaming-snake-case-immutable

note[screaming-snake-case-immutable]: immutables should use SCREAMING_SNAKE_CASE
  --> src/versions/v1/StableStakerV1.sol:90:28
   |
90 |     IFlax public immutable phUSD;
   |                            ^^^^^ help: consider using: `PH_USD`
   |
   = help: https://book.getfoundry.sh/reference/forge/forge-lint#screaming-snake-case-immutable

note[mixed-case-variable]: mutable variables should use mixedCase
  --> test/invariant/medusa/Run17Medusa.sol:69:20
   |
69 |     uint256 public cAA6dp;
   |                    ^^^^^^ help: consider using: `cAa6dp`
   |
   = help: https://book.getfoundry.sh/reference/forge/forge-lint#mixed-case-variable

warning[erc20-unchecked-transfer]: ERC20 'transfer' and 'transferFrom' calls should check the return value
   --> test/poc/Run17_ECON001_ExitFeeBrick.t.sol:348:9
    |
348 |         IAutopool(AUTO_USD).transfer(address(0xdead), shares / 10);
    |         ^^^^^^^^^^^^^^^^^^^^^^^^^^^^^^^^^^^^^^^^^^^^^^^^^^^^^^^^^^
    |
    = help: https://book.getfoundry.sh/reference/forge/forge-lint#erc20-unchecked-transfer

note[unaliased-plain-import]: use named imports '{A, B}' or alias 'import ".." as X'
 --> test/mocks/MockYieldStrategy.sol:6:8
  |
6 | import "@openzeppelin/contracts/utils/math/Math.sol";
  |        ^^^^^^^^^^^^^^^^^^^^^^^^^^^^^^^^^^^^^^^^^^^^^
  |
  = help: https://book.getfoundry.sh/reference/forge/forge-lint#unaliased-plain-import

note[unaliased-plain-import]: use named imports '{A, B}' or alias 'import ".." as X'
 --> test/Migration.t.sol:5:8
  |
5 | import "../src/StableStakerV2.sol";
  |        ^^^^^^^^^^^^^^^^^^^^^^^^^^^
  |
  = help: https://book.getfoundry.sh/reference/forge/forge-lint#unaliased-plain-import

note[mixed-case-variable]: mutable variables should use mixedCase
  --> test/AutoAnnihilate.t.sol:27:38
   |
27 |     MockMinterYieldStrategy internal minterYS;
   |                                      ^^^^^^^^ help: consider using: `minterYs`
   |
   = help: https://book.getfoundry.sh/reference/forge/forge-lint#mixed-case-variable

note[screaming-snake-case-immutable]: immutables should use SCREAMING_SNAKE_CASE
 --> test/mocks/MockERC20.sol:8:29
  |
8 |     uint8 private immutable _decimals;
  |                             ^^^^^^^^^ help: consider using: `_DECIMALS`
  |
  = help: https://book.getfoundry.sh/reference/forge/forge-lint#screaming-snake-case-immutable

note[unaliased-plain-import]: use named imports '{A, B}' or alias 'import ".." as X'
 --> test/mocks/MockYieldStrategy.sol:7:8
  |
7 | import "reflax-yield-vault/interfaces/IYieldStrategy.sol";
  |        ^^^^^^^^^^^^^^^^^^^^^^^^^^^^^^^^^^^^^^^^^^^^^^^^^^
  |
  = help: https://book.getfoundry.sh/reference/forge/forge-lint#unaliased-plain-import

warning[erc20-unchecked-transfer]: ERC20 'transfer' and 'transferFrom' calls should check the return value
   --> test/poc/Run17_ECON001_ExitFeeBrick.t.sol:526:9
    |
526 |         SimpleERC20(assetToken).transferFrom(msg.sender, address(this), a);
    |         ^^^^^^^^^^^^^^^^^^^^^^^^^^^^^^^^^^^^^^^^^^^^^^^^^^^^^^^^^^^^^^^^^^
    |
    = help: https://book.getfoundry.sh/reference/forge/forge-lint#erc20-unchecked-transfer

note[mixed-case-variable]: mutable variables should use mixedCase
   --> src/versions/v1/StableStakerV1.sol:202:23
    |
202 |     constructor(IFlax _phUSD, address initialOwner) Ownable(initialOwner) {
    |                       ^^^^^^ help: consider using: `_phUsd`
    |
    = help: https://book.getfoundry.sh/reference/forge/forge-lint#mixed-case-variable

note[unaliased-plain-import]: use named imports '{A, B}' or alias 'import ".." as X'
 --> test/Migration.t.sol:6:8
  |
6 | import "../src/CrossVersionMigrator.sol";
  |        ^^^^^^^^^^^^^^^^^^^^^^^^^^^^^^^^^
  |
  = help: https://book.getfoundry.sh/reference/forge/forge-lint#unaliased-plain-import

note[unaliased-plain-import]: use named imports '{A, B}' or alias 'import ".." as X'
 --> test/Migration.t.sol:7:8
  |
7 | import "../src/interfaces/IStableStaker.sol";
  |        ^^^^^^^^^^^^^^^^^^^^^^^^^^^^^^^^^^^^^
  |
  = help: https://book.getfoundry.sh/reference/forge/forge-lint#unaliased-plain-import

note[unaliased-plain-import]: use named imports '{A, B}' or alias 'import ".." as X'
  --> test/Migration.t.sol:11:8
   |
11 | import "reflax-yield-vault/interfaces/IYieldStrategy.sol";
   |        ^^^^^^^^^^^^^^^^^^^^^^^^^^^^^^^^^^^^^^^^^^^^^^^^^^
   |
   = help: https://book.getfoundry.sh/reference/forge/forge-lint#unaliased-plain-import

note[unaliased-plain-import]: use named imports '{A, B}' or alias 'import ".." as X'
 --> test/poc/Run16_M01_MigrationExitMintTrap.t.sol:4:8
  |
4 | import "forge-std/Test.sol";
  |        ^^^^^^^^^^^^^^^^^^^^
  |
  = help: https://book.getfoundry.sh/reference/forge/forge-lint#unaliased-plain-import

note[unaliased-plain-import]: use named imports '{A, B}' or alias 'import ".." as X'
 --> test/StableStakerV1Frozen.t.sol:4:8
  |
4 | import "forge-std/Test.sol";
  |        ^^^^^^^^^^^^^^^^^^^^
  |
  = help: https://book.getfoundry.sh/reference/forge/forge-lint#unaliased-plain-import

note[unaliased-plain-import]: use named imports '{A, B}' or alias 'import ".." as X'
 --> test/DepositForPhantomStaker.t.sol:4:8
  |
4 | import "forge-std/Test.sol";
  |        ^^^^^^^^^^^^^^^^^^^^
  |
  = help: https://book.getfoundry.sh/reference/forge/forge-lint#unaliased-plain-import

note[unaliased-plain-import]: use named imports '{A, B}' or alias 'import ".." as X'
  --> test/Migration.t.sol:12:8
   |
12 | import "@openzeppelin/contracts/utils/Pausable.sol";
   |        ^^^^^^^^^^^^^^^^^^^^^^^^^^^^^^^^^^^^^^^^^^^^
   |
   = help: https://book.getfoundry.sh/reference/forge/forge-lint#unaliased-plain-import

warning[erc20-unchecked-transfer]: ERC20 'transfer' and 'transferFrom' calls should check the return value
   --> test/poc/Run17_ECON001_ExitFeeBrick.t.sol:536:9
    |
536 |         SimpleERC20(assetToken).transfer(to, out);
    |         ^^^^^^^^^^^^^^^^^^^^^^^^^^^^^^^^^^^^^^^^^
    |
    = help: https://book.getfoundry.sh/reference/forge/forge-lint#erc20-unchecked-transfer

note[mixed-case-variable]: mutable variables should use mixedCase
   --> test/Migration.t.sol:222:17
    |
222 |         uint256 P_EACH = 200e6;
    |                 ^^^^^^ help: consider using: `pEach`
    |
    = help: https://book.getfoundry.sh/reference/forge/forge-lint#mixed-case-variable

note[unaliased-plain-import]: use named imports '{A, B}' or alias 'import ".." as X'
 --> test/StableStakerV1Frozen.t.sol:5:8
  |
5 | import "../src/versions/v1/StableStakerV1.sol";
  |        ^^^^^^^^^^^^^^^^^^^^^^^^^^^^^^^^^^^^^^^
  |
  = help: https://book.getfoundry.sh/reference/forge/forge-lint#unaliased-plain-import

note[unaliased-plain-import]: use named imports '{A, B}' or alias 'import ".." as X'
 --> test/StableStakerV1Frozen.t.sol:6:8
  |
6 | import "../src/interfaces/IStableStakerMigratable.sol";
  |        ^^^^^^^^^^^^^^^^^^^^^^^^^^^^^^^^^^^^^^^^^^^^^^^
  |
  = help: https://book.getfoundry.sh/reference/forge/forge-lint#unaliased-plain-import

note[unaliased-plain-import]: use named imports '{A, B}' or alias 'import ".." as X'
 --> test/StableStakerV1Frozen.t.sol:7:8
  |
7 | import "flax-token/FlaxToken.sol";
  |        ^^^^^^^^^^^^^^^^^^^^^^^^^^
  |
  = help: https://book.getfoundry.sh/reference/forge/forge-lint#unaliased-plain-import

note[mixed-case-variable]: mutable variables should use mixedCase
   --> test/Migration.t.sol:223:16
    |
223 |         uint16 FACTOR = 9_000; // 10% underwater
    |                ^^^^^^ help: consider using: `factor`
    |
    = help: https://book.getfoundry.sh/reference/forge/forge-lint#mixed-case-variable

note[unaliased-plain-import]: use named imports '{A, B}' or alias 'import ".." as X'
 --> test/StakerVersion.t.sol:4:8
  |
4 | import "forge-std/Test.sol";
  |        ^^^^^^^^^^^^^^^^^^^^
  |
  = help: https://book.getfoundry.sh/reference/forge/forge-lint#unaliased-plain-import

note[mixed-case-function]: function names should use mixedCase
   --> src/versions/v1/StableStakerV1.sol:222:14
    |
222 |     function phUSDPerDay(address token, uint256 amountPerDay) external onlyOwner poolExists(token) {
    |              ^^^^^^^^^^^ help: consider using: `phUsdPerDay`
    |
    = help: https://book.getfoundry.sh/reference/forge/forge-lint#mixed-case-function

note[unaliased-plain-import]: use named imports '{A, B}' or alias 'import ".." as X'
 --> src/versions/v1/IStableStakerV1.sol:4:8
  |
4 | import "flax-token/IFlax.sol";
  |        ^^^^^^^^^^^^^^^^^^^^^^
  |
  = help: https://book.getfoundry.sh/reference/forge/forge-lint#unaliased-plain-import

note[unaliased-plain-import]: use named imports '{A, B}' or alias 'import ".." as X'
 --> test/poc/Run16_M01_MigrationExitMintTrap.t.sol:6:8
  |
6 | import "../../src/StableStakerV2.sol";
  |        ^^^^^^^^^^^^^^^^^^^^^^^^^^^^^^
  |
  = help: https://book.getfoundry.sh/reference/forge/forge-lint#unaliased-plain-import

note[unaliased-plain-import]: use named imports '{A, B}' or alias 'import ".." as X'
 --> test/DepositForPhantomStaker.t.sol:5:8
  |
5 | import "../src/StableStakerV2.sol";
  |        ^^^^^^^^^^^^^^^^^^^^^^^^^^^
  |
  = help: https://book.getfoundry.sh/reference/forge/forge-lint#unaliased-plain-import

note[unaliased-plain-import]: use named imports '{A, B}' or alias 'import ".." as X'
 --> test/StakerVersion.t.sol:5:8
  |
5 | import "../src/StableStakerV2.sol";
  |        ^^^^^^^^^^^^^^^^^^^^^^^^^^^
  |
  = help: https://book.getfoundry.sh/reference/forge/forge-lint#unaliased-plain-import

note[mixed-case-variable]: mutable variables should use mixedCase
  --> test/invariant/medusa/Run17Medusa.sol:70:20
   |
70 |     uint256 public cAARevShortfall;
   |                    ^^^^^^^^^^^^^^^ help: consider using: `cAaRevShortfall`
   |
   = help: https://book.getfoundry.sh/reference/forge/forge-lint#mixed-case-variable

note[unaliased-plain-import]: use named imports '{A, B}' or alias 'import ".." as X'
 --> test/GoldenRuleInterface.t.sol:4:8
  |
4 | import "forge-std/Test.sol";
  |        ^^^^^^^^^^^^^^^^^^^^
  |
  = help: https://book.getfoundry.sh/reference/forge/forge-lint#unaliased-plain-import

note[unwrapped-modifier-logic]: wrap modifier logic to reduce code size
   --> src/versions/v1/StableStakerV1.sol:181:5
    |
181 | /     modifier onlyPauser() {
182 | |         require(msg.sender == pauser, "StableStaker: only pauser");
183 | |         _;
184 | |     }
    | |_____^
    |
help: wrap modifier logic to reduce code size
    |
181 ~     modifier onlyPauser() {
182 +         _onlyPauser();
183 +         _;
184 +     }
185 + 
186 +     function _onlyPauser() internal {
187 +         require(msg.sender == pauser, "StableStaker: only pauser");
188 +     }
    |
    = help: https://book.getfoundry.sh/reference/forge/forge-lint#unwrapped-modifier-logic

note[unaliased-plain-import]: use named imports '{A, B}' or alias 'import ".." as X'
 --> src/versions/v1/IStableStakerV1.sol:5:8
  |
5 | import "reflax-yield-vault/interfaces/IYieldStrategy.sol";
  |        ^^^^^^^^^^^^^^^^^^^^^^^^^^^^^^^^^^^^^^^^^^^^^^^^^^
  |
  = help: https://book.getfoundry.sh/reference/forge/forge-lint#unaliased-plain-import

note[unaliased-plain-import]: use named imports '{A, B}' or alias 'import ".." as X'
 --> src/versions/v1/IStableStakerV1.sol:6:8
  |
6 | import "../../interfaces/IStableStakerMigratable.sol";
  |        ^^^^^^^^^^^^^^^^^^^^^^^^^^^^^^^^^^^^^^^^^^^^^^
  |
  = help: https://book.getfoundry.sh/reference/forge/forge-lint#unaliased-plain-import

note[unaliased-plain-import]: use named imports '{A, B}' or alias 'import ".." as X'
 --> test/DepositForPhantomStaker.t.sol:7:8
  |
7 | import "reflax-yield-vault/interfaces/IYieldStrategy.sol";
  |        ^^^^^^^^^^^^^^^^^^^^^^^^^^^^^^^^^^^^^^^^^^^^^^^^^^
  |
  = help: https://book.getfoundry.sh/reference/forge/forge-lint#unaliased-plain-import

note[screaming-snake-case-const]: constants should use SCREAMING_SNAKE_CASE
  --> test/StableStakerV1Frozen.t.sol:42:31
   |
42 |     address internal constant USDe = 0x4c9EDD5852cd905f086C759E8383e09bff1E68B3;
   |                               ^^^^ help: consider using: `US_DE`
   |
   = help: https://book.getfoundry.sh/reference/forge/forge-lint#screaming-snake-case-const

note[unaliased-plain-import]: use named imports '{A, B}' or alias 'import ".." as X'
 --> test/invariant/Run17Handler.sol:4:8
  |
4 | import "forge-std/Test.sol";
  |        ^^^^^^^^^^^^^^^^^^^^
  |
  = help: https://book.getfoundry.sh/reference/forge/forge-lint#unaliased-plain-import

note[mixed-case-function]: function names should use mixedCase
  --> src/versions/v1/IStableStakerV1.sol:88:14
   |
88 |     function phUSDPerDay(address token, uint256 amountPerDay) external;
   |              ^^^^^^^^^^^ help: consider using: `phUsdPerDay`
   |
   = help: https://book.getfoundry.sh/reference/forge/forge-lint#mixed-case-function

note[unaliased-plain-import]: use named imports '{A, B}' or alias 'import ".." as X'
 --> test/invariant/Run17Invariants.t.sol:4:8
  |
4 | import "forge-std/Test.sol";
  |        ^^^^^^^^^^^^^^^^^^^^
  |
  = help: https://book.getfoundry.sh/reference/forge/forge-lint#unaliased-plain-import

note[mixed-case-function]: function names should use mixedCase
   --> src/versions/v1/IStableStakerV1.sol:185:14
    |
185 |     function phUSD() external view returns (IFlax);
    |              ^^^^^ help: consider using: `phUsd`
    |
    = help: https://book.getfoundry.sh/reference/forge/forge-lint#mixed-case-function

note[unaliased-plain-import]: use named imports '{A, B}' or alias 'import ".." as X'
 --> test/StableStaker.t.sol:4:8
  |
4 | import "forge-std/Test.sol";
  |        ^^^^^^^^^^^^^^^^^^^^
  |
  = help: https://book.getfoundry.sh/reference/forge/forge-lint#unaliased-plain-import

note[unaliased-plain-import]: use named imports '{A, B}' or alias 'import ".." as X'
 --> src/StableStakerV2.sol:4:8
  |
4 | import "@openzeppelin/contracts/access/Ownable.sol";
  |        ^^^^^^^^^^^^^^^^^^^^^^^^^^^^^^^^^^^^^^^^^^^^
  |
  = help: https://book.getfoundry.sh/reference/forge/forge-lint#unaliased-plain-import

note[unaliased-plain-import]: use named imports '{A, B}' or alias 'import ".." as X'
 --> test/invariant/Run17Invariants.t.sol:6:8
  |
6 | import "../../src/StableStakerV2.sol";
  |        ^^^^^^^^^^^^^^^^^^^^^^^^^^^^^^
  |
  = help: https://book.getfoundry.sh/reference/forge/forge-lint#unaliased-plain-import

note[mixed-case-variable]: mutable variables should use mixedCase
  --> test/invariant/Run17Invariants.t.sol:27:24
   |
27 |     FlaxToken internal phUSD;
   |                        ^^^^^ help: consider using: `phUsd`
   |
   = help: https://book.getfoundry.sh/reference/forge/forge-lint#mixed-case-variable

note[unaliased-plain-import]: use named imports '{A, B}' or alias 'import ".." as X'
 --> test/invariant/Run17Handler.sol:5:8
  |
5 | import "../../src/StableStakerV2.sol";
  |        ^^^^^^^^^^^^^^^^^^^^^^^^^^^^^^
  |
  = help: https://book.getfoundry.sh/reference/forge/forge-lint#unaliased-plain-import

note[unaliased-plain-import]: use named imports '{A, B}' or alias 'import ".." as X'
 --> test/invariant/Run17Scenarios.t.sol:4:8
  |
4 | import "forge-std/Test.sol";
  |        ^^^^^^^^^^^^^^^^^^^^
  |
  = help: https://book.getfoundry.sh/reference/forge/forge-lint#unaliased-plain-import

note[unaliased-plain-import]: use named imports '{A, B}' or alias 'import ".." as X'
 --> test/invariant/Run17Scenarios.t.sol:6:8
  |
6 | import "../../src/StableStakerV2.sol";
  |        ^^^^^^^^^^^^^^^^^^^^^^^^^^^^^^
  |
  = help: https://book.getfoundry.sh/reference/forge/forge-lint#unaliased-plain-import

note[unwrapped-modifier-logic]: wrap modifier logic to reduce code size
   --> src/versions/v1/StableStakerV1.sol:186:5
    |
186 | /     modifier onlyMigrator() {
187 | |         require(msg.sender == migrator, "StableStaker: only migrator");
188 | |         _;
189 | |     }
    | |_____^
    |
help: wrap modifier logic to reduce code size
    |
186 ~     modifier onlyMigrator() {
187 +         _onlyMigrator();
188 +         _;
189 +     }
190 + 
191 +     function _onlyMigrator() internal {
192 +         require(msg.sender == migrator, "StableStaker: only migrator");
193 +     }
    |
    = help: https://book.getfoundry.sh/reference/forge/forge-lint#unwrapped-modifier-logic

note[unaliased-plain-import]: use named imports '{A, B}' or alias 'import ".." as X'
 --> test/GoldenRuleInterface.t.sol:5:8
  |
5 | import "../src/StableStakerV2.sol";
  |        ^^^^^^^^^^^^^^^^^^^^^^^^^^^
  |
  = help: https://book.getfoundry.sh/reference/forge/forge-lint#unaliased-plain-import

note[unwrapped-modifier-logic]: wrap modifier logic to reduce code size
   --> src/versions/v1/StableStakerV1.sol:191:5
    |
191 | /     modifier poolExists(address token) {
192 | |         require(_registeredTokens.contains(token), "StableStaker: unknown token");
193 | |         _;
194 | |     }
    | |_____^
    |
help: wrap modifier logic to reduce code size
    |
191 ~     modifier poolExists(address token) {
192 +         _poolExists(token);
193 +         _;
194 +     }
195 + 
196 +     function _poolExists(address token) internal {
197 +         require(_registeredTokens.contains(token), "StableStaker: unknown token");
198 +     }
    |
    = help: https://book.getfoundry.sh/reference/forge/forge-lint#unwrapped-modifier-logic

note[unaliased-plain-import]: use named imports '{A, B}' or alias 'import ".." as X'
 --> test/invariant/Run16Handler.sol:4:8
  |
4 | import "forge-std/Test.sol";
  |        ^^^^^^^^^^^^^^^^^^^^
  |
  = help: https://book.getfoundry.sh/reference/forge/forge-lint#unaliased-plain-import

note[unaliased-plain-import]: use named imports '{A, B}' or alias 'import ".." as X'
 --> test/invariant/Run16Handler.sol:5:8
  |
5 | import "../../src/StableStakerV2.sol";
  |        ^^^^^^^^^^^^^^^^^^^^^^^^^^^^^^
  |
  = help: https://book.getfoundry.sh/reference/forge/forge-lint#unaliased-plain-import

note[screaming-snake-case-immutable]: immutables should use SCREAMING_SNAKE_CASE
  --> test/invariant/Run17Handler.sol:47:37
   |
47 |     StableStakerV2 public immutable staker;
   |                                     ^^^^^^ help: consider using: `STAKER`
   |
   = help: https://book.getfoundry.sh/reference/forge/forge-lint#screaming-snake-case-immutable

note[screaming-snake-case-immutable]: immutables should use SCREAMING_SNAKE_CASE
  --> test/invariant/Run17Handler.sol:48:33
   |
48 |     Antimatter public immutable antimatter;
   |                                 ^^^^^^^^^^ help: consider using: `ANTIMATTER`
   |
   = help: https://book.getfoundry.sh/reference/forge/forge-lint#screaming-snake-case-immutable

note[screaming-snake-case-immutable]: immutables should use SCREAMING_SNAKE_CASE
  --> test/invariant/Run17Handler.sol:49:29
   |
49 |     IERC20 public immutable phUSD;
   |                             ^^^^^ help: consider using: `PH_USD`
   |
   = help: https://book.getfoundry.sh/reference/forge/forge-lint#screaming-snake-case-immutable

note[screaming-snake-case-immutable]: immutables should use SCREAMING_SNAKE_CASE
  --> test/invariant/Run17Handler.sol:50:30
   |
50 |     address public immutable ownerAddr;
   |                              ^^^^^^^^^ help: consider using: `OWNER_ADDR`
   |
   = help: https://book.getfoundry.sh/reference/forge/forge-lint#screaming-snake-case-immutable

note[mixed-case-variable]: mutable variables should use mixedCase
  --> test/invariant/Run17Invariants.t.sol:29:38
   |
29 |     MockMinterYieldStrategy internal minterYS;
   |                                      ^^^^^^^^ help: consider using: `minterYs`
   |
   = help: https://book.getfoundry.sh/reference/forge/forge-lint#mixed-case-variable

note[screaming-snake-case-immutable]: immutables should use SCREAMING_SNAKE_CASE
  --> test/invariant/Run16Handler.sol:37:37
   |
37 |     StableStakerV2 public immutable staker;
   |                                     ^^^^^^ help: consider using: `STAKER`
   |
   = help: https://book.getfoundry.sh/reference/forge/forge-lint#screaming-snake-case-immutable

note[unaliased-plain-import]: use named imports '{A, B}' or alias 'import ".." as X'
 --> test/symbolic/Story025Symbolic.t.sol:4:8
  |
4 | import "forge-std/Test.sol";
  |        ^^^^^^^^^^^^^^^^^^^^
  |
  = help: https://book.getfoundry.sh/reference/forge/forge-lint#unaliased-plain-import

note[unaliased-plain-import]: use named imports '{A, B}' or alias 'import ".." as X'
 --> src/StableStakerV2.sol:5:8
  |
5 | import "@openzeppelin/contracts/utils/Pausable.sol";
  |        ^^^^^^^^^^^^^^^^^^^^^^^^^^^^^^^^^^^^^^^^^^^^
  |
  = help: https://book.getfoundry.sh/reference/forge/forge-lint#unaliased-plain-import

note[mixed-case-variable]: mutable variables should use mixedCase
  --> test/invariant/Run17Handler.sol:73:20
   |
73 |     uint256 public cAABufferSurplus;
   |                    ^^^^^^^^^^^^^^^^ help: consider using: `cAaBufferSurplus`
   |
   = help: https://book.getfoundry.sh/reference/forge/forge-lint#mixed-case-variable

note[unaliased-plain-import]: use named imports '{A, B}' or alias 'import ".." as X'
 --> src/StableStakerV2.sol:6:8
  |
6 | import "@openzeppelin/contracts/utils/ReentrancyGuard.sol";
  |        ^^^^^^^^^^^^^^^^^^^^^^^^^^^^^^^^^^^^^^^^^^^^^^^^^^^
  |
  = help: https://book.getfoundry.sh/reference/forge/forge-lint#unaliased-plain-import

note[mixed-case-function]: function names should use mixedCase
   --> test/invariant/Run17Invariants.t.sol:174:14
    |
174 |     function _inv_1_conservationClosure() internal view {
    |              ^^^^^^^^^^^^^^^^^^^^^^^^^^ help: consider using: `_inv1ConservationClosure`
    |
    = help: https://book.getfoundry.sh/reference/forge/forge-lint#mixed-case-function

note[mixed-case-function]: function names should use mixedCase
  --> test/symbolic/Story025Symbolic.t.sol:46:14
   |
46 |     function check_noBrickAtOrBelow1bp(uint256 netFloor, uint256 f) public view {
   |              ^^^^^^^^^^^^^^^^^^^^^^^^^ help: consider using: `checkNoBrickAtOrBelow1bp`
   |
   = help: https://book.getfoundry.sh/reference/forge/forge-lint#mixed-case-function

note[mixed-case-variable]: mutable variables should use mixedCase
  --> test/invariant/Run17Handler.sol:90:20
   |
90 |     uint256 public cAA; // successful calls
   |                    ^^^ help: consider using: `cAa`
   |
   = help: https://book.getfoundry.sh/reference/forge/forge-lint#mixed-case-variable

note[mixed-case-function]: function names should use mixedCase
  --> test/symbolic/Story025Symbolic.t.sol:57:14
   |
57 |     function check_crossing_101_hundredthsBp(uint256 netFloor) public view {
   |              ^^^^^^^^^^^^^^^^^^^^^^^^^^^^^^^ help: consider using: `checkCrossing101HundredthsBp`
   |
   = help: https://book.getfoundry.sh/reference/forge/forge-lint#mixed-case-function

note[mixed-case-variable]: mutable variables should use mixedCase
   --> test/invariant/Run17Scenarios.t.sol:205:17
    |
205 |         uint256 principalAsAM = amount * 1e12;
    |                 ^^^^^^^^^^^^^ help: consider using: `principalAsAm`
    |
    = help: https://book.getfoundry.sh/reference/forge/forge-lint#mixed-case-variable

note[unaliased-plain-import]: use named imports '{A, B}' or alias 'import ".." as X'
 --> src/StableStakerV2.sol:7:8
  |
7 | import "@openzeppelin/contracts/token/ERC20/IERC20.sol";
  |        ^^^^^^^^^^^^^^^^^^^^^^^^^^^^^^^^^^^^^^^^^^^^^^^^
  |
  = help: https://book.getfoundry.sh/reference/forge/forge-lint#unaliased-plain-import

note[screaming-snake-case-immutable]: immutables should use SCREAMING_SNAKE_CASE
  --> test/invariant/Run16Handler.sol:38:33
   |
38 |     Antimatter public immutable antimatter;
   |                                 ^^^^^^^^^^ help: consider using: `ANTIMATTER`
   |
   = help: https://book.getfoundry.sh/reference/forge/forge-lint#screaming-snake-case-immutable

note[unaliased-plain-import]: use named imports '{A, B}' or alias 'import ".." as X'
 --> test/invariant/Run16Invariants.t.sol:4:8
  |
4 | import "forge-std/Test.sol";
  |        ^^^^^^^^^^^^^^^^^^^^
  |
  = help: https://book.getfoundry.sh/reference/forge/forge-lint#unaliased-plain-import

note[mixed-case-function]: function names should use mixedCase
  --> test/symbolic/Story025Symbolic.t.sol:66:14
   |
66 |     function check_control_5bp(uint256 netFloor) public view {
   |              ^^^^^^^^^^^^^^^^^ help: consider using: `checkControl5bp`
   |
   = help: https://book.getfoundry.sh/reference/forge/forge-lint#mixed-case-function

note[unaliased-plain-import]: use named imports '{A, B}' or alias 'import ".." as X'
 --> src/StableStakerV2.sol:8:8
  |
8 | import "@openzeppelin/contracts/token/ERC20/extensions/IERC20Metadata.sol";
  |        ^^^^^^^^^^^^^^^^^^^^^^^^^^^^^^^^^^^^^^^^^^^^^^^^^^^^^^^^^^^^^^^^^^^
  |
  = help: https://book.getfoundry.sh/reference/forge/forge-lint#unaliased-plain-import

note[unaliased-plain-import]: use named imports '{A, B}' or alias 'import ".." as X'
 --> src/StableStakerV2.sol:9:8
  |
9 | import "@openzeppelin/contracts/token/ERC20/utils/SafeERC20.sol";
  |        ^^^^^^^^^^^^^^^^^^^^^^^^^^^^^^^^^^^^^^^^^^^^^^^^^^^^^^^^^
  |
  = help: https://book.getfoundry.sh/reference/forge/forge-lint#unaliased-plain-import

note[unaliased-plain-import]: use named imports '{A, B}' or alias 'import ".." as X'
 --> test/invariant/Run16Invariants.t.sol:6:8
  |
6 | import "../../src/StableStakerV2.sol";
  |        ^^^^^^^^^^^^^^^^^^^^^^^^^^^^^^
  |
  = help: https://book.getfoundry.sh/reference/forge/forge-lint#unaliased-plain-import

note[mixed-case-function]: function names should use mixedCase
  --> test/symbolic/Story025Symbolic.t.sol:76:14
   |
76 |     function check_toleranceIsExactly2PlusOneBp(uint256 netFloor, uint256 received) public view {
   |              ^^^^^^^^^^^^^^^^^^^^^^^^^^^^^^^^^^ help: consider using: `checkToleranceIsExactly2PlusOneBp`
   |
   = help: https://book.getfoundry.sh/reference/forge/forge-lint#mixed-case-function

note[unaliased-plain-import]: use named imports '{A, B}' or alias 'import ".." as X'
  --> src/StableStakerV2.sol:10:8
   |
10 | import "@openzeppelin/contracts/utils/structs/EnumerableSet.sol";
   |        ^^^^^^^^^^^^^^^^^^^^^^^^^^^^^^^^^^^^^^^^^^^^^^^^^^^^^^^^^
   |
   = help: https://book.getfoundry.sh/reference/forge/forge-lint#unaliased-plain-import

note[mixed-case-function]: function names should use mixedCase
   --> test/invariant/Run17Invariants.t.sol:194:14
    |
194 |     function _inv_2_noOverEmission() internal {
    |              ^^^^^^^^^^^^^^^^^^^^^ help: consider using: `_inv2NoOverEmission`
    |
    = help: https://book.getfoundry.sh/reference/forge/forge-lint#mixed-case-function

note[screaming-snake-case-immutable]: immutables should use SCREAMING_SNAKE_CASE
  --> test/invariant/Run16Handler.sol:39:30
   |
39 |     address public immutable ownerAddr;
   |                              ^^^^^^^^^ help: consider using: `OWNER_ADDR`
   |
   = help: https://book.getfoundry.sh/reference/forge/forge-lint#screaming-snake-case-immutable

note[unaliased-plain-import]: use named imports '{A, B}' or alias 'import ".." as X'
 --> test/GoldenRuleInterface.t.sol:6:8
  |
6 | import "../src/interfaces/IStableStaker.sol";
  |        ^^^^^^^^^^^^^^^^^^^^^^^^^^^^^^^^^^^^^
  |
  = help: https://book.getfoundry.sh/reference/forge/forge-lint#unaliased-plain-import

note[unaliased-plain-import]: use named imports '{A, B}' or alias 'import ".." as X'
 --> test/GoldenRuleInterface.t.sol:7:8
  |
7 | import "../src/interfaces/IStableStakerMigratable.sol";
  |        ^^^^^^^^^^^^^^^^^^^^^^^^^^^^^^^^^^^^^^^^^^^^^^^
  |
  = help: https://book.getfoundry.sh/reference/forge/forge-lint#unaliased-plain-import

note[unaliased-plain-import]: use named imports '{A, B}' or alias 'import ".." as X'
 --> test/StableStaker.t.sol:5:8
  |
5 | import "../src/StableStakerV2.sol";
  |        ^^^^^^^^^^^^^^^^^^^^^^^^^^^
  |
  = help: https://book.getfoundry.sh/reference/forge/forge-lint#unaliased-plain-import

note[unaliased-plain-import]: use named imports '{A, B}' or alias 'import ".." as X'
  --> src/StableStakerV2.sol:11:8
   |
11 | import "./interfaces/IAntimatter.sol";
   |        ^^^^^^^^^^^^^^^^^^^^^^^^^^^^^^
   |
   = help: https://book.getfoundry.sh/reference/forge/forge-lint#unaliased-plain-import

note[mixed-case-function]: function names should use mixedCase
   --> test/invariant/Run17Invariants.t.sol:216:14
    |
216 |     function _inv_3_principal() internal view {
    |              ^^^^^^^^^^^^^^^^ help: consider using: `_inv3Principal`
    |
    = help: https://book.getfoundry.sh/reference/forge/forge-lint#mixed-case-function

note[unaliased-plain-import]: use named imports '{A, B}' or alias 'import ".." as X'
 --> test/StableStaker.t.sol:7:8
  |
7 | import "reflax-yield-vault/interfaces/IYieldStrategy.sol";
  |        ^^^^^^^^^^^^^^^^^^^^^^^^^^^^^^^^^^^^^^^^^^^^^^^^^^
  |
  = help: https://book.getfoundry.sh/reference/forge/forge-lint#unaliased-plain-import

note[mixed-case-variable]: mutable variables should use mixedCase
  --> test/invariant/Run17Handler.sol:91:20
   |
91 |     uint256 public cAARevShortfall; // "StableStaker: exit shortfall"
   |                    ^^^^^^^^^^^^^^^ help: consider using: `cAaRevShortfall`
   |
   = help: https://book.getfoundry.sh/reference/forge/forge-lint#mixed-case-variable

note[mixed-case-function]: function names should use mixedCase
   --> test/invariant/Run17Invariants.t.sol:241:14
    |
241 |     function _inv_4_stakerSet() internal view {
    |              ^^^^^^^^^^^^^^^^ help: consider using: `_inv4StakerSet`
    |
    = help: https://book.getfoundry.sh/reference/forge/forge-lint#mixed-case-function

note[mixed-case-function]: function names should use mixedCase
  --> test/symbolic/Story025Symbolic.t.sol:94:14
   |
94 |     function check_noBrick_at_0bp(uint256 netFloor) public view { _noBrickAt(netFloor, 0); }
   |              ^^^^^^^^^^^^^^^^^^^^ help: consider using: `checkNoBrickAt0bp`
   |
   = help: https://book.getfoundry.sh/reference/forge/forge-lint#mixed-case-function

note[mixed-case-function]: function names should use mixedCase
  --> test/symbolic/Story025Symbolic.t.sol:95:14
   |
95 |     function check_noBrick_at_047bp(uint256 netFloor) public view { _noBrickAt(netFloor, 47); }
   |              ^^^^^^^^^^^^^^^^^^^^^^ help: consider using: `checkNoBrickAt047bp`
   |
   = help: https://book.getfoundry.sh/reference/forge/forge-lint#mixed-case-function

note[mixed-case-function]: function names should use mixedCase
  --> test/symbolic/Story025Symbolic.t.sol:96:14
   |
96 |     function check_noBrick_at_054bp(uint256 netFloor) public view { _noBrickAt(netFloor, 54); }
   |              ^^^^^^^^^^^^^^^^^^^^^^ help: consider using: `checkNoBrickAt054bp`
   |
   = help: https://book.getfoundry.sh/reference/forge/forge-lint#mixed-case-function

note[mixed-case-function]: function names should use mixedCase
  --> test/symbolic/Story025Symbolic.t.sol:97:14
   |
97 |     function check_noBrick_at_090bp(uint256 netFloor) public view { _noBrickAt(netFloor, 90); }
   |              ^^^^^^^^^^^^^^^^^^^^^^ help: consider using: `checkNoBrickAt090bp`
   |
   = help: https://book.getfoundry.sh/reference/forge/forge-lint#mixed-case-function

note[mixed-case-function]: function names should use mixedCase
  --> test/symbolic/Story025Symbolic.t.sol:98:14
   |
98 |     function check_noBrick_at_100bp(uint256 netFloor) public view { _noBrickAt(netFloor, 100); }
   |              ^^^^^^^^^^^^^^^^^^^^^^ help: consider using: `checkNoBrickAt100bp`
   |
   = help: https://book.getfoundry.sh/reference/forge/forge-lint#mixed-case-function

note[unaliased-plain-import]: use named imports '{A, B}' or alias 'import ".." as X'
 --> test/InPlaceMigrator.t.sol:4:8
  |
4 | import "forge-std/Test.sol";
  |        ^^^^^^^^^^^^^^^^^^^^
  |
  = help: https://book.getfoundry.sh/reference/forge/forge-lint#unaliased-plain-import

note[mixed-case-function]: function names should use mixedCase
   --> test/invariant/Run17Invariants.t.sol:273:14
    |
273 |     function _inv_5_claimGate() internal view {
    |              ^^^^^^^^^^^^^^^^ help: consider using: `_inv5ClaimGate`
    |
    = help: https://book.getfoundry.sh/reference/forge/forge-lint#mixed-case-function

note[mixed-case-variable]: mutable variables should use mixedCase
  --> test/invariant/Run17Handler.sol:92:23
   |
92 |     uint256[3] public cAARevShortfallByPool;
   |                       ^^^^^^^^^^^^^^^^^^^^^ help: consider using: `cAaRevShortfallByPool`
   |
   = help: https://book.getfoundry.sh/reference/forge/forge-lint#mixed-case-variable

note[unaliased-plain-import]: use named imports '{A, B}' or alias 'import ".." as X'
  --> src/StableStakerV2.sol:12:8
   |
12 | import "pauser/interfaces/IPausable.sol";
   |        ^^^^^^^^^^^^^^^^^^^^^^^^^^^^^^^^^
   |
   = help: https://book.getfoundry.sh/reference/forge/forge-lint#unaliased-plain-import

note[unaliased-plain-import]: use named imports '{A, B}' or alias 'import ".." as X'
  --> src/StableStakerV2.sol:13:8
   |
13 | import "reflax-yield-vault/interfaces/IYieldStrategy.sol";
   |        ^^^^^^^^^^^^^^^^^^^^^^^^^^^^^^^^^^^^^^^^^^^^^^^^^^
   |
   = help: https://book.getfoundry.sh/reference/forge/forge-lint#unaliased-plain-import

note[unaliased-plain-import]: use named imports '{A, B}' or alias 'import ".." as X'
  --> src/StableStakerV2.sol:14:8
   |
14 | import "./interfaces/IStableStaker.sol";
   |        ^^^^^^^^^^^^^^^^^^^^^^^^^^^^^^^^
   |
   = help: https://book.getfoundry.sh/reference/forge/forge-lint#unaliased-plain-import

note[mixed-case-function]: function names should use mixedCase
   --> test/symbolic/Story025Symbolic.t.sol:124:14
    |
124 |     function check_emissionConservation_18dec(uint256 owed, uint256 amount, uint256 received) public pure {
    |              ^^^^^^^^^^^^^^^^^^^^^^^^^^^^^^^^ help: consider using: `checkEmissionConservation18dec`
    |
    = help: https://book.getfoundry.sh/reference/forge/forge-lint#mixed-case-function

note[mixed-case-variable]: mutable variables should use mixedCase
  --> test/invariant/Run17Handler.sol:96:20
   |
96 |     uint256 public cAARevUnderwater; // "StableStaker: strategy underwater"
   |                    ^^^^^^^^^^^^^^^^ help: consider using: `cAaRevUnderwater`
   |
   = help: https://book.getfoundry.sh/reference/forge/forge-lint#mixed-case-variable

note[screaming-snake-case-immutable]: immutables should use SCREAMING_SNAKE_CASE
  --> src/StableStakerV2.sol:84:34
   |
84 |     IAntimatter public immutable antimatter;
   |                                  ^^^^^^^^^^ help: consider using: `ANTIMATTER`
   |
   = help: https://book.getfoundry.sh/reference/forge/forge-lint#screaming-snake-case-immutable

note[unaliased-plain-import]: use named imports '{A, B}' or alias 'import ".." as X'
 --> test/InPlaceMigrator.t.sol:5:8
  |
5 | import "../src/StableStakerV2.sol";
  |        ^^^^^^^^^^^^^^^^^^^^^^^^^^^
  |
  = help: https://book.getfoundry.sh/reference/forge/forge-lint#unaliased-plain-import

note[unsafe-cheatcode]: usage of unsafe cheatcodes that can perform dangerous operations
   --> test/invariant/Run17Invariants.t.sol:368:12
    |
368 |         vm.writeLine(file, line);
    |            ^^^^^^^^^
    |
    = help: https://book.getfoundry.sh/reference/forge/forge-lint#unsafe-cheatcode

note[mixed-case-function]: function names should use mixedCase
   --> test/invariant/Run16Invariants.t.sol:117:14
    |
117 |     function _inv_1_emissionCap() internal {
    |              ^^^^^^^^^^^^^^^^^^ help: consider using: `_inv1EmissionCap`
    |
    = help: https://book.getfoundry.sh/reference/forge/forge-lint#mixed-case-function

note[mixed-case-function]: function names should use mixedCase
   --> test/invariant/Run16Invariants.t.sol:138:14
    |
138 |     function _inv_2_noDoubleMint() internal view {
    |              ^^^^^^^^^^^^^^^^^^^ help: consider using: `_inv2NoDoubleMint`
    |
    = help: https://book.getfoundry.sh/reference/forge/forge-lint#mixed-case-function

note[mixed-case-variable]: mutable variables should use mixedCase
  --> test/invariant/Run17Handler.sol:97:20
   |
97 |     uint256 public cAARevNothing; // "StableStaker: nothing to annihilate"
   |                    ^^^^^^^^^^^^^ help: consider using: `cAaRevNothing`
   |
   = help: https://book.getfoundry.sh/reference/forge/forge-lint#mixed-case-variable

note[mixed-case-function]: function names should use mixedCase
   --> test/symbolic/Story025Symbolic.t.sol:131:14
    |
131 |     function check_emissionConservation_6dec(uint256 owed, uint256 amount, uint256 received) public pure {
    |              ^^^^^^^^^^^^^^^^^^^^^^^^^^^^^^^ help: consider using: `checkEmissionConservation6dec`
    |
    = help: https://book.getfoundry.sh/reference/forge/forge-lint#mixed-case-function

note[mixed-case-function]: function names should use mixedCase
   --> test/symbolic/Story025Symbolic.t.sol:142:14
    |
142 |     function check_zeroNetImpliesZeroPrincipal(uint256 owed, uint256 amount, uint256 scale) public pure {
    |              ^^^^^^^^^^^^^^^^^^^^^^^^^^^^^^^^^ help: consider using: `checkZeroNetImpliesZeroPrincipal`
    |
    = help: https://book.getfoundry.sh/reference/forge/forge-lint#mixed-case-function

note[mixed-case-variable]: mutable variables should use mixedCase
   --> src/StableStakerV2.sol:516:52
    |
516 |     function autoAnnihilate(address token, uint256 minPhUSDOut) external nonReentrant whenNotPaused poolExists(token) {
    |                                                    ^^^^^^^^^^^ help: consider using: `minPhUsdOut`
    |
    = help: https://book.getfoundry.sh/reference/forge/forge-lint#mixed-case-variable

note[unaliased-plain-import]: use named imports '{A, B}' or alias 'import ".." as X'
 --> test/InPlaceMigrator.t.sol:6:8
  |
6 | import "../src/InPlaceMigrator.sol";
  |        ^^^^^^^^^^^^^^^^^^^^^^^^^^^^
  |
  = help: https://book.getfoundry.sh/reference/forge/forge-lint#unaliased-plain-import

note[unaliased-plain-import]: use named imports '{A, B}' or alias 'import ".." as X'
 --> test/InPlaceMigrator.t.sol:7:8
  |
7 | import "../src/interfaces/IStableStaker.sol";
  |        ^^^^^^^^^^^^^^^^^^^^^^^^^^^^^^^^^^^^^
  |
  = help: https://book.getfoundry.sh/reference/forge/forge-lint#unaliased-plain-import

note[unaliased-plain-import]: use named imports '{A, B}' or alias 'import ".." as X'
  --> test/InPlaceMigrator.t.sol:11:8
   |
11 | import "reflax-yield-vault/interfaces/IYieldStrategy.sol";
   |        ^^^^^^^^^^^^^^^^^^^^^^^^^^^^^^^^^^^^^^^^^^^^^^^^^^
   |
   = help: https://book.getfoundry.sh/reference/forge/forge-lint#unaliased-plain-import

note[unaliased-plain-import]: use named imports '{A, B}' or alias 'import ".." as X'
  --> test/InPlaceMigrator.t.sol:12:8
   |
12 | import "@openzeppelin/contracts/access/Ownable.sol";
   |        ^^^^^^^^^^^^^^^^^^^^^^^^^^^^^^^^^^^^^^^^^^^^
   |
   = help: https://book.getfoundry.sh/reference/forge/forge-lint#unaliased-plain-import

note[mixed-case-function]: function names should use mixedCase
   --> test/symbolic/Story025Symbolic.t.sol:162:14
    |
162 |     function check_zeroNetImpliesZeroPrincipal_6dec(uint256 owed, uint256 amount) public pure {
    |              ^^^^^^^^^^^^^^^^^^^^^^^^^^^^^^^^^^^^^^ help: consider using: `checkZeroNetImpliesZeroPrincipal6dec`
    |
    = help: https://book.getfoundry.sh/reference/forge/forge-lint#mixed-case-function

note[screaming-snake-case-immutable]: immutables should use SCREAMING_SNAKE_CASE
   --> test/InPlaceMigrator.t.sol:641:39
    |
641 |     InPlaceMigrator private immutable migrator;
    |                                       ^^^^^^^^ help: consider using: `MIGRATOR`
    |
    = help: https://book.getfoundry.sh/reference/forge/forge-lint#screaming-snake-case-immutable

note[unused-import]: unused imports should be removed
 --> test/invariant/Run17Invariants.t.sol:5:9
  |
5 | import {console2} from "forge-std/console2.sol";
  |         ^^^^^^^^
  |
  = help: https://book.getfoundry.sh/reference/forge/forge-lint#unused-import

note[mixed-case-variable]: mutable variables should use mixedCase
  --> test/invariant/Run17Handler.sol:98:20
   |
98 |     uint256 public cAARevOther;
   |                    ^^^^^^^^^^^ help: consider using: `cAaRevOther`
   |
   = help: https://book.getfoundry.sh/reference/forge/forge-lint#mixed-case-variable

note[mixed-case-variable]: mutable variables should use mixedCase
  --> test/invariant/Run17Handler.sol:99:20
   |
99 |     uint256 public cAAZeroGross; // gross == 0: the pure raw-mint path (:605 with no exit)
   |                    ^^^^^^^^^^^^ help: consider using: `cAaZeroGross`
   |
   = help: https://book.getfoundry.sh/reference/forge/forge-lint#mixed-case-variable

note[screaming-snake-case-immutable]: immutables should use SCREAMING_SNAKE_CASE
   --> test/InPlaceMigrator.t.sol:642:38
    |
642 |     ReentrantToken private immutable token;
    |                                      ^^^^^ help: consider using: `TOKEN`
    |
    = help: https://book.getfoundry.sh/reference/forge/forge-lint#screaming-snake-case-immutable

note[mixed-case-variable]: mutable variables should use mixedCase
   --> test/invariant/Run17Handler.sol:100:20
    |
100 |     uint256 public cAAExcess; // excess > 0 (raw AM minted to the caller)
    |                    ^^^^^^^^^ help: consider using: `cAaExcess`
    |
    = help: https://book.getfoundry.sh/reference/forge/forge-lint#mixed-case-variable

note[mixed-case-variable]: mutable variables should use mixedCase
   --> test/invariant/Run17Handler.sol:101:20
    |
101 |     uint256 public cAASurplus; // surplus > 0 (over-delivery forwarded, :609)
    |                    ^^^^^^^^^^ help: consider using: `cAaSurplus`
    |
    = help: https://book.getfoundry.sh/reference/forge/forge-lint#mixed-case-variable

note[unwrapped-modifier-logic]: wrap modifier logic to reduce code size
   --> src/StableStakerV2.sol:223:5
    |
223 | /     modifier onlyPauser() {
224 | |         require(msg.sender == pauser, "StableStaker: only pauser");
225 | |         _;
226 | |     }
    | |_____^
    |
help: wrap modifier logic to reduce code size
    |
223 ~     modifier onlyPauser() {
224 +         _onlyPauser();
225 +         _;
226 +     }
227 + 
228 +     function _onlyPauser() internal {
229 +         require(msg.sender == pauser, "StableStaker: only pauser");
230 +     }
    |
    = help: https://book.getfoundry.sh/reference/forge/forge-lint#unwrapped-modifier-logic

note[unwrapped-modifier-logic]: wrap modifier logic to reduce code size
   --> src/StableStakerV2.sol:228:5
    |
228 | /     modifier onlyMigrator() {
229 | |         require(msg.sender == migrator, "StableStaker: only migrator");
230 | |         _;
231 | |     }
    | |_____^
    |
help: wrap modifier logic to reduce code size
    |
228 ~     modifier onlyMigrator() {
229 +         _onlyMigrator();
230 +         _;
231 +     }
232 + 
233 +     function _onlyMigrator() internal {
234 +         require(msg.sender == migrator, "StableStaker: only migrator");
235 +     }
    |
    = help: https://book.getfoundry.sh/reference/forge/forge-lint#unwrapped-modifier-logic

note[mixed-case-function]: function names should use mixedCase
   --> test/invariant/Run16Invariants.t.sol:155:14
    |
155 |     function _inv_3_principalConservation() internal view {
    |              ^^^^^^^^^^^^^^^^^^^^^^^^^^^^ help: consider using: `_inv3PrincipalConservation`
    |
    = help: https://book.getfoundry.sh/reference/forge/forge-lint#mixed-case-function

note[mixed-case-variable]: mutable variables should use mixedCase
   --> test/invariant/Run17Handler.sol:102:20
    |
102 |     uint256 public cAADust; // sub-unit remainder carried in unclaimedReward
    |                    ^^^^^^^ help: consider using: `cAaDust`
    |
    = help: https://book.getfoundry.sh/reference/forge/forge-lint#mixed-case-variable

note[unwrapped-modifier-logic]: wrap modifier logic to reduce code size
   --> src/StableStakerV2.sol:233:5
    |
233 | /     modifier poolExists(address token) {
234 | |         require(_registeredTokens.contains(token), "StableStaker: unknown token");
235 | |         _;
236 | |     }
    | |_____^
    |
help: wrap modifier logic to reduce code size
    |
233 ~     modifier poolExists(address token) {
234 +         _poolExists(token);
235 +         _;
236 +     }
237 + 
238 +     function _poolExists(address token) internal {
239 +         require(_registeredTokens.contains(token), "StableStaker: unknown token");
240 +     }
    |
    = help: https://book.getfoundry.sh/reference/forge/forge-lint#unwrapped-modifier-logic

note[screaming-snake-case-immutable]: immutables should use SCREAMING_SNAKE_CASE
   --> test/InPlaceMigrator.t.sol:643:38
    |
643 |     StableStakerV2 private immutable staker;
    |                                      ^^^^^^ help: consider using: `STAKER`
    |
    = help: https://book.getfoundry.sh/reference/forge/forge-lint#screaming-snake-case-immutable

note[mixed-case-function]: function names should use mixedCase
   --> test/invariant/Run16Invariants.t.sol:178:14
    |
178 |     function _inv_4_indexMonotonic() internal {
    |              ^^^^^^^^^^^^^^^^^^^^^ help: consider using: `_inv4IndexMonotonic`
    |
    = help: https://book.getfoundry.sh/reference/forge/forge-lint#mixed-case-function

note[mixed-case-function]: function names should use mixedCase
   --> test/invariant/Run16Invariants.t.sol:194:14
    |
194 |     function _inv_5_settlePairing() internal view {
    |              ^^^^^^^^^^^^^^^^^^^^ help: consider using: `_inv5SettlePairing`
    |
    = help: https://book.getfoundry.sh/reference/forge/forge-lint#mixed-case-function

note[mixed-case-variable]: mutable variables should use mixedCase
   --> test/invariant/Run17Handler.sol:103:20
    |
103 |     uint256 public cAAFullExit; // position went to zero
    |                    ^^^^^^^^^^^ help: consider using: `cAaFullExit`
    |
    = help: https://book.getfoundry.sh/reference/forge/forge-lint#mixed-case-variable

note[mixed-case-variable]: mutable variables should use mixedCase
   --> test/invariant/Run17Handler.sol:104:20
    |
104 |     uint256 public cAAUnderwaterBuffer; // the :1186-1195 buffer branch actually executed
    |                    ^^^^^^^^^^^^^^^^^^^ help: consider using: `cAaUnderwaterBuffer`
    |
    = help: https://book.getfoundry.sh/reference/forge/forge-lint#mixed-case-variable

note[mixed-case-variable]: mutable variables should use mixedCase
   --> test/invariant/Run17Handler.sol:105:20
    |
105 |     uint256 public cAA6dp;
    |                    ^^^^^^ help: consider using: `cAa6dp`
    |
    = help: https://book.getfoundry.sh/reference/forge/forge-lint#mixed-case-variable

note[mixed-case-variable]: mutable variables should use mixedCase
   --> test/invariant/Run17Handler.sol:106:20
    |
106 |     uint256 public cAA18dp;
    |                    ^^^^^^^ help: consider using: `cAa18dp`
    |
    = help: https://book.getfoundry.sh/reference/forge/forge-lint#mixed-case-variable

note[mixed-case-variable]: mutable variables should use mixedCase
   --> test/invariant/Run17Handler.sol:107:20
    |
107 |     uint256 public cAAZeroStakeCaller; // caller had user.amount == 0 going in
    |                    ^^^^^^^^^^^^^^^^^^ help: consider using: `cAaZeroStakeCaller`
    |
    = help: https://book.getfoundry.sh/reference/forge/forge-lint#mixed-case-variable

note[mixed-case-variable]: mutable variables should use mixedCase
   --> test/invariant/Run17Handler.sol:108:20
    |
108 |     uint256 public cAATotalBypass; // the ENTIRE owed entitlement was minted raw to the caller
    |                    ^^^^^^^^^^^^^^ help: consider using: `cAaTotalBypass`
    |
    = help: https://book.getfoundry.sh/reference/forge/forge-lint#mixed-case-variable

note[unsafe-cheatcode]: usage of unsafe cheatcodes that can perform dangerous operations
   --> test/invariant/Run16Invariants.t.sol:279:12
    |
279 |         vm.writeLine(COUNTER_FILE, line);
    |            ^^^^^^^^^
    |
    = help: https://book.getfoundry.sh/reference/forge/forge-lint#unsafe-cheatcode

note[mixed-case-variable]: mutable variables should use mixedCase
   --> test/invariant/Run17Handler.sol:113:16
    |
113 |         IERC20 phUSD;
    |                ^^^^^ help: consider using: `phUsd`
    |
    = help: https://book.getfoundry.sh/reference/forge/forge-lint#mixed-case-variable

note[mixed-case-function]: function names should use mixedCase
   --> test/invariant/Run17Handler.sol:225:14
    |
225 |     function _readAAEvent() internal returns (uint256 burned, uint256 gross, uint256 excess) {
    |              ^^^^^^^^^^^^ help: consider using: `_readAaEvent`
    |
    = help: https://book.getfoundry.sh/reference/forge/forge-lint#mixed-case-function

note[unused-import]: unused imports should be removed
 --> test/invariant/Run17Handler.sol:7:9
  |
7 | import {IYieldStrategy} from "reflax-yield-vault/interfaces/IYieldStrategy.sol";
  |         ^^^^^^^^^^^^^^
  |
  = help: https://book.getfoundry.sh/reference/forge/forge-lint#unused-import

[?25l[32m⠋[0m Parsing /home/justin/code/audits/workspace/stable-staker/out[2K[32m⠙[0m Parsing /home/justin/code/audits/workspace/stable-staker/out[2K[32m⠹[0m Parsing /home/justin/code/audits/workspace/stable-staker/out[2K[32m⠸[0m Parsing /home/justin/code/audits/workspace/stable-staker/out[2K[32m⠼[0m Parsing /home/justin/code/audits/workspace/stable-staker/out[2K[32m⠴[0m Parsing /home/justin/code/audits/workspace/stable-staker/out[2K[32m⠦[0m Parsing /home/justin/code/audits/workspace/stable-staker/out[2K
[32m⠦[0m Parsing /home/justin/code/audits/workspace/stable-staker/out[2KRunning 1 tests for test/symbolic/Story025Symbolic.t.sol:Story025Symbolic
[32m⠦[0m Parsing /home/justin/code/audits/workspace/stable-staker/out[2Ksetup: 0.04s (decode: 0.02s, run: 0.02s)
[32m⠧[0m Parsing /home/justin/code/audits/workspace/stable-staker/out[2K[32m⠧[0m Parsing /home/justin/code/audits/workspace/stable-staker/out[2K[32m⠇[0m Parsing /home/justin/code/audits/workspace/stable-staker/out[2K[32m⠏[0m check_toleranceIsExactly2PlusOneBp(uint256,uint256): [0:00:00] solving 
queries: 0 / 2[2K[1A[2K[32m⠋[0m check_toleranceIsExactly2PlusOneBp(uint256,uint256): [0:00:00] solving 
queries: 0 / 2[2K[1A[2K[32m⠙[0m check_toleranceIsExactly2PlusOneBp(uint256,uint256): [0:00:00] solving 
queries: 0 / 2[2K[1A[2K[32m⠹[0m check_toleranceIsExactly2PlusOneBp(uint256,uint256): [0:00:00] solving 
queries: 0 / 2[2K[1A[2K[32m⠸[0m check_toleranceIsExactly2PlusOneBp(uint256,uint256): [0:00:00] solving 
queries: 0 / 2[2K[1A[2K[32m⠼[0m check_toleranceIsExactly2PlusOneBp(uint256,uint256): [0:00:00] solving 
queries: 0 / 2[2K[1A[2K[32m⠴[0m check_toleranceIsExactly2PlusOneBp(uint256,uint256): [0:00:00] solving 
queries: 0 / 2[2K[1A[2K[32m⠦[0m check_toleranceIsExactly2PlusOneBp(uint256,uint256): [0:00:00] solving 
queries: 0 / 2[2K[1A[2K[32m⠧[0m check_toleranceIsExactly2PlusOneBp(uint256,uint256): [0:00:00] solving 
queries: 0 / 2[2K[1A[2K[32m⠇[0m check_toleranceIsExactly2PlusOneBp(uint256,uint256): [0:00:00] solving 
queries: 0 / 2[2K[1A[2K[32m⠏[0m check_toleranceIsExactly2PlusOneBp(uint256,uint256): [0:00:00] solving 
queries: 0 / 2[2K[1A[2K[32m⠋[0m check_toleranceIsExactly2PlusOneBp(uint256,uint256): [0:00:01] solving 
queries: 0 / 2[2K[1A[2K[32m⠙[0m check_toleranceIsExactly2PlusOneBp(uint256,uint256): [0:00:01] solving 
queries: 0 / 2[2K[1A[2K[32m⠹[0m check_toleranceIsExactly2PlusOneBp(uint256,uint256): [0:00:01] solving 
queries: 0 / 2[2K[1A[2K[32m⠸[0m check_toleranceIsExactly2PlusOneBp(uint256,uint256): [0:00:01] solving 
queries: 0 / 2[2K[1A[2K[32m⠼[0m check_toleranceIsExactly2PlusOneBp(uint256,uint256): [0:00:01] solving 
queries: 0 / 2[2K[1A[2K[32m⠴[0m check_toleranceIsExactly2PlusOneBp(uint256,uint256): [0:00:01] solving 
queries: 0 / 2[2K[1A[2K[32m⠦[0m check_toleranceIsExactly2PlusOneBp(uint256,uint256): [0:00:01] solving 
queries: 0 / 2[2K[1A[2K[32m⠧[0m check_toleranceIsExactly2PlusOneBp(uint256,uint256): [0:00:01] solving 
queries: 0 / 2[2K[1A[2K[32m⠇[0m check_toleranceIsExactly2PlusOneBp(uint256,uint256): [0:00:01] solving 
queries: 0 / 2[2K[1A[2K[32m⠏[0m check_toleranceIsExactly2PlusOneBp(uint256,uint256): [0:00:01] solving 
queries: 0 / 2[2K[1A[2K[32m⠋[0m check_toleranceIsExactly2PlusOneBp(uint256,uint256): [0:00:01] solving 
queries: 0 / 2[2K[1A[2K[32m⠙[0m check_toleranceIsExactly2PlusOneBp(uint256,uint256): [0:00:01] solving 
queries: 0 / 2[2K[1A[2K[32m⠹[0m check_toleranceIsExactly2PlusOneBp(uint256,uint256): [0:00:01] solving 
queries: 0 / 2[2K[1A[2K[32m⠸[0m check_toleranceIsExactly2PlusOneBp(uint256,uint256): [0:00:02] solving 
queries: 0 / 2[2K[1A[2K[32m⠼[0m check_toleranceIsExactly2PlusOneBp(uint256,uint256): [0:00:02] solving 
queries: 0 / 2[2K[1A[2K[32m⠴[0m check_toleranceIsExactly2PlusOneBp(uint256,uint256): [0:00:02] solving 
queries: 0 / 2[2K[1A[2K[32m⠦[0m check_toleranceIsExactly2PlusOneBp(uint256,uint256): [0:00:02] solving 
queries: 0 / 2[2K[1A[2K[32m⠧[0m check_toleranceIsExactly2PlusOneBp(uint256,uint256): [0:00:02] solving 
queries: 0 / 2[2K[1A[2K[32m⠇[0m check_toleranceIsExactly2PlusOneBp(uint256,uint256): [0:00:02] solving 
queries: 0 / 2[2K[1A[2K[32m⠏[0m check_toleranceIsExactly2PlusOneBp(uint256,uint256): [0:00:02] solving 
queries: 0 / 2[2K[1A[2K[32m⠋[0m check_toleranceIsExactly2PlusOneBp(uint256,uint256): [0:00:02] solving 
queries: 0 / 2[2K[1A[2K[32m⠙[0m check_toleranceIsExactly2PlusOneBp(uint256,uint256): [0:00:02] solving 
queries: 0 / 2[2K[1A[2K[32m⠹[0m check_toleranceIsExactly2PlusOneBp(uint256,uint256): [0:00:02] solving 
queries: 0 / 2[2K[1A[2K[32m⠸[0m check_toleranceIsExactly2PlusOneBp(uint256,uint256): [0:00:02] solving 
queries: 0 / 2[2K[1A[2K[32m⠼[0m check_toleranceIsExactly2PlusOneBp(uint256,uint256): [0:00:02] solving 
queries: 0 / 2[2K[1A[2K[32m⠴[0m check_toleranceIsExactly2PlusOneBp(uint256,uint256): [0:00:03] solving 
queries: 0 / 2[2K[1A[2K[32m⠦[0m check_toleranceIsExactly2PlusOneBp(uint256,uint256): [0:00:03] solving 
queries: 0 / 2[2K[1A[2K[32m⠧[0m check_toleranceIsExactly2PlusOneBp(uint256,uint256): [0:00:03] solving 
queries: 0 / 2[2K[1A[2K[32m⠇[0m check_toleranceIsExactly2PlusOneBp(uint256,uint256): [0:00:03] solving 
queries: 0 / 2[2K[1A[2K[32m⠏[0m check_toleranceIsExactly2PlusOneBp(uint256,uint256): [0:00:03] solving 
queries: 0 / 2[2K[1A[2K[32m⠋[0m check_toleranceIsExactly2PlusOneBp(uint256,uint256): [0:00:03] solving 
queries: 0 / 2[2K[1A[2K[32m⠙[0m check_toleranceIsExactly2PlusOneBp(uint256,uint256): [0:00:03] solving 
queries: 0 / 2[2K[1A[2K[32m⠹[0m check_toleranceIsExactly2PlusOneBp(uint256,uint256): [0:00:03] solving 
queries: 0 / 2[2K[1A[2K[32m⠸[0m check_toleranceIsExactly2PlusOneBp(uint256,uint256): [0:00:03] solving 
queries: 0 / 2[2K[1A[2K[32m⠼[0m check_toleranceIsExactly2PlusOneBp(uint256,uint256): [0:00:03] solving 
queries: 0 / 2[2K[1A[2K[32m⠴[0m check_toleranceIsExactly2PlusOneBp(uint256,uint256): [0:00:03] solving 
queries: 0 / 2[2K[1A[2K[32m⠦[0m check_toleranceIsExactly2PlusOneBp(uint256,uint256): [0:00:03] solving 
queries: 0 / 2[2K[1A[2K[32m⠧[0m check_toleranceIsExactly2PlusOneBp(uint256,uint256): [0:00:03] solving 
queries: 0 / 2[2K[1A[2K[32m⠇[0m check_toleranceIsExactly2PlusOneBp(uint256,uint256): [0:00:04] solving 
queries: 0 / 2[2K[1A[2K[32m⠏[0m check_toleranceIsExactly2PlusOneBp(uint256,uint256): [0:00:04] solving 
queries: 0 / 2[2K[1A[2K[32m⠋[0m check_toleranceIsExactly2PlusOneBp(uint256,uint256): [0:00:04] solving 
queries: 0 / 2[2K[1A[2K[32m⠙[0m check_toleranceIsExactly2PlusOneBp(uint256,uint256): [0:00:04] solving 
queries: 0 / 2[2K[1A[2K[32m⠹[0m check_toleranceIsExactly2PlusOneBp(uint256,uint256): [0:00:04] solving 
queries: 0 / 2[2K[1A[2K[32m⠼[0m check_toleranceIsExactly2PlusOneBp(uint256,uint256): [0:00:04] solving 
queries: 0 / 2[2K[1A[2K[32m⠴[0m check_toleranceIsExactly2PlusOneBp(uint256,uint256): [0:00:04] solving 
queries: 0 / 2[2K[1A[2K[32m⠦[0m check_toleranceIsExactly2PlusOneBp(uint256,uint256): [0:00:04] solving 
queries: 0 / 2[2K[1A[2K[32m⠧[0m check_toleranceIsExactly2PlusOneBp(uint256,uint256): [0:00:04] solving 
queries: 0 / 2[2K[1A[2K[32m⠇[0m check_toleranceIsExactly2PlusOneBp(uint256,uint256): [0:00:04] solving 
queries: 0 / 2[2K[1A[2K[32m⠏[0m check_toleranceIsExactly2PlusOneBp(uint256,uint256): [0:00:04] solving 
queries: 0 / 2[2K[1A[2K[32m⠋[0m check_toleranceIsExactly2PlusOneBp(uint256,uint256): [0:00:04] solving 
queries: 0 / 2[2K[1A[2K[32m⠙[0m check_toleranceIsExactly2PlusOneBp(uint256,uint256): [0:00:05] solving 
queries: 0 / 2[2K[1A[2K[32m⠹[0m check_toleranceIsExactly2PlusOneBp(uint256,uint256): [0:00:05] solving 
queries: 0 / 2[2K[1A[2K[32m⠸[0m check_toleranceIsExactly2PlusOneBp(uint256,uint256): [0:00:05] solving 
queries: 0 / 2[2K[1A[2K[32m⠼[0m check_toleranceIsExactly2PlusOneBp(uint256,uint256): [0:00:05] solving 
queries: 0 / 2[2K[1A[2K[32m⠴[0m check_toleranceIsExactly2PlusOneBp(uint256,uint256): [0:00:05] solving 
queries: 0 / 2[2K[1A[2K[32m⠦[0m check_toleranceIsExactly2PlusOneBp(uint256,uint256): [0:00:05] solving 
queries: 0 / 2[2K[1A[2K[32m⠧[0m check_toleranceIsExactly2PlusOneBp(uint256,uint256): [0:00:05] solving 
queries: 0 / 2[2K[1A[2K[32m⠇[0m check_toleranceIsExactly2PlusOneBp(uint256,uint256): [0:00:05] solving 
queries: 0 / 2[2K[1A[2K[32m⠏[0m check_toleranceIsExactly2PlusOneBp(uint256,uint256): [0:00:05] solving 
queries: 0 / 2[2K[1A[2K[32m⠋[0m check_toleranceIsExactly2PlusOneBp(uint256,uint256): [0:00:05] solving 
queries: 0 / 2[2K[1A[2K[32m⠙[0m check_toleranceIsExactly2PlusOneBp(uint256,uint256): [0:00:05] solving 
queries: 0 / 2[2K[1A[2K[32m⠹[0m check_toleranceIsExactly2PlusOneBp(uint256,uint256): [0:00:05] solving 
queries: 0 / 2[2K[1A[2K[32m⠸[0m check_toleranceIsExactly2PlusOneBp(uint256,uint256): [0:00:06] solving 
queries: 0 / 2[2K[1A[2K[32m⠼[0m check_toleranceIsExactly2PlusOneBp(uint256,uint256): [0:00:06] solving 
queries: 0 / 2[2K[1A[2K[32m⠴[0m check_toleranceIsExactly2PlusOneBp(uint256,uint256): [0:00:06] solving 
queries: 0 / 2[2K[1A[2K[32m⠦[0m check_toleranceIsExactly2PlusOneBp(uint256,uint256): [0:00:06] solving 
queries: 0 / 2[2K[1A[2K[32m⠧[0m check_toleranceIsExactly2PlusOneBp(uint256,uint256): [0:00:06] solving 
queries: 0 / 2[2K[1A[2K[32m⠇[0m check_toleranceIsExactly2PlusOneBp(uint256,uint256): [0:00:06] solving 
queries: 0 / 2[2K[1A[2K[32m⠏[0m check_toleranceIsExactly2PlusOneBp(uint256,uint256): [0:00:06] solving 
queries: 0 / 2[2K[1A[2K[32m⠋[0m check_toleranceIsExactly2PlusOneBp(uint256,uint256): [0:00:06] solving 
queries: 0 / 2[2K[1A[2K[32m⠙[0m check_toleranceIsExactly2PlusOneBp(uint256,uint256): [0:00:06] solving 
queries: 0 / 2[2K[1A[2K[32m⠹[0m check_toleranceIsExactly2PlusOneBp(uint256,uint256): [0:00:06] solving 
queries: 0 / 2[2K[1A[2K[32m⠸[0m check_toleranceIsExactly2PlusOneBp(uint256,uint256): [0:00:06] solving 
queries: 0 / 2[2K[1A[2K[32m⠼[0m check_toleranceIsExactly2PlusOneBp(uint256,uint256): [0:00:06] solving 
queries: 0 / 2[2K[1A[2K[32m⠴[0m check_toleranceIsExactly2PlusOneBp(uint256,uint256): [0:00:06] solving 
queries: 0 / 2[2K[1A[2K[32m⠦[0m check_toleranceIsExactly2PlusOneBp(uint256,uint256): [0:00:07] solving 
queries: 0 / 2[2K[1A[2K[32m⠧[0m check_toleranceIsExactly2PlusOneBp(uint256,uint256): [0:00:07] solving 
queries: 0 / 2[2K[1A[2K[32m⠇[0m check_toleranceIsExactly2PlusOneBp(uint256,uint256): [0:00:07] solving 
queries: 0 / 2[2K[1A[2K[32m⠏[0m check_toleranceIsExactly2PlusOneBp(uint256,uint256): [0:00:07] solving 
queries: 0 / 2[2K[1A[2K[32m⠋[0m check_toleranceIsExactly2PlusOneBp(uint256,uint256): [0:00:07] solving 
queries: 0 / 2[2K[1A[2K[32m⠙[0m check_toleranceIsExactly2PlusOneBp(uint256,uint256): [0:00:07] solving 
queries: 0 / 2[2K[1A[2K[32m⠹[0m check_toleranceIsExactly2PlusOneBp(uint256,uint256): [0:00:07] solving 
queries: 0 / 2[2K[1A[2K[32m⠸[0m check_toleranceIsExactly2PlusOneBp(uint256,uint256): [0:00:07] solving 
queries: 0 / 2[2K[1A[2K[32m⠼[0m check_toleranceIsExactly2PlusOneBp(uint256,uint256): [0:00:07] solving 
queries: 0 / 2[2K[1A[2K[32m⠴[0m check_toleranceIsExactly2PlusOneBp(uint256,uint256): [0:00:07] solving 
queries: 0 / 2[2K[1A[2K[32m⠦[0m check_toleranceIsExactly2PlusOneBp(uint256,uint256): [0:00:07] solving 
queries: 0 / 2[2K[1A[2K[32m⠧[0m check_toleranceIsExactly2PlusOneBp(uint256,uint256): [0:00:07] solving 
queries: 0 / 2[2K[1A[2K[32m⠇[0m check_toleranceIsExactly2PlusOneBp(uint256,uint256): [0:00:08] solving 
queries: 0 / 2[2K[1A[2K[32m⠏[0m check_toleranceIsExactly2PlusOneBp(uint256,uint256): [0:00:08] solving 
queries: 0 / 2[2K[1A[2K[32m⠋[0m check_toleranceIsExactly2PlusOneBp(uint256,uint256): [0:00:08] solving 
queries: 0 / 2[2K[1A[2K[32m⠙[0m check_toleranceIsExactly2PlusOneBp(uint256,uint256): [0:00:08] solving 
queries: 0 / 2[2K[1A[2K[32m⠹[0m check_toleranceIsExactly2PlusOneBp(uint256,uint256): [0:00:08] solving 
queries: 0 / 2[2K[1A[2K[32m⠸[0m check_toleranceIsExactly2PlusOneBp(uint256,uint256): [0:00:08] solving 
queries: 0 / 2[2K[1A[2K[32m⠼[0m check_toleranceIsExactly2PlusOneBp(uint256,uint256): [0:00:08] solving 
queries: 0 / 2[2K[1A[2K[32m⠴[0m check_toleranceIsExactly2PlusOneBp(uint256,uint256): [0:00:08] solving 
queries: 0 / 2[2K[1A[2K[32m⠦[0m check_toleranceIsExactly2PlusOneBp(uint256,uint256): [0:00:08] solving 
queries: 0 / 2[2K[1A[2K[32m⠧[0m check_toleranceIsExactly2PlusOneBp(uint256,uint256): [0:00:08] solving 
queries: 0 / 2[2K[1A[2K[32m⠇[0m check_toleranceIsExactly2PlusOneBp(uint256,uint256): [0:00:08] solving 
queries: 0 / 2[2K[1A[2K[32m⠏[0m check_toleranceIsExactly2PlusOneBp(uint256,uint256): [0:00:08] solving 
queries: 0 / 2[2K[1A[2K[32m⠋[0m check_toleranceIsExactly2PlusOneBp(uint256,uint256): [0:00:08] solving 
queries: 0 / 2[2K[1A[2K[32m⠙[0m check_toleranceIsExactly2PlusOneBp(uint256,uint256): [0:00:09] solving 
queries: 0 / 2[2K[1A[2K[32m⠹[0m check_toleranceIsExactly2PlusOneBp(uint256,uint256): [0:00:09] solving 
queries: 0 / 2[2K[1A[2K[32m⠸[0m check_toleranceIsExactly2PlusOneBp(uint256,uint256): [0:00:09] solving 
queries: 0 / 2[2K[1A[2K[32m⠼[0m check_toleranceIsExactly2PlusOneBp(uint256,uint256): [0:00:09] solving 
queries: 0 / 2[2K[1A[2K[32m⠴[0m check_toleranceIsExactly2PlusOneBp(uint256,uint256): [0:00:09] solving 
queries: 0 / 2[2K[1A[2K[32m⠦[0m check_toleranceIsExactly2PlusOneBp(uint256,uint256): [0:00:09] solving 
queries: 0 / 2[2K[1A[2K[32m⠧[0m check_toleranceIsExactly2PlusOneBp(uint256,uint256): [0:00:09] solving 
queries: 0 / 2[2K[1A[2K[32m⠇[0m check_toleranceIsExactly2PlusOneBp(uint256,uint256): [0:00:09] solving 
queries: 0 / 2[2K[1A[2K[32m⠏[0m check_toleranceIsExactly2PlusOneBp(uint256,uint256): [0:00:09] solving 
queries: 0 / 2[2K[1A[2K[32m⠋[0m check_toleranceIsExactly2PlusOneBp(uint256,uint256): [0:00:09] solving 
queries: 0 / 2[2K[1A[2K[32m⠙[0m check_toleranceIsExactly2PlusOneBp(uint256,uint256): [0:00:09] solving 
queries: 0 / 2[2K[1A[2K[32m⠹[0m check_toleranceIsExactly2PlusOneBp(uint256,uint256): [0:00:09] solving 
queries: 0 / 2[2K[1A[2K[32m⠸[0m check_toleranceIsExactly2PlusOneBp(uint256,uint256): [0:00:10] solving 
queries: 0 / 2[2K[1A[2K[32m⠼[0m check_toleranceIsExactly2PlusOneBp(uint256,uint256): [0:00:10] solving 
queries: 0 / 2[2K[1A[2K[32m⠴[0m check_toleranceIsExactly2PlusOneBp(uint256,uint256): [0:00:10] solving 
queries: 0 / 2[2K[1A[2K[32m⠦[0m check_toleranceIsExactly2PlusOneBp(uint256,uint256): [0:00:10] solving 
queries: 0 / 2[2K[1A[2K[32m⠧[0m check_toleranceIsExactly2PlusOneBp(uint256,uint256): [0:00:10] solving 
queries: 0 / 2[2K[1A[2K[32m⠇[0m check_toleranceIsExactly2PlusOneBp(uint256,uint256): [0:00:10] solving 
queries: 0 / 2[2K[1A[2K[32m⠏[0m check_toleranceIsExactly2PlusOneBp(uint256,uint256): [0:00:10] solving 
queries: 0 / 2[2K[1A[2K[32m⠋[0m check_toleranceIsExactly2PlusOneBp(uint256,uint256): [0:00:10] solving 
queries: 0 / 2[2K[1A[2K[32m⠙[0m check_toleranceIsExactly2PlusOneBp(uint256,uint256): [0:00:10] solving 
queries: 0 / 2[2K[1A[2K[32m⠹[0m check_toleranceIsExactly2PlusOneBp(uint256,uint256): [0:00:10] solving 
queries: 0 / 2[2K[1A[2K[32m⠸[0m check_toleranceIsExactly2PlusOneBp(uint256,uint256): [0:00:10] solving 
queries: 0 / 2[2K[1A[2K[32m⠼[0m check_toleranceIsExactly2PlusOneBp(uint256,uint256): [0:00:10] solving 
queries: 0 / 2[2K[1A[2K[32m⠴[0m check_toleranceIsExactly2PlusOneBp(uint256,uint256): [0:00:11] solving 
queries: 0 / 2[2K[1A[2K[32m⠦[0m check_toleranceIsExactly2PlusOneBp(uint256,uint256): [0:00:11] solving 
queries: 0 / 2[2K[1A[2K[32m⠧[0m check_toleranceIsExactly2PlusOneBp(uint256,uint256): [0:00:11] solving 
queries: 0 / 2[2K[1A[2K[32m⠇[0m check_toleranceIsExactly2PlusOneBp(uint256,uint256): [0:00:11] solving 
queries: 0 / 2[2K[1A[2K[32m⠏[0m check_toleranceIsExactly2PlusOneBp(uint256,uint256): [0:00:11] solving 
queries: 0 / 2[2K[1A[2K[32m⠋[0m check_toleranceIsExactly2PlusOneBp(uint256,uint256): [0:00:11] solving 
queries: 0 / 2[2K[1A[2K[32m⠙[0m check_toleranceIsExactly2PlusOneBp(uint256,uint256): [0:00:11] solving 
queries: 0 / 2[2K[1A[2K[32m⠹[0m check_toleranceIsExactly2PlusOneBp(uint256,uint256): [0:00:11] solving 
queries: 0 / 2[2K[1A[2K[32m⠸[0m check_toleranceIsExactly2PlusOneBp(uint256,uint256): [0:00:11] solving 
queries: 0 / 2[2K[1A[2K[32m⠼[0m check_toleranceIsExactly2PlusOneBp(uint256,uint256): [0:00:11] solving 
queries: 0 / 2[2K[1A[2K[32m⠴[0m check_toleranceIsExactly2PlusOneBp(uint256,uint256): [0:00:11] solving 
queries: 1 / 2[2K[1A[2K[32m⠦[0m check_toleranceIsExactly2PlusOneBp(uint256,uint256): [0:00:11] solving 
queries: 1 / 2[2K[1A[2K[32m⠧[0m check_toleranceIsExactly2PlusOneBp(uint256,uint256): [0:00:11] solving 
queries: 1 / 2[2K[1A[2K[32m⠇[0m check_toleranceIsExactly2PlusOneBp(uint256,uint256): [0:00:12] solving 
queries: 1 / 2[2K[1A[2K[32m⠏[0m check_toleranceIsExactly2PlusOneBp(uint256,uint256): [0:00:12] solving 
queries: 1 / 2[2K[1A[2K[32m⠋[0m check_toleranceIsExactly2PlusOneBp(uint256,uint256): [0:00:12] solving 
queries: 1 / 2[2K[1A[2K[32m⠙[0m check_toleranceIsExactly2PlusOneBp(uint256,uint256): [0:00:12] solving 
queries: 1 / 2[2K[1A[2K[32m⠹[0m check_toleranceIsExactly2PlusOneBp(uint256,uint256): [0:00:12] solving 
queries: 1 / 2[2K[1A[2K[32m⠸[0m check_toleranceIsExactly2PlusOneBp(uint256,uint256): [0:00:12] solving 
queries: 1 / 2[2K[1A[2K[32m⠼[0m check_toleranceIsExactly2PlusOneBp(uint256,uint256): [0:00:12] solving 
queries: 1 / 2[2K[1A[2K[32m⠴[0m check_toleranceIsExactly2PlusOneBp(uint256,uint256): [0:00:12] solving 
queries: 1 / 2[2K[1A[2K[32m⠦[0m check_toleranceIsExactly2PlusOneBp(uint256,uint256): [0:00:12] solving 
queries: 1 / 2[2K[1A[2K[32m⠧[0m check_toleranceIsExactly2PlusOneBp(uint256,uint256): [0:00:12] solving 
queries: 1 / 2[2K[1A[2K[32m⠇[0m check_toleranceIsExactly2PlusOneBp(uint256,uint256): [0:00:12] solving 
queries: 1 / 2[2K[1A[2K[32m⠏[0m check_toleranceIsExactly2PlusOneBp(uint256,uint256): [0:00:12] solving 
queries: 1 / 2[2K[1A[2K[32m⠋[0m check_toleranceIsExactly2PlusOneBp(uint256,uint256): [0:00:13] solving 
queries: 1 / 2[2K[1A[2K[32m⠙[0m check_toleranceIsExactly2PlusOneBp(uint256,uint256): [0:00:13] solving 
queries: 1 / 2[2K[1A[2K[32m⠹[0m check_toleranceIsExactly2PlusOneBp(uint256,uint256): [0:00:13] solving 
queries: 1 / 2[2K[1A[2K[32m⠸[0m check_toleranceIsExactly2PlusOneBp(uint256,uint256): [0:00:13] solving 
queries: 1 / 2[2K[1A[2K[32m⠼[0m check_toleranceIsExactly2PlusOneBp(uint256,uint256): [0:00:13] solving 
queries: 1 / 2[2K[1A[2K[32m⠴[0m check_toleranceIsExactly2PlusOneBp(uint256,uint256): [0:00:13] solving 
queries: 1 / 2[2K[1A[2K[32m⠦[0m check_toleranceIsExactly2PlusOneBp(uint256,uint256): [0:00:13] solving 
queries: 1 / 2[2K[1A[2K[32m⠧[0m check_toleranceIsExactly2PlusOneBp(uint256,uint256): [0:00:13] solving 
queries: 1 / 2[2K[1A[2K[32m⠏[0m check_toleranceIsExactly2PlusOneBp(uint256,uint256): [0:00:13] solving 
queries: 1 / 2[2K[1A[2K[32m⠋[0m check_toleranceIsExactly2PlusOneBp(uint256,uint256): [0:00:13] solving 
queries: 1 / 2[2K[1A[2K[32m⠙[0m check_toleranceIsExactly2PlusOneBp(uint256,uint256): [0:00:13] solving 
queries: 1 / 2[2K[1A[2K[32m⠹[0m check_toleranceIsExactly2PlusOneBp(uint256,uint256): [0:00:13] solving 
queries: 1 / 2[2K[1A[2K[32m⠸[0m check_toleranceIsExactly2PlusOneBp(uint256,uint256): [0:00:13] solving 
queries: 1 / 2[2K[1A[2K[32m⠼[0m check_toleranceIsExactly2PlusOneBp(uint256,uint256): [0:00:14] solving 
queries: 1 / 2[2K[1A[2K[32m⠴[0m check_toleranceIsExactly2PlusOneBp(uint256,uint256): [0:00:14] solving 
queries: 1 / 2[2K[1A[2K[32m⠦[0m check_toleranceIsExactly2PlusOneBp(uint256,uint256): [0:00:14] solving 
queries: 1 / 2[2K[1A[2K[32m⠧[0m check_toleranceIsExactly2PlusOneBp(uint256,uint256): [0:00:14] solving 
queries: 1 / 2[2K[1A[2K[32m⠇[0m check_toleranceIsExactly2PlusOneBp(uint256,uint256): [0:00:14] solving 
queries: 1 / 2[2K[1A[2K[32m⠏[0m check_toleranceIsExactly2PlusOneBp(uint256,uint256): [0:00:14] solving 
queries: 1 / 2[2K[1A[2K[32m⠋[0m check_toleranceIsExactly2PlusOneBp(uint256,uint256): [0:00:14] solving 
queries: 1 / 2[2K[1A[2K[32m⠙[0m check_toleranceIsExactly2PlusOneBp(uint256,uint256): [0:00:14] solving 
queries: 1 / 2[2K[1A[2K[32m⠹[0m check_toleranceIsExactly2PlusOneBp(uint256,uint256): [0:00:14] solving 
queries: 1 / 2[2K[1A[2K[32m⠸[0m check_toleranceIsExactly2PlusOneBp(uint256,uint256): [0:00:14] solving 
queries: 1 / 2[2K[1A[2K[32m⠼[0m check_toleranceIsExactly2PlusOneBp(uint256,uint256): [0:00:14] solving 
queries: 1 / 2[2K[1A[2K[32m⠴[0m check_toleranceIsExactly2PlusOneBp(uint256,uint256): [0:00:14] solving 
queries: 1 / 2[2K[1A[2K[32m⠦[0m check_toleranceIsExactly2PlusOneBp(uint256,uint256): [0:00:15] solving 
queries: 1 / 2[2K[1A[2K[32m⠧[0m check_toleranceIsExactly2PlusOneBp(uint256,uint256): [0:00:15] solving 
queries: 1 / 2[2K[1A[2K[32m⠇[0m check_toleranceIsExactly2PlusOneBp(uint256,uint256): [0:00:15] solving 
queries: 1 / 2[2K[1A[2K[32m⠏[0m check_toleranceIsExactly2PlusOneBp(uint256,uint256): [0:00:15] solving 
queries: 1 / 2[2K[1A[2K[32m⠋[0m check_toleranceIsExactly2PlusOneBp(uint256,uint256): [0:00:15] solving 
queries: 1 / 2[2K[1A[2K[32m⠙[0m check_toleranceIsExactly2PlusOneBp(uint256,uint256): [0:00:15] solving 
queries: 1 / 2[2K[1A[2K[32m⠹[0m check_toleranceIsExactly2PlusOneBp(uint256,uint256): [0:00:15] solving 
queries: 1 / 2[2K[1A[2K[32m⠸[0m check_toleranceIsExactly2PlusOneBp(uint256,uint256): [0:00:15] solving 
queries: 1 / 2[2K[1A[2K[32m⠼[0m check_toleranceIsExactly2PlusOneBp(uint256,uint256): [0:00:15] solving 
queries: 1 / 2[2K[1A[2K[32m⠴[0m check_toleranceIsExactly2PlusOneBp(uint256,uint256): [0:00:15] solving 
queries: 1 / 2[2K[1A[2K[32m⠦[0m check_toleranceIsExactly2PlusOneBp(uint256,uint256): [0:00:15] solving 
queries: 1 / 2[2K[1A[2K[32m⠧[0m check_toleranceIsExactly2PlusOneBp(uint256,uint256): [0:00:15] solving 
queries: 1 / 2[2K[1A[2K[32m⠇[0m check_toleranceIsExactly2PlusOneBp(uint256,uint256): [0:00:15] solving 
queries: 1 / 2[2K[1A[2K[32m⠏[0m check_toleranceIsExactly2PlusOneBp(uint256,uint256): [0:00:16] solving 
queries: 1 / 2[2K[1A[2K[32m⠋[0m check_toleranceIsExactly2PlusOneBp(uint256,uint256): [0:00:16] solving 
queries: 1 / 2[2K[1A[2K[32m⠙[0m check_toleranceIsExactly2PlusOneBp(uint256,uint256): [0:00:16] solving 
queries: 1 / 2[2K[1A[2K[32m⠹[0m check_toleranceIsExactly2PlusOneBp(uint256,uint256): [0:00:16] solving 
queries: 1 / 2[2K[1A[2K[32m⠸[0m check_toleranceIsExactly2PlusOneBp(uint256,uint256): [0:00:16] solving 
queries: 1 / 2[2K[1A[2K[32m⠼[0m check_toleranceIsExactly2PlusOneBp(uint256,uint256): [0:00:16] solving 
queries: 1 / 2[2K[1A[2K[32m⠴[0m check_toleranceIsExactly2PlusOneBp(uint256,uint256): [0:00:16] solving 
queries: 1 / 2[2K[1A[2K[32m⠦[0m check_toleranceIsExactly2PlusOneBp(uint256,uint256): [0:00:16] solving 
queries: 1 / 2[2K[1A[2K[32m⠧[0m check_toleranceIsExactly2PlusOneBp(uint256,uint256): [0:00:16] solving 
queries: 1 / 2[2K[1A[2K[32m⠇[0m check_toleranceIsExactly2PlusOneBp(uint256,uint256): [0:00:16] solving 
queries: 1 / 2[2K[1A[2K[32m⠏[0m check_toleranceIsExactly2PlusOneBp(uint256,uint256): [0:00:16] solving 
queries: 1 / 2[2K[1A[2K[32m⠋[0m check_toleranceIsExactly2PlusOneBp(uint256,uint256): [0:00:16] solving 
queries: 1 / 2[2K[1A[2K[32m⠙[0m check_toleranceIsExactly2PlusOneBp(uint256,uint256): [0:00:17] solving 
queries: 1 / 2[2K[1A[2K[32m⠹[0m check_toleranceIsExactly2PlusOneBp(uint256,uint256): [0:00:17] solving 
queries: 1 / 2[2K[1A[2K[32m⠸[0m check_toleranceIsExactly2PlusOneBp(uint256,uint256): [0:00:17] solving 
queries: 1 / 2[2K[1A[2K[32m⠼[0m check_toleranceIsExactly2PlusOneBp(uint256,uint256): [0:00:17] solving 
queries: 1 / 2[2K[1A[2K[32m⠴[0m check_toleranceIsExactly2PlusOneBp(uint256,uint256): [0:00:17] solving 
queries: 1 / 2[2K[1A[2K[32m⠦[0m check_toleranceIsExactly2PlusOneBp(uint256,uint256): [0:00:17] solving 
queries: 1 / 2[2K[1A[2K[32m⠧[0m check_toleranceIsExactly2PlusOneBp(uint256,uint256): [0:00:17] solving 
queries: 1 / 2[2K[1A[2K[32m⠇[0m check_toleranceIsExactly2PlusOneBp(uint256,uint256): [0:00:17] solving 
queries: 1 / 2[2K[1A[2K[32m⠏[0m check_toleranceIsExactly2PlusOneBp(uint256,uint256): [0:00:17] solving 
queries: 1 / 2[2K[1A[2K[32m⠋[0m check_toleranceIsExactly2PlusOneBp(uint256,uint256): [0:00:17] solving 
queries: 1 / 2[2K[1A[2K[32m⠙[0m check_toleranceIsExactly2PlusOneBp(uint256,uint256): [0:00:17] solving 
queries: 1 / 2[2K[1A[2K[32m⠹[0m check_toleranceIsExactly2PlusOneBp(uint256,uint256): [0:00:17] solving 
queries: 1 / 2[2K[1A[2K[32m⠸[0m check_toleranceIsExactly2PlusOneBp(uint256,uint256): [0:00:17] solving 
queries: 1 / 2[2K[1A[2K[32m⠼[0m check_toleranceIsExactly2PlusOneBp(uint256,uint256): [0:00:18] solving 
queries: 1 / 2[2K[1A[2K[32m⠴[0m check_toleranceIsExactly2PlusOneBp(uint256,uint256): [0:00:18] solving 
queries: 1 / 2[2K[1A[2K[32m⠦[0m check_toleranceIsExactly2PlusOneBp(uint256,uint256): [0:00:18] solving 
queries: 1 / 2[2K[1A[2K[32m⠧[0m check_toleranceIsExactly2PlusOneBp(uint256,uint256): [0:00:18] solving 
queries: 1 / 2[2K[1A[2K[32m⠇[0m check_toleranceIsExactly2PlusOneBp(uint256,uint256): [0:00:18] solving 
queries: 1 / 2[2K[1A[2K[32m⠏[0m check_toleranceIsExactly2PlusOneBp(uint256,uint256): [0:00:18] solving 
queries: 1 / 2[2K[1A[2K[32m⠋[0m check_toleranceIsExactly2PlusOneBp(uint256,uint256): [0:00:18] solving 
queries: 1 / 2[2K[1A[2K[32m⠙[0m check_toleranceIsExactly2PlusOneBp(uint256,uint256): [0:00:18] solving 
queries: 1 / 2[2K[1A[2K[32m⠹[0m check_toleranceIsExactly2PlusOneBp(uint256,uint256): [0:00:18] solving 
queries: 1 / 2[2K[1A[2K[32m⠸[0m check_toleranceIsExactly2PlusOneBp(uint256,uint256): [0:00:18] solving 
queries: 1 / 2[2K[1A[2K[32m⠼[0m check_toleranceIsExactly2PlusOneBp(uint256,uint256): [0:00:18] solving 
queries: 1 / 2[2K[1A[2K[32m⠴[0m check_toleranceIsExactly2PlusOneBp(uint256,uint256): [0:00:18] solving 
queries: 1 / 2[2K[1A[2K[32m⠦[0m check_toleranceIsExactly2PlusOneBp(uint256,uint256): [0:00:19] solving 
queries: 1 / 2[2K[1A[2K[32m⠧[0m check_toleranceIsExactly2PlusOneBp(uint256,uint256): [0:00:19] solving 
queries: 1 / 2[2K[1A[2K[32m⠇[0m check_toleranceIsExactly2PlusOneBp(uint256,uint256): [0:00:19] solving 
queries: 1 / 2[2K[1A[2K[32m⠏[0m check_toleranceIsExactly2PlusOneBp(uint256,uint256): [0:00:19] solving 
queries: 1 / 2[2K[1A[2K[32m⠋[0m check_toleranceIsExactly2PlusOneBp(uint256,uint256): [0:00:19] solving 
queries: 1 / 2[2K[1A[2K[32m⠙[0m check_toleranceIsExactly2PlusOneBp(uint256,uint256): [0:00:19] solving 
queries: 1 / 2[2K[1A[2K[32m⠹[0m check_toleranceIsExactly2PlusOneBp(uint256,uint256): [0:00:19] solving 
queries: 1 / 2[2K[1A[2K[32m⠸[0m check_toleranceIsExactly2PlusOneBp(uint256,uint256): [0:00:19] solving 
queries: 1 / 2[2K[1A[2K[32m⠼[0m check_toleranceIsExactly2PlusOneBp(uint256,uint256): [0:00:19] solving 
queries: 1 / 2[2K[1A[2K[32m⠴[0m check_toleranceIsExactly2PlusOneBp(uint256,uint256): [0:00:19] solving 
queries: 1 / 2[2K[1A[2K[32m⠦[0m check_toleranceIsExactly2PlusOneBp(uint256,uint256): [0:00:19] solving 
queries: 1 / 2[2K[1A[2K[32m⠧[0m check_toleranceIsExactly2PlusOneBp(uint256,uint256): [0:00:19] solving 
queries: 1 / 2[2K[1A[2K[32m⠇[0m check_toleranceIsExactly2PlusOneBp(uint256,uint256): [0:00:19] solving 
queries: 1 / 2[2K[1A[2K[32m⠏[0m check_toleranceIsExactly2PlusOneBp(uint256,uint256): [0:00:20] solving 
queries: 1 / 2[2K[1A[2K[32m⠋[0m check_toleranceIsExactly2PlusOneBp(uint256,uint256): [0:00:20] solving 
queries: 1 / 2[2K[1A[2K[32m⠙[0m check_toleranceIsExactly2PlusOneBp(uint256,uint256): [0:00:20] solving 
queries: 1 / 2[2K[1A[2K[32m⠹[0m check_toleranceIsExactly2PlusOneBp(uint256,uint256): [0:00:20] solving 
queries: 1 / 2[2K[1A[2K[32m⠸[0m check_toleranceIsExactly2PlusOneBp(uint256,uint256): [0:00:20] solving 
queries: 1 / 2[2K[1A[2K[32m⠼[0m check_toleranceIsExactly2PlusOneBp(uint256,uint256): [0:00:20] solving 
queries: 1 / 2[2K[1A[2K[32m⠴[0m check_toleranceIsExactly2PlusOneBp(uint256,uint256): [0:00:20] solving 
queries: 1 / 2[2K[1A[2K[32m⠦[0m check_toleranceIsExactly2PlusOneBp(uint256,uint256): [0:00:20] solving 
queries: 1 / 2[2K[1A[2K[32m⠧[0m check_toleranceIsExactly2PlusOneBp(uint256,uint256): [0:00:20] solving 
queries: 1 / 2[2K[1A[2K[32m⠇[0m check_toleranceIsExactly2PlusOneBp(uint256,uint256): [0:00:20] solving 
queries: 1 / 2[2K[1A[2K[32m⠏[0m check_toleranceIsExactly2PlusOneBp(uint256,uint256): [0:00:20] solving 
queries: 1 / 2[2K[1A[2K[32m⠋[0m check_toleranceIsExactly2PlusOneBp(uint256,uint256): [0:00:20] solving 
queries: 1 / 2[2K[1A[2K[32m⠙[0m check_toleranceIsExactly2PlusOneBp(uint256,uint256): [0:00:21] solving 
queries: 1 / 2[2K[1A[2K[32m⠹[0m check_toleranceIsExactly2PlusOneBp(uint256,uint256): [0:00:21] solving 
queries: 1 / 2[2K[1A[2K[32m⠸[0m check_toleranceIsExactly2PlusOneBp(uint256,uint256): [0:00:21] solving 
queries: 1 / 2[2K[1A[2K[32m⠼[0m check_toleranceIsExactly2PlusOneBp(uint256,uint256): [0:00:21] solving 
queries: 1 / 2[2K[1A[2K[32m⠴[0m check_toleranceIsExactly2PlusOneBp(uint256,uint256): [0:00:21] solving 
queries: 1 / 2[2K[1A[2K[32m⠦[0m check_toleranceIsExactly2PlusOneBp(uint256,uint256): [0:00:21] solving 
queries: 1 / 2[2K[1A[2K[32m⠧[0m check_toleranceIsExactly2PlusOneBp(uint256,uint256): [0:00:21] solving 
queries: 1 / 2[2K[1A[2K[32m⠇[0m check_toleranceIsExactly2PlusOneBp(uint256,uint256): [0:00:21] solving 
queries: 1 / 2[2K[1A[2K[32m⠏[0m check_toleranceIsExactly2PlusOneBp(uint256,uint256): [0:00:21] solving 
queries: 1 / 2[2K[1A[2K[32m⠋[0m check_toleranceIsExactly2PlusOneBp(uint256,uint256): [0:00:21] solving 
queries: 1 / 2[2K[1A[2K[32m⠙[0m check_toleranceIsExactly2PlusOneBp(uint256,uint256): [0:00:21] solving 
queries: 1 / 2[2K[1A[2K[32m⠹[0m check_toleranceIsExactly2PlusOneBp(uint256,uint256): [0:00:21] solving 
queries: 1 / 2[2K[1A[2K[32m⠸[0m check_toleranceIsExactly2PlusOneBp(uint256,uint256): [0:00:22] solving 
queries: 1 / 2[2K[1A[2K[32m⠼[0m check_toleranceIsExactly2PlusOneBp(uint256,uint256): [0:00:22] solving 
queries: 1 / 2[2K[1A[2K[32m⠴[0m check_toleranceIsExactly2PlusOneBp(uint256,uint256): [0:00:22] solving 
queries: 1 / 2[2K[1A[2K[32m⠦[0m check_toleranceIsExactly2PlusOneBp(uint256,uint256): [0:00:22] solving 
queries: 1 / 2[2K[1A[2K[32m⠧[0m check_toleranceIsExactly2PlusOneBp(uint256,uint256): [0:00:22] solving 
queries: 1 / 2[2K[1A[2K[32m⠇[0m check_toleranceIsExactly2PlusOneBp(uint256,uint256): [0:00:22] solving 
queries: 1 / 2[2K[1A[2K[32m⠏[0m check_toleranceIsExactly2PlusOneBp(uint256,uint256): [0:00:22] solving 
queries: 1 / 2[2K[1A[2K[32m⠋[0m check_toleranceIsExactly2PlusOneBp(uint256,uint256): [0:00:22] solving 
queries: 1 / 2[2K[1A[2K[32m⠙[0m check_toleranceIsExactly2PlusOneBp(uint256,uint256): [0:00:22] solving 
queries: 1 / 2[2K[1A[2K[32m⠹[0m check_toleranceIsExactly2PlusOneBp(uint256,uint256): [0:00:22] solving 
queries: 1 / 2[2K[1A[2K[32m⠸[0m check_toleranceIsExactly2PlusOneBp(uint256,uint256): [0:00:22] solving 
queries: 1 / 2[2K[1A[2K[32m⠼[0m check_toleranceIsExactly2PlusOneBp(uint256,uint256): [0:00:22] solving 
queries: 1 / 2[2K[1A[2K[32m⠴[0m check_toleranceIsExactly2PlusOneBp(uint256,uint256): [0:00:22] solving 
queries: 1 / 2[2K[1A[2K[32m⠦[0m check_toleranceIsExactly2PlusOneBp(uint256,uint256): [0:00:23] solving 
queries: 1 / 2[2K[1A[2K[32m⠧[0m check_toleranceIsExactly2PlusOneBp(uint256,uint256): [0:00:23] solving 
queries: 1 / 2[2K[1A[2K[32m⠇[0m check_toleranceIsExactly2PlusOneBp(uint256,uint256): [0:00:23] solving 
queries: 1 / 2[2K[1A[2K[32m⠏[0m check_toleranceIsExactly2PlusOneBp(uint256,uint256): [0:00:23] solving 
queries: 1 / 2[2K[1A[2K[32m⠋[0m check_toleranceIsExactly2PlusOneBp(uint256,uint256): [0:00:23] solving 
queries: 1 / 2[2K[1A[2K[32m⠙[0m check_toleranceIsExactly2PlusOneBp(uint256,uint256): [0:00:23] solving 
queries: 1 / 2[2K[1A[2K[32m⠹[0m check_toleranceIsExactly2PlusOneBp(uint256,uint256): [0:00:23] solving 
queries: 1 / 2[2K[1A[2K[32m⠸[0m check_toleranceIsExactly2PlusOneBp(uint256,uint256): [0:00:23] solving 
queries: 1 / 2[2K[1A[2K[32m⠼[0m check_toleranceIsExactly2PlusOneBp(uint256,uint256): [0:00:23] solving 
queries: 1 / 2[2K[1A[2K[32m⠴[0m check_toleranceIsExactly2PlusOneBp(uint256,uint256): [0:00:23] solving 
queries: 1 / 2[2K[1A[2K[32m⠦[0m check_toleranceIsExactly2PlusOneBp(uint256,uint256): [0:00:23] solving 
queries: 1 / 2[2K[1A[2K[32m⠧[0m check_toleranceIsExactly2PlusOneBp(uint256,uint256): [0:00:23] solving 
queries: 1 / 2[2K[1A[2K[32m⠇[0m check_toleranceIsExactly2PlusOneBp(uint256,uint256): [0:00:24] solving 
queries: 1 / 2[2K[1A[2K[32m⠏[0m check_toleranceIsExactly2PlusOneBp(uint256,uint256): [0:00:24] solving 
queries: 1 / 2[2K[1A[2K[32m⠋[0m check_toleranceIsExactly2PlusOneBp(uint256,uint256): [0:00:24] solving 
queries: 1 / 2[2K[1A[2K[32m⠙[0m check_toleranceIsExactly2PlusOneBp(uint256,uint256): [0:00:24] solving 
queries: 1 / 2[2K[1A[2K[32m⠹[0m check_toleranceIsExactly2PlusOneBp(uint256,uint256): [0:00:24] solving 
queries: 1 / 2[2K[1A[2K[32m⠸[0m check_toleranceIsExactly2PlusOneBp(uint256,uint256): [0:00:24] solving 
queries: 1 / 2[2K[1A[2K[32m⠼[0m check_toleranceIsExactly2PlusOneBp(uint256,uint256): [0:00:24] solving 
queries: 1 / 2[2K[1A[2K[32m⠴[0m check_toleranceIsExactly2PlusOneBp(uint256,uint256): [0:00:24] solving 
queries: 1 / 2[2K[1A[2K[32m⠦[0m check_toleranceIsExactly2PlusOneBp(uint256,uint256): [0:00:24] solving 
queries: 1 / 2[2K[1A[2K[32m⠧[0m check_toleranceIsExactly2PlusOneBp(uint256,uint256): [0:00:24] solving 
queries: 1 / 2[2K[1A[2K[32m⠇[0m check_toleranceIsExactly2PlusOneBp(uint256,uint256): [0:00:24] solving 
queries: 1 / 2[2K[1A[2K[32m⠏[0m check_toleranceIsExactly2PlusOneBp(uint256,uint256): [0:00:24] solving 
queries: 1 / 2[2K[1A[2K[32m⠋[0m check_toleranceIsExactly2PlusOneBp(uint256,uint256): [0:00:24] solving 
queries: 1 / 2[2K[1A[2K[32m⠙[0m check_toleranceIsExactly2PlusOneBp(uint256,uint256): [0:00:25] solving 
queries: 1 / 2[2K[1A[2K[32m⠹[0m check_toleranceIsExactly2PlusOneBp(uint256,uint256): [0:00:25] solving 
queries: 1 / 2[2K[1A[2K[32m⠸[0m check_toleranceIsExactly2PlusOneBp(uint256,uint256): [0:00:25] solving 
queries: 1 / 2[2K[1A[2K[32m⠼[0m check_toleranceIsExactly2PlusOneBp(uint256,uint256): [0:00:25] solving 
queries: 1 / 2[2K[1A[2K[32m⠴[0m check_toleranceIsExactly2PlusOneBp(uint256,uint256): [0:00:25] solving 
queries: 1 / 2[2K[1A[2K[32m⠦[0m check_toleranceIsExactly2PlusOneBp(uint256,uint256): [0:00:25] solving 
queries: 1 / 2[2K[1A[2K[32m⠧[0m check_toleranceIsExactly2PlusOneBp(uint256,uint256): [0:00:25] solving 
queries: 1 / 2[2K[1A[2K[32m⠇[0m check_toleranceIsExactly2PlusOneBp(uint256,uint256): [0:00:25] solving 
queries: 1 / 2[2K[1A[2K[32m⠏[0m check_toleranceIsExactly2PlusOneBp(uint256,uint256): [0:00:25] solving 
queries: 1 / 2[2K[1A[2K[32m⠋[0m check_toleranceIsExactly2PlusOneBp(uint256,uint256): [0:00:25] solving 
queries: 1 / 2[2K[1A[2K[32m⠙[0m check_toleranceIsExactly2PlusOneBp(uint256,uint256): [0:00:25] solving 
queries: 1 / 2[2K[1A[2K[32m⠹[0m check_toleranceIsExactly2PlusOneBp(uint256,uint256): [0:00:25] solving 
queries: 1 / 2[2K[1A[2K[32m⠸[0m check_toleranceIsExactly2PlusOneBp(uint256,uint256): [0:00:26] solving 
queries: 1 / 2[2K[1A[2K[32m⠼[0m check_toleranceIsExactly2PlusOneBp(uint256,uint256): [0:00:26] solving 
queries: 1 / 2[2K[1A[2K[32m⠴[0m check_toleranceIsExactly2PlusOneBp(uint256,uint256): [0:00:26] solving 
queries: 1 / 2[2K[1A[2K[32m⠦[0m check_toleranceIsExactly2PlusOneBp(uint256,uint256): [0:00:26] solving 
queries: 1 / 2[2K[1A[2K[32m⠧[0m check_toleranceIsExactly2PlusOneBp(uint256,uint256): [0:00:26] solving 
queries: 1 / 2[2K[1A[2K[32m⠇[0m check_toleranceIsExactly2PlusOneBp(uint256,uint256): [0:00:26] solving 
queries: 1 / 2[2K[1A[2K[32m⠏[0m check_toleranceIsExactly2PlusOneBp(uint256,uint256): [0:00:26] solving 
queries: 1 / 2[2K[1A[2K[32m⠋[0m check_toleranceIsExactly2PlusOneBp(uint256,uint256): [0:00:26] solving 
queries: 1 / 2[2K[1A[2K[32m⠙[0m check_toleranceIsExactly2PlusOneBp(uint256,uint256): [0:00:26] solving 
queries: 1 / 2[2K[1A[2K[32m⠹[0m check_toleranceIsExactly2PlusOneBp(uint256,uint256): [0:00:26] solving 
queries: 1 / 2[2K[1A[2K[32m⠸[0m check_toleranceIsExactly2PlusOneBp(uint256,uint256): [0:00:26] solving 
queries: 1 / 2[2K[1A[2K[32m⠼[0m check_toleranceIsExactly2PlusOneBp(uint256,uint256): [0:00:26] solving 
queries: 1 / 2[2K[1A[2K[32m⠴[0m check_toleranceIsExactly2PlusOneBp(uint256,uint256): [0:00:26] solving 
queries: 1 / 2[2K[1A[2K[32m⠦[0m check_toleranceIsExactly2PlusOneBp(uint256,uint256): [0:00:27] solving 
queries: 1 / 2[2K[1A[2K[32m⠧[0m check_toleranceIsExactly2PlusOneBp(uint256,uint256): [0:00:27] solving 
queries: 1 / 2[2K[1A[2K[32m⠇[0m check_toleranceIsExactly2PlusOneBp(uint256,uint256): [0:00:27] solving 
queries: 1 / 2[2K[1A[2K[32m⠏[0m check_toleranceIsExactly2PlusOneBp(uint256,uint256): [0:00:27] solving 
queries: 1 / 2[2K[1A[2K[32m⠋[0m check_toleranceIsExactly2PlusOneBp(uint256,uint256): [0:00:27] solving 
queries: 1 / 2[2K[1A[2K[32m⠙[0m check_toleranceIsExactly2PlusOneBp(uint256,uint256): [0:00:27] solving 
queries: 1 / 2[2K[1A[2K[32m⠹[0m check_toleranceIsExactly2PlusOneBp(uint256,uint256): [0:00:27] solving 
queries: 1 / 2[2K[1A[2K[32m⠸[0m check_toleranceIsExactly2PlusOneBp(uint256,uint256): [0:00:27] solving 
queries: 1 / 2[2K[1A[2K[32m⠼[0m check_toleranceIsExactly2PlusOneBp(uint256,uint256): [0:00:27] solving 
queries: 1 / 2[2K[1A[2K[32m⠴[0m check_toleranceIsExactly2PlusOneBp(uint256,uint256): [0:00:27] solving 
queries: 1 / 2[2K[1A[2K[32m⠦[0m check_toleranceIsExactly2PlusOneBp(uint256,uint256): [0:00:27] solving 
queries: 1 / 2[2K[1A[2K[32m⠧[0m check_toleranceIsExactly2PlusOneBp(uint256,uint256): [0:00:27] solving 
queries: 1 / 2[2K[1A[2K[32m⠇[0m check_toleranceIsExactly2PlusOneBp(uint256,uint256): [0:00:28] solving 
queries: 1 / 2[2K[1A[2K[32m⠏[0m check_toleranceIsExactly2PlusOneBp(uint256,uint256): [0:00:28] solving 
queries: 1 / 2[2K[1A[2K[32m⠋[0m check_toleranceIsExactly2PlusOneBp(uint256,uint256): [0:00:28] solving 
queries: 1 / 2[2K[1A[2K[32m⠹[0m check_toleranceIsExactly2PlusOneBp(uint256,uint256): [0:00:28] solving 
queries: 1 / 2[2K[1A[2K[32m⠸[0m check_toleranceIsExactly2PlusOneBp(uint256,uint256): [0:00:28] solving 
queries: 1 / 2[2K[1A[2K[32m⠼[0m check_toleranceIsExactly2PlusOneBp(uint256,uint256): [0:00:28] solving 
queries: 1 / 2[2K[1A[2K[32m⠴[0m check_toleranceIsExactly2PlusOneBp(uint256,uint256): [0:00:28] solving 
queries: 1 / 2[2K[1A[2K[32m⠦[0m check_toleranceIsExactly2PlusOneBp(uint256,uint256): [0:00:28] solving 
queries: 1 / 2[2K[1A[2K[32m⠧[0m check_toleranceIsExactly2PlusOneBp(uint256,uint256): [0:00:28] solving 
queries: 1 / 2[2K[1A[2K[32m⠇[0m check_toleranceIsExactly2PlusOneBp(uint256,uint256): [0:00:28] solving 
queries: 1 / 2[2K[1A[2K[32m⠏[0m check_toleranceIsExactly2PlusOneBp(uint256,uint256): [0:00:28] solving 
queries: 1 / 2[2K[1A[2K[32m⠋[0m check_toleranceIsExactly2PlusOneBp(uint256,uint256): [0:00:28] solving 
queries: 1 / 2[2K[1A[2K[32m⠙[0m check_toleranceIsExactly2PlusOneBp(uint256,uint256): [0:00:28] solving 
queries: 1 / 2[2K[1A[2K[32m⠹[0m check_toleranceIsExactly2PlusOneBp(uint256,uint256): [0:00:29] solving 
queries: 1 / 2[2K[1A[2K[32m⠸[0m check_toleranceIsExactly2PlusOneBp(uint256,uint256): [0:00:29] solving 
queries: 1 / 2[2K[1A[2K[32m⠼[0m check_toleranceIsExactly2PlusOneBp(uint256,uint256): [0:00:29] solving 
queries: 1 / 2[2K[1A[2K[32m⠴[0m check_toleranceIsExactly2PlusOneBp(uint256,uint256): [0:00:29] solving 
queries: 1 / 2[2K[1A[2K[32m⠦[0m check_toleranceIsExactly2PlusOneBp(uint256,uint256): [0:00:29] solving 
queries: 1 / 2[2K[1A[2K[32m⠧[0m check_toleranceIsExactly2PlusOneBp(uint256,uint256): [0:00:29] solving 
queries: 1 / 2[2K[1A[2K[32m⠇[0m check_toleranceIsExactly2PlusOneBp(uint256,uint256): [0:00:29] solving 
queries: 1 / 2[2K[1A[2K[32m⠏[0m check_toleranceIsExactly2PlusOneBp(uint256,uint256): [0:00:29] solving 
queries: 1 / 2[2K[1A[2K[32m⠋[0m check_toleranceIsExactly2PlusOneBp(uint256,uint256): [0:00:29] solving 
queries: 1 / 2[2K[1A[2K[32m⠙[0m check_toleranceIsExactly2PlusOneBp(uint256,uint256): [0:00:29] solving 
queries: 1 / 2[2K[1A[2K[32m⠹[0m check_toleranceIsExactly2PlusOneBp(uint256,uint256): [0:00:29] solving 
queries: 1 / 2[2K[1A[2K[32m⠸[0m check_toleranceIsExactly2PlusOneBp(uint256,uint256): [0:00:29] solving 
queries: 1 / 2[2K[1A[2K[32m⠼[0m check_toleranceIsExactly2PlusOneBp(uint256,uint256): [0:00:30] solving 
queries: 1 / 2[2K[1A[2K[32m⠴[0m check_toleranceIsExactly2PlusOneBp(uint256,uint256): [0:00:30] solving 
queries: 1 / 2[2K[1A[2K[32m⠦[0m check_toleranceIsExactly2PlusOneBp(uint256,uint256): [0:00:30] solving 
queries: 1 / 2[2K[1A[2K[32m⠧[0m check_toleranceIsExactly2PlusOneBp(uint256,uint256): [0:00:30] solving 
queries: 1 / 2[2K[1A[2K[32m⠇[0m check_toleranceIsExactly2PlusOneBp(uint256,uint256): [0:00:30] solving 
queries: 1 / 2[2K[1A[2K[32m⠏[0m check_toleranceIsExactly2PlusOneBp(uint256,uint256): [0:00:30] solving 
queries: 1 / 2[2K[1A[2K[32m⠋[0m check_toleranceIsExactly2PlusOneBp(uint256,uint256): [0:00:30] solving 
queries: 1 / 2[2K[1A[2K[32m⠙[0m check_toleranceIsExactly2PlusOneBp(uint256,uint256): [0:00:30] solving 
queries: 1 / 2[2K[1A[2K[32m⠹[0m check_toleranceIsExactly2PlusOneBp(uint256,uint256): [0:00:30] solving 
queries: 1 / 2[2K[1A[2K[32m⠸[0m check_toleranceIsExactly2PlusOneBp(uint256,uint256): [0:00:30] solving 
queries: 1 / 2[2K[1A[2K[32m⠼[0m check_toleranceIsExactly2PlusOneBp(uint256,uint256): [0:00:30] solving 
queries: 1 / 2[2K[1A[2K[32m⠴[0m check_toleranceIsExactly2PlusOneBp(uint256,uint256): [0:00:31] solving 
queries: 1 / 2[2K[1A[2K[32m⠦[0m check_toleranceIsExactly2PlusOneBp(uint256,uint256): [0:00:31] solving 
queries: 1 / 2[2K[1A[2K[32m⠧[0m check_toleranceIsExactly2PlusOneBp(uint256,uint256): [0:00:31] solving 
queries: 1 / 2[2K[1A[2K[32m⠇[0m check_toleranceIsExactly2PlusOneBp(uint256,uint256): [0:00:31] solving 
queries: 1 / 2[2K[1A[2K[32m⠏[0m check_toleranceIsExactly2PlusOneBp(uint256,uint256): [0:00:31] solving 
queries: 1 / 2[2K[1A[2K[32m⠋[0m check_toleranceIsExactly2PlusOneBp(uint256,uint256): [0:00:31] solving 
queries: 1 / 2[2K[1A[2K[32m⠙[0m check_toleranceIsExactly2PlusOneBp(uint256,uint256): [0:00:31] solving 
queries: 1 / 2[2K[1A[2K[32m⠹[0m check_toleranceIsExactly2PlusOneBp(uint256,uint256): [0:00:31] solving 
queries: 1 / 2[2K[1A[2K[32m⠸[0m check_toleranceIsExactly2PlusOneBp(uint256,uint256): [0:00:31] solving 
queries: 1 / 2[2K[1A[2K[32m⠼[0m check_toleranceIsExactly2PlusOneBp(uint256,uint256): [0:00:31] solving 
queries: 1 / 2[2K[1A[2K[32m⠴[0m check_toleranceIsExactly2PlusOneBp(uint256,uint256): [0:00:31] solving 
queries: 1 / 2[2K[1A[2K[32m⠦[0m check_toleranceIsExactly2PlusOneBp(uint256,uint256): [0:00:31] solving 
queries: 1 / 2[2K[1A[2K[32m⠧[0m check_toleranceIsExactly2PlusOneBp(uint256,uint256): [0:00:31] solving 
queries: 1 / 2[2K[1A[2K[32m⠇[0m check_toleranceIsExactly2PlusOneBp(uint256,uint256): [0:00:32] solving 
queries: 1 / 2[2K[1A[2K[32m⠏[0m check_toleranceIsExactly2PlusOneBp(uint256,uint256): [0:00:32] solving 
queries: 1 / 2[2K[1A[2K[32m⠋[0m check_toleranceIsExactly2PlusOneBp(uint256,uint256): [0:00:32] solving 
queries: 1 / 2[2K[1A[2K[32m⠙[0m check_toleranceIsExactly2PlusOneBp(uint256,uint256): [0:00:32] solving 
queries: 1 / 2[2K[1A[2K[32m⠹[0m check_toleranceIsExactly2PlusOneBp(uint256,uint256): [0:00:32] solving 
queries: 1 / 2[2K[1A[2K[32m⠸[0m check_toleranceIsExactly2PlusOneBp(uint256,uint256): [0:00:32] solving 
queries: 1 / 2[2K[1A[2K[32m⠼[0m check_toleranceIsExactly2PlusOneBp(uint256,uint256): [0:00:32] solving 
queries: 1 / 2[2K[1A[2K[32m⠴[0m check_toleranceIsExactly2PlusOneBp(uint256,uint256): [0:00:32] solving 
queries: 1 / 2[2K[1A[2K[32m⠦[0m check_toleranceIsExactly2PlusOneBp(uint256,uint256): [0:00:32] solving 
queries: 1 / 2[2K[1A[2K[32m⠧[0m check_toleranceIsExactly2PlusOneBp(uint256,uint256): [0:00:32] solving 
queries: 1 / 2[2K[1A[2K[32m⠇[0m check_toleranceIsExactly2PlusOneBp(uint256,uint256): [0:00:32] solving 
queries: 1 / 2[2K[1A[2K[32m⠏[0m check_toleranceIsExactly2PlusOneBp(uint256,uint256): [0:00:32] solving 
queries: 1 / 2[2K[1A[2K[32m⠋[0m check_toleranceIsExactly2PlusOneBp(uint256,uint256): [0:00:33] solving 
queries: 1 / 2[2K[1A[2K[32m⠙[0m check_toleranceIsExactly2PlusOneBp(uint256,uint256): [0:00:33] solving 
queries: 1 / 2[2K[1A[2K[32m⠹[0m check_toleranceIsExactly2PlusOneBp(uint256,uint256): [0:00:33] solving 
queries: 1 / 2[2K[1A[2K[32m⠸[0m check_toleranceIsExactly2PlusOneBp(uint256,uint256): [0:00:33] solving 
queries: 1 / 2[2K[1A[2K[32m⠼[0m check_toleranceIsExactly2PlusOneBp(uint256,uint256): [0:00:33] solving 
queries: 1 / 2[2K[1A[2K[32m⠴[0m check_toleranceIsExactly2PlusOneBp(uint256,uint256): [0:00:33] solving 
queries: 1 / 2[2K[1A[2K[32m⠦[0m check_toleranceIsExactly2PlusOneBp(uint256,uint256): [0:00:33] solving 
queries: 1 / 2[2K[1A[2K[32m⠧[0m check_toleranceIsExactly2PlusOneBp(uint256,uint256): [0:00:33] solving 
queries: 1 / 2[2K[1A[2K[32m⠇[0m check_toleranceIsExactly2PlusOneBp(uint256,uint256): [0:00:33] solving 
queries: 1 / 2[2K[1A[2K[32m⠏[0m check_toleranceIsExactly2PlusOneBp(uint256,uint256): [0:00:33] solving 
queries: 1 / 2[2K[1A[2K[32m⠋[0m check_toleranceIsExactly2PlusOneBp(uint256,uint256): [0:00:33] solving 
queries: 1 / 2[2K[1A[2K[32m⠙[0m check_toleranceIsExactly2PlusOneBp(uint256,uint256): [0:00:33] solving 
queries: 1 / 2[2K[1A[2K[32m⠹[0m check_toleranceIsExactly2PlusOneBp(uint256,uint256): [0:00:33] solving 
queries: 1 / 2[2K[1A[2K[32m⠸[0m check_toleranceIsExactly2PlusOneBp(uint256,uint256): [0:00:34] solving 
queries: 1 / 2[2K[1A[2K[32m⠼[0m check_toleranceIsExactly2PlusOneBp(uint256,uint256): [0:00:34] solving 
queries: 1 / 2[2K[1A[2K[32m⠴[0m check_toleranceIsExactly2PlusOneBp(uint256,uint256): [0:00:34] solving 
queries: 1 / 2[2K[1A[2K[32m⠦[0m check_toleranceIsExactly2PlusOneBp(uint256,uint256): [0:00:34] solving 
queries: 1 / 2[2K[1A[2K[32m⠧[0m check_toleranceIsExactly2PlusOneBp(uint256,uint256): [0:00:34] solving 
queries: 1 / 2[2K[1A[2K[32m⠇[0m check_toleranceIsExactly2PlusOneBp(uint256,uint256): [0:00:34] solving 
queries: 1 / 2[2K[1A[2K[32m⠏[0m check_toleranceIsExactly2PlusOneBp(uint256,uint256): [0:00:34] solving 
queries: 1 / 2[2K[1A[2K[32m⠋[0m check_toleranceIsExactly2PlusOneBp(uint256,uint256): [0:00:34] solving 
queries: 1 / 2[2K[1A[2K[32m⠙[0m check_toleranceIsExactly2PlusOneBp(uint256,uint256): [0:00:34] solving 
queries: 1 / 2[2K[1A[2K[32m⠹[0m check_toleranceIsExactly2PlusOneBp(uint256,uint256): [0:00:34] solving 
queries: 1 / 2[2K[1A[2K[32m⠸[0m check_toleranceIsExactly2PlusOneBp(uint256,uint256): [0:00:34] solving 
queries: 1 / 2[2K[1A[2K[32m⠼[0m check_toleranceIsExactly2PlusOneBp(uint256,uint256): [0:00:34] solving 
queries: 1 / 2[2K[1A[2K[32m⠴[0m check_toleranceIsExactly2PlusOneBp(uint256,uint256): [0:00:35] solving 
queries: 1 / 2[2K[1A[2K[32m⠦[0m check_toleranceIsExactly2PlusOneBp(uint256,uint256): [0:00:35] solving 
queries: 1 / 2[2K[1A[2K[32m⠧[0m check_toleranceIsExactly2PlusOneBp(uint256,uint256): [0:00:35] solving 
queries: 1 / 2[2K[1A[2K[32m⠇[0m check_toleranceIsExactly2PlusOneBp(uint256,uint256): [0:00:35] solving 
queries: 1 / 2[2K[1A[2K[32m⠏[0m check_toleranceIsExactly2PlusOneBp(uint256,uint256): [0:00:35] solving 
queries: 1 / 2[2K[1A[2K[32m⠋[0m check_toleranceIsExactly2PlusOneBp(uint256,uint256): [0:00:35] solving 
queries: 1 / 2[2K[1A[2K[32m⠙[0m check_toleranceIsExactly2PlusOneBp(uint256,uint256): [0:00:35] solving 
queries: 1 / 2[2K[1A[2K[32m⠹[0m check_toleranceIsExactly2PlusOneBp(uint256,uint256): [0:00:35] solving 
queries: 1 / 2[2K[1A[2K[32m⠸[0m check_toleranceIsExactly2PlusOneBp(uint256,uint256): [0:00:35] solving 
queries: 1 / 2[2K[1A[2K[32m⠼[0m check_toleranceIsExactly2PlusOneBp(uint256,uint256): [0:00:35] solving 
queries: 1 / 2[2K[1A[2K[32m⠴[0m check_toleranceIsExactly2PlusOneBp(uint256,uint256): [0:00:35] solving 
queries: 1 / 2[2K[1A[2K[32m⠦[0m check_toleranceIsExactly2PlusOneBp(uint256,uint256): [0:00:35] solving 
queries: 1 / 2[2K[1A[2K[32m⠧[0m check_toleranceIsExactly2PlusOneBp(uint256,uint256): [0:00:35] solving 
queries: 1 / 2[2K[1A[2K[32m⠇[0m check_toleranceIsExactly2PlusOneBp(uint256,uint256): [0:00:36] solving 
queries: 1 / 2[2K[1A[2K[32m⠏[0m check_toleranceIsExactly2PlusOneBp(uint256,uint256): [0:00:36] solving 
queries: 1 / 2[2K[1A[2K[32m⠋[0m check_toleranceIsExactly2PlusOneBp(uint256,uint256): [0:00:36] solving 
queries: 1 / 2[2K[1A[2K[32m⠙[0m check_toleranceIsExactly2PlusOneBp(uint256,uint256): [0:00:36] solving 
queries: 1 / 2[2K[1A[2K[32m⠹[0m check_toleranceIsExactly2PlusOneBp(uint256,uint256): [0:00:36] solving 
queries: 1 / 2[2K[1A[2K[32m⠸[0m check_toleranceIsExactly2PlusOneBp(uint256,uint256): [0:00:36] solving 
queries: 1 / 2[2K[1A[2K[32m⠼[0m check_toleranceIsExactly2PlusOneBp(uint256,uint256): [0:00:36] solving 
queries: 1 / 2[2K[1A[2K[32m⠴[0m check_toleranceIsExactly2PlusOneBp(uint256,uint256): [0:00:36] solving 
queries: 1 / 2[2K[1A[2K[32m⠦[0m check_toleranceIsExactly2PlusOneBp(uint256,uint256): [0:00:36] solving 
queries: 1 / 2[2K[1A[2K[32m⠧[0m check_toleranceIsExactly2PlusOneBp(uint256,uint256): [0:00:36] solving 
queries: 1 / 2[2K[1A[2K[32m⠇[0m check_toleranceIsExactly2PlusOneBp(uint256,uint256): [0:00:36] solving 
queries: 1 / 2[2K[1A[2K[32m⠏[0m check_toleranceIsExactly2PlusOneBp(uint256,uint256): [0:00:36] solving 
queries: 1 / 2[2K[1A[2K[32m⠋[0m check_toleranceIsExactly2PlusOneBp(uint256,uint256): [0:00:37] solving 
queries: 1 / 2[2K[1A[2K[32m⠙[0m check_toleranceIsExactly2PlusOneBp(uint256,uint256): [0:00:37] solving 
queries: 1 / 2[2K[1A[2K[32m⠹[0m check_toleranceIsExactly2PlusOneBp(uint256,uint256): [0:00:37] solving 
queries: 1 / 2[2K[1A[2K[32m⠸[0m check_toleranceIsExactly2PlusOneBp(uint256,uint256): [0:00:37] solving 
queries: 1 / 2[2K[1A[2K[32m⠼[0m check_toleranceIsExactly2PlusOneBp(uint256,uint256): [0:00:37] solving 
queries: 1 / 2[2K[1A[2K[32m⠴[0m check_toleranceIsExactly2PlusOneBp(uint256,uint256): [0:00:37] solving 
queries: 1 / 2[2K[1A[2K[32m⠦[0m check_toleranceIsExactly2PlusOneBp(uint256,uint256): [0:00:37] solving 
queries: 1 / 2[2K[1A[2K[32m⠧[0m check_toleranceIsExactly2PlusOneBp(uint256,uint256): [0:00:37] solving 
queries: 1 / 2[2K[1A[2K[32m⠇[0m check_toleranceIsExactly2PlusOneBp(uint256,uint256): [0:00:37] solving 
queries: 1 / 2[2K[1A[2K[32m⠏[0m check_toleranceIsExactly2PlusOneBp(uint256,uint256): [0:00:37] solving 
queries: 1 / 2[2K[1A[2K[32m⠋[0m check_toleranceIsExactly2PlusOneBp(uint256,uint256): [0:00:37] solving 
queries: 1 / 2[2K[1A[2K[32m⠙[0m check_toleranceIsExactly2PlusOneBp(uint256,uint256): [0:00:37] solving 
queries: 1 / 2[2K[1A[2K[32m⠹[0m check_toleranceIsExactly2PlusOneBp(uint256,uint256): [0:00:38] solving 
queries: 1 / 2[2K[1A[2K[32m⠸[0m check_toleranceIsExactly2PlusOneBp(uint256,uint256): [0:00:38] solving 
queries: 1 / 2[2K[1A[2K[32m⠼[0m check_toleranceIsExactly2PlusOneBp(uint256,uint256): [0:00:38] solving 
queries: 1 / 2[2K[1A[2K[32m⠴[0m check_toleranceIsExactly2PlusOneBp(uint256,uint256): [0:00:38] solving 
queries: 1 / 2[2K[1A[2K[32m⠦[0m check_toleranceIsExactly2PlusOneBp(uint256,uint256): [0:00:38] solving 
queries: 1 / 2[2K[1A[2K[32m⠧[0m check_toleranceIsExactly2PlusOneBp(uint256,uint256): [0:00:38] solving 
queries: 1 / 2[2K[1A[2K[32m⠇[0m check_toleranceIsExactly2PlusOneBp(uint256,uint256): [0:00:38] solving 
queries: 1 / 2[2K[1A[2K[32m⠏[0m check_toleranceIsExactly2PlusOneBp(uint256,uint256): [0:00:38] solving 
queries: 1 / 2[2K[1A[2K[32m⠋[0m check_toleranceIsExactly2PlusOneBp(uint256,uint256): [0:00:38] solving 
queries: 1 / 2[2K[1A[2K[32m⠙[0m check_toleranceIsExactly2PlusOneBp(uint256,uint256): [0:00:38] solving 
queries: 1 / 2[2K[1A[2K[32m⠹[0m check_toleranceIsExactly2PlusOneBp(uint256,uint256): [0:00:38] solving 
queries: 1 / 2[2K[1A[2K[32m⠸[0m check_toleranceIsExactly2PlusOneBp(uint256,uint256): [0:00:38] solving 
queries: 1 / 2[2K[1A[2K[32m⠼[0m check_toleranceIsExactly2PlusOneBp(uint256,uint256): [0:00:38] solving 
queries: 1 / 2[2K[1A[2K[32m⠴[0m check_toleranceIsExactly2PlusOneBp(uint256,uint256): [0:00:39] solving 
queries: 1 / 2[2K[1A[2K[32m⠦[0m check_toleranceIsExactly2PlusOneBp(uint256,uint256): [0:00:39] solving 
queries: 1 / 2[2K[1A[2K[32m⠧[0m check_toleranceIsExactly2PlusOneBp(uint256,uint256): [0:00:39] solving 
queries: 1 / 2[2K[1A[2K[32m⠇[0m check_toleranceIsExactly2PlusOneBp(uint256,uint256): [0:00:39] solving 
queries: 1 / 2[2K[1A[2K[32m⠏[0m check_toleranceIsExactly2PlusOneBp(uint256,uint256): [0:00:39] solving 
queries: 1 / 2[2K[1A[2K[32m⠋[0m check_toleranceIsExactly2PlusOneBp(uint256,uint256): [0:00:39] solving 
queries: 1 / 2[2K[1A[2K[32m⠙[0m check_toleranceIsExactly2PlusOneBp(uint256,uint256): [0:00:39] solving 
queries: 1 / 2[2K[1A[2K[32m⠹[0m check_toleranceIsExactly2PlusOneBp(uint256,uint256): [0:00:39] solving 
queries: 1 / 2[2K[1A[2K[32m⠸[0m check_toleranceIsExactly2PlusOneBp(uint256,uint256): [0:00:39] solving 
queries: 1 / 2[2K[1A[2K[32m⠼[0m check_toleranceIsExactly2PlusOneBp(uint256,uint256): [0:00:39] solving 
queries: 1 / 2[2K[1A[2K[32m⠴[0m check_toleranceIsExactly2PlusOneBp(uint256,uint256): [0:00:39] solving 
queries: 1 / 2[2K[1A[2K[32m⠦[0m check_toleranceIsExactly2PlusOneBp(uint256,uint256): [0:00:39] solving 
queries: 1 / 2[2K[1A[2K[32m⠧[0m check_toleranceIsExactly2PlusOneBp(uint256,uint256): [0:00:40] solving 
queries: 1 / 2[2K[1A[2K[32m⠇[0m check_toleranceIsExactly2PlusOneBp(uint256,uint256): [0:00:40] solving 
queries: 1 / 2[2K[1A[2K[32m⠏[0m check_toleranceIsExactly2PlusOneBp(uint256,uint256): [0:00:40] solving 
queries: 1 / 2[2K[1A[2K[32m⠋[0m check_toleranceIsExactly2PlusOneBp(uint256,uint256): [0:00:40] solving 
queries: 1 / 2[2K[1A[2K[32m⠙[0m check_toleranceIsExactly2PlusOneBp(uint256,uint256): [0:00:40] solving 
queries: 1 / 2[2K[1A[2K[32m⠹[0m check_toleranceIsExactly2PlusOneBp(uint256,uint256): [0:00:40] solving 
queries: 1 / 2[2K[1A[2K[32m⠸[0m check_toleranceIsExactly2PlusOneBp(uint256,uint256): [0:00:40] solving 
queries: 1 / 2[2K[1A[2K[32m⠼[0m check_toleranceIsExactly2PlusOneBp(uint256,uint256): [0:00:40] solving 
queries: 1 / 2[2K[1A[2K[32m⠴[0m check_toleranceIsExactly2PlusOneBp(uint256,uint256): [0:00:40] solving 
queries: 1 / 2[2K[1A[2K[32m⠦[0m check_toleranceIsExactly2PlusOneBp(uint256,uint256): [0:00:40] solving 
queries: 1 / 2[2K[1A[2K[32m⠧[0m check_toleranceIsExactly2PlusOneBp(uint256,uint256): [0:00:40] solving 
queries: 1 / 2[2K[1A[2K[32m⠇[0m check_toleranceIsExactly2PlusOneBp(uint256,uint256): [0:00:40] solving 
queries: 1 / 2[2K[1A[2K[32m⠏[0m check_toleranceIsExactly2PlusOneBp(uint256,uint256): [0:00:40] solving 
queries: 1 / 2[2K[1A[2K[32m⠋[0m check_toleranceIsExactly2PlusOneBp(uint256,uint256): [0:00:41] solving 
queries: 1 / 2[2K[1A[2K[32m⠙[0m check_toleranceIsExactly2PlusOneBp(uint256,uint256): [0:00:41] solving 
queries: 1 / 2[2K[1A[2K[32m⠹[0m check_toleranceIsExactly2PlusOneBp(uint256,uint256): [0:00:41] solving 
queries: 1 / 2[2K[1A[2K[32m⠸[0m check_toleranceIsExactly2PlusOneBp(uint256,uint256): [0:00:41] solving 
queries: 1 / 2[2K[1A[2K[32m⠼[0m check_toleranceIsExactly2PlusOneBp(uint256,uint256): [0:00:41] solving 
queries: 1 / 2[2K[1A[2K[32m⠴[0m check_toleranceIsExactly2PlusOneBp(uint256,uint256): [0:00:41] solving 
queries: 1 / 2[2K[1A[2K[32m⠦[0m check_toleranceIsExactly2PlusOneBp(uint256,uint256): [0:00:41] solving 
queries: 1 / 2[2K[1A[2K[32m⠧[0m check_toleranceIsExactly2PlusOneBp(uint256,uint256): [0:00:41] solving 
queries: 1 / 2[2K[1A[2K[32m⠇[0m check_toleranceIsExactly2PlusOneBp(uint256,uint256): [0:00:41] solving 
queries: 1 / 2[2K[1A[2K[32m⠏[0m check_toleranceIsExactly2PlusOneBp(uint256,uint256): [0:00:41] solving 
queries: 1 / 2[2K[1A[2K[32m⠋[0m check_toleranceIsExactly2PlusOneBp(uint256,uint256): [0:00:41] solving 
queries: 1 / 2[2K[1A[2K[32m⠙[0m check_toleranceIsExactly2PlusOneBp(uint256,uint256): [0:00:41] solving 
queries: 1 / 2[2K[1A[2K[32m⠹[0m check_toleranceIsExactly2PlusOneBp(uint256,uint256): [0:00:42] solving 
queries: 1 / 2[2K[1A[2K[32m⠸[0m check_toleranceIsExactly2PlusOneBp(uint256,uint256): [0:00:42] solving 
queries: 1 / 2[2K[1A[2K[32m⠼[0m check_toleranceIsExactly2PlusOneBp(uint256,uint256): [0:00:42] solving 
queries: 1 / 2[2K[1A[2K[32m⠴[0m check_toleranceIsExactly2PlusOneBp(uint256,uint256): [0:00:42] solving 
queries: 1 / 2[2K[1A[2K[32m⠦[0m check_toleranceIsExactly2PlusOneBp(uint256,uint256): [0:00:42] solving 
queries: 1 / 2[2K[1A[2K[32m⠧[0m check_toleranceIsExactly2PlusOneBp(uint256,uint256): [0:00:42] solving 
queries: 1 / 2[2K[1A[2K[32m⠇[0m check_toleranceIsExactly2PlusOneBp(uint256,uint256): [0:00:42] solving 
queries: 1 / 2[2K[1A[2K[32m⠏[0m check_toleranceIsExactly2PlusOneBp(uint256,uint256): [0:00:42] solving 
queries: 1 / 2[2K[1A[2K[32m⠋[0m check_toleranceIsExactly2PlusOneBp(uint256,uint256): [0:00:42] solving 
queries: 1 / 2[2K[1A[2K[32m⠹[0m check_toleranceIsExactly2PlusOneBp(uint256,uint256): [0:00:42] solving 
queries: 1 / 2[2K[1A[2K[32m⠸[0m check_toleranceIsExactly2PlusOneBp(uint256,uint256): [0:00:42] solving 
queries: 1 / 2[2K[1A[2K[32m⠼[0m check_toleranceIsExactly2PlusOneBp(uint256,uint256): [0:00:42] solving 
queries: 1 / 2[2K[1A[2K[32m⠴[0m check_toleranceIsExactly2PlusOneBp(uint256,uint256): [0:00:42] solving 
queries: 1 / 2[2K[1A[2K[32m⠦[0m check_toleranceIsExactly2PlusOneBp(uint256,uint256): [0:00:43] solving 
queries: 1 / 2[2K[1A[2K[32m⠧[0m check_toleranceIsExactly2PlusOneBp(uint256,uint256): [0:00:43] solving 
queries: 1 / 2[2K[1A[2K[32m⠇[0m check_toleranceIsExactly2PlusOneBp(uint256,uint256): [0:00:43] solving 
queries: 1 / 2[2K[1A[2K[32m⠏[0m check_toleranceIsExactly2PlusOneBp(uint256,uint256): [0:00:43] solving 
queries: 1 / 2[2K[1A[2K[32m⠋[0m check_toleranceIsExactly2PlusOneBp(uint256,uint256): [0:00:43] solving 
queries: 1 / 2[2K[1A[2K[32m⠙[0m check_toleranceIsExactly2PlusOneBp(uint256,uint256): [0:00:43] solving 
queries: 1 / 2[2K[1A[2K[32m⠹[0m check_toleranceIsExactly2PlusOneBp(uint256,uint256): [0:00:43] solving 
queries: 1 / 2[2K[1A[2K[32m⠸[0m check_toleranceIsExactly2PlusOneBp(uint256,uint256): [0:00:43] solving 
queries: 1 / 2[2K[1A[2K[32m⠼[0m check_toleranceIsExactly2PlusOneBp(uint256,uint256): [0:00:43] solving 
queries: 1 / 2[2K[1A[2K[32m⠴[0m check_toleranceIsExactly2PlusOneBp(uint256,uint256): [0:00:43] solving 
queries: 1 / 2[2K[1A[2K[32m⠦[0m check_toleranceIsExactly2PlusOneBp(uint256,uint256): [0:00:43] solving 
queries: 1 / 2[2K[1A[2K[32m⠧[0m check_toleranceIsExactly2PlusOneBp(uint256,uint256): [0:00:43] solving 
queries: 1 / 2[2K[1A[2K[32m⠇[0m check_toleranceIsExactly2PlusOneBp(uint256,uint256): [0:00:44] solving 
queries: 1 / 2[2K[1A[2K[32m⠏[0m check_toleranceIsExactly2PlusOneBp(uint256,uint256): [0:00:44] solving 
queries: 1 / 2[2K[1A[2K[32m⠋[0m check_toleranceIsExactly2PlusOneBp(uint256,uint256): [0:00:44] solving 
queries: 1 / 2[2K[1A[2K[32m⠙[0m check_toleranceIsExactly2PlusOneBp(uint256,uint256): [0:00:44] solving 
queries: 1 / 2[2K[1A[2K[32m⠹[0m check_toleranceIsExactly2PlusOneBp(uint256,uint256): [0:00:44] solving 
queries: 1 / 2[2K[1A[2K[32m⠸[0m check_toleranceIsExactly2PlusOneBp(uint256,uint256): [0:00:44] solving 
queries: 1 / 2[2K[1A[2K[32m⠼[0m check_toleranceIsExactly2PlusOneBp(uint256,uint256): [0:00:44] solving 
queries: 1 / 2[2K[1A[2K[32m⠴[0m check_toleranceIsExactly2PlusOneBp(uint256,uint256): [0:00:44] solving 
queries: 1 / 2[2K[1A[2K[32m⠦[0m check_toleranceIsExactly2PlusOneBp(uint256,uint256): [0:00:44] solving 
queries: 1 / 2[2K[1A[2K[32m⠧[0m check_toleranceIsExactly2PlusOneBp(uint256,uint256): [0:00:44] solving 
queries: 1 / 2[2K[1A[2K[32m⠇[0m check_toleranceIsExactly2PlusOneBp(uint256,uint256): [0:00:44] solving 
queries: 1 / 2[2K[1A[2K[32m⠏[0m check_toleranceIsExactly2PlusOneBp(uint256,uint256): [0:00:44] solving 
queries: 1 / 2[2K[1A[2K[32m⠋[0m check_toleranceIsExactly2PlusOneBp(uint256,uint256): [0:00:44] solving 
queries: 1 / 2[2K[1A[2K[32m⠙[0m check_toleranceIsExactly2PlusOneBp(uint256,uint256): [0:00:45] solving 
queries: 1 / 2[2K[1A[2K[32m⠹[0m check_toleranceIsExactly2PlusOneBp(uint256,uint256): [0:00:45] solving 
queries: 1 / 2[2K[1A[2K[32m⠸[0m check_toleranceIsExactly2PlusOneBp(uint256,uint256): [0:00:45] solving 
queries: 1 / 2[2K[1A[2K[32m⠼[0m check_toleranceIsExactly2PlusOneBp(uint256,uint256): [0:00:45] solving 
queries: 1 / 2[2K[1A[2K[32m⠴[0m check_toleranceIsExactly2PlusOneBp(uint256,uint256): [0:00:45] solving 
queries: 1 / 2[2K[1A[2K[32m⠦[0m check_toleranceIsExactly2PlusOneBp(uint256,uint256): [0:00:45] solving 
queries: 1 / 2[2K[1A[2K[32m⠧[0m check_toleranceIsExactly2PlusOneBp(uint256,uint256): [0:00:45] solving 
queries: 1 / 2[2K[1A[2K[32m⠇[0m check_toleranceIsExactly2PlusOneBp(uint256,uint256): [0:00:45] solving 
queries: 1 / 2[2K[1A[2K[32m⠏[0m check_toleranceIsExactly2PlusOneBp(uint256,uint256): [0:00:45] solving 
queries: 1 / 2[2K[1A[2K[32m⠋[0m check_toleranceIsExactly2PlusOneBp(uint256,uint256): [0:00:45] solving 
queries: 1 / 2[2K[1A[2K[32m⠙[0m check_toleranceIsExactly2PlusOneBp(uint256,uint256): [0:00:45] solving 
queries: 1 / 2[2K[1A[2K[32m⠹[0m check_toleranceIsExactly2PlusOneBp(uint256,uint256): [0:00:45] solving 
queries: 1 / 2[2K[1A[2K[32m⠸[0m check_toleranceIsExactly2PlusOneBp(uint256,uint256): [0:00:46] solving 
queries: 1 / 2[2K[1A[2K[32m⠼[0m check_toleranceIsExactly2PlusOneBp(uint256,uint256): [0:00:46] solving 
queries: 1 / 2[2K[1A[2K[32m⠴[0m check_toleranceIsExactly2PlusOneBp(uint256,uint256): [0:00:46] solving 
queries: 1 / 2[2K[1A[2K[32m⠦[0m check_toleranceIsExactly2PlusOneBp(uint256,uint256): [0:00:46] solving 
queries: 1 / 2[2K[1A[2K[32m⠧[0m check_toleranceIsExactly2PlusOneBp(uint256,uint256): [0:00:46] solving 
queries: 1 / 2[2K[1A[2K[32m⠇[0m check_toleranceIsExactly2PlusOneBp(uint256,uint256): [0:00:46] solving 
queries: 1 / 2[2K[1A[2K[32m⠏[0m check_toleranceIsExactly2PlusOneBp(uint256,uint256): [0:00:46] solving 
queries: 1 / 2[2K[1A[2K[32m⠋[0m check_toleranceIsExactly2PlusOneBp(uint256,uint256): [0:00:46] solving 
queries: 1 / 2[2K[1A[2K[32m⠙[0m check_toleranceIsExactly2PlusOneBp(uint256,uint256): [0:00:46] solving 
queries: 1 / 2[2K[1A[2K[32m⠹[0m check_toleranceIsExactly2PlusOneBp(uint256,uint256): [0:00:46] solving 
queries: 1 / 2[2K[1A[2K[32m⠸[0m check_toleranceIsExactly2PlusOneBp(uint256,uint256): [0:00:46] solving 
queries: 1 / 2[2K[1A[2K[32m⠼[0m check_toleranceIsExactly2PlusOneBp(uint256,uint256): [0:00:46] solving 
queries: 1 / 2[2K[1A[2K[32m⠴[0m check_toleranceIsExactly2PlusOneBp(uint256,uint256): [0:00:46] solving 
queries: 1 / 2[2K[1A[2K[32m⠦[0m check_toleranceIsExactly2PlusOneBp(uint256,uint256): [0:00:47] solving 
queries: 1 / 2[2K[1A[2K[32m⠧[0m check_toleranceIsExactly2PlusOneBp(uint256,uint256): [0:00:47] solving 
queries: 1 / 2[2K[1A[2K[32m⠇[0m check_toleranceIsExactly2PlusOneBp(uint256,uint256): [0:00:47] solving 
queries: 1 / 2[2K[1A[2K[32m⠏[0m check_toleranceIsExactly2PlusOneBp(uint256,uint256): [0:00:47] solving 
queries: 1 / 2[2K[1A[2K[32m⠋[0m check_toleranceIsExactly2PlusOneBp(uint256,uint256): [0:00:47] solving 
queries: 1 / 2[2K[1A[2K[32m⠙[0m check_toleranceIsExactly2PlusOneBp(uint256,uint256): [0:00:47] solving 
queries: 1 / 2[2K[1A[2K[32m⠹[0m check_toleranceIsExactly2PlusOneBp(uint256,uint256): [0:00:47] solving 
queries: 1 / 2[2K[1A[2K[32m⠸[0m check_toleranceIsExactly2PlusOneBp(uint256,uint256): [0:00:47] solving 
queries: 1 / 2[2K[1A[2K[32m⠼[0m check_toleranceIsExactly2PlusOneBp(uint256,uint256): [0:00:47] solving 
queries: 1 / 2[2K[1A[2K[32m⠴[0m check_toleranceIsExactly2PlusOneBp(uint256,uint256): [0:00:47] solving 
queries: 1 / 2[2K[1A[2K[32m⠦[0m check_toleranceIsExactly2PlusOneBp(uint256,uint256): [0:00:47] solving 
queries: 1 / 2[2K[1A[2K[32m⠧[0m check_toleranceIsExactly2PlusOneBp(uint256,uint256): [0:00:47] solving 
queries: 1 / 2[2K[1A[2K[32m⠇[0m check_toleranceIsExactly2PlusOneBp(uint256,uint256): [0:00:48] solving 
queries: 1 / 2[2K[1A[2K[32m⠏[0m check_toleranceIsExactly2PlusOneBp(uint256,uint256): [0:00:48] solving 
queries: 1 / 2[2K[1A[2K[32m⠋[0m check_toleranceIsExactly2PlusOneBp(uint256,uint256): [0:00:48] solving 
queries: 1 / 2[2K[1A[2K[32m⠙[0m check_toleranceIsExactly2PlusOneBp(uint256,uint256): [0:00:48] solving 
queries: 1 / 2[2K[1A[2K[32m⠹[0m check_toleranceIsExactly2PlusOneBp(uint256,uint256): [0:00:48] solving 
queries: 1 / 2[2K[1A[2K[32m⠸[0m check_toleranceIsExactly2PlusOneBp(uint256,uint256): [0:00:48] solving 
queries: 1 / 2[2K[1A[2K[32m⠼[0m check_toleranceIsExactly2PlusOneBp(uint256,uint256): [0:00:48] solving 
queries: 1 / 2[2K[1A[2K[32m⠴[0m check_toleranceIsExactly2PlusOneBp(uint256,uint256): [0:00:48] solving 
queries: 1 / 2[2K[1A[2K[32m⠦[0m check_toleranceIsExactly2PlusOneBp(uint256,uint256): [0:00:48] solving 
queries: 1 / 2[2K[1A[2K[32m⠧[0m check_toleranceIsExactly2PlusOneBp(uint256,uint256): [0:00:48] solving 
queries: 1 / 2[2K[1A[2K[32m⠇[0m check_toleranceIsExactly2PlusOneBp(uint256,uint256): [0:00:48] solving 
queries: 1 / 2[2K[1A[2K[32m⠏[0m check_toleranceIsExactly2PlusOneBp(uint256,uint256): [0:00:48] solving 
queries: 1 / 2[2K[1A[2K[32m⠋[0m check_toleranceIsExactly2PlusOneBp(uint256,uint256): [0:00:49] solving 
queries: 1 / 2[2K[1A[2K[32m⠙[0m check_toleranceIsExactly2PlusOneBp(uint256,uint256): [0:00:49] solving 
queries: 1 / 2[2K[1A[2K[32m⠹[0m check_toleranceIsExactly2PlusOneBp(uint256,uint256): [0:00:49] solving 
queries: 1 / 2[2K[1A[2K[32m⠸[0m check_toleranceIsExactly2PlusOneBp(uint256,uint256): [0:00:49] solving 
queries: 1 / 2[2K[1A[2K[32m⠼[0m check_toleranceIsExactly2PlusOneBp(uint256,uint256): [0:00:49] solving 
queries: 1 / 2[2K[1A[2K[32m⠴[0m check_toleranceIsExactly2PlusOneBp(uint256,uint256): [0:00:49] solving 
queries: 1 / 2[2K[1A[2K[32m⠦[0m check_toleranceIsExactly2PlusOneBp(uint256,uint256): [0:00:49] solving 
queries: 1 / 2[2K[1A[2K[32m⠧[0m check_toleranceIsExactly2PlusOneBp(uint256,uint256): [0:00:49] solving 
queries: 1 / 2[2K[1A[2K[32m⠇[0m check_toleranceIsExactly2PlusOneBp(uint256,uint256): [0:00:49] solving 
queries: 1 / 2[2K[1A[2K[32m⠏[0m check_toleranceIsExactly2PlusOneBp(uint256,uint256): [0:00:49] solving 
queries: 1 / 2[2K[1A[2K[32m⠋[0m check_toleranceIsExactly2PlusOneBp(uint256,uint256): [0:00:49] solving 
queries: 1 / 2[2K[1A[2K[32m⠙[0m check_toleranceIsExactly2PlusOneBp(uint256,uint256): [0:00:49] solving 
queries: 1 / 2[2K[1A[2K[32m⠹[0m check_toleranceIsExactly2PlusOneBp(uint256,uint256): [0:00:49] solving 
queries: 1 / 2[2K[1A[2K[32m⠸[0m check_toleranceIsExactly2PlusOneBp(uint256,uint256): [0:00:50] solving 
queries: 1 / 2[2K[1A[2K[32m⠼[0m check_toleranceIsExactly2PlusOneBp(uint256,uint256): [0:00:50] solving 
queries: 1 / 2[2K[1A[2K[32m⠴[0m check_toleranceIsExactly2PlusOneBp(uint256,uint256): [0:00:50] solving 
queries: 1 / 2[2K[1A[2K[32m⠦[0m check_toleranceIsExactly2PlusOneBp(uint256,uint256): [0:00:50] solving 
queries: 1 / 2[2K[1A[2K[32m⠧[0m check_toleranceIsExactly2PlusOneBp(uint256,uint256): [0:00:50] solving 
queries: 1 / 2[2K[1A[2K[32m⠇[0m check_toleranceIsExactly2PlusOneBp(uint256,uint256): [0:00:50] solving 
queries: 1 / 2[2K[1A[2K[32m⠏[0m check_toleranceIsExactly2PlusOneBp(uint256,uint256): [0:00:50] solving 
queries: 1 / 2[2K[1A[2K[32m⠋[0m check_toleranceIsExactly2PlusOneBp(uint256,uint256): [0:00:50] solving 
queries: 1 / 2[2K[1A[2K[32m⠙[0m check_toleranceIsExactly2PlusOneBp(uint256,uint256): [0:00:50] solving 
queries: 1 / 2[2K[1A[2K[32m⠹[0m check_toleranceIsExactly2PlusOneBp(uint256,uint256): [0:00:50] solving 
queries: 1 / 2[2K[1A[2K[32m⠸[0m check_toleranceIsExactly2PlusOneBp(uint256,uint256): [0:00:50] solving 
queries: 1 / 2[2K[1A[2K[32m⠼[0m check_toleranceIsExactly2PlusOneBp(uint256,uint256): [0:00:50] solving 
queries: 1 / 2[2K[1A[2K[32m⠴[0m check_toleranceIsExactly2PlusOneBp(uint256,uint256): [0:00:51] solving 
queries: 1 / 2[2K[1A[2K[32m⠦[0m check_toleranceIsExactly2PlusOneBp(uint256,uint256): [0:00:51] solving 
queries: 1 / 2[2K[1A[2K[32m⠧[0m check_toleranceIsExactly2PlusOneBp(uint256,uint256): [0:00:51] solving 
queries: 1 / 2[2K[1A[2K[32m⠇[0m check_toleranceIsExactly2PlusOneBp(uint256,uint256): [0:00:51] solving 
queries: 1 / 2[2K[1A[2K[32m⠏[0m check_toleranceIsExactly2PlusOneBp(uint256,uint256): [0:00:51] solving 
queries: 1 / 2[2K[1A[2K[32m⠋[0m check_toleranceIsExactly2PlusOneBp(uint256,uint256): [0:00:51] solving 
queries: 1 / 2[2K[1A[2K[32m⠙[0m check_toleranceIsExactly2PlusOneBp(uint256,uint256): [0:00:51] solving 
queries: 1 / 2[2K[1A[2K[32m⠹[0m check_toleranceIsExactly2PlusOneBp(uint256,uint256): [0:00:51] solving 
queries: 1 / 2[2K[1A[2K[32m⠸[0m check_toleranceIsExactly2PlusOneBp(uint256,uint256): [0:00:51] solving 
queries: 1 / 2[2K[1A[2K[32m⠼[0m check_toleranceIsExactly2PlusOneBp(uint256,uint256): [0:00:51] solving 
queries: 1 / 2[2K[1A[2K[32m⠴[0m check_toleranceIsExactly2PlusOneBp(uint256,uint256): [0:00:51] solving 
queries: 1 / 2[2K[1A[2K[32m⠦[0m check_toleranceIsExactly2PlusOneBp(uint256,uint256): [0:00:51] solving 
queries: 1 / 2[2K[1A[2K[32m⠧[0m check_toleranceIsExactly2PlusOneBp(uint256,uint256): [0:00:51] solving 
queries: 1 / 2[2K[1A[2K[32m⠇[0m check_toleranceIsExactly2PlusOneBp(uint256,uint256): [0:00:52] solving 
queries: 1 / 2[2K[1A[2K[32m⠏[0m check_toleranceIsExactly2PlusOneBp(uint256,uint256): [0:00:52] solving 
queries: 1 / 2[2K[1A[2K[32m⠋[0m check_toleranceIsExactly2PlusOneBp(uint256,uint256): [0:00:52] solving 
queries: 1 / 2[2K[1A[2K[32m⠙[0m check_toleranceIsExactly2PlusOneBp(uint256,uint256): [0:00:52] solving 
queries: 1 / 2[2K[1A[2K[32m⠹[0m check_toleranceIsExactly2PlusOneBp(uint256,uint256): [0:00:52] solving 
queries: 1 / 2[2K[1A[2K[32m⠸[0m check_toleranceIsExactly2PlusOneBp(uint256,uint256): [0:00:52] solving 
queries: 1 / 2[2K[1A[2K[32m⠼[0m check_toleranceIsExactly2PlusOneBp(uint256,uint256): [0:00:52] solving 
queries: 1 / 2[2K[1A[2K[32m⠴[0m check_toleranceIsExactly2PlusOneBp(uint256,uint256): [0:00:52] solving 
queries: 1 / 2[2K[1A[2K[32m⠦[0m check_toleranceIsExactly2PlusOneBp(uint256,uint256): [0:00:52] solving 
queries: 1 / 2[2K[1A[2K[32m⠧[0m check_toleranceIsExactly2PlusOneBp(uint256,uint256): [0:00:52] solving 
queries: 1 / 2[2K[1A[2K[32m⠇[0m check_toleranceIsExactly2PlusOneBp(uint256,uint256): [0:00:52] solving 
queries: 1 / 2[2K[1A[2K[32m⠏[0m check_toleranceIsExactly2PlusOneBp(uint256,uint256): [0:00:52] solving 
queries: 1 / 2[2K[1A[2K[32m⠋[0m check_toleranceIsExactly2PlusOneBp(uint256,uint256): [0:00:53] solving 
queries: 1 / 2[2K[1A[2K[32m⠙[0m check_toleranceIsExactly2PlusOneBp(uint256,uint256): [0:00:53] solving 
queries: 1 / 2[2K[1A[2K[32m⠹[0m check_toleranceIsExactly2PlusOneBp(uint256,uint256): [0:00:53] solving 
queries: 1 / 2[2K[1A[2K[32m⠸[0m check_toleranceIsExactly2PlusOneBp(uint256,uint256): [0:00:53] solving 
queries: 1 / 2[2K[1A[2K[32m⠼[0m check_toleranceIsExactly2PlusOneBp(uint256,uint256): [0:00:53] solving 
queries: 1 / 2[2K[1A[2K[32m⠴[0m check_toleranceIsExactly2PlusOneBp(uint256,uint256): [0:00:53] solving 
queries: 1 / 2[2K[1A[2K[32m⠦[0m check_toleranceIsExactly2PlusOneBp(uint256,uint256): [0:00:53] solving 
queries: 1 / 2[2K[1A[2K[32m⠧[0m check_toleranceIsExactly2PlusOneBp(uint256,uint256): [0:00:53] solving 
queries: 1 / 2[2K[1A[2K[32m⠇[0m check_toleranceIsExactly2PlusOneBp(uint256,uint256): [0:00:53] solving 
queries: 1 / 2[2K[1A[2K[32m⠏[0m check_toleranceIsExactly2PlusOneBp(uint256,uint256): [0:00:53] solving 
queries: 1 / 2[2K[1A[2K[32m⠋[0m check_toleranceIsExactly2PlusOneBp(uint256,uint256): [0:00:53] solving 
queries: 1 / 2[2K[1A[2K[32m⠙[0m check_toleranceIsExactly2PlusOneBp(uint256,uint256): [0:00:53] solving 
queries: 1 / 2[2K[1A[2K[32m⠹[0m check_toleranceIsExactly2PlusOneBp(uint256,uint256): [0:00:53] solving 
queries: 1 / 2[2K[1A[2K[32m⠸[0m check_toleranceIsExactly2PlusOneBp(uint256,uint256): [0:00:54] solving 
queries: 1 / 2[2K[1A[2K[32m⠼[0m check_toleranceIsExactly2PlusOneBp(uint256,uint256): [0:00:54] solving 
queries: 1 / 2[2K[1A[2K[32m⠴[0m check_toleranceIsExactly2PlusOneBp(uint256,uint256): [0:00:54] solving 
queries: 1 / 2[2K[1A[2K[32m⠦[0m check_toleranceIsExactly2PlusOneBp(uint256,uint256): [0:00:54] solving 
queries: 1 / 2[2K[1A[2K[32m⠧[0m check_toleranceIsExactly2PlusOneBp(uint256,uint256): [0:00:54] solving 
queries: 1 / 2[2K[1A[2K[32m⠇[0m check_toleranceIsExactly2PlusOneBp(uint256,uint256): [0:00:54] solving 
queries: 1 / 2[2K[1A[2K[32m⠏[0m check_toleranceIsExactly2PlusOneBp(uint256,uint256): [0:00:54] solving 
queries: 1 / 2[2K[1A[2K[32m⠋[0m check_toleranceIsExactly2PlusOneBp(uint256,uint256): [0:00:54] solving 
queries: 1 / 2[2K[1A[2K[32m⠙[0m check_toleranceIsExactly2PlusOneBp(uint256,uint256): [0:00:54] solving 
queries: 1 / 2[2K[1A[2K[32m⠹[0m check_toleranceIsExactly2PlusOneBp(uint256,uint256): [0:00:54] solving 
queries: 1 / 2[2K[1A[2K[32m⠸[0m check_toleranceIsExactly2PlusOneBp(uint256,uint256): [0:00:54] solving 
queries: 1 / 2[2K[1A[2K[32m⠼[0m check_toleranceIsExactly2PlusOneBp(uint256,uint256): [0:00:54] solving 
queries: 1 / 2[2K[1A[2K[32m⠴[0m check_toleranceIsExactly2PlusOneBp(uint256,uint256): [0:00:55] solving 
queries: 1 / 2[2K[1A[2K[32m⠦[0m check_toleranceIsExactly2PlusOneBp(uint256,uint256): [0:00:55] solving 
queries: 1 / 2[2K[1A[2K[32m⠧[0m check_toleranceIsExactly2PlusOneBp(uint256,uint256): [0:00:55] solving 
queries: 1 / 2[2K[1A[2K[32m⠇[0m check_toleranceIsExactly2PlusOneBp(uint256,uint256): [0:00:55] solving 
queries: 1 / 2[2K[1A[2K[32m⠏[0m check_toleranceIsExactly2PlusOneBp(uint256,uint256): [0:00:55] solving 
queries: 1 / 2[2K[1A[2K[32m⠙[0m check_toleranceIsExactly2PlusOneBp(uint256,uint256): [0:00:55] solving 
queries: 1 / 2[2K[1A[2K[32m⠹[0m check_toleranceIsExactly2PlusOneBp(uint256,uint256): [0:00:55] solving 
queries: 1 / 2[2K[1A[2K[32m⠸[0m check_toleranceIsExactly2PlusOneBp(uint256,uint256): [0:00:55] solving 
queries: 1 / 2[2K[1A[2K[32m⠼[0m check_toleranceIsExactly2PlusOneBp(uint256,uint256): [0:00:55] solving 
queries: 1 / 2[2K[1A[2K[32m⠴[0m check_toleranceIsExactly2PlusOneBp(uint256,uint256): [0:00:55] solving 
queries: 1 / 2[2K[1A[2K[32m⠦[0m check_toleranceIsExactly2PlusOneBp(uint256,uint256): [0:00:55] solving 
queries: 1 / 2[2K[1A[2K[32m⠧[0m check_toleranceIsExactly2PlusOneBp(uint256,uint256): [0:00:55] solving 
queries: 1 / 2[2K[1A[2K[32m⠇[0m check_toleranceIsExactly2PlusOneBp(uint256,uint256): [0:00:55] solving 
queries: 1 / 2[2K[1A[2K[32m⠏[0m check_toleranceIsExactly2PlusOneBp(uint256,uint256): [0:00:56] solving 
queries: 1 / 2[2K[1A[2K[32m⠋[0m check_toleranceIsExactly2PlusOneBp(uint256,uint256): [0:00:56] solving 
queries: 1 / 2[2K[1A[2K[32m⠙[0m check_toleranceIsExactly2PlusOneBp(uint256,uint256): [0:00:56] solving 
queries: 1 / 2[2K[1A[2K[32m⠹[0m check_toleranceIsExactly2PlusOneBp(uint256,uint256): [0:00:56] solving 
queries: 1 / 2[2K[1A[2K[32m⠸[0m check_toleranceIsExactly2PlusOneBp(uint256,uint256): [0:00:56] solving 
queries: 1 / 2[2K[1A[2K[32m⠼[0m check_toleranceIsExactly2PlusOneBp(uint256,uint256): [0:00:56] solving 
queries: 1 / 2[2K[1A[2K[32m⠴[0m check_toleranceIsExactly2PlusOneBp(uint256,uint256): [0:00:56] solving 
queries: 1 / 2[2K[1A[2K[32m⠦[0m check_toleranceIsExactly2PlusOneBp(uint256,uint256): [0:00:56] solving 
queries: 1 / 2[2K[1A[2K[32m⠧[0m check_toleranceIsExactly2PlusOneBp(uint256,uint256): [0:00:56] solving 
queries: 1 / 2[2K[1A[2K[32m⠇[0m check_toleranceIsExactly2PlusOneBp(uint256,uint256): [0:00:56] solving 
queries: 1 / 2[2K[1A[2K[32m⠏[0m check_toleranceIsExactly2PlusOneBp(uint256,uint256): [0:00:56] solving 
queries: 1 / 2[2K[1A[2K[32m⠋[0m check_toleranceIsExactly2PlusOneBp(uint256,uint256): [0:00:56] solving 
queries: 1 / 2[2K[1A[2K[32m⠙[0m check_toleranceIsExactly2PlusOneBp(uint256,uint256): [0:00:57] solving 
queries: 1 / 2[2K[1A[2K[32m⠹[0m check_toleranceIsExactly2PlusOneBp(uint256,uint256): [0:00:57] solving 
queries: 1 / 2[2K[1A[2K[32m⠸[0m check_toleranceIsExactly2PlusOneBp(uint256,uint256): [0:00:57] solving 
queries: 1 / 2[2K[1A[2K[32m⠼[0m check_toleranceIsExactly2PlusOneBp(uint256,uint256): [0:00:57] solving 
queries: 1 / 2[2K[1A[2K[32m⠴[0m check_toleranceIsExactly2PlusOneBp(uint256,uint256): [0:00:57] solving 
queries: 1 / 2[2K[1A[2K[32m⠦[0m check_toleranceIsExactly2PlusOneBp(uint256,uint256): [0:00:57] solving 
queries: 1 / 2[2K[1A[2K[32m⠧[0m check_toleranceIsExactly2PlusOneBp(uint256,uint256): [0:00:57] solving 
queries: 1 / 2[2K[1A[2K[32m⠇[0m check_toleranceIsExactly2PlusOneBp(uint256,uint256): [0:00:57] solving 
queries: 1 / 2[2K[1A[2K[32m⠏[0m check_toleranceIsExactly2PlusOneBp(uint256,uint256): [0:00:57] solving 
queries: 1 / 2[2K[1A[2K[32m⠋[0m check_toleranceIsExactly2PlusOneBp(uint256,uint256): [0:00:57] solving 
queries: 1 / 2[2K[1A[2K[32m⠙[0m check_toleranceIsExactly2PlusOneBp(uint256,uint256): [0:00:57] solving 
queries: 1 / 2[2K[1A[2K[32m⠹[0m check_toleranceIsExactly2PlusOneBp(uint256,uint256): [0:00:57] solving 
queries: 1 / 2[2K[1A[2K[32m⠸[0m check_toleranceIsExactly2PlusOneBp(uint256,uint256): [0:00:57] solving 
queries: 1 / 2[2K[1A[2K[32m⠼[0m check_toleranceIsExactly2PlusOneBp(uint256,uint256): [0:00:58] solving 
queries: 1 / 2[2K[1A[2K[32m⠴[0m check_toleranceIsExactly2PlusOneBp(uint256,uint256): [0:00:58] solving 
queries: 1 / 2[2K[1A[2K[32m⠦[0m check_toleranceIsExactly2PlusOneBp(uint256,uint256): [0:00:58] solving 
queries: 1 / 2[2K[1A[2K[32m⠧[0m check_toleranceIsExactly2PlusOneBp(uint256,uint256): [0:00:58] solving 
queries: 1 / 2[2K[1A[2K[32m⠇[0m check_toleranceIsExactly2PlusOneBp(uint256,uint256): [0:00:58] solving 
queries: 1 / 2[2K[1A[2K[32m⠏[0m check_toleranceIsExactly2PlusOneBp(uint256,uint256): [0:00:58] solving 
queries: 1 / 2[2K[1A[2K[32m⠋[0m check_toleranceIsExactly2PlusOneBp(uint256,uint256): [0:00:58] solving 
queries: 1 / 2[2K[1A[2K[32m⠙[0m check_toleranceIsExactly2PlusOneBp(uint256,uint256): [0:00:58] solving 
queries: 1 / 2[2K[1A[2K[32m⠹[0m check_toleranceIsExactly2PlusOneBp(uint256,uint256): [0:00:58] solving 
queries: 1 / 2[2K[1A[2K[32m⠸[0m check_toleranceIsExactly2PlusOneBp(uint256,uint256): [0:00:58] solving 
queries: 1 / 2[2K[1A[2K[32m⠼[0m check_toleranceIsExactly2PlusOneBp(uint256,uint256): [0:00:58] solving 
queries: 1 / 2[2K[1A[2K[32m⠴[0m check_toleranceIsExactly2PlusOneBp(uint256,uint256): [0:00:58] solving 
queries: 1 / 2[2K[1A[2K[32m⠦[0m check_toleranceIsExactly2PlusOneBp(uint256,uint256): [0:00:59] solving 
queries: 1 / 2[2K[1A[2K[32m⠧[0m check_toleranceIsExactly2PlusOneBp(uint256,uint256): [0:00:59] solving 
queries: 1 / 2[2K[1A[2K[32m⠇[0m check_toleranceIsExactly2PlusOneBp(uint256,uint256): [0:00:59] solving 
queries: 1 / 2[2K[1A[2K[32m⠏[0m check_toleranceIsExactly2PlusOneBp(uint256,uint256): [0:00:59] solving 
queries: 1 / 2[2K[1A[2K[32m⠋[0m check_toleranceIsExactly2PlusOneBp(uint256,uint256): [0:00:59] solving 
queries: 1 / 2[2K[1A[2K[32m⠙[0m check_toleranceIsExactly2PlusOneBp(uint256,uint256): [0:00:59] solving 
queries: 1 / 2[2K[1A[2K[32m⠹[0m check_toleranceIsExactly2PlusOneBp(uint256,uint256): [0:00:59] solving 
queries: 1 / 2[2K[1A[2K[32m⠸[0m check_toleranceIsExactly2PlusOneBp(uint256,uint256): [0:00:59] solving 
queries: 1 / 2[2K[1A[2K[32m⠼[0m check_toleranceIsExactly2PlusOneBp(uint256,uint256): [0:00:59] solving 
queries: 1 / 2[2K[1A[2K[32m⠴[0m check_toleranceIsExactly2PlusOneBp(uint256,uint256): [0:00:59] solving 
queries: 1 / 2[2K[1A[2K[32m⠦[0m check_toleranceIsExactly2PlusOneBp(uint256,uint256): [0:00:59] solving 
queries: 1 / 2[2K[1A[2K[32m⠧[0m check_toleranceIsExactly2PlusOneBp(uint256,uint256): [0:00:59] solving 
queries: 1 / 2[2K[1A[2K[32m⠇[0m check_toleranceIsExactly2PlusOneBp(uint256,uint256): [0:01:00] solving 
queries: 1 / 2[2K[1A[2K[32m⠏[0m check_toleranceIsExactly2PlusOneBp(uint256,uint256): [0:01:00] solving 
queries: 1 / 2[2K[1A[2K[32m⠋[0m check_toleranceIsExactly2PlusOneBp(uint256,uint256): [0:01:00] solving 
queries: 1 / 2[2K[1A[2K[32m⠙[0m check_toleranceIsExactly2PlusOneBp(uint256,uint256): [0:01:00] solving 
queries: 1 / 2[2K[1A[2K[32m⠹[0m check_toleranceIsExactly2PlusOneBp(uint256,uint256): [0:01:00] solving 
queries: 1 / 2[2K[1A[2K[32m⠸[0m check_toleranceIsExactly2PlusOneBp(uint256,uint256): [0:01:00] solving 
queries: 1 / 2[2K[1A[2K[32m⠼[0m check_toleranceIsExactly2PlusOneBp(uint256,uint256): [0:01:00] solving 
queries: 1 / 2[2K[1A[2K[32m⠴[0m check_toleranceIsExactly2PlusOneBp(uint256,uint256): [0:01:00] solving 
queries: 1 / 2[2K[1A[2K[32m⠦[0m check_toleranceIsExactly2PlusOneBp(uint256,uint256): [0:01:00] solving 
queries: 1 / 2[2K[1A[2K[32m⠧[0m check_toleranceIsExactly2PlusOneBp(uint256,uint256): [0:01:00] solving 
queries: 1 / 2[2K[1A[2K[32m⠇[0m check_toleranceIsExactly2PlusOneBp(uint256,uint256): [0:01:00] solving 
queries: 1 / 2[2K[1A[2K[32m⠏[0m check_toleranceIsExactly2PlusOneBp(uint256,uint256): [0:01:00] solving 
queries: 1 / 2[2K[1A[2K[32m⠋[0m check_toleranceIsExactly2PlusOneBp(uint256,uint256): [0:01:00] solving 
queries: 1 / 2[2K[1A[2K[32m⠙[0m check_toleranceIsExactly2PlusOneBp(uint256,uint256): [0:01:01] solving 
queries: 1 / 2[2K[1A[2K[32m⠹[0m check_toleranceIsExactly2PlusOneBp(uint256,uint256): [0:01:01] solving 
queries: 1 / 2[2K[1A[2K[32m⠸[0m check_toleranceIsExactly2PlusOneBp(uint256,uint256): [0:01:01] solving 
queries: 1 / 2[2K[1A[2K[32m⠼[0m check_toleranceIsExactly2PlusOneBp(uint256,uint256): [0:01:01] solving 
queries: 1 / 2[2K[1A[2K[32m⠴[0m check_toleranceIsExactly2PlusOneBp(uint256,uint256): [0:01:01] solving 
queries: 1 / 2[2K[1A[2K[32m⠦[0m check_toleranceIsExactly2PlusOneBp(uint256,uint256): [0:01:01] solving 
queries: 1 / 2[2K[1A[2K[32m⠧[0m check_toleranceIsExactly2PlusOneBp(uint256,uint256): [0:01:01] solving 
queries: 1 / 2[2K[1A[2K[32m⠇[0m check_toleranceIsExactly2PlusOneBp(uint256,uint256): [0:01:01] solving 
queries: 1 / 2[2K[1A[2K[32m⠏[0m check_toleranceIsExactly2PlusOneBp(uint256,uint256): [0:01:01] solving 
queries: 1 / 2[2K[1A[2K[32m⠋[0m check_toleranceIsExactly2PlusOneBp(uint256,uint256): [0:01:01] solving 
queries: 1 / 2[2K[1A[2K[32m⠙[0m check_toleranceIsExactly2PlusOneBp(uint256,uint256): [0:01:01] solving 
queries: 1 / 2[2K[1A[2K[32m⠹[0m check_toleranceIsExactly2PlusOneBp(uint256,uint256): [0:01:01] solving 
queries: 1 / 2[2K[1A[2K[32m⠸[0m check_toleranceIsExactly2PlusOneBp(uint256,uint256): [0:01:02] solving 
queries: 1 / 2[2K[1A[2K[32m⠼[0m check_toleranceIsExactly2PlusOneBp(uint256,uint256): [0:01:02] solving 
queries: 1 / 2[2K[1A[2K[32m⠴[0m check_toleranceIsExactly2PlusOneBp(uint256,uint256): [0:01:02] solving 
queries: 1 / 2[2K[1A[2K[32m⠦[0m check_toleranceIsExactly2PlusOneBp(uint256,uint256): [0:01:02] solving 
queries: 1 / 2[2K[1A[2K[32m⠧[0m check_toleranceIsExactly2PlusOneBp(uint256,uint256): [0:01:02] solving 
queries: 1 / 2[2K[1A[2K[32m⠇[0m check_toleranceIsExactly2PlusOneBp(uint256,uint256): [0:01:02] solving 
queries: 1 / 2[2K[1A[2K[32m⠏[0m check_toleranceIsExactly2PlusOneBp(uint256,uint256): [0:01:02] solving 
queries: 1 / 2[2K[1A[2K[32m⠋[0m check_toleranceIsExactly2PlusOneBp(uint256,uint256): [0:01:02] solving 
queries: 1 / 2[2K[1A[2K[32m⠙[0m check_toleranceIsExactly2PlusOneBp(uint256,uint256): [0:01:02] solving 
queries: 1 / 2[2K[1A[2K[32m⠹[0m check_toleranceIsExactly2PlusOneBp(uint256,uint256): [0:01:02] solving 
queries: 1 / 2[2K[1A[2K[32m⠸[0m check_toleranceIsExactly2PlusOneBp(uint256,uint256): [0:01:02] solving 
queries: 1 / 2[2K[1A[2K[32m⠼[0m check_toleranceIsExactly2PlusOneBp(uint256,uint256): [0:01:02] solving 
queries: 1 / 2[2K[1A[2K[32m⠴[0m check_toleranceIsExactly2PlusOneBp(uint256,uint256): [0:01:02] solving 
queries: 1 / 2[2K[1A[2K[32m⠦[0m check_toleranceIsExactly2PlusOneBp(uint256,uint256): [0:01:03] solving 
queries: 1 / 2[2K[1A[2K[32m⠧[0m check_toleranceIsExactly2PlusOneBp(uint256,uint256): [0:01:03] solving 
queries: 1 / 2[2K[1A[2K[32m⠇[0m check_toleranceIsExactly2PlusOneBp(uint256,uint256): [0:01:03] solving 
queries: 1 / 2[2K[1A[2K[32m⠏[0m check_toleranceIsExactly2PlusOneBp(uint256,uint256): [0:01:03] solving 
queries: 1 / 2[2K[1A[2K[32m⠋[0m check_toleranceIsExactly2PlusOneBp(uint256,uint256): [0:01:03] solving 
queries: 1 / 2[2K[1A[2K[32m⠙[0m check_toleranceIsExactly2PlusOneBp(uint256,uint256): [0:01:03] solving 
queries: 1 / 2[2K[1A[2K[32m⠹[0m check_toleranceIsExactly2PlusOneBp(uint256,uint256): [0:01:03] solving 
queries: 1 / 2[2K[1A[2K[32m⠸[0m check_toleranceIsExactly2PlusOneBp(uint256,uint256): [0:01:03] solving 
queries: 1 / 2[2K[1A[2K[32m⠼[0m check_toleranceIsExactly2PlusOneBp(uint256,uint256): [0:01:03] solving 
queries: 1 / 2[2K[1A[2K[32m⠴[0m check_toleranceIsExactly2PlusOneBp(uint256,uint256): [0:01:03] solving 
queries: 1 / 2[2K[1A[2K[32m⠦[0m check_toleranceIsExactly2PlusOneBp(uint256,uint256): [0:01:03] solving 
queries: 1 / 2[2K[1A[2K[32m⠧[0m check_toleranceIsExactly2PlusOneBp(uint256,uint256): [0:01:03] solving 
queries: 1 / 2[2K[1A[2K[32m⠇[0m check_toleranceIsExactly2PlusOneBp(uint256,uint256): [0:01:04] solving 
queries: 1 / 2[2K[1A[2K[32m⠏[0m check_toleranceIsExactly2PlusOneBp(uint256,uint256): [0:01:04] solving 
queries: 1 / 2[2K[1A[2K[32m⠋[0m check_toleranceIsExactly2PlusOneBp(uint256,uint256): [0:01:04] solving 
queries: 1 / 2[2K[1A[2K[32m⠙[0m check_toleranceIsExactly2PlusOneBp(uint256,uint256): [0:01:04] solving 
queries: 1 / 2[2K[1A[2K[32m⠹[0m check_toleranceIsExactly2PlusOneBp(uint256,uint256): [0:01:04] solving 
queries: 1 / 2[2K[1A[2K[32m⠸[0m check_toleranceIsExactly2PlusOneBp(uint256,uint256): [0:01:04] solving 
queries: 1 / 2[2K[1A[2K[32m⠼[0m check_toleranceIsExactly2PlusOneBp(uint256,uint256): [0:01:04] solving 
queries: 1 / 2[2K[1A[2K[32m⠴[0m check_toleranceIsExactly2PlusOneBp(uint256,uint256): [0:01:04] solving 
queries: 1 / 2[2K[1A[2K[32m⠦[0m check_toleranceIsExactly2PlusOneBp(uint256,uint256): [0:01:04] solving 
queries: 1 / 2[2K[1A[2K[32m⠧[0m check_toleranceIsExactly2PlusOneBp(uint256,uint256): [0:01:04] solving 
queries: 1 / 2[2K[1A[2K[32m⠇[0m check_toleranceIsExactly2PlusOneBp(uint256,uint256): [0:01:04] solving 
queries: 1 / 2[2K[1A[2K[32m⠏[0m check_toleranceIsExactly2PlusOneBp(uint256,uint256): [0:01:04] solving 
queries: 1 / 2[2K[1A[2K[32m⠋[0m check_toleranceIsExactly2PlusOneBp(uint256,uint256): [0:01:04] solving 
queries: 1 / 2[2K[1A[2K[32m⠙[0m check_toleranceIsExactly2PlusOneBp(uint256,uint256): [0:01:05] solving 
queries: 1 / 2[2K[1A[2K[32m⠹[0m check_toleranceIsExactly2PlusOneBp(uint256,uint256): [0:01:05] solving 
queries: 1 / 2[2K[1A[2K[32m⠸[0m check_toleranceIsExactly2PlusOneBp(uint256,uint256): [0:01:05] solving 
queries: 1 / 2[2K[1A[2K[32m⠼[0m check_toleranceIsExactly2PlusOneBp(uint256,uint256): [0:01:05] solving 
queries: 1 / 2[2K[1A[2K[32m⠴[0m check_toleranceIsExactly2PlusOneBp(uint256,uint256): [0:01:05] solving 
queries: 1 / 2[2K[1A[2K[32m⠦[0m check_toleranceIsExactly2PlusOneBp(uint256,uint256): [0:01:05] solving 
queries: 1 / 2[2K[1A[2K[32m⠧[0m check_toleranceIsExactly2PlusOneBp(uint256,uint256): [0:01:05] solving 
queries: 1 / 2[2K[1A[2K[32m⠇[0m check_toleranceIsExactly2PlusOneBp(uint256,uint256): [0:01:05] solving 
queries: 1 / 2[2K[1A[2K[32m⠏[0m check_toleranceIsExactly2PlusOneBp(uint256,uint256): [0:01:05] solving 
queries: 1 / 2[2K[1A[2K[32m⠋[0m check_toleranceIsExactly2PlusOneBp(uint256,uint256): [0:01:05] solving 
queries: 1 / 2[2K[1A[2K[32m⠙[0m check_toleranceIsExactly2PlusOneBp(uint256,uint256): [0:01:05] solving 
queries: 1 / 2[2K[1A[2K[32m⠹[0m check_toleranceIsExactly2PlusOneBp(uint256,uint256): [0:01:05] solving 
queries: 1 / 2[2K[1A[2K[32m⠸[0m check_toleranceIsExactly2PlusOneBp(uint256,uint256): [0:01:06] solving 
queries: 1 / 2[2K[1A[2K[32m⠼[0m check_toleranceIsExactly2PlusOneBp(uint256,uint256): [0:01:06] solving 
queries: 1 / 2[2K[1A[2K[32m⠴[0m check_toleranceIsExactly2PlusOneBp(uint256,uint256): [0:01:06] solving 
queries: 1 / 2[2K[1A[2K[32m⠦[0m check_toleranceIsExactly2PlusOneBp(uint256,uint256): [0:01:06] solving 
queries: 1 / 2[2K[1A[2K[32m⠧[0m check_toleranceIsExactly2PlusOneBp(uint256,uint256): [0:01:06] solving 
queries: 1 / 2[2K[1A[2K[32m⠇[0m check_toleranceIsExactly2PlusOneBp(uint256,uint256): [0:01:06] solving 
queries: 1 / 2[2K[1A[2K[32m⠏[0m check_toleranceIsExactly2PlusOneBp(uint256,uint256): [0:01:06] solving 
queries: 1 / 2[2K[1A[2K[32m⠋[0m check_toleranceIsExactly2PlusOneBp(uint256,uint256): [0:01:06] solving 
queries: 1 / 2[2K[1A[2K[32m⠙[0m check_toleranceIsExactly2PlusOneBp(uint256,uint256): [0:01:06] solving 
queries: 1 / 2[2K[1A[2K[32m⠹[0m check_toleranceIsExactly2PlusOneBp(uint256,uint256): [0:01:06] solving 
queries: 1 / 2[2K[1A[2K[32m⠸[0m check_toleranceIsExactly2PlusOneBp(uint256,uint256): [0:01:06] solving 
queries: 1 / 2[2K[1A[2K[32m⠼[0m check_toleranceIsExactly2PlusOneBp(uint256,uint256): [0:01:06] solving 
queries: 1 / 2[2K[1A[2K[32m⠴[0m check_toleranceIsExactly2PlusOneBp(uint256,uint256): [0:01:06] solving 
queries: 1 / 2[2K[1A[2K[32m⠦[0m check_toleranceIsExactly2PlusOneBp(uint256,uint256): [0:01:07] solving 
queries: 1 / 2[2K[1A[2K[32m⠧[0m check_toleranceIsExactly2PlusOneBp(uint256,uint256): [0:01:07] solving 
queries: 1 / 2[2K[1A[2K[32m⠇[0m check_toleranceIsExactly2PlusOneBp(uint256,uint256): [0:01:07] solving 
queries: 1 / 2[2K[1A[2K[32m⠏[0m check_toleranceIsExactly2PlusOneBp(uint256,uint256): [0:01:07] solving 
queries: 1 / 2[2K[1A[2K[32m⠋[0m check_toleranceIsExactly2PlusOneBp(uint256,uint256): [0:01:07] solving 
queries: 1 / 2[2K[1A[2K[32m⠙[0m check_toleranceIsExactly2PlusOneBp(uint256,uint256): [0:01:07] solving 
queries: 1 / 2[2K[1A[2K[32m⠹[0m check_toleranceIsExactly2PlusOneBp(uint256,uint256): [0:01:07] solving 
queries: 1 / 2[2K[1A[2K[32m⠸[0m check_toleranceIsExactly2PlusOneBp(uint256,uint256): [0:01:07] solving 
queries: 1 / 2[2K[1A[2K[32m⠼[0m check_toleranceIsExactly2PlusOneBp(uint256,uint256): [0:01:07] solving 
queries: 1 / 2[2K[1A[2K[32m⠴[0m check_toleranceIsExactly2PlusOneBp(uint256,uint256): [0:01:07] solving 
queries: 1 / 2[2K[1A[2K[32m⠦[0m check_toleranceIsExactly2PlusOneBp(uint256,uint256): [0:01:07] solving 
queries: 1 / 2[2K[1A[2K[32m⠧[0m check_toleranceIsExactly2PlusOneBp(uint256,uint256): [0:01:07] solving 
queries: 1 / 2[2K[1A[2K[32m⠇[0m check_toleranceIsExactly2PlusOneBp(uint256,uint256): [0:01:08] solving 
queries: 1 / 2[2K[1A[2K[32m⠏[0m check_toleranceIsExactly2PlusOneBp(uint256,uint256): [0:01:08] solving 
queries: 1 / 2[2K[1A[2K[32m⠋[0m check_toleranceIsExactly2PlusOneBp(uint256,uint256): [0:01:08] solving 
queries: 1 / 2[2K[1A[2K[32m⠙[0m check_toleranceIsExactly2PlusOneBp(uint256,uint256): [0:01:08] solving 
queries: 1 / 2[2K[1A[2K[32m⠹[0m check_toleranceIsExactly2PlusOneBp(uint256,uint256): [0:01:08] solving 
queries: 1 / 2[2K[1A[2K[32m⠸[0m check_toleranceIsExactly2PlusOneBp(uint256,uint256): [0:01:08] solving 
queries: 1 / 2[2K[1A[2K[32m⠼[0m check_toleranceIsExactly2PlusOneBp(uint256,uint256): [0:01:08] solving 
queries: 1 / 2[2K[1A[2K[32m⠴[0m check_toleranceIsExactly2PlusOneBp(uint256,uint256): [0:01:08] solving 
queries: 1 / 2[2K[1A[2K[32m⠦[0m check_toleranceIsExactly2PlusOneBp(uint256,uint256): [0:01:08] solving 
queries: 1 / 2[2K[1A[2K[32m⠧[0m check_toleranceIsExactly2PlusOneBp(uint256,uint256): [0:01:08] solving 
queries: 1 / 2[2K[1A[2K[32m⠇[0m check_toleranceIsExactly2PlusOneBp(uint256,uint256): [0:01:08] solving 
queries: 1 / 2[2K[1A[2K[32m⠏[0m check_toleranceIsExactly2PlusOneBp(uint256,uint256): [0:01:08] solving 
queries: 1 / 2[2K[1A[2K[32m⠋[0m check_toleranceIsExactly2PlusOneBp(uint256,uint256): [0:01:08] solving 
queries: 1 / 2[2K[1A[2K[32m⠙[0m check_toleranceIsExactly2PlusOneBp(uint256,uint256): [0:01:09] solving 
queries: 1 / 2[2K[1A[2K[32m⠸[0m check_toleranceIsExactly2PlusOneBp(uint256,uint256): [0:01:09] solving 
queries: 1 / 2[2K[1A[2K[32m⠼[0m check_toleranceIsExactly2PlusOneBp(uint256,uint256): [0:01:09] solving 
queries: 1 / 2[2K[1A[2K[32m⠴[0m check_toleranceIsExactly2PlusOneBp(uint256,uint256): [0:01:09] solving 
queries: 1 / 2[2K[1A[2K[32m⠦[0m check_toleranceIsExactly2PlusOneBp(uint256,uint256): [0:01:09] solving 
queries: 1 / 2[2K[1A[2K[32m⠧[0m check_toleranceIsExactly2PlusOneBp(uint256,uint256): [0:01:09] solving 
queries: 1 / 2[2K[1A[2K[32m⠇[0m check_toleranceIsExactly2PlusOneBp(uint256,uint256): [0:01:09] solving 
queries: 1 / 2[2K[1A[2K[32m⠏[0m check_toleranceIsExactly2PlusOneBp(uint256,uint256): [0:01:09] solving 
queries: 1 / 2[2K[1A[2K[32m⠋[0m check_toleranceIsExactly2PlusOneBp(uint256,uint256): [0:01:09] solving 
queries: 1 / 2[2K[1A[2K[32m⠙[0m check_toleranceIsExactly2PlusOneBp(uint256,uint256): [0:01:09] solving 
queries: 1 / 2[2K[1A[2K[32m⠹[0m check_toleranceIsExactly2PlusOneBp(uint256,uint256): [0:01:09] solving 
queries: 1 / 2[2K[1A[2K[32m⠸[0m check_toleranceIsExactly2PlusOneBp(uint256,uint256): [0:01:09] solving 
queries: 1 / 2[2K[1A[2K[32m⠼[0m check_toleranceIsExactly2PlusOneBp(uint256,uint256): [0:01:10] solving 
queries: 1 / 2[2K[1A[2K[32m⠴[0m check_toleranceIsExactly2PlusOneBp(uint256,uint256): [0:01:10] solving 
queries: 1 / 2[2K[1A[2K[32m⠦[0m check_toleranceIsExactly2PlusOneBp(uint256,uint256): [0:01:10] solving 
queries: 1 / 2[2K[1A[2K[32m⠧[0m check_toleranceIsExactly2PlusOneBp(uint256,uint256): [0:01:10] solving 
queries: 1 / 2[2K[1A[2K[32m⠇[0m check_toleranceIsExactly2PlusOneBp(uint256,uint256): [0:01:10] solving 
queries: 1 / 2[2K[1A[2K[32m⠏[0m check_toleranceIsExactly2PlusOneBp(uint256,uint256): [0:01:10] solving 
queries: 1 / 2[2K[1A[2K[32m⠋[0m check_toleranceIsExactly2PlusOneBp(uint256,uint256): [0:01:10] solving 
queries: 1 / 2[2K[1A[2K[32m⠙[0m check_toleranceIsExactly2PlusOneBp(uint256,uint256): [0:01:10] solving 
queries: 1 / 2[2K[1A[2K[32m⠹[0m check_toleranceIsExactly2PlusOneBp(uint256,uint256): [0:01:10] solving 
queries: 1 / 2[2K[1A[2K[32m⠸[0m check_toleranceIsExactly2PlusOneBp(uint256,uint256): [0:01:10] solving 
queries: 1 / 2[2K[1A[2K[32m⠼[0m check_toleranceIsExactly2PlusOneBp(uint256,uint256): [0:01:10] solving 
queries: 1 / 2[2K[1A[2K[32m⠴[0m check_toleranceIsExactly2PlusOneBp(uint256,uint256): [0:01:10] solving 
queries: 1 / 2[2K[1A[2K[32m⠦[0m check_toleranceIsExactly2PlusOneBp(uint256,uint256): [0:01:11] solving 
queries: 1 / 2[2K[1A[2K[32m⠧[0m check_toleranceIsExactly2PlusOneBp(uint256,uint256): [0:01:11] solving 
queries: 1 / 2[2K[1A[2K[32m⠇[0m check_toleranceIsExactly2PlusOneBp(uint256,uint256): [0:01:11] solving 
queries: 1 / 2[2K[1A[2K[32m⠏[0m check_toleranceIsExactly2PlusOneBp(uint256,uint256): [0:01:11] solving 
queries: 1 / 2[2K[1A[2K[32m⠋[0m check_toleranceIsExactly2PlusOneBp(uint256,uint256): [0:01:11] solving 
queries: 1 / 2[2K[1A[2K[32m⠙[0m check_toleranceIsExactly2PlusOneBp(uint256,uint256): [0:01:11] solving 
queries: 1 / 2[2K[1A[2K[32m⠹[0m check_toleranceIsExactly2PlusOneBp(uint256,uint256): [0:01:11] solving 
queries: 1 / 2[2K[1A[2K[32m⠸[0m check_toleranceIsExactly2PlusOneBp(uint256,uint256): [0:01:11] solving 
queries: 1 / 2[2K[1A[2K[32m⠼[0m check_toleranceIsExactly2PlusOneBp(uint256,uint256): [0:01:11] solving 
queries: 1 / 2[2K[1A[2K[32m⠴[0m check_toleranceIsExactly2PlusOneBp(uint256,uint256): [0:01:11] solving 
queries: 1 / 2[2K[1A[2K[32m⠦[0m check_toleranceIsExactly2PlusOneBp(uint256,uint256): [0:01:11] solving 
queries: 1 / 2[2K[1A[2K[32m⠧[0m check_toleranceIsExactly2PlusOneBp(uint256,uint256): [0:01:11] solving 
queries: 1 / 2[2K[1A[2K[32m⠇[0m check_toleranceIsExactly2PlusOneBp(uint256,uint256): [0:01:11] solving 
queries: 1 / 2[2K[1A[2K[32m⠏[0m check_toleranceIsExactly2PlusOneBp(uint256,uint256): [0:01:12] solving 
queries: 1 / 2[2K[1A[2K[32m⠋[0m check_toleranceIsExactly2PlusOneBp(uint256,uint256): [0:01:12] solving 
queries: 1 / 2[2K[1A[2K[32m⠙[0m check_toleranceIsExactly2PlusOneBp(uint256,uint256): [0:01:12] solving 
queries: 1 / 2[2K[1A[2K[32m⠹[0m check_toleranceIsExactly2PlusOneBp(uint256,uint256): [0:01:12] solving 
queries: 1 / 2[2K[1A[2K[32m⠸[0m check_toleranceIsExactly2PlusOneBp(uint256,uint256): [0:01:12] solving 
queries: 1 / 2[2K[1A[2K[32m⠼[0m check_toleranceIsExactly2PlusOneBp(uint256,uint256): [0:01:12] solving 
queries: 1 / 2[2K[1A[2K[32m⠴[0m check_toleranceIsExactly2PlusOneBp(uint256,uint256): [0:01:12] solving 
queries: 1 / 2[2K[1A[2K[32m⠦[0m check_toleranceIsExactly2PlusOneBp(uint256,uint256): [0:01:12] solving 
queries: 1 / 2[2K[1A[2K[32m⠧[0m check_toleranceIsExactly2PlusOneBp(uint256,uint256): [0:01:12] solving 
queries: 1 / 2[2K[1A[2K[32m⠇[0m check_toleranceIsExactly2PlusOneBp(uint256,uint256): [0:01:12] solving 
queries: 1 / 2[2K[1A[2K[32m⠏[0m check_toleranceIsExactly2PlusOneBp(uint256,uint256): [0:01:12] solving 
queries: 1 / 2[2K[1A[2K[32m⠋[0m check_toleranceIsExactly2PlusOneBp(uint256,uint256): [0:01:12] solving 
queries: 1 / 2[2K[1A[2K[32m⠙[0m check_toleranceIsExactly2PlusOneBp(uint256,uint256): [0:01:13] solving 
queries: 1 / 2[2K[1A[2K[32m⠹[0m check_toleranceIsExactly2PlusOneBp(uint256,uint256): [0:01:13] solving 
queries: 1 / 2[2K[1A[2K[32m⠸[0m check_toleranceIsExactly2PlusOneBp(uint256,uint256): [0:01:13] solving 
queries: 1 / 2[2K[1A[2K[32m⠼[0m check_toleranceIsExactly2PlusOneBp(uint256,uint256): [0:01:13] solving 
queries: 1 / 2[2K[1A[2K[32m⠴[0m check_toleranceIsExactly2PlusOneBp(uint256,uint256): [0:01:13] solving 
queries: 1 / 2[2K[1A[2K[32m⠦[0m check_toleranceIsExactly2PlusOneBp(uint256,uint256): [0:01:13] solving 
queries: 1 / 2[2K[1A[2K[32m⠧[0m check_toleranceIsExactly2PlusOneBp(uint256,uint256): [0:01:13] solving 
queries: 1 / 2[2K[1A[2K[32m⠇[0m check_toleranceIsExactly2PlusOneBp(uint256,uint256): [0:01:13] solving 
queries: 1 / 2[2K[1A[2K[32m⠏[0m check_toleranceIsExactly2PlusOneBp(uint256,uint256): [0:01:13] solving 
queries: 1 / 2[2K[1A[2K[32m⠋[0m check_toleranceIsExactly2PlusOneBp(uint256,uint256): [0:01:13] solving 
queries: 1 / 2[2K[1A[2K[32m⠙[0m check_toleranceIsExactly2PlusOneBp(uint256,uint256): [0:01:13] solving 
queries: 1 / 2[2K[1A[2K[32m⠹[0m check_toleranceIsExactly2PlusOneBp(uint256,uint256): [0:01:13] solving 
queries: 1 / 2[2K[1A[2K[32m⠸[0m check_toleranceIsExactly2PlusOneBp(uint256,uint256): [0:01:13] solving 
queries: 1 / 2[2K[1A[2K[32m⠼[0m check_toleranceIsExactly2PlusOneBp(uint256,uint256): [0:01:14] solving 
queries: 1 / 2[2K[1A[2K[32m⠴[0m check_toleranceIsExactly2PlusOneBp(uint256,uint256): [0:01:14] solving 
queries: 1 / 2[2K[1A[2K[32m⠦[0m check_toleranceIsExactly2PlusOneBp(uint256,uint256): [0:01:14] solving 
queries: 1 / 2[2K[1A[2K[32m⠧[0m check_toleranceIsExactly2PlusOneBp(uint256,uint256): [0:01:14] solving 
queries: 1 / 2[2K[1A[2K[32m⠇[0m check_toleranceIsExactly2PlusOneBp(uint256,uint256): [0:01:14] solving 
queries: 1 / 2[2K[1A[2K[32m⠏[0m check_toleranceIsExactly2PlusOneBp(uint256,uint256): [0:01:14] solving 
queries: 1 / 2[2K[1A[2K[32m⠋[0m check_toleranceIsExactly2PlusOneBp(uint256,uint256): [0:01:14] solving 
queries: 1 / 2[2K[1A[2K[32m⠙[0m check_toleranceIsExactly2PlusOneBp(uint256,uint256): [0:01:14] solving 
queries: 1 / 2[2K[1A[2K[32m⠹[0m check_toleranceIsExactly2PlusOneBp(uint256,uint256): [0:01:14] solving 
queries: 1 / 2[2K[1A[2K[32m⠸[0m check_toleranceIsExactly2PlusOneBp(uint256,uint256): [0:01:14] solving 
queries: 1 / 2[2K[1A[2K[32m⠼[0m check_toleranceIsExactly2PlusOneBp(uint256,uint256): [0:01:14] solving 
queries: 1 / 2[2K[1A[2K[32m⠴[0m check_toleranceIsExactly2PlusOneBp(uint256,uint256): [0:01:14] solving 
queries: 1 / 2[2K[1A[2K[32m⠦[0m check_toleranceIsExactly2PlusOneBp(uint256,uint256): [0:01:15] solving 
queries: 1 / 2[2K[1A[2K[32m⠧[0m check_toleranceIsExactly2PlusOneBp(uint256,uint256): [0:01:15] solving 
queries: 1 / 2[2K[1A[2K[32m⠇[0m check_toleranceIsExactly2PlusOneBp(uint256,uint256): [0:01:15] solving 
queries: 1 / 2[2K[1A[2K[32m⠏[0m check_toleranceIsExactly2PlusOneBp(uint256,uint256): [0:01:15] solving 
queries: 1 / 2[2K[1A[2K[32m⠋[0m check_toleranceIsExactly2PlusOneBp(uint256,uint256): [0:01:15] solving 
queries: 1 / 2[2K[1A[2K[32m⠙[0m check_toleranceIsExactly2PlusOneBp(uint256,uint256): [0:01:15] solving 
queries: 1 / 2[2K[1A[2K[32m⠹[0m check_toleranceIsExactly2PlusOneBp(uint256,uint256): [0:01:15] solving 
queries: 1 / 2[2K[1A[2K[32m⠸[0m check_toleranceIsExactly2PlusOneBp(uint256,uint256): [0:01:15] solving 
queries: 1 / 2[2K[1A[2K[32m⠼[0m check_toleranceIsExactly2PlusOneBp(uint256,uint256): [0:01:15] solving 
queries: 1 / 2[2K[1A[2K[32m⠴[0m check_toleranceIsExactly2PlusOneBp(uint256,uint256): [0:01:15] solving 
queries: 1 / 2[2K[1A[2K[32m⠦[0m check_toleranceIsExactly2PlusOneBp(uint256,uint256): [0:01:15] solving 
queries: 1 / 2[2K[1A[2K[32m⠧[0m check_toleranceIsExactly2PlusOneBp(uint256,uint256): [0:01:15] solving 
queries: 1 / 2[2K[1A[2K[32m⠇[0m check_toleranceIsExactly2PlusOneBp(uint256,uint256): [0:01:15] solving 
queries: 1 / 2[2K[1A[2K[32m⠏[0m check_toleranceIsExactly2PlusOneBp(uint256,uint256): [0:01:16] solving 
queries: 1 / 2[2K[1A[2K[32m⠋[0m check_toleranceIsExactly2PlusOneBp(uint256,uint256): [0:01:16] solving 
queries: 1 / 2[2K[1A[2K[32m⠙[0m check_toleranceIsExactly2PlusOneBp(uint256,uint256): [0:01:16] solving 
queries: 1 / 2[2K[1A[2K[32m⠹[0m check_toleranceIsExactly2PlusOneBp(uint256,uint256): [0:01:16] solving 
queries: 1 / 2[2K[1A[2K[32m⠸[0m check_toleranceIsExactly2PlusOneBp(uint256,uint256): [0:01:16] solving 
queries: 1 / 2[2K[1A[2K[32m⠼[0m check_toleranceIsExactly2PlusOneBp(uint256,uint256): [0:01:16] solving 
queries: 1 / 2[2K[1A[2K[32m⠴[0m check_toleranceIsExactly2PlusOneBp(uint256,uint256): [0:01:16] solving 
queries: 1 / 2[2K[1A[2K[32m⠦[0m check_toleranceIsExactly2PlusOneBp(uint256,uint256): [0:01:16] solving 
queries: 1 / 2[2K[1A[2K[32m⠧[0m check_toleranceIsExactly2PlusOneBp(uint256,uint256): [0:01:16] solving 
queries: 1 / 2[2K[1A[2K[32m⠇[0m check_toleranceIsExactly2PlusOneBp(uint256,uint256): [0:01:16] solving 
queries: 1 / 2[2K[1A[2K[32m⠏[0m check_toleranceIsExactly2PlusOneBp(uint256,uint256): [0:01:16] solving 
queries: 1 / 2[2K[1A[2K[32m⠋[0m check_toleranceIsExactly2PlusOneBp(uint256,uint256): [0:01:17] solving 
queries: 1 / 2[2K[1A[2K[32m⠙[0m check_toleranceIsExactly2PlusOneBp(uint256,uint256): [0:01:17] solving 
queries: 1 / 2[2K[1A[2K[32m⠹[0m check_toleranceIsExactly2PlusOneBp(uint256,uint256): [0:01:17] solving 
queries: 1 / 2[2K[1A[2K[32m⠸[0m check_toleranceIsExactly2PlusOneBp(uint256,uint256): [0:01:17] solving 
queries: 1 / 2[2K[1A[2K[32m⠼[0m check_toleranceIsExactly2PlusOneBp(uint256,uint256): [0:01:17] solving 
queries: 1 / 2[2K[1A[2K[32m⠴[0m check_toleranceIsExactly2PlusOneBp(uint256,uint256): [0:01:17] solving 
queries: 1 / 2[2K[1A[2K[32m⠦[0m check_toleranceIsExactly2PlusOneBp(uint256,uint256): [0:01:17] solving 
queries: 1 / 2[2K[1A[2K[32m⠧[0m check_toleranceIsExactly2PlusOneBp(uint256,uint256): [0:01:17] solving 
queries: 1 / 2[2K[1A[2K[32m⠇[0m check_toleranceIsExactly2PlusOneBp(uint256,uint256): [0:01:17] solving 
queries: 1 / 2[2K[1A[2K[32m⠏[0m check_toleranceIsExactly2PlusOneBp(uint256,uint256): [0:01:17] solving 
queries: 1 / 2[2K[1A[2K[32m⠋[0m check_toleranceIsExactly2PlusOneBp(uint256,uint256): [0:01:17] solving 
queries: 1 / 2[2K[1A[2K[32m⠙[0m check_toleranceIsExactly2PlusOneBp(uint256,uint256): [0:01:17] solving 
queries: 1 / 2[2K[1A[2K[32m⠹[0m check_toleranceIsExactly2PlusOneBp(uint256,uint256): [0:01:18] solving 
queries: 1 / 2[2K[1A[2K[32m⠸[0m check_toleranceIsExactly2PlusOneBp(uint256,uint256): [0:01:18] solving 
queries: 1 / 2[2K[1A[2K[32m⠼[0m check_toleranceIsExactly2PlusOneBp(uint256,uint256): [0:01:18] solving 
queries: 1 / 2[2K[1A[2K[32m⠴[0m check_toleranceIsExactly2PlusOneBp(uint256,uint256): [0:01:18] solving 
queries: 1 / 2[2K[1A[2K[32m⠦[0m check_toleranceIsExactly2PlusOneBp(uint256,uint256): [0:01:18] solving 
queries: 1 / 2[2K[1A[2K[32m⠧[0m check_toleranceIsExactly2PlusOneBp(uint256,uint256): [0:01:18] solving 
queries: 1 / 2[2K[1A[2K[32m⠇[0m check_toleranceIsExactly2PlusOneBp(uint256,uint256): [0:01:18] solving 
queries: 1 / 2[2K[1A[2K[32m⠏[0m check_toleranceIsExactly2PlusOneBp(uint256,uint256): [0:01:18] solving 
queries: 1 / 2[2K[1A[2K[32m⠋[0m check_toleranceIsExactly2PlusOneBp(uint256,uint256): [0:01:18] solving 
queries: 1 / 2[2K[1A[2K[32m⠙[0m check_toleranceIsExactly2PlusOneBp(uint256,uint256): [0:01:18] solving 
queries: 1 / 2[2K[1A[2K[32m⠹[0m check_toleranceIsExactly2PlusOneBp(uint256,uint256): [0:01:18] solving 
queries: 1 / 2[2K[1A[2K[32m⠸[0m check_toleranceIsExactly2PlusOneBp(uint256,uint256): [0:01:18] solving 
queries: 1 / 2[2K[1A[2K[32m⠼[0m check_toleranceIsExactly2PlusOneBp(uint256,uint256): [0:01:18] solving 
queries: 1 / 2[2K[1A[2K[32m⠴[0m check_toleranceIsExactly2PlusOneBp(uint256,uint256): [0:01:19] solving 
queries: 1 / 2[2K[1A[2K[32m⠦[0m check_toleranceIsExactly2PlusOneBp(uint256,uint256): [0:01:19] solving 
queries: 1 / 2[2K[1A[2K[32m⠧[0m check_toleranceIsExactly2PlusOneBp(uint256,uint256): [0:01:19] solving 
queries: 1 / 2[2K[1A[2K[32m⠇[0m check_toleranceIsExactly2PlusOneBp(uint256,uint256): [0:01:19] solving 
queries: 1 / 2[2K[1A[2K[32m⠏[0m check_toleranceIsExactly2PlusOneBp(uint256,uint256): [0:01:19] solving 
queries: 1 / 2[2K[1A[2K[32m⠋[0m check_toleranceIsExactly2PlusOneBp(uint256,uint256): [0:01:19] solving 
queries: 1 / 2[2K[1A[2K[32m⠙[0m check_toleranceIsExactly2PlusOneBp(uint256,uint256): [0:01:19] solving 
queries: 1 / 2[2K[1A[2K[32m⠹[0m check_toleranceIsExactly2PlusOneBp(uint256,uint256): [0:01:19] solving 
queries: 1 / 2[2K[1A[2K[32m⠸[0m check_toleranceIsExactly2PlusOneBp(uint256,uint256): [0:01:19] solving 
queries: 1 / 2[2K[1A[2K[32m⠼[0m check_toleranceIsExactly2PlusOneBp(uint256,uint256): [0:01:19] solving 
queries: 1 / 2[2K[1A[2K[32m⠴[0m check_toleranceIsExactly2PlusOneBp(uint256,uint256): [0:01:19] solving 
queries: 1 / 2[2K[1A[2K[32m⠦[0m check_toleranceIsExactly2PlusOneBp(uint256,uint256): [0:01:19] solving 
queries: 1 / 2[2K[1A[2K[32m⠧[0m check_toleranceIsExactly2PlusOneBp(uint256,uint256): [0:01:20] solving 
queries: 1 / 2[2K[1A[2K[32m⠇[0m check_toleranceIsExactly2PlusOneBp(uint256,uint256): [0:01:20] solving 
queries: 1 / 2[2K[1A[2K[32m⠏[0m check_toleranceIsExactly2PlusOneBp(uint256,uint256): [0:01:20] solving 
queries: 1 / 2[2K[1A[2K[32m⠋[0m check_toleranceIsExactly2PlusOneBp(uint256,uint256): [0:01:20] solving 
queries: 1 / 2[2K[1A[2K[32m⠙[0m check_toleranceIsExactly2PlusOneBp(uint256,uint256): [0:01:20] solving 
queries: 1 / 2[2K[1A[2K[32m⠹[0m check_toleranceIsExactly2PlusOneBp(uint256,uint256): [0:01:20] solving 
queries: 1 / 2[2K[1A[2K[32m⠸[0m check_toleranceIsExactly2PlusOneBp(uint256,uint256): [0:01:20] solving 
queries: 1 / 2[2K[1A[2K[32m⠼[0m check_toleranceIsExactly2PlusOneBp(uint256,uint256): [0:01:20] solving 
queries: 1 / 2[2K[1A[2K[32m⠴[0m check_toleranceIsExactly2PlusOneBp(uint256,uint256): [0:01:20] solving 
queries: 1 / 2[2K[1A[2K[32m⠦[0m check_toleranceIsExactly2PlusOneBp(uint256,uint256): [0:01:20] solving 
queries: 1 / 2[2K[1A[2K[32m⠧[0m check_toleranceIsExactly2PlusOneBp(uint256,uint256): [0:01:20] solving 
queries: 1 / 2[2K[1A[2K[32m⠇[0m check_toleranceIsExactly2PlusOneBp(uint256,uint256): [0:01:20] solving 
queries: 1 / 2[2K[1A[2K[32m⠏[0m check_toleranceIsExactly2PlusOneBp(uint256,uint256): [0:01:20] solving 
queries: 1 / 2[2K[1A[2K[32m⠋[0m check_toleranceIsExactly2PlusOneBp(uint256,uint256): [0:01:21] solving 
queries: 1 / 2[2K[1A[2K[32m⠙[0m check_toleranceIsExactly2PlusOneBp(uint256,uint256): [0:01:21] solving 
queries: 1 / 2[2K[1A[2K[32m⠹[0m check_toleranceIsExactly2PlusOneBp(uint256,uint256): [0:01:21] solving 
queries: 1 / 2[2K[1A[2K[32m⠸[0m check_toleranceIsExactly2PlusOneBp(uint256,uint256): [0:01:21] solving 
queries: 1 / 2[2K[1A[2K[32m⠼[0m check_toleranceIsExactly2PlusOneBp(uint256,uint256): [0:01:21] solving 
queries: 1 / 2[2K[1A[2K[32m⠴[0m check_toleranceIsExactly2PlusOneBp(uint256,uint256): [0:01:21] solving 
queries: 1 / 2[2K[1A[2K[32m⠦[0m check_toleranceIsExactly2PlusOneBp(uint256,uint256): [0:01:21] solving 
queries: 1 / 2[2K[1A[2K[32m⠧[0m check_toleranceIsExactly2PlusOneBp(uint256,uint256): [0:01:21] solving 
queries: 1 / 2[2K[1A[2K[32m⠇[0m check_toleranceIsExactly2PlusOneBp(uint256,uint256): [0:01:21] solving 
queries: 1 / 2[2K[1A[2K[32m⠏[0m check_toleranceIsExactly2PlusOneBp(uint256,uint256): [0:01:21] solving 
queries: 1 / 2[2K[1A[2K[32m⠋[0m check_toleranceIsExactly2PlusOneBp(uint256,uint256): [0:01:21] solving 
queries: 1 / 2[2K[1A[2K[32m⠙[0m check_toleranceIsExactly2PlusOneBp(uint256,uint256): [0:01:21] solving 
queries: 1 / 2[2K[1A[2K[32m⠹[0m check_toleranceIsExactly2PlusOneBp(uint256,uint256): [0:01:22] solving 
queries: 1 / 2[2K[1A[2K[32m⠸[0m check_toleranceIsExactly2PlusOneBp(uint256,uint256): [0:01:22] solving 
queries: 1 / 2[2K[1A[2K[32m⠼[0m check_toleranceIsExactly2PlusOneBp(uint256,uint256): [0:01:22] solving 
queries: 1 / 2[2K[1A[2K[32m⠴[0m check_toleranceIsExactly2PlusOneBp(uint256,uint256): [0:01:22] solving 
queries: 1 / 2[2K[1A[2K[32m⠦[0m check_toleranceIsExactly2PlusOneBp(uint256,uint256): [0:01:22] solving 
queries: 1 / 2[2K[1A[2K[32m⠧[0m check_toleranceIsExactly2PlusOneBp(uint256,uint256): [0:01:22] solving 
queries: 1 / 2[2K[1A[2K[32m⠇[0m check_toleranceIsExactly2PlusOneBp(uint256,uint256): [0:01:22] solving 
queries: 1 / 2[2K[1A[2K[32m⠏[0m check_toleranceIsExactly2PlusOneBp(uint256,uint256): [0:01:22] solving 
queries: 1 / 2[2K[1A[2K[32m⠋[0m check_toleranceIsExactly2PlusOneBp(uint256,uint256): [0:01:22] solving 
queries: 1 / 2[2K[1A[2K[32m⠙[0m check_toleranceIsExactly2PlusOneBp(uint256,uint256): [0:01:22] solving 
queries: 1 / 2[2K[1A[2K[32m⠹[0m check_toleranceIsExactly2PlusOneBp(uint256,uint256): [0:01:22] solving 
queries: 1 / 2[2K[1A[2K[32m⠸[0m check_toleranceIsExactly2PlusOneBp(uint256,uint256): [0:01:22] solving 
queries: 1 / 2[2K[1A[2K[32m⠼[0m check_toleranceIsExactly2PlusOneBp(uint256,uint256): [0:01:22] solving 
queries: 1 / 2[2K[1A[2K[32m⠴[0m check_toleranceIsExactly2PlusOneBp(uint256,uint256): [0:01:23] solving 
queries: 1 / 2[2K[1A[2K[32m⠦[0m check_toleranceIsExactly2PlusOneBp(uint256,uint256): [0:01:23] solving 
queries: 1 / 2[2K[1A[2K[32m⠇[0m check_toleranceIsExactly2PlusOneBp(uint256,uint256): [0:01:23] solving 
queries: 1 / 2[2K[1A[2K[32m⠏[0m check_toleranceIsExactly2PlusOneBp(uint256,uint256): [0:01:23] solving 
queries: 1 / 2[2K[1A[2K[32m⠋[0m check_toleranceIsExactly2PlusOneBp(uint256,uint256): [0:01:23] solving 
queries: 1 / 2[2K[1A[2K[32m⠙[0m check_toleranceIsExactly2PlusOneBp(uint256,uint256): [0:01:23] solving 
queries: 1 / 2[2K[1A[2K[32m⠹[0m check_toleranceIsExactly2PlusOneBp(uint256,uint256): [0:01:23] solving 
queries: 1 / 2[2K[1A[2K[32m⠸[0m check_toleranceIsExactly2PlusOneBp(uint256,uint256): [0:01:23] solving 
queries: 1 / 2[2K[1A[2K[32m⠼[0m check_toleranceIsExactly2PlusOneBp(uint256,uint256): [0:01:23] solving 
queries: 1 / 2[2K[1A[2K[32m⠴[0m check_toleranceIsExactly2PlusOneBp(uint256,uint256): [0:01:23] solving 
queries: 1 / 2[2K[1A[2K[32m⠦[0m check_toleranceIsExactly2PlusOneBp(uint256,uint256): [0:01:23] solving 
queries: 1 / 2[2K[1A[2K[32m⠧[0m check_toleranceIsExactly2PlusOneBp(uint256,uint256): [0:01:23] solving 
queries: 1 / 2[2K[1A[2K[32m⠇[0m check_toleranceIsExactly2PlusOneBp(uint256,uint256): [0:01:24] solving 
queries: 1 / 2[2K[1A[2K[32m⠏[0m check_toleranceIsExactly2PlusOneBp(uint256,uint256): [0:01:24] solving 
queries: 1 / 2[2K[1A[2K[32m⠋[0m check_toleranceIsExactly2PlusOneBp(uint256,uint256): [0:01:24] solving 
queries: 1 / 2[2K[1A[2K[32m⠙[0m check_toleranceIsExactly2PlusOneBp(uint256,uint256): [0:01:24] solving 
queries: 1 / 2[2K[1A[2K[32m⠹[0m check_toleranceIsExactly2PlusOneBp(uint256,uint256): [0:01:24] solving 
queries: 1 / 2[2K[1A[2K[32m⠸[0m check_toleranceIsExactly2PlusOneBp(uint256,uint256): [0:01:24] solving 
queries: 1 / 2[2K[1A[2K[32m⠼[0m check_toleranceIsExactly2PlusOneBp(uint256,uint256): [0:01:24] solving 
queries: 1 / 2[2K[1A[2K[32m⠴[0m check_toleranceIsExactly2PlusOneBp(uint256,uint256): [0:01:24] solving 
queries: 1 / 2[2K[1A[2K[32m⠦[0m check_toleranceIsExactly2PlusOneBp(uint256,uint256): [0:01:24] solving 
queries: 1 / 2[2K[1A[2K[32m⠧[0m check_toleranceIsExactly2PlusOneBp(uint256,uint256): [0:01:24] solving 
queries: 1 / 2[2K[1A[2K[32m⠇[0m check_toleranceIsExactly2PlusOneBp(uint256,uint256): [0:01:24] solving 
queries: 1 / 2[2K[1A[2K[32m⠏[0m check_toleranceIsExactly2PlusOneBp(uint256,uint256): [0:01:24] solving 
queries: 1 / 2[2K[1A[2K[32m⠋[0m check_toleranceIsExactly2PlusOneBp(uint256,uint256): [0:01:24] solving 
queries: 1 / 2[2K[1A[2K[32m⠙[0m check_toleranceIsExactly2PlusOneBp(uint256,uint256): [0:01:25] solving 
queries: 1 / 2[2K[1A[2K[32m⠹[0m check_toleranceIsExactly2PlusOneBp(uint256,uint256): [0:01:25] solving 
queries: 1 / 2[2K[1A[2K[32m⠸[0m check_toleranceIsExactly2PlusOneBp(uint256,uint256): [0:01:25] solving 
queries: 1 / 2[2K[1A[2K[32m⠼[0m check_toleranceIsExactly2PlusOneBp(uint256,uint256): [0:01:25] solving 
queries: 1 / 2[2K[1A[2K[32m⠴[0m check_toleranceIsExactly2PlusOneBp(uint256,uint256): [0:01:25] solving 
queries: 1 / 2[2K[1A[2K[32m⠦[0m check_toleranceIsExactly2PlusOneBp(uint256,uint256): [0:01:25] solving 
queries: 1 / 2[2K[1A[2K[32m⠧[0m check_toleranceIsExactly2PlusOneBp(uint256,uint256): [0:01:25] solving 
queries: 1 / 2[2K[1A[2K[32m⠇[0m check_toleranceIsExactly2PlusOneBp(uint256,uint256): [0:01:25] solving 
queries: 1 / 2[2K[1A[2K[32m⠏[0m check_toleranceIsExactly2PlusOneBp(uint256,uint256): [0:01:25] solving 
queries: 1 / 2[2K[1A[2K[32m⠋[0m check_toleranceIsExactly2PlusOneBp(uint256,uint256): [0:01:25] solving 
queries: 1 / 2[2K[1A[2K[32m⠙[0m check_toleranceIsExactly2PlusOneBp(uint256,uint256): [0:01:25] solving 
queries: 1 / 2[2K[1A[2K[32m⠹[0m check_toleranceIsExactly2PlusOneBp(uint256,uint256): [0:01:25] solving 
queries: 1 / 2[2K[1A[2K[32m⠸[0m check_toleranceIsExactly2PlusOneBp(uint256,uint256): [0:01:26] solving 
queries: 1 / 2[2K[1A[2K[32m⠼[0m check_toleranceIsExactly2PlusOneBp(uint256,uint256): [0:01:26] solving 
queries: 1 / 2[2K[1A[2K[32m⠴[0m check_toleranceIsExactly2PlusOneBp(uint256,uint256): [0:01:26] solving 
queries: 1 / 2[2K[1A[2K[32m⠦[0m check_toleranceIsExactly2PlusOneBp(uint256,uint256): [0:01:26] solving 
queries: 1 / 2[2K[1A[2K[32m⠧[0m check_toleranceIsExactly2PlusOneBp(uint256,uint256): [0:01:26] solving 
queries: 1 / 2[2K[1A[2K[32m⠇[0m check_toleranceIsExactly2PlusOneBp(uint256,uint256): [0:01:26] solving 
queries: 1 / 2[2K[1A[2K[32m⠏[0m check_toleranceIsExactly2PlusOneBp(uint256,uint256): [0:01:26] solving 
queries: 1 / 2[2K[1A[2K[32m⠋[0m check_toleranceIsExactly2PlusOneBp(uint256,uint256): [0:01:26] solving 
queries: 1 / 2[2K[1A[2K[32m⠙[0m check_toleranceIsExactly2PlusOneBp(uint256,uint256): [0:01:26] solving 
queries: 1 / 2[2K[1A[2K[32m⠹[0m check_toleranceIsExactly2PlusOneBp(uint256,uint256): [0:01:26] solving 
queries: 1 / 2[2K[1A[2K[32m⠸[0m check_toleranceIsExactly2PlusOneBp(uint256,uint256): [0:01:26] solving 
queries: 1 / 2[2K[1A[2K[32m⠼[0m check_toleranceIsExactly2PlusOneBp(uint256,uint256): [0:01:26] solving 
queries: 1 / 2[2K[1A[2K[32m⠴[0m check_toleranceIsExactly2PlusOneBp(uint256,uint256): [0:01:27] solving 
queries: 1 / 2[2K[1A[2K[32m⠦[0m check_toleranceIsExactly2PlusOneBp(uint256,uint256): [0:01:27] solving 
queries: 1 / 2[2K[1A[2K[32m⠧[0m check_toleranceIsExactly2PlusOneBp(uint256,uint256): [0:01:27] solving 
queries: 1 / 2[2K[1A[2K[32m⠇[0m check_toleranceIsExactly2PlusOneBp(uint256,uint256): [0:01:27] solving 
queries: 1 / 2[2K[1A[2K[32m⠏[0m check_toleranceIsExactly2PlusOneBp(uint256,uint256): [0:01:27] solving 
queries: 1 / 2[2K[1A[2K[32m⠋[0m check_toleranceIsExactly2PlusOneBp(uint256,uint256): [0:01:27] solving 
queries: 1 / 2[2K[1A[2K[32m⠙[0m check_toleranceIsExactly2PlusOneBp(uint256,uint256): [0:01:27] solving 
queries: 1 / 2[2K[1A[2K[32m⠹[0m check_toleranceIsExactly2PlusOneBp(uint256,uint256): [0:01:27] solving 
queries: 1 / 2[2K[1A[2K[32m⠸[0m check_toleranceIsExactly2PlusOneBp(uint256,uint256): [0:01:27] solving 
queries: 1 / 2[2K[1A[2K[32m⠼[0m check_toleranceIsExactly2PlusOneBp(uint256,uint256): [0:01:27] solving 
queries: 1 / 2[2K[1A[2K[32m⠴[0m check_toleranceIsExactly2PlusOneBp(uint256,uint256): [0:01:27] solving 
queries: 1 / 2[2K[1A[2K[32m⠦[0m check_toleranceIsExactly2PlusOneBp(uint256,uint256): [0:01:27] solving 
queries: 1 / 2[2K[1A[2K[32m⠧[0m check_toleranceIsExactly2PlusOneBp(uint256,uint256): [0:01:27] solving 
queries: 1 / 2[2K[1A[2K[32m⠇[0m check_toleranceIsExactly2PlusOneBp(uint256,uint256): [0:01:28] solving 
queries: 1 / 2[2K[1A[2K[32m⠏[0m check_toleranceIsExactly2PlusOneBp(uint256,uint256): [0:01:28] solving 
queries: 1 / 2[2K[1A[2K[32m⠋[0m check_toleranceIsExactly2PlusOneBp(uint256,uint256): [0:01:28] solving 
queries: 1 / 2[2K[1A[2K[32m⠙[0m check_toleranceIsExactly2PlusOneBp(uint256,uint256): [0:01:28] solving 
queries: 1 / 2[2K[1A[2K[32m⠹[0m check_toleranceIsExactly2PlusOneBp(uint256,uint256): [0:01:28] solving 
queries: 1 / 2[2K[1A[2K[32m⠸[0m check_toleranceIsExactly2PlusOneBp(uint256,uint256): [0:01:28] solving 
queries: 1 / 2[2K[1A[2K[32m⠼[0m check_toleranceIsExactly2PlusOneBp(uint256,uint256): [0:01:28] solving 
queries: 1 / 2[2K[1A[2K[32m⠴[0m check_toleranceIsExactly2PlusOneBp(uint256,uint256): [0:01:28] solving 
queries: 1 / 2[2K[1A[2K[32m⠦[0m check_toleranceIsExactly2PlusOneBp(uint256,uint256): [0:01:28] solving 
queries: 1 / 2[2K[1A[2K[32m⠧[0m check_toleranceIsExactly2PlusOneBp(uint256,uint256): [0:01:28] solving 
queries: 1 / 2[2K[1A[2K[32m⠇[0m check_toleranceIsExactly2PlusOneBp(uint256,uint256): [0:01:28] solving 
queries: 1 / 2[2K[1A[2K[32m⠏[0m check_toleranceIsExactly2PlusOneBp(uint256,uint256): [0:01:28] solving 
queries: 1 / 2[2K[1A[2K[32m⠋[0m check_toleranceIsExactly2PlusOneBp(uint256,uint256): [0:01:29] solving 
queries: 1 / 2[2K[1A[2K[32m⠙[0m check_toleranceIsExactly2PlusOneBp(uint256,uint256): [0:01:29] solving 
queries: 1 / 2[2K[1A[2K[32m⠹[0m check_toleranceIsExactly2PlusOneBp(uint256,uint256): [0:01:29] solving 
queries: 1 / 2[2K[1A[2K[32m⠸[0m check_toleranceIsExactly2PlusOneBp(uint256,uint256): [0:01:29] solving 
queries: 1 / 2[2K[1A[2K[32m⠼[0m check_toleranceIsExactly2PlusOneBp(uint256,uint256): [0:01:29] solving 
queries: 1 / 2[2K[1A[2K[32m⠴[0m check_toleranceIsExactly2PlusOneBp(uint256,uint256): [0:01:29] solving 
queries: 1 / 2[2K[1A[2K[32m⠦[0m check_toleranceIsExactly2PlusOneBp(uint256,uint256): [0:01:29] solving 
queries: 1 / 2[2K[1A[2K[32m⠧[0m check_toleranceIsExactly2PlusOneBp(uint256,uint256): [0:01:29] solving 
queries: 1 / 2[2K[1A[2K[32m⠇[0m check_toleranceIsExactly2PlusOneBp(uint256,uint256): [0:01:29] solving 
queries: 1 / 2[2K[1A[2K[32m⠏[0m check_toleranceIsExactly2PlusOneBp(uint256,uint256): [0:01:29] solving 
queries: 1 / 2[2K[1A[2K[32m⠋[0m check_toleranceIsExactly2PlusOneBp(uint256,uint256): [0:01:29] solving 
queries: 1 / 2[2K[1A[2K[32m⠙[0m check_toleranceIsExactly2PlusOneBp(uint256,uint256): [0:01:29] solving 
queries: 1 / 2[2K[1A[2K[32m⠹[0m check_toleranceIsExactly2PlusOneBp(uint256,uint256): [0:01:29] solving 
queries: 1 / 2[2K[1A[2K[32m⠸[0m check_toleranceIsExactly2PlusOneBp(uint256,uint256): [0:01:30] solving 
queries: 1 / 2[2K[1A[2K[32m⠼[0m check_toleranceIsExactly2PlusOneBp(uint256,uint256): [0:01:30] solving 
queries: 1 / 2[2K[1A[2K[32m⠴[0m check_toleranceIsExactly2PlusOneBp(uint256,uint256): [0:01:30] solving 
queries: 1 / 2[2K[1A[2K[32m⠦[0m check_toleranceIsExactly2PlusOneBp(uint256,uint256): [0:01:30] solving 
queries: 1 / 2[2K[1A[2K[32m⠧[0m check_toleranceIsExactly2PlusOneBp(uint256,uint256): [0:01:30] solving 
queries: 1 / 2[2K[1A[2K[32m⠇[0m check_toleranceIsExactly2PlusOneBp(uint256,uint256): [0:01:30] solving 
queries: 1 / 2[2K[1A[2K[32m⠏[0m check_toleranceIsExactly2PlusOneBp(uint256,uint256): [0:01:30] solving 
queries: 1 / 2[2K[1A[2K[32m⠋[0m check_toleranceIsExactly2PlusOneBp(uint256,uint256): [0:01:30] solving 
queries: 1 / 2[2K[1A[2K[32m⠙[0m check_toleranceIsExactly2PlusOneBp(uint256,uint256): [0:01:30] solving 
queries: 1 / 2[2K[1A[2K[32m⠹[0m check_toleranceIsExactly2PlusOneBp(uint256,uint256): [0:01:30] solving 
queries: 1 / 2[2K[1A[2K[32m⠸[0m check_toleranceIsExactly2PlusOneBp(uint256,uint256): [0:01:30] solving 
queries: 1 / 2[2K[1A[2K[32m⠼[0m check_toleranceIsExactly2PlusOneBp(uint256,uint256): [0:01:30] solving 
queries: 1 / 2[2K[1A[2K[32m⠴[0m check_toleranceIsExactly2PlusOneBp(uint256,uint256): [0:01:31] solving 
queries: 1 / 2[2K[1A[2K[32m⠦[0m check_toleranceIsExactly2PlusOneBp(uint256,uint256): [0:01:31] solving 
queries: 1 / 2[2K[1A[2K[32m⠧[0m check_toleranceIsExactly2PlusOneBp(uint256,uint256): [0:01:31] solving 
queries: 1 / 2[2K[1A[2K[32m⠇[0m check_toleranceIsExactly2PlusOneBp(uint256,uint256): [0:01:31] solving 
queries: 1 / 2[2K[1A[2K[32m⠏[0m check_toleranceIsExactly2PlusOneBp(uint256,uint256): [0:01:31] solving 
queries: 1 / 2[2K[1A[2K[32m⠋[0m check_toleranceIsExactly2PlusOneBp(uint256,uint256): [0:01:31] solving 
queries: 1 / 2[2K[1A[2K[32m⠙[0m check_toleranceIsExactly2PlusOneBp(uint256,uint256): [0:01:31] solving 
queries: 1 / 2[2K[1A[2K[32m⠹[0m check_toleranceIsExactly2PlusOneBp(uint256,uint256): [0:01:31] solving 
queries: 1 / 2[2K[1A[2K[32m⠸[0m check_toleranceIsExactly2PlusOneBp(uint256,uint256): [0:01:31] solving 
queries: 1 / 2[2K[1A[2K[32m⠼[0m check_toleranceIsExactly2PlusOneBp(uint256,uint256): [0:01:31] solving 
queries: 1 / 2[2K[1A[2K[32m⠴[0m check_toleranceIsExactly2PlusOneBp(uint256,uint256): [0:01:31] solving 
queries: 1 / 2[2K[1A[2K[32m⠦[0m check_toleranceIsExactly2PlusOneBp(uint256,uint256): [0:01:31] solving 
queries: 1 / 2[2K[1A[2K[32m⠧[0m check_toleranceIsExactly2PlusOneBp(uint256,uint256): [0:01:31] solving 
queries: 1 / 2[2K[1A[2K[32m⠇[0m check_toleranceIsExactly2PlusOneBp(uint256,uint256): [0:01:32] solving 
queries: 1 / 2[2K[1A[2K[32m⠏[0m check_toleranceIsExactly2PlusOneBp(uint256,uint256): [0:01:32] solving 
queries: 1 / 2[2K[1A[2K[32m⠋[0m check_toleranceIsExactly2PlusOneBp(uint256,uint256): [0:01:32] solving 
queries: 1 / 2[2K[1A[2K[32m⠙[0m check_toleranceIsExactly2PlusOneBp(uint256,uint256): [0:01:32] solving 
queries: 1 / 2[2K[1A[2K[32m⠹[0m check_toleranceIsExactly2PlusOneBp(uint256,uint256): [0:01:32] solving 
queries: 1 / 2[2K[1A[2K[32m⠸[0m check_toleranceIsExactly2PlusOneBp(uint256,uint256): [0:01:32] solving 
queries: 1 / 2[2K[1A[2K[32m⠼[0m check_toleranceIsExactly2PlusOneBp(uint256,uint256): [0:01:32] solving 
queries: 1 / 2[2K[1A[2K[32m⠴[0m check_toleranceIsExactly2PlusOneBp(uint256,uint256): [0:01:32] solving 
queries: 1 / 2[2K[1A[2K[32m⠦[0m check_toleranceIsExactly2PlusOneBp(uint256,uint256): [0:01:32] solving 
queries: 1 / 2[2K[1A[2K[32m⠧[0m check_toleranceIsExactly2PlusOneBp(uint256,uint256): [0:01:32] solving 
queries: 1 / 2[2K[1A[2K[32m⠇[0m check_toleranceIsExactly2PlusOneBp(uint256,uint256): [0:01:32] solving 
queries: 1 / 2[2K[1A[2K[32m⠏[0m check_toleranceIsExactly2PlusOneBp(uint256,uint256): [0:01:32] solving 
queries: 1 / 2[2K[1A[2K[32m⠋[0m check_toleranceIsExactly2PlusOneBp(uint256,uint256): [0:01:33] solving 
queries: 1 / 2[2K[1A[2K[32m⠙[0m check_toleranceIsExactly2PlusOneBp(uint256,uint256): [0:01:33] solving 
queries: 1 / 2[2K[1A[2K[32m⠹[0m check_toleranceIsExactly2PlusOneBp(uint256,uint256): [0:01:33] solving 
queries: 1 / 2[2K[1A[2K[32m⠸[0m check_toleranceIsExactly2PlusOneBp(uint256,uint256): [0:01:33] solving 
queries: 1 / 2[2K[1A[2K[32m⠼[0m check_toleranceIsExactly2PlusOneBp(uint256,uint256): [0:01:33] solving 
queries: 1 / 2[2K[1A[2K[32m⠴[0m check_toleranceIsExactly2PlusOneBp(uint256,uint256): [0:01:33] solving 
queries: 1 / 2[2K[1A[2K[32m⠦[0m check_toleranceIsExactly2PlusOneBp(uint256,uint256): [0:01:33] solving 
queries: 1 / 2[2K[1A[2K[32m⠧[0m check_toleranceIsExactly2PlusOneBp(uint256,uint256): [0:01:33] solving 
queries: 1 / 2[2K[1A[2K[32m⠇[0m check_toleranceIsExactly2PlusOneBp(uint256,uint256): [0:01:33] solving 
queries: 1 / 2[2K[1A[2K[32m⠏[0m check_toleranceIsExactly2PlusOneBp(uint256,uint256): [0:01:33] solving 
queries: 1 / 2[2K[1A[2K[32m⠋[0m check_toleranceIsExactly2PlusOneBp(uint256,uint256): [0:01:33] solving 
queries: 1 / 2[2K[1A[2K[32m⠙[0m check_toleranceIsExactly2PlusOneBp(uint256,uint256): [0:01:33] solving 
queries: 1 / 2[2K[1A[2K[32m⠹[0m check_toleranceIsExactly2PlusOneBp(uint256,uint256): [0:01:33] solving 
queries: 1 / 2[2K[1A[2K[32m⠸[0m check_toleranceIsExactly2PlusOneBp(uint256,uint256): [0:01:34] solving 
queries: 1 / 2[2K[1A[2K[32m⠼[0m check_toleranceIsExactly2PlusOneBp(uint256,uint256): [0:01:34] solving 
queries: 1 / 2[2K[1A[2K[32m⠴[0m check_toleranceIsExactly2PlusOneBp(uint256,uint256): [0:01:34] solving 
queries: 1 / 2[2K[1A[2K[32m⠦[0m check_toleranceIsExactly2PlusOneBp(uint256,uint256): [0:01:34] solving 
queries: 1 / 2[2K[1A[2K[32m⠧[0m check_toleranceIsExactly2PlusOneBp(uint256,uint256): [0:01:34] solving 
queries: 1 / 2[2K[1A[2K[32m⠇[0m check_toleranceIsExactly2PlusOneBp(uint256,uint256): [0:01:34] solving 
queries: 1 / 2[2K[1A[2K[32m⠏[0m check_toleranceIsExactly2PlusOneBp(uint256,uint256): [0:01:34] solving 
queries: 1 / 2[2K[1A[2K[32m⠋[0m check_toleranceIsExactly2PlusOneBp(uint256,uint256): [0:01:34] solving 
queries: 1 / 2[2K[1A[2K[32m⠙[0m check_toleranceIsExactly2PlusOneBp(uint256,uint256): [0:01:34] solving 
queries: 1 / 2[2K[1A[2K[32m⠹[0m check_toleranceIsExactly2PlusOneBp(uint256,uint256): [0:01:34] solving 
queries: 1 / 2[2K[1A[2K[32m⠸[0m check_toleranceIsExactly2PlusOneBp(uint256,uint256): [0:01:34] solving 
queries: 1 / 2[2K[1A[2K[32m⠼[0m check_toleranceIsExactly2PlusOneBp(uint256,uint256): [0:01:34] solving 
queries: 1 / 2[2K[1A[2K[32m⠴[0m check_toleranceIsExactly2PlusOneBp(uint256,uint256): [0:01:35] solving 
queries: 1 / 2[2K[1A[2K[32m⠦[0m check_toleranceIsExactly2PlusOneBp(uint256,uint256): [0:01:35] solving 
queries: 1 / 2[2K[1A[2K[32m⠧[0m check_toleranceIsExactly2PlusOneBp(uint256,uint256): [0:01:35] solving 
queries: 1 / 2[2K[1A[2K[32m⠇[0m check_toleranceIsExactly2PlusOneBp(uint256,uint256): [0:01:35] solving 
queries: 1 / 2[2K[1A[2K[32m⠏[0m check_toleranceIsExactly2PlusOneBp(uint256,uint256): [0:01:35] solving 
queries: 1 / 2[2K[1A[2K[32m⠋[0m check_toleranceIsExactly2PlusOneBp(uint256,uint256): [0:01:35] solving 
queries: 1 / 2[2K[1A[2K[32m⠙[0m check_toleranceIsExactly2PlusOneBp(uint256,uint256): [0:01:35] solving 
queries: 1 / 2[2K[1A[2K[32m⠹[0m check_toleranceIsExactly2PlusOneBp(uint256,uint256): [0:01:35] solving 
queries: 1 / 2[2K[1A[2K[32m⠸[0m check_toleranceIsExactly2PlusOneBp(uint256,uint256): [0:01:35] solving 
queries: 1 / 2[2K[1A[2K[32m⠼[0m check_toleranceIsExactly2PlusOneBp(uint256,uint256): [0:01:35] solving 
queries: 1 / 2[2K[1A[2K[32m⠴[0m check_toleranceIsExactly2PlusOneBp(uint256,uint256): [0:01:35] solving 
queries: 1 / 2[2K[1A[2K[32m⠦[0m check_toleranceIsExactly2PlusOneBp(uint256,uint256): [0:01:35] solving 
queries: 1 / 2[2K[1A[2K[32m⠧[0m check_toleranceIsExactly2PlusOneBp(uint256,uint256): [0:01:35] solving 
queries: 1 / 2[2K[1A[2K[32m⠇[0m check_toleranceIsExactly2PlusOneBp(uint256,uint256): [0:01:36] solving 
queries: 1 / 2[2K[1A[2K[32m⠏[0m check_toleranceIsExactly2PlusOneBp(uint256,uint256): [0:01:36] solving 
queries: 1 / 2[2K[1A[2K[32m⠋[0m check_toleranceIsExactly2PlusOneBp(uint256,uint256): [0:01:36] solving 
queries: 1 / 2[2K[1A[2K[32m⠙[0m check_toleranceIsExactly2PlusOneBp(uint256,uint256): [0:01:36] solving 
queries: 1 / 2[2K[1A[2K[32m⠹[0m check_toleranceIsExactly2PlusOneBp(uint256,uint256): [0:01:36] solving 
queries: 1 / 2[2K[1A[2K[32m⠸[0m check_toleranceIsExactly2PlusOneBp(uint256,uint256): [0:01:36] solving 
queries: 1 / 2[2K[1A[2K[32m⠼[0m check_toleranceIsExactly2PlusOneBp(uint256,uint256): [0:01:36] solving 
queries: 1 / 2[2K[1A[2K[32m⠴[0m check_toleranceIsExactly2PlusOneBp(uint256,uint256): [0:01:36] solving 
queries: 1 / 2[2K[1A[2K[32m⠦[0m check_toleranceIsExactly2PlusOneBp(uint256,uint256): [0:01:36] solving 
queries: 1 / 2[2K[1A[2K[32m⠧[0m check_toleranceIsExactly2PlusOneBp(uint256,uint256): [0:01:36] solving 
queries: 1 / 2[2K[1A[2K[32m⠇[0m check_toleranceIsExactly2PlusOneBp(uint256,uint256): [0:01:36] solving 
queries: 1 / 2[2K[1A[2K[32m⠏[0m check_toleranceIsExactly2PlusOneBp(uint256,uint256): [0:01:36] solving 
queries: 1 / 2[2K[1A[2K[32m⠋[0m check_toleranceIsExactly2PlusOneBp(uint256,uint256): [0:01:37] solving 
queries: 1 / 2[2K[1A[2K[32m⠙[0m check_toleranceIsExactly2PlusOneBp(uint256,uint256): [0:01:37] solving 
queries: 1 / 2[2K[1A[2K[32m⠹[0m check_toleranceIsExactly2PlusOneBp(uint256,uint256): [0:01:37] solving 
queries: 1 / 2[2K[1A[2K[32m⠸[0m check_toleranceIsExactly2PlusOneBp(uint256,uint256): [0:01:37] solving 
queries: 1 / 2[2K[1A[2K[32m⠼[0m check_toleranceIsExactly2PlusOneBp(uint256,uint256): [0:01:37] solving 
queries: 1 / 2[2K[1A[2K[32m⠴[0m check_toleranceIsExactly2PlusOneBp(uint256,uint256): [0:01:37] solving 
queries: 1 / 2[2K[1A[2K[32m⠦[0m check_toleranceIsExactly2PlusOneBp(uint256,uint256): [0:01:37] solving 
queries: 1 / 2[2K[1A[2K[32m⠧[0m check_toleranceIsExactly2PlusOneBp(uint256,uint256): [0:01:37] solving 
queries: 1 / 2[2K[1A[2K[32m⠇[0m check_toleranceIsExactly2PlusOneBp(uint256,uint256): [0:01:37] solving 
queries: 1 / 2[2K[1A[2K[32m⠏[0m check_toleranceIsExactly2PlusOneBp(uint256,uint256): [0:01:37] solving 
queries: 1 / 2[2K[1A[2K[32m⠋[0m check_toleranceIsExactly2PlusOneBp(uint256,uint256): [0:01:37] solving 
queries: 1 / 2[2K[1A[2K[32m⠙[0m check_toleranceIsExactly2PlusOneBp(uint256,uint256): [0:01:37] solving 
queries: 1 / 2[2K[1A[2K[32m⠹[0m check_toleranceIsExactly2PlusOneBp(uint256,uint256): [0:01:37] solving 
queries: 1 / 2[2K[1A[2K[32m⠸[0m check_toleranceIsExactly2PlusOneBp(uint256,uint256): [0:01:38] solving 
queries: 1 / 2[2K[1A[2K[32m⠼[0m check_toleranceIsExactly2PlusOneBp(uint256,uint256): [0:01:38] solving 
queries: 1 / 2[2K[1A[2K[32m⠴[0m check_toleranceIsExactly2PlusOneBp(uint256,uint256): [0:01:38] solving 
queries: 1 / 2[2K[1A[2K[32m⠦[0m check_toleranceIsExactly2PlusOneBp(uint256,uint256): [0:01:38] solving 
queries: 1 / 2[2K[1A[2K[32m⠧[0m check_toleranceIsExactly2PlusOneBp(uint256,uint256): [0:01:38] solving 
queries: 1 / 2[2K[1A[2K[32m⠇[0m check_toleranceIsExactly2PlusOneBp(uint256,uint256): [0:01:38] solving 
queries: 1 / 2[2K[1A[2K[32m⠋[0m check_toleranceIsExactly2PlusOneBp(uint256,uint256): [0:01:38] solving 
queries: 1 / 2[2K[1A[2K[32m⠙[0m check_toleranceIsExactly2PlusOneBp(uint256,uint256): [0:01:38] solving 
queries: 1 / 2[2K[1A[2K[32m⠹[0m check_toleranceIsExactly2PlusOneBp(uint256,uint256): [0:01:38] solving 
queries: 1 / 2[2K[1A[2K[32m⠸[0m check_toleranceIsExactly2PlusOneBp(uint256,uint256): [0:01:38] solving 
queries: 1 / 2[2K[1A[2K[32m⠼[0m check_toleranceIsExactly2PlusOneBp(uint256,uint256): [0:01:38] solving 
queries: 1 / 2[2K[1A[2K[32m⠴[0m check_toleranceIsExactly2PlusOneBp(uint256,uint256): [0:01:38] solving 
queries: 1 / 2[2K[1A[2K[32m⠦[0m check_toleranceIsExactly2PlusOneBp(uint256,uint256): [0:01:39] solving 
queries: 1 / 2[2K[1A[2K[32m⠧[0m check_toleranceIsExactly2PlusOneBp(uint256,uint256): [0:01:39] solving 
queries: 1 / 2[2K[1A[2K[32m⠇[0m check_toleranceIsExactly2PlusOneBp(uint256,uint256): [0:01:39] solving 
queries: 1 / 2[2K[1A[2K[32m⠏[0m check_toleranceIsExactly2PlusOneBp(uint256,uint256): [0:01:39] solving 
queries: 1 / 2[2K[1A[2K[32m⠋[0m check_toleranceIsExactly2PlusOneBp(uint256,uint256): [0:01:39] solving 
queries: 1 / 2[2K[1A[2K[32m⠙[0m check_toleranceIsExactly2PlusOneBp(uint256,uint256): [0:01:39] solving 
queries: 1 / 2[2K[1A[2K[32m⠹[0m check_toleranceIsExactly2PlusOneBp(uint256,uint256): [0:01:39] solving 
queries: 1 / 2[2K[1A[2K[32m⠸[0m check_toleranceIsExactly2PlusOneBp(uint256,uint256): [0:01:39] solving 
queries: 1 / 2[2K[1A[2K[32m⠼[0m check_toleranceIsExactly2PlusOneBp(uint256,uint256): [0:01:39] solving 
queries: 1 / 2[2K[1A[2K[32m⠴[0m check_toleranceIsExactly2PlusOneBp(uint256,uint256): [0:01:39] solving 
queries: 1 / 2[2K[1A[2K[32m⠦[0m check_toleranceIsExactly2PlusOneBp(uint256,uint256): [0:01:39] solving 
queries: 1 / 2[2K[1A[2K[32m⠧[0m check_toleranceIsExactly2PlusOneBp(uint256,uint256): [0:01:39] solving 
queries: 1 / 2[2K[1A[2K[32m⠇[0m check_toleranceIsExactly2PlusOneBp(uint256,uint256): [0:01:40] solving 
queries: 1 / 2[2K[1A[2K[32m⠏[0m check_toleranceIsExactly2PlusOneBp(uint256,uint256): [0:01:40] solving 
queries: 1 / 2[2K[1A[2K[32m⠋[0m check_toleranceIsExactly2PlusOneBp(uint256,uint256): [0:01:40] solving 
queries: 1 / 2[2K[1A[2K[32m⠙[0m check_toleranceIsExactly2PlusOneBp(uint256,uint256): [0:01:40] solving 
queries: 1 / 2[2K[1A[2K[32m⠹[0m check_toleranceIsExactly2PlusOneBp(uint256,uint256): [0:01:40] solving 
queries: 1 / 2[2K[1A[2K[32m⠸[0m check_toleranceIsExactly2PlusOneBp(uint256,uint256): [0:01:40] solving 
queries: 1 / 2[2K[1A[2K[32m⠼[0m check_toleranceIsExactly2PlusOneBp(uint256,uint256): [0:01:40] solving 
queries: 1 / 2[2K[1A[2K[32m⠴[0m check_toleranceIsExactly2PlusOneBp(uint256,uint256): [0:01:40] solving 
queries: 1 / 2[2K[1A[2K[32m⠦[0m check_toleranceIsExactly2PlusOneBp(uint256,uint256): [0:01:40] solving 
queries: 1 / 2[2K[1A[2K[32m⠧[0m check_toleranceIsExactly2PlusOneBp(uint256,uint256): [0:01:40] solving 
queries: 1 / 2[2K[1A[2K[32m⠇[0m check_toleranceIsExactly2PlusOneBp(uint256,uint256): [0:01:40] solving 
queries: 1 / 2[2K[1A[2K[32m⠏[0m check_toleranceIsExactly2PlusOneBp(uint256,uint256): [0:01:40] solving 
queries: 1 / 2[2K[1A[2K[32m⠋[0m check_toleranceIsExactly2PlusOneBp(uint256,uint256): [0:01:40] solving 
queries: 1 / 2[2K[1A[2K[32m⠙[0m check_toleranceIsExactly2PlusOneBp(uint256,uint256): [0:01:41] solving 
queries: 1 / 2[2K[1A[2K[32m⠹[0m check_toleranceIsExactly2PlusOneBp(uint256,uint256): [0:01:41] solving 
queries: 1 / 2[2K[1A[2K[32m⠸[0m check_toleranceIsExactly2PlusOneBp(uint256,uint256): [0:01:41] solving 
queries: 1 / 2[2K[1A[2K[32m⠼[0m check_toleranceIsExactly2PlusOneBp(uint256,uint256): [0:01:41] solving 
queries: 1 / 2[2K[1A[2K[32m⠴[0m check_toleranceIsExactly2PlusOneBp(uint256,uint256): [0:01:41] solving 
queries: 1 / 2[2K[1A[2K[32m⠦[0m check_toleranceIsExactly2PlusOneBp(uint256,uint256): [0:01:41] solving 
queries: 1 / 2[2K[1A[2K[32m⠧[0m check_toleranceIsExactly2PlusOneBp(uint256,uint256): [0:01:41] solving 
queries: 1 / 2[2K[1A[2K[32m⠇[0m check_toleranceIsExactly2PlusOneBp(uint256,uint256): [0:01:41] solving 
queries: 1 / 2[2K[1A[2K[32m⠏[0m check_toleranceIsExactly2PlusOneBp(uint256,uint256): [0:01:41] solving 
queries: 1 / 2[2K[1A[2K[32m⠋[0m check_toleranceIsExactly2PlusOneBp(uint256,uint256): [0:01:41] solving 
queries: 1 / 2[2K[1A[2K[32m⠙[0m check_toleranceIsExactly2PlusOneBp(uint256,uint256): [0:01:41] solving 
queries: 1 / 2[2K[1A[2K[32m⠹[0m check_toleranceIsExactly2PlusOneBp(uint256,uint256): [0:01:41] solving 
queries: 1 / 2[2K[1A[2K[32m⠸[0m check_toleranceIsExactly2PlusOneBp(uint256,uint256): [0:01:42] solving 
queries: 1 / 2[2K[1A[2K[32m⠼[0m check_toleranceIsExactly2PlusOneBp(uint256,uint256): [0:01:42] solving 
queries: 1 / 2[2K[1A[2K[32m⠴[0m check_toleranceIsExactly2PlusOneBp(uint256,uint256): [0:01:42] solving 
queries: 1 / 2[2K[1A[2K[32m⠦[0m check_toleranceIsExactly2PlusOneBp(uint256,uint256): [0:01:42] solving 
queries: 1 / 2[2K[1A[2K[32m⠧[0m check_toleranceIsExactly2PlusOneBp(uint256,uint256): [0:01:42] solving 
queries: 1 / 2[2K[1A[2K[32m⠇[0m check_toleranceIsExactly2PlusOneBp(uint256,uint256): [0:01:42] solving 
queries: 1 / 2[2K[1A[2K[32m⠏[0m check_toleranceIsExactly2PlusOneBp(uint256,uint256): [0:01:42] solving 
queries: 1 / 2[2K[1A[2K[32m⠋[0m check_toleranceIsExactly2PlusOneBp(uint256,uint256): [0:01:42] solving 
queries: 1 / 2[2K[1A[2K[32m⠙[0m check_toleranceIsExactly2PlusOneBp(uint256,uint256): [0:01:42] solving 
queries: 1 / 2[2K[1A[2K[32m⠹[0m check_toleranceIsExactly2PlusOneBp(uint256,uint256): [0:01:42] solving 
queries: 1 / 2[2K[1A[2K[32m⠸[0m check_toleranceIsExactly2PlusOneBp(uint256,uint256): [0:01:42] solving 
queries: 1 / 2[2K[1A[2K[32m⠼[0m check_toleranceIsExactly2PlusOneBp(uint256,uint256): [0:01:42] solving 
queries: 1 / 2[2K[1A[2K[32m⠴[0m check_toleranceIsExactly2PlusOneBp(uint256,uint256): [0:01:42] solving 
queries: 1 / 2[2K[1A[2K[32m⠦[0m check_toleranceIsExactly2PlusOneBp(uint256,uint256): [0:01:43] solving 
queries: 1 / 2[2K[1A[2K[32m⠧[0m check_toleranceIsExactly2PlusOneBp(uint256,uint256): [0:01:43] solving 
queries: 1 / 2[2K[1A[2K[32m⠇[0m check_toleranceIsExactly2PlusOneBp(uint256,uint256): [0:01:43] solving 
queries: 1 / 2[2K[1A[2K[32m⠏[0m check_toleranceIsExactly2PlusOneBp(uint256,uint256): [0:01:43] solving 
queries: 1 / 2[2K[1A[2K[32m⠋[0m check_toleranceIsExactly2PlusOneBp(uint256,uint256): [0:01:43] solving 
queries: 1 / 2[2K[1A[2K[32m⠙[0m check_toleranceIsExactly2PlusOneBp(uint256,uint256): [0:01:43] solving 
queries: 1 / 2[2K[1A[2K[32m⠹[0m check_toleranceIsExactly2PlusOneBp(uint256,uint256): [0:01:43] solving 
queries: 1 / 2[2K[1A[2K[32m⠸[0m check_toleranceIsExactly2PlusOneBp(uint256,uint256): [0:01:43] solving 
queries: 1 / 2[2K[1A[2K[32m⠼[0m check_toleranceIsExactly2PlusOneBp(uint256,uint256): [0:01:43] solving 
queries: 1 / 2[2K[1A[2K[32m⠴[0m check_toleranceIsExactly2PlusOneBp(uint256,uint256): [0:01:43] solving 
queries: 1 / 2[2K[1A[2K[32m⠦[0m check_toleranceIsExactly2PlusOneBp(uint256,uint256): [0:01:43] solving 
queries: 1 / 2[2K[1A[2K[32m⠧[0m check_toleranceIsExactly2PlusOneBp(uint256,uint256): [0:01:43] solving 
queries: 1 / 2[2K[1A[2K[32m⠇[0m check_toleranceIsExactly2PlusOneBp(uint256,uint256): [0:01:44] solving 
queries: 1 / 2[2K[1A[2K[32m⠏[0m check_toleranceIsExactly2PlusOneBp(uint256,uint256): [0:01:44] solving 
queries: 1 / 2[2K[1A[2K[32m⠋[0m check_toleranceIsExactly2PlusOneBp(uint256,uint256): [0:01:44] solving 
queries: 1 / 2[2K[1A[2K[32m⠙[0m check_toleranceIsExactly2PlusOneBp(uint256,uint256): [0:01:44] solving 
queries: 1 / 2[2K[1A[2K[32m⠹[0m check_toleranceIsExactly2PlusOneBp(uint256,uint256): [0:01:44] solving 
queries: 1 / 2[2K[1A[2K[32m⠸[0m check_toleranceIsExactly2PlusOneBp(uint256,uint256): [0:01:44] solving 
queries: 1 / 2[2K[1A[2K[32m⠼[0m check_toleranceIsExactly2PlusOneBp(uint256,uint256): [0:01:44] solving 
queries: 1 / 2[2K[1A[2K[32m⠴[0m check_toleranceIsExactly2PlusOneBp(uint256,uint256): [0:01:44] solving 
queries: 1 / 2[2K[1A[2K[32m⠦[0m check_toleranceIsExactly2PlusOneBp(uint256,uint256): [0:01:44] solving 
queries: 1 / 2[2K[1A[2K[32m⠧[0m check_toleranceIsExactly2PlusOneBp(uint256,uint256): [0:01:44] solving 
queries: 1 / 2[2K[1A[2K[32m⠇[0m check_toleranceIsExactly2PlusOneBp(uint256,uint256): [0:01:44] solving 
queries: 1 / 2[2K[1A[2K[32m⠏[0m check_toleranceIsExactly2PlusOneBp(uint256,uint256): [0:01:44] solving 
queries: 1 / 2[2K[1A[2K[32m⠋[0m check_toleranceIsExactly2PlusOneBp(uint256,uint256): [0:01:44] solving 
queries: 1 / 2[2K[1A[2K[32m⠙[0m check_toleranceIsExactly2PlusOneBp(uint256,uint256): [0:01:45] solving 
queries: 1 / 2[2K[1A[2K[32m⠹[0m check_toleranceIsExactly2PlusOneBp(uint256,uint256): [0:01:45] solving 
queries: 1 / 2[2K[1A[2K[32m⠸[0m check_toleranceIsExactly2PlusOneBp(uint256,uint256): [0:01:45] solving 
queries: 1 / 2[2K[1A[2K[32m⠼[0m check_toleranceIsExactly2PlusOneBp(uint256,uint256): [0:01:45] solving 
queries: 1 / 2[2K[1A[2K[32m⠴[0m check_toleranceIsExactly2PlusOneBp(uint256,uint256): [0:01:45] solving 
queries: 1 / 2[2K[1A[2K[32m⠦[0m check_toleranceIsExactly2PlusOneBp(uint256,uint256): [0:01:45] solving 
queries: 1 / 2[2K[1A[2K[32m⠧[0m check_toleranceIsExactly2PlusOneBp(uint256,uint256): [0:01:45] solving 
queries: 1 / 2[2K[1A[2K[32m⠇[0m check_toleranceIsExactly2PlusOneBp(uint256,uint256): [0:01:45] solving 
queries: 1 / 2[2K[1A[2K[32m⠏[0m check_toleranceIsExactly2PlusOneBp(uint256,uint256): [0:01:45] solving 
queries: 1 / 2[2K[1A[2K[32m⠋[0m check_toleranceIsExactly2PlusOneBp(uint256,uint256): [0:01:45] solving 
queries: 1 / 2[2K[1A[2K[32m⠙[0m check_toleranceIsExactly2PlusOneBp(uint256,uint256): [0:01:45] solving 
queries: 1 / 2[2K[1A[2K[32m⠹[0m check_toleranceIsExactly2PlusOneBp(uint256,uint256): [0:01:45] solving 
queries: 1 / 2[2K[1A[2K[32m⠸[0m check_toleranceIsExactly2PlusOneBp(uint256,uint256): [0:01:46] solving 
queries: 1 / 2[2K[1A[2K[32m⠼[0m check_toleranceIsExactly2PlusOneBp(uint256,uint256): [0:01:46] solving 
queries: 1 / 2[2K[1A[2K[32m⠴[0m check_toleranceIsExactly2PlusOneBp(uint256,uint256): [0:01:46] solving 
queries: 1 / 2[2K[1A[2K[32m⠦[0m check_toleranceIsExactly2PlusOneBp(uint256,uint256): [0:01:46] solving 
queries: 1 / 2[2K[1A[2K[32m⠧[0m check_toleranceIsExactly2PlusOneBp(uint256,uint256): [0:01:46] solving 
queries: 1 / 2[2K[1A[2K[32m⠇[0m check_toleranceIsExactly2PlusOneBp(uint256,uint256): [0:01:46] solving 
queries: 1 / 2[2K[1A[2K[32m⠏[0m check_toleranceIsExactly2PlusOneBp(uint256,uint256): [0:01:46] solving 
queries: 1 / 2[2K[1A[2K[32m⠋[0m check_toleranceIsExactly2PlusOneBp(uint256,uint256): [0:01:46] solving 
queries: 1 / 2[2K[1A[2K[32m⠙[0m check_toleranceIsExactly2PlusOneBp(uint256,uint256): [0:01:46] solving 
queries: 1 / 2[2K[1A[2K[32m⠹[0m check_toleranceIsExactly2PlusOneBp(uint256,uint256): [0:01:46] solving 
queries: 1 / 2[2K[1A[2K[32m⠸[0m check_toleranceIsExactly2PlusOneBp(uint256,uint256): [0:01:46] solving 
queries: 1 / 2[2K[1A[2K[32m⠼[0m check_toleranceIsExactly2PlusOneBp(uint256,uint256): [0:01:46] solving 
queries: 1 / 2[2K[1A[2K[32m⠴[0m check_toleranceIsExactly2PlusOneBp(uint256,uint256): [0:01:46] solving 
queries: 1 / 2[2K[1A[2K[32m⠦[0m check_toleranceIsExactly2PlusOneBp(uint256,uint256): [0:01:47] solving 
queries: 1 / 2[2K[1A[2K[32m⠧[0m check_toleranceIsExactly2PlusOneBp(uint256,uint256): [0:01:47] solving 
queries: 1 / 2[2K[1A[2K[32m⠇[0m check_toleranceIsExactly2PlusOneBp(uint256,uint256): [0:01:47] solving 
queries: 1 / 2[2K[1A[2K[32m⠏[0m check_toleranceIsExactly2PlusOneBp(uint256,uint256): [0:01:47] solving 
queries: 1 / 2[2K[1A[2K[32m⠋[0m check_toleranceIsExactly2PlusOneBp(uint256,uint256): [0:01:47] solving 
queries: 1 / 2[2K[1A[2K[32m⠙[0m check_toleranceIsExactly2PlusOneBp(uint256,uint256): [0:01:47] solving 
queries: 1 / 2[2K[1A[2K[32m⠹[0m check_toleranceIsExactly2PlusOneBp(uint256,uint256): [0:01:47] solving 
queries: 1 / 2[2K[1A[2K[32m⠸[0m check_toleranceIsExactly2PlusOneBp(uint256,uint256): [0:01:47] solving 
queries: 1 / 2[2K[1A[2K[32m⠼[0m check_toleranceIsExactly2PlusOneBp(uint256,uint256): [0:01:47] solving 
queries: 1 / 2[2K[1A[2K[32m⠴[0m check_toleranceIsExactly2PlusOneBp(uint256,uint256): [0:01:47] solving 
queries: 1 / 2[2K[1A[2K[32m⠦[0m check_toleranceIsExactly2PlusOneBp(uint256,uint256): [0:01:47] solving 
queries: 1 / 2[2K[1A[2K[32m⠧[0m check_toleranceIsExactly2PlusOneBp(uint256,uint256): [0:01:47] solving 
queries: 1 / 2[2K[1A[2K[32m⠇[0m check_toleranceIsExactly2PlusOneBp(uint256,uint256): [0:01:48] solving 
queries: 1 / 2[2K[1A[2K[32m⠏[0m check_toleranceIsExactly2PlusOneBp(uint256,uint256): [0:01:48] solving 
queries: 1 / 2[2K[1A[2K[32m⠋[0m check_toleranceIsExactly2PlusOneBp(uint256,uint256): [0:01:48] solving 
queries: 1 / 2[2K[1A[2K[32m⠙[0m check_toleranceIsExactly2PlusOneBp(uint256,uint256): [0:01:48] solving 
queries: 1 / 2[2K[1A[2K[32m⠹[0m check_toleranceIsExactly2PlusOneBp(uint256,uint256): [0:01:48] solving 
queries: 1 / 2[2K[1A[2K[32m⠸[0m check_toleranceIsExactly2PlusOneBp(uint256,uint256): [0:01:48] solving 
queries: 1 / 2[2K[1A[2K[32m⠼[0m check_toleranceIsExactly2PlusOneBp(uint256,uint256): [0:01:48] solving 
queries: 1 / 2[2K[1A[2K[32m⠴[0m check_toleranceIsExactly2PlusOneBp(uint256,uint256): [0:01:48] solving 
queries: 1 / 2[2K[1A[2K[32m⠦[0m check_toleranceIsExactly2PlusOneBp(uint256,uint256): [0:01:48] solving 
queries: 1 / 2[2K[1A[2K[32m⠧[0m check_toleranceIsExactly2PlusOneBp(uint256,uint256): [0:01:48] solving 
queries: 1 / 2[2K[1A[2K[32m⠇[0m check_toleranceIsExactly2PlusOneBp(uint256,uint256): [0:01:48] solving 
queries: 1 / 2[2K[1A[2K[32m⠏[0m check_toleranceIsExactly2PlusOneBp(uint256,uint256): [0:01:48] solving 
queries: 1 / 2[2K[1A[2K[32m⠋[0m check_toleranceIsExactly2PlusOneBp(uint256,uint256): [0:01:48] solving 
queries: 1 / 2[2K[1A[2K[32m⠙[0m check_toleranceIsExactly2PlusOneBp(uint256,uint256): [0:01:49] solving 
queries: 1 / 2[2K[1A[2K[32m⠹[0m check_toleranceIsExactly2PlusOneBp(uint256,uint256): [0:01:49] solving 
queries: 1 / 2[2K[1A[2K[32m⠸[0m check_toleranceIsExactly2PlusOneBp(uint256,uint256): [0:01:49] solving 
queries: 1 / 2[2K[1A[2K[32m⠼[0m check_toleranceIsExactly2PlusOneBp(uint256,uint256): [0:01:49] solving 
queries: 1 / 2[2K[1A[2K[32m⠴[0m check_toleranceIsExactly2PlusOneBp(uint256,uint256): [0:01:49] solving 
queries: 1 / 2[2K[1A[2K[32m⠦[0m check_toleranceIsExactly2PlusOneBp(uint256,uint256): [0:01:49] solving 
queries: 1 / 2[2K[1A[2K[32m⠧[0m check_toleranceIsExactly2PlusOneBp(uint256,uint256): [0:01:49] solving 
queries: 1 / 2[2K[1A[2K[32m⠇[0m check_toleranceIsExactly2PlusOneBp(uint256,uint256): [0:01:49] solving 
queries: 1 / 2[2K[1A[2K[32m⠏[0m check_toleranceIsExactly2PlusOneBp(uint256,uint256): [0:01:49] solving 
queries: 1 / 2[2K[1A[2K[32m⠋[0m check_toleranceIsExactly2PlusOneBp(uint256,uint256): [0:01:49] solving 
queries: 1 / 2[2K[1A[2K[32m⠙[0m check_toleranceIsExactly2PlusOneBp(uint256,uint256): [0:01:49] solving 
queries: 1 / 2[2K[1A[2K[32m⠹[0m check_toleranceIsExactly2PlusOneBp(uint256,uint256): [0:01:49] solving 
queries: 1 / 2[2K[1A[2K[32m⠸[0m check_toleranceIsExactly2PlusOneBp(uint256,uint256): [0:01:50] solving 
queries: 1 / 2[2K[1A[2K[32m⠼[0m check_toleranceIsExactly2PlusOneBp(uint256,uint256): [0:01:50] solving 
queries: 1 / 2[2K[1A[2K[32m⠴[0m check_toleranceIsExactly2PlusOneBp(uint256,uint256): [0:01:50] solving 
queries: 1 / 2[2K[1A[2K[32m⠦[0m check_toleranceIsExactly2PlusOneBp(uint256,uint256): [0:01:50] solving 
queries: 1 / 2[2K[1A[2K[32m⠧[0m check_toleranceIsExactly2PlusOneBp(uint256,uint256): [0:01:50] solving 
queries: 1 / 2[2K[1A[2K[32m⠇[0m check_toleranceIsExactly2PlusOneBp(uint256,uint256): [0:01:50] solving 
queries: 1 / 2[2K[1A[2K[32m⠏[0m check_toleranceIsExactly2PlusOneBp(uint256,uint256): [0:01:50] solving 
queries: 1 / 2[2K[1A[2K[32m⠋[0m check_toleranceIsExactly2PlusOneBp(uint256,uint256): [0:01:50] solving 
queries: 1 / 2[2K[1A[2K[32m⠙[0m check_toleranceIsExactly2PlusOneBp(uint256,uint256): [0:01:50] solving 
queries: 1 / 2[2K[1A[2K[32m⠹[0m check_toleranceIsExactly2PlusOneBp(uint256,uint256): [0:01:50] solving 
queries: 1 / 2[2K[1A[2K[32m⠸[0m check_toleranceIsExactly2PlusOneBp(uint256,uint256): [0:01:50] solving 
queries: 1 / 2[2K[1A[2K[32m⠼[0m check_toleranceIsExactly2PlusOneBp(uint256,uint256): [0:01:50] solving 
queries: 1 / 2[2K[1A[2K[32m⠴[0m check_toleranceIsExactly2PlusOneBp(uint256,uint256): [0:01:51] solving 
queries: 1 / 2[2K[1A[2K[32m⠦[0m check_toleranceIsExactly2PlusOneBp(uint256,uint256): [0:01:51] solving 
queries: 1 / 2[2K[1A[2K[32m⠧[0m check_toleranceIsExactly2PlusOneBp(uint256,uint256): [0:01:51] solving 
queries: 1 / 2[2K[1A[2K[32m⠇[0m check_toleranceIsExactly2PlusOneBp(uint256,uint256): [0:01:51] solving 
queries: 1 / 2[2K[1A[2K[32m⠏[0m check_toleranceIsExactly2PlusOneBp(uint256,uint256): [0:01:51] solving 
queries: 1 / 2[2K[1A[2K[32m⠋[0m check_toleranceIsExactly2PlusOneBp(uint256,uint256): [0:01:51] solving 
queries: 1 / 2[2K[1A[2K[32m⠙[0m check_toleranceIsExactly2PlusOneBp(uint256,uint256): [0:01:51] solving 
queries: 1 / 2[2K[1A[2K[32m⠹[0m check_toleranceIsExactly2PlusOneBp(uint256,uint256): [0:01:51] solving 
queries: 1 / 2[2K[1A[2K[32m⠸[0m check_toleranceIsExactly2PlusOneBp(uint256,uint256): [0:01:51] solving 
queries: 1 / 2[2K[1A[2K[32m⠼[0m check_toleranceIsExactly2PlusOneBp(uint256,uint256): [0:01:51] solving 
queries: 1 / 2[2K[1A[2K[32m⠴[0m check_toleranceIsExactly2PlusOneBp(uint256,uint256): [0:01:51] solving 
queries: 1 / 2[2K[1A[2K[32m⠦[0m check_toleranceIsExactly2PlusOneBp(uint256,uint256): [0:01:51] solving 
queries: 1 / 2[2K[1A[2K[32m⠧[0m check_toleranceIsExactly2PlusOneBp(uint256,uint256): [0:01:51] solving 
queries: 1 / 2[2K[1A[2K[32m⠏[0m check_toleranceIsExactly2PlusOneBp(uint256,uint256): [0:01:52] solving 
queries: 1 / 2[2K[1A[2K[32m⠋[0m check_toleranceIsExactly2PlusOneBp(uint256,uint256): [0:01:52] solving 
queries: 1 / 2[2K[1A[2K[32m⠙[0m check_toleranceIsExactly2PlusOneBp(uint256,uint256): [0:01:52] solving 
queries: 1 / 2[2K[1A[2K[32m⠹[0m check_toleranceIsExactly2PlusOneBp(uint256,uint256): [0:01:52] solving 
queries: 1 / 2[2K[1A[2K[32m⠸[0m check_toleranceIsExactly2PlusOneBp(uint256,uint256): [0:01:52] solving 
queries: 1 / 2[2K[1A[2K[32m⠼[0m check_toleranceIsExactly2PlusOneBp(uint256,uint256): [0:01:52] solving 
queries: 1 / 2[2K[1A[2K[32m⠴[0m check_toleranceIsExactly2PlusOneBp(uint256,uint256): [0:01:52] solving 
queries: 1 / 2[2K[1A[2K[32m⠦[0m check_toleranceIsExactly2PlusOneBp(uint256,uint256): [0:01:52] solving 
queries: 1 / 2[2K[1A[2K[32m⠧[0m check_toleranceIsExactly2PlusOneBp(uint256,uint256): [0:01:52] solving 
queries: 1 / 2[2K[1A[2K[32m⠇[0m check_toleranceIsExactly2PlusOneBp(uint256,uint256): [0:01:52] solving 
queries: 1 / 2[2K[1A[2K[32m⠏[0m check_toleranceIsExactly2PlusOneBp(uint256,uint256): [0:01:52] solving 
queries: 1 / 2[2K[1A[2K[32m⠋[0m check_toleranceIsExactly2PlusOneBp(uint256,uint256): [0:01:52] solving 
queries: 1 / 2[2K[1A[2K[32m⠙[0m check_toleranceIsExactly2PlusOneBp(uint256,uint256): [0:01:53] solving 
queries: 1 / 2[2K[1A[2K[32m⠹[0m check_toleranceIsExactly2PlusOneBp(uint256,uint256): [0:01:53] solving 
queries: 1 / 2[2K[1A[2K[32m⠸[0m check_toleranceIsExactly2PlusOneBp(uint256,uint256): [0:01:53] solving 
queries: 1 / 2[2K[1A[2K[32m⠼[0m check_toleranceIsExactly2PlusOneBp(uint256,uint256): [0:01:53] solving 
queries: 1 / 2[2K[1A[2K[32m⠴[0m check_toleranceIsExactly2PlusOneBp(uint256,uint256): [0:01:53] solving 
queries: 1 / 2[2K[1A[2K[32m⠦[0m check_toleranceIsExactly2PlusOneBp(uint256,uint256): [0:01:53] solving 
queries: 1 / 2[2K[1A[2K[32m⠧[0m check_toleranceIsExactly2PlusOneBp(uint256,uint256): [0:01:53] solving 
queries: 1 / 2[2K[1A[2K[32m⠇[0m check_toleranceIsExactly2PlusOneBp(uint256,uint256): [0:01:53] solving 
queries: 1 / 2[2K[1A[2K[32m⠏[0m check_toleranceIsExactly2PlusOneBp(uint256,uint256): [0:01:53] solving 
queries: 1 / 2[2K[1A[2K[32m⠋[0m check_toleranceIsExactly2PlusOneBp(uint256,uint256): [0:01:53] solving 
queries: 1 / 2[2K[1A[2K[32m⠙[0m check_toleranceIsExactly2PlusOneBp(uint256,uint256): [0:01:53] solving 
queries: 1 / 2[2K[1A[2K[32m⠹[0m check_toleranceIsExactly2PlusOneBp(uint256,uint256): [0:01:53] solving 
queries: 1 / 2[2K[1A[2K[32m⠸[0m check_toleranceIsExactly2PlusOneBp(uint256,uint256): [0:01:53] solving 
queries: 1 / 2[2K[1A[2K[32m⠼[0m check_toleranceIsExactly2PlusOneBp(uint256,uint256): [0:01:54] solving 
queries: 1 / 2[2K[1A[2K[32m⠴[0m check_toleranceIsExactly2PlusOneBp(uint256,uint256): [0:01:54] solving 
queries: 1 / 2[2K[1A[2K[32m⠦[0m check_toleranceIsExactly2PlusOneBp(uint256,uint256): [0:01:54] solving 
queries: 1 / 2[2K[1A[2K[32m⠧[0m check_toleranceIsExactly2PlusOneBp(uint256,uint256): [0:01:54] solving 
queries: 1 / 2[2K[1A[2K[32m⠇[0m check_toleranceIsExactly2PlusOneBp(uint256,uint256): [0:01:54] solving 
queries: 1 / 2[2K[1A[2K[32m⠏[0m check_toleranceIsExactly2PlusOneBp(uint256,uint256): [0:01:54] solving 
queries: 1 / 2[2K[1A[2K[32m⠋[0m check_toleranceIsExactly2PlusOneBp(uint256,uint256): [0:01:54] solving 
queries: 1 / 2[2K[1A[2K[32m⠙[0m check_toleranceIsExactly2PlusOneBp(uint256,uint256): [0:01:54] solving 
queries: 1 / 2[2K[1A[2K[32m⠹[0m check_toleranceIsExactly2PlusOneBp(uint256,uint256): [0:01:54] solving 
queries: 1 / 2[2K[1A[2K[32m⠸[0m check_toleranceIsExactly2PlusOneBp(uint256,uint256): [0:01:54] solving 
queries: 1 / 2[2K[1A[2K[32m⠼[0m check_toleranceIsExactly2PlusOneBp(uint256,uint256): [0:01:54] solving 
queries: 1 / 2[2K[1A[2K[32m⠴[0m check_toleranceIsExactly2PlusOneBp(uint256,uint256): [0:01:54] solving 
queries: 1 / 2[2K[1A[2K[32m⠦[0m check_toleranceIsExactly2PlusOneBp(uint256,uint256): [0:01:55] solving 
queries: 1 / 2[2K[1A[2K[32m⠧[0m check_toleranceIsExactly2PlusOneBp(uint256,uint256): [0:01:55] solving 
queries: 1 / 2[2K[1A[2K[32m⠇[0m check_toleranceIsExactly2PlusOneBp(uint256,uint256): [0:01:55] solving 
queries: 1 / 2[2K[1A[2K[32m⠏[0m check_toleranceIsExactly2PlusOneBp(uint256,uint256): [0:01:55] solving 
queries: 1 / 2[2K[1A[2K[32m⠋[0m check_toleranceIsExactly2PlusOneBp(uint256,uint256): [0:01:55] solving 
queries: 1 / 2[2K[1A[2K[32m⠙[0m check_toleranceIsExactly2PlusOneBp(uint256,uint256): [0:01:55] solving 
queries: 1 / 2[2K[1A[2K[32m⠹[0m check_toleranceIsExactly2PlusOneBp(uint256,uint256): [0:01:55] solving 
queries: 1 / 2[2K[1A[2K[32m⠸[0m check_toleranceIsExactly2PlusOneBp(uint256,uint256): [0:01:55] solving 
queries: 1 / 2[2K[1A[2K[32m⠼[0m check_toleranceIsExactly2PlusOneBp(uint256,uint256): [0:01:55] solving 
queries: 1 / 2[2K[1A[2K[32m⠴[0m check_toleranceIsExactly2PlusOneBp(uint256,uint256): [0:01:55] solving 
queries: 1 / 2[2K[1A[2K[32m⠦[0m check_toleranceIsExactly2PlusOneBp(uint256,uint256): [0:01:55] solving 
queries: 1 / 2[2K[1A[2K[32m⠧[0m check_toleranceIsExactly2PlusOneBp(uint256,uint256): [0:01:55] solving 
queries: 1 / 2[2K[1A[2K[32m⠇[0m check_toleranceIsExactly2PlusOneBp(uint256,uint256): [0:01:55] solving 
queries: 1 / 2[2K[1A[2K[32m⠏[0m check_toleranceIsExactly2PlusOneBp(uint256,uint256): [0:01:56] solving 
queries: 1 / 2[2K[1A[2K[32m⠋[0m check_toleranceIsExactly2PlusOneBp(uint256,uint256): [0:01:56] solving 
queries: 1 / 2[2K[1A[2K[32m⠙[0m check_toleranceIsExactly2PlusOneBp(uint256,uint256): [0:01:56] solving 
queries: 1 / 2[2K[1A[2K[32m⠹[0m check_toleranceIsExactly2PlusOneBp(uint256,uint256): [0:01:56] solving 
queries: 1 / 2[2K[1A[2K[32m⠸[0m check_toleranceIsExactly2PlusOneBp(uint256,uint256): [0:01:56] solving 
queries: 1 / 2[2K[1A[2K[32m⠼[0m check_toleranceIsExactly2PlusOneBp(uint256,uint256): [0:01:56] solving 
queries: 1 / 2[2K[1A[2K[32m⠴[0m check_toleranceIsExactly2PlusOneBp(uint256,uint256): [0:01:56] solving 
queries: 1 / 2[2K[1A[2K[32m⠦[0m check_toleranceIsExactly2PlusOneBp(uint256,uint256): [0:01:56] solving 
queries: 1 / 2[2K[1A[2K[32m⠧[0m check_toleranceIsExactly2PlusOneBp(uint256,uint256): [0:01:56] solving 
queries: 1 / 2[2K[1A[2K[32m⠇[0m check_toleranceIsExactly2PlusOneBp(uint256,uint256): [0:01:56] solving 
queries: 1 / 2[2K[1A[2K[32m⠏[0m check_toleranceIsExactly2PlusOneBp(uint256,uint256): [0:01:56] solving 
queries: 1 / 2[2K[1A[2K[32m⠋[0m check_toleranceIsExactly2PlusOneBp(uint256,uint256): [0:01:56] solving 
queries: 1 / 2[2K[1A[2K[32m⠙[0m check_toleranceIsExactly2PlusOneBp(uint256,uint256): [0:01:57] solving 
queries: 1 / 2[2K[1A[2K[32m⠹[0m check_toleranceIsExactly2PlusOneBp(uint256,uint256): [0:01:57] solving 
queries: 1 / 2[2K[1A[2K[32m⠸[0m check_toleranceIsExactly2PlusOneBp(uint256,uint256): [0:01:57] solving 
queries: 1 / 2[2K[1A[2K[32m⠼[0m check_toleranceIsExactly2PlusOneBp(uint256,uint256): [0:01:57] solving 
queries: 1 / 2[2K[1A[2K[32m⠴[0m check_toleranceIsExactly2PlusOneBp(uint256,uint256): [0:01:57] solving 
queries: 1 / 2[2K[1A[2K[32m⠦[0m check_toleranceIsExactly2PlusOneBp(uint256,uint256): [0:01:57] solving 
queries: 1 / 2[2K[1A[2K[32m⠧[0m check_toleranceIsExactly2PlusOneBp(uint256,uint256): [0:01:57] solving 
queries: 1 / 2[2K[1A[2K[32m⠇[0m check_toleranceIsExactly2PlusOneBp(uint256,uint256): [0:01:57] solving 
queries: 1 / 2[2K[1A[2K[32m⠏[0m check_toleranceIsExactly2PlusOneBp(uint256,uint256): [0:01:57] solving 
queries: 1 / 2[2K[1A[2K[32m⠋[0m check_toleranceIsExactly2PlusOneBp(uint256,uint256): [0:01:57] solving 
queries: 1 / 2[2K[1A[2K[32m⠙[0m check_toleranceIsExactly2PlusOneBp(uint256,uint256): [0:01:57] solving 
queries: 1 / 2[2K[1A[2K[32m⠹[0m check_toleranceIsExactly2PlusOneBp(uint256,uint256): [0:01:57] solving 
queries: 1 / 2[2K[1A[2K[32m⠸[0m check_toleranceIsExactly2PlusOneBp(uint256,uint256): [0:01:57] solving 
queries: 1 / 2[2K[1A[2K[32m⠼[0m check_toleranceIsExactly2PlusOneBp(uint256,uint256): [0:01:58] solving 
queries: 1 / 2[2K[1A[2K[32m⠴[0m check_toleranceIsExactly2PlusOneBp(uint256,uint256): [0:01:58] solving 
queries: 1 / 2[2K[1A[2K[32m⠦[0m check_toleranceIsExactly2PlusOneBp(uint256,uint256): [0:01:58] solving 
queries: 1 / 2[2K[1A[2K[32m⠧[0m check_toleranceIsExactly2PlusOneBp(uint256,uint256): [0:01:58] solving 
queries: 1 / 2[2K[1A[2K[32m⠇[0m check_toleranceIsExactly2PlusOneBp(uint256,uint256): [0:01:58] solving 
queries: 1 / 2[2K[1A[2K[32m⠏[0m check_toleranceIsExactly2PlusOneBp(uint256,uint256): [0:01:58] solving 
queries: 1 / 2[2K[1A[2K[32m⠋[0m check_toleranceIsExactly2PlusOneBp(uint256,uint256): [0:01:58] solving 
queries: 1 / 2[2K[1A[2K[32m⠙[0m check_toleranceIsExactly2PlusOneBp(uint256,uint256): [0:01:58] solving 
queries: 1 / 2[2K[1A[2K[32m⠹[0m check_toleranceIsExactly2PlusOneBp(uint256,uint256): [0:01:58] solving 
queries: 1 / 2[2K[1A[2K[32m⠸[0m check_toleranceIsExactly2PlusOneBp(uint256,uint256): [0:01:58] solving 
queries: 1 / 2[2K[1A[2K[32m⠼[0m check_toleranceIsExactly2PlusOneBp(uint256,uint256): [0:01:58] solving 
queries: 1 / 2[2K[1A[2K[32m⠴[0m check_toleranceIsExactly2PlusOneBp(uint256,uint256): [0:01:59] solving 
queries: 1 / 2[2K[1A[2K[32m⠦[0m check_toleranceIsExactly2PlusOneBp(uint256,uint256): [0:01:59] solving 
queries: 1 / 2[2K[1A[2K[32m⠧[0m check_toleranceIsExactly2PlusOneBp(uint256,uint256): [0:01:59] solving 
queries: 1 / 2[2K[1A[2K[32m⠇[0m check_toleranceIsExactly2PlusOneBp(uint256,uint256): [0:01:59] solving 
queries: 1 / 2[2K[1A[2K[32m⠏[0m check_toleranceIsExactly2PlusOneBp(uint256,uint256): [0:01:59] solving 
queries: 1 / 2[2K[1A[2K[32m⠋[0m check_toleranceIsExactly2PlusOneBp(uint256,uint256): [0:01:59] solving 
queries: 1 / 2[2K[1A[2K[32m⠙[0m check_toleranceIsExactly2PlusOneBp(uint256,uint256): [0:01:59] solving 
queries: 1 / 2[2K[1A[2K[32m⠹[0m check_toleranceIsExactly2PlusOneBp(uint256,uint256): [0:01:59] solving 
queries: 1 / 2[2K[1A[2K[32m⠸[0m check_toleranceIsExactly2PlusOneBp(uint256,uint256): [0:01:59] solving 
queries: 1 / 2[2K[1A[2K[32m⠼[0m check_toleranceIsExactly2PlusOneBp(uint256,uint256): [0:01:59] solving 
queries: 1 / 2[2K[1A[2K[32m⠴[0m check_toleranceIsExactly2PlusOneBp(uint256,uint256): [0:01:59] solving 
queries: 1 / 2[2K[1A[2K[32m⠦[0m check_toleranceIsExactly2PlusOneBp(uint256,uint256): [0:01:59] solving 
queries: 1 / 2[2K[1A[2K[32m⠧[0m check_toleranceIsExactly2PlusOneBp(uint256,uint256): [0:02:00] solving 
queries: 1 / 2[2K[1A[2K[32m⠇[0m check_toleranceIsExactly2PlusOneBp(uint256,uint256): [0:02:00] solving 
queries: 1 / 2[2K[1A[2K[32m⠏[0m check_toleranceIsExactly2PlusOneBp(uint256,uint256): [0:02:00] solving 
queries: 1 / 2[2K[1A[2K[33m[TIMEOUT][0m check_toleranceIsExactly2PlusOneBp(uint256,uint256) (paths: 8, time: 
120.21s (paths: 0.12s, models: 120.08s), bounds: [])
[32m⠋[0m check_toleranceIsExactly2PlusOneBp(uint256,uint256): [0:02:00] solving 
queries: 1 / 2[2K[1A[2K[36mTimeout queries saved in: [0m
[36m/tmp/check_toleranceIsExactly2PlusOneBp-2lsw_ioe-timeout[0m
[32m⠋[0m check_toleranceIsExactly2PlusOneBp(uint256,uint256): [0:02:00] solving 
queries: 1 / 2[2K[1A[2KSymbolic test result: 0 passed; 1 failed; time: 120.26s
[32m⠋[0m check_toleranceIsExactly2PlusOneBp(uint256,uint256): [0:02:00] solving 
queries: 1 / 2[2K[1A[2K
[32m⠋[0m check_toleranceIsExactly2PlusOneBp(uint256,uint256): [0:02:00] solving 
queries: 1 / 2[2K[1A[2K[time] total: 121.69s (build: 0.81s, load: 0.63s, tests: 120.26s)
[32m⠋[0m check_toleranceIsExactly2PlusOneBp(uint256,uint256): [0:02:00] solving 
queries: 1 / 2[2K[1A[2K[32m⠋[0m check_toleranceIsExactly2PlusOneBp(uint256,uint256): [0:02:00] solving 
queries: 1 / 2
[?25h[1A[2K[1A[2KCommand exited with non-zero status 1
WALL 134.61 s
