No files changed, compilation skipped
Traces:
  [2368352] ResetAndRewire::run()
    ├─ [0] console::log("==========================================") [staticcall]
    │   └─ ← [Stop]
    ├─ [0] console::log(" ResetAndRewire (story 060, step 3)") [staticcall]
    │   └─ ← [Stop]
    ├─ [0] console::log("==========================================") [staticcall]
    │   └─ ← [Stop]
    ├─ [0] console::log("Chain ID:          ", 1) [staticcall]
    │   └─ ← [Stop]
    ├─ [0] console::log("Owner (ledger):    ", 0xCad1a7864a108DBFF67F4b8af71fAB0C7A86D0B6) [staticcall]
    │   └─ ← [Stop]
    ├─ [0] console::log("") [staticcall]
    │   └─ ← [Stop]
    ├─ [0] VM::readFile("script/migration-inputs/ys-swap-deployments.json") [staticcall]
    │   └─ ← [Return] <file>
    ├─ [0] VM::parseJsonAddress("<stringified JSON>", ".ysDolaV2") [staticcall]
    │   └─ ← [Return] 0xc4D5F377c1dD84BF131348a70287AA241588c7c7
    ├─ [0] VM::parseJsonAddress("<stringified JSON>", ".ysUsdcV2") [staticcall]
    │   └─ ← [Return] 0x0C2d75165bd5cf7B0e5Dcdc5799Da056a4E56a8a
    ├─ [0] VM::parseJsonAddress("<stringified JSON>", ".tempStaker") [staticcall]
    │   └─ ← [Return] 0xAb510b164e425F055De94C75B5fCcc4669546EC1
    ├─ [0] VM::parseJsonAddress("<stringified JSON>", ".migrator2") [staticcall]
    │   └─ ← [Return] 0xd263E31873202605bD46E6dDFd82F1bA214DfFfC
    ├─ [0] console::log("ysDolaV2:    ", 0xc4D5F377c1dD84BF131348a70287AA241588c7c7) [staticcall]
    │   └─ ← [Stop]
    ├─ [0] console::log("ysUsdcV2:    ", 0x0C2d75165bd5cf7B0e5Dcdc5799Da056a4E56a8a) [staticcall]
    │   └─ ← [Stop]
    ├─ [0] console::log("tempStaker:  ", 0xAb510b164e425F055De94C75B5fCcc4669546EC1) [staticcall]
    │   └─ ← [Stop]
    ├─ [0] console::log("migrator2:   ", 0xd263E31873202605bD46E6dDFd82F1bA214DfFfC) [staticcall]
    │   └─ ← [Stop]
    ├─ [0] console::log("") [staticcall]
    │   └─ ← [Stop]
    ├─ [9338] 0xbce8ABC09BaEDCabE93419bF875f6186e182079A::poolInfo(ERC20: [0x865377367054516e17014CcdED1e7d814EDC9ce4]) [staticcall]
    │   └─ ← [Return] 57870370370370 [5.787e13], 28316980035210948 [2.831e16], 1781220572 [1.781e9], 0
    ├─ [2558] 0xbce8ABC09BaEDCabE93419bF875f6186e182079A::stakerCount(ERC20: [0x865377367054516e17014CcdED1e7d814EDC9ce4]) [staticcall]
    │   └─ ← [Return] 0
    ├─ [9338] 0xbce8ABC09BaEDCabE93419bF875f6186e182079A::poolInfo(FiatTokenProxy: [0xA0b86991c6218b36c1d19D4a2e9Eb0cE3606eB48]) [staticcall]
    │   └─ ← [Return] 81018518518518 [8.101e13], 11477932709573665998847290253 [1.147e28], 1781220573 [1.781e9], 0
    ├─ [2558] 0xbce8ABC09BaEDCabE93419bF875f6186e182079A::stakerCount(FiatTokenProxy: [0xA0b86991c6218b36c1d19D4a2e9Eb0cE3606eB48]) [staticcall]
    │   └─ ← [Return] 0
    ├─ [2711] 0xbce8ABC09BaEDCabE93419bF875f6186e182079A::migrator() [staticcall]
    │   └─ ← [Return] 0x7281310825e455A6aAb709AA5D5809d321B1b071
    ├─ [2369] 0xd263E31873202605bD46E6dDFd82F1bA214DfFfC::owner() [staticcall]
    │   └─ ← [Return] 0xCad1a7864a108DBFF67F4b8af71fAB0C7A86D0B6
    ├─ [2777] 0xAb510b164e425F055De94C75B5fCcc4669546EC1::owner() [staticcall]
    │   └─ ← [Return] 0xCad1a7864a108DBFF67F4b8af71fAB0C7A86D0B6
    ├─ [2777] 0xbce8ABC09BaEDCabE93419bF875f6186e182079A::owner() [staticcall]
    │   └─ ← [Return] 0xCad1a7864a108DBFF67F4b8af71fAB0C7A86D0B6
    ├─ [0] console::log("Preflight OK") [staticcall]
    │   └─ ← [Stop]
    ├─ [0] console::log("  original DOLA stakers: 0, totalStaked: 0") [staticcall]
    │   └─ ← [Stop]
    ├─ [0] console::log("  original USDC stakers: 0, totalStaked: 0") [staticcall]
    │   └─ ← [Stop]
    ├─ [0] VM::envOr("PREVIEW_MODE", false) [staticcall]
    │   └─ ← [Return] <env var value>
    ├─ [0] console::log("*** PREVIEW MODE - impersonating owner, NO broadcast ***") [staticcall]
    │   └─ ← [Stop]
    ├─ [0] console::log("") [staticcall]
    │   └─ ← [Stop]
    ├─ [0] VM::startPrank(0xCad1a7864a108DBFF67F4b8af71fAB0C7A86D0B6)
    │   └─ ← [Return]
    ├─ [0] console::log("=== Step 1: finalizeAndReset ===") [staticcall]
    │   └─ ← [Stop]
    ├─ [22850] 0xbce8ABC09BaEDCabE93419bF875f6186e182079A::finalizeAndReset(ERC20: [0x865377367054516e17014CcdED1e7d814EDC9ce4])
    │   ├─ emit PoolReset(token: ERC20: [0x865377367054516e17014CcdED1e7d814EDC9ce4])
    │   └─ ← [Return]
    ├─ [0] console::log("  finalizeAndReset(DOLA) done") [staticcall]
    │   └─ ← [Stop]
    ├─ [22850] 0xbce8ABC09BaEDCabE93419bF875f6186e182079A::finalizeAndReset(FiatTokenProxy: [0xA0b86991c6218b36c1d19D4a2e9Eb0cE3606eB48])
    │   ├─ emit PoolReset(token: FiatTokenProxy: [0xA0b86991c6218b36c1d19D4a2e9Eb0cE3606eB48])
    │   └─ ← [Return]
    ├─ [0] console::log("  finalizeAndReset(USDC) done") [staticcall]
    │   └─ ← [Stop]
    ├─ [0] console::log("") [staticcall]
    │   └─ ← [Stop]
    ├─ [0] console::log("=== Step 2: setYieldStrategy (V2) ===") [staticcall]
    │   └─ ← [Stop]
    ├─ [2469] ERC20::balanceOf(0xbce8ABC09BaEDCabE93419bF875f6186e182079A) [staticcall]
    │   └─ ← [Return] 26785198715928544274 [2.678e19]
    ├─ [797634] 0xbce8ABC09BaEDCabE93419bF875f6186e182079A::setYieldStrategy(ERC20: [0x865377367054516e17014CcdED1e7d814EDC9ce4], 0xc4D5F377c1dD84BF131348a70287AA241588c7c7)
    │   ├─ [24465] ERC20::approve(0xc4D5F377c1dD84BF131348a70287AA241588c7c7, 115792089237316195423570985008687907853269984665640564039457584007913129639935 [1.157e77])
    │   │   ├─ emit Approval(owner: 0xbce8ABC09BaEDCabE93419bF875f6186e182079A, spender: 0xc4D5F377c1dD84BF131348a70287AA241588c7c7, value: 115792089237316195423570985008687907853269984665640564039457584007913129639935 [1.157e77])
    │   │   └─ ← [Return] true
    │   ├─ [469] ERC20::balanceOf(0xbce8ABC09BaEDCabE93419bF875f6186e182079A) [staticcall]
    │   │   └─ ← [Return] 26785198715928544274 [2.678e19]
    │   ├─ [743372] 0xc4D5F377c1dD84BF131348a70287AA241588c7c7::deposit(ERC20: [0x865377367054516e17014CcdED1e7d814EDC9ce4], 26785198715928544274 [2.678e19], 0xbce8ABC09BaEDCabE93419bF875f6186e182079A)
    │   │   ├─ [28307] ERC20::transferFrom(0xbce8ABC09BaEDCabE93419bF875f6186e182079A, 0xc4D5F377c1dD84BF131348a70287AA241588c7c7, 26785198715928544274 [2.678e19])
    │   │   │   ├─ emit Transfer(from: 0xbce8ABC09BaEDCabE93419bF875f6186e182079A, to: 0xc4D5F377c1dD84BF131348a70287AA241588c7c7, value: 26785198715928544274 [2.678e19])
    │   │   │   └─ ← [Return] true
    │   │   ├─ [648968] TransparentUpgradeableProxy::fallback(26785198715928544274 [2.678e19], 0xc4D5F377c1dD84BF131348a70287AA241588c7c7)
    │   │   │   ├─ [641676] AutopoolETH::deposit(26785198715928544274 [2.678e19], 0xc4D5F377c1dD84BF131348a70287AA241588c7c7) [delegatecall]
    │   │   │   │   ├─ [9893] Autopool4626::totalSupply() [delegatecall]
    │   │   │   │   │   ├─ [4664] AutopoolFees::3906c18f(17264fbcd79a365fd3ccff89407ad487986f8b37b9035d6bc8b51cacd5832200) [delegatecall]
    │   │   │   │   │   │   └─ ← [Return] 0x00000000000000000000000000000000000000000000000212b36e1ecc2009e2
    │   │   │   │   │   └─ ← [Return] 115743989132125345908155 [1.157e23]
    │   │   │   │   ├─ [4794] Autopool4626::20bf782e(17264fbcd79a365fd3ccff89407ad487986f8b37b9035d6bc8b51cacd58322210000000000000000000000000000000000000000000000000000000000000001) [delegatecall]
    │   │   │   │   │   └─ ← [Return] 0x000000000000000000000000000000000000000000001ca2b137a119d9825927
    │   │   │   │   ├─ [2453] SystemRegistry::systemSecurity() [staticcall]
    │   │   │   │   │   └─ ← [Return] SystemSecurityL1: [0xe57A2eC5EF4CC7F6576BB1ed5Ec3759878F39B20]
    │   │   │   │   ├─ [5819] SystemSecurityL1::navOpsInProgress() [staticcall]
    │   │   │   │   │   ├─ [339] TransientStorage::dataExists(36020779792935679711117383315763395368587992168839837121291985913258824036434 [3.602e76]) [delegatecall]
    │   │   │   │   │   │   └─ ← [Return] false
    │   │   │   │   │   └─ ← [Return] 0
    │   │   │   │   ├─ [2324] SystemSecurityL1::isSystemPaused()
    │   │   │   │   │   └─ ← [Return] false
    │   │   │   │   ├─ [594575] Autopool4626::62afd7f0(17264fbcd79a365fd3ccff89407ad487986f8b37b9035d6bc8b51cacd5832200000000000000000000000000865377367054516e17014ccded1e7d814edc9ce400000000000000000000000000000000000000000000000173b824516d2b8412000000000000000000000000c4d5f377c1dd84bf131348a70287aa241588c7c700000000000000000000000000000000000000000000000000000000000000000000000000000000000000000000000000000000000000000000000000000012) [delegatecall]
    │   │   │   │   │   ├─ [290560] AutopoolDebt::378847bb(17264fbcd79a365fd3ccff89407ad487986f8b37b9035d6bc8b51cacd58322000000000000000000000000000000000000000000000000000000000000000001) [delegatecall]
    │   │   │   │   │   │   ├─ [5747] WithdrawalQueue::d0a94d2c(17264fbcd79a365fd3ccff89407ad487986f8b37b9035d6bc8b51cacd583220c) [delegatecall]
    │   │   │   │   │   │   │   ├─ [2509] StructuredLinkedList::332306c0(17264fbcd79a365fd3ccff89407ad487986f8b37b9035d6bc8b51cacd583220c) [delegatecall]
    │   │   │   │   │   │   │   │   └─ ← [Return] 0x000000000000000000000000116b3e86f2b04c21605c5fc4b95ba6a82dbf8f3e
    │   │   │   │   │   │   │   └─ ← [Return] 0x000000000000000000000000116b3e86f2b04c21605c5fc4b95ba6a82dbf8f3e
    │   │   │   │   │   │   ├─ [2573] TransparentUpgradeableProxy::fallback(1) [staticcall]
    │   │   │   │   │   │   │   ├─ [1784] AutopoolETH::totalAssets(1) [delegatecall]
    │   │   │   │   │   │   │   │   ├─ [794] Autopool4626::20bf782e(17264fbcd79a365fd3ccff89407ad487986f8b37b9035d6bc8b51cacd58322210000000000000000000000000000000000000000000000000000000000000001) [delegatecall]
    │   │   │   │   │   │   │   │   │   └─ ← [Return] 0x000000000000000000000000000000000000000000001ca2b137a119d9825927
    │   │   │   │   │   │   │   │   └─ ← [Return] 135227403912691841128743 [1.352e23]
    │   │   │   │   │   │   │   └─ ← [Return] 135227403912691841128743 [1.352e23]
    │   │   │   │   │   │   ├─ [5314] ERC20DestinationVault::balanceOf(TransparentUpgradeableProxy: [0x79eB84B5E30Ef2481c8f00fD0Aa7aAd6Ac0AA54d]) [staticcall]
    │   │   │   │   │   │   │   ├─ [2642] ERC20DestinationVault::balanceOf(TransparentUpgradeableProxy: [0x79eB84B5E30Ef2481c8f00fD0Aa7aAd6Ac0AA54d]) [delegatecall]
    │   │   │   │   │   │   │   │   └─ ← [Return] 97286901747207732878297 [9.728e22]
    │   │   │   │   │   │   │   └─ ← [Return] 97286901747207732878297 [9.728e22]
    │   │   │   │   │   │   ├─ [252247] ERC20DestinationVault::getUnderlyerCeilingPrice()
    │   │   │   │   │   │   │   ├─ [252081] ERC20DestinationVault::getUnderlyerCeilingPrice() [delegatecall]
    │   │   │   │   │   │   │   │   ├─ [2386] SystemRegistry::rootPriceOracle() [staticcall]
    │   │   │   │   │   │   │   │   │   └─ ← [Return] RootPriceOracle: [0x61F8BE7FD721e80C0249829eaE6f0DAf21bc2CaC]
    │   │   │   │   │   │   │   │   ├─ [241690] RootPriceOracle::getCeilingPrice(sDola: [0xb45ad160634c528Cc3D2926d9807104FA3157305], sDola: [0xb45ad160634c528Cc3D2926d9807104FA3157305], ERC20: [0x865377367054516e17014CcdED1e7d814EDC9ce4])
    │   │   │   │   │   │   │   │   │   ├─ [229899] 0x0004042f1cfAEF8bD011e73D99F85a44B0aAdF01::getSafeSpotPriceInfo(sDola: [0xb45ad160634c528Cc3D2926d9807104FA3157305], sDola: [0xb45ad160634c528Cc3D2926d9807104FA3157305], ERC20: [0x865377367054516e17014CcdED1e7d814EDC9ce4])
    │   │   │   │   │   │   │   │   │   │   ├─ [2330] sDola::totalSupply() [staticcall]
    │   │   │   │   │   │   │   │   │   │   │   └─ ← [Return] 3506869468693493511867424 [3.506e24]
    │   │   │   │   │   │   │   │   │   │   ├─ [328] sDola::asset() [staticcall]
    │   │   │   │   │   │   │   │   │   │   │   └─ ← [Return] ERC20: [0x865377367054516e17014CcdED1e7d814EDC9ce4]
    │   │   │   │   │   │   │   │   │   │   ├─ [272] sDola::decimals() [staticcall]
    │   │   │   │   │   │   │   │   │   │   │   └─ ← [Return] 18
    │   │   │   │   │   │   │   │   │   │   ├─ [2380] ERC20::decimals() [staticcall]
    │   │   │   │   │   │   │   │   │   │   │   └─ ← [Return] 18
    │   │   │   │   │   │   │   │   │   │   ├─ [11067] sDola::convertToAssets(1000000000000000000 [1e18]) [staticcall]
    │   │   │   │   │   │   │   │   │   │   │   ├─ [2553] DolaSavings::balanceOf(sDola: [0xb45ad160634c528Cc3D2926d9807104FA3157305]) [staticcall]
    │   │   │   │   │   │   │   │   │   │   │   │   └─ ← [Return] 4880740474761838083514365 [4.88e24]
    │   │   │   │   │   │   │   │   │   │   │   └─ ← [Return] 1389570164933129794 [1.389e18]
    │   │   │   │   │   │   │   │   │   │   ├─ [386] SystemRegistry::rootPriceOracle() [staticcall]
    │   │   │   │   │   │   │   │   │   │   │   └─ ← [Return] RootPriceOracle: [0x61F8BE7FD721e80C0249829eaE6f0DAf21bc2CaC]
    │   │   │   │   │   │   │   │   │   │   ├─ [2620] RootPriceOracle::poolMappings(CurveStableSwapNG: [0x744793B5110f6ca9cC7CDfe1CE16677c3Eb192ef]) [staticcall]
    │   │   │   │   │   │   │   │   │   │   │   └─ ← [Return] CurveV1StableEthOracle: [0xaeD535d737e80597452d1f04D1b64b4f2Ab8A92b]
    │   │   │   │   │   │   │   │   │   │   ├─ [82112] CurveV1StableEthOracle::getSpotPrice(ERC20: [0x865377367054516e17014CcdED1e7d814EDC9ce4], CurveStableSwapNG: [0x744793B5110f6ca9cC7CDfe1CE16677c3Eb192ef], ERC20: [0x865377367054516e17014CcdED1e7d814EDC9ce4])
    │   │   │   │   │   │   │   │   │   │   │   ├─ [380] ERC20::decimals() [staticcall]
    │   │   │   │   │   │   │   │   │   │   │   │   └─ ← [Return] 18
    │   │   │   │   │   │   │   │   │   │   │   ├─ [65110] CurveStableSwapNG::get_dy(0, 1, 1000000000000000 [1e15]) [staticcall]
    │   │   │   │   │   │   │   │   │   │   │   │   ├─ [2221] CurveStableswapFactoryNG::views_implementation() [staticcall]
    │   │   │   │   │   │   │   │   │   │   │   │   │   └─ ← [Return] CurveStableSwapNGViews: [0xFF53042865dF617de4bB871bD0988E7B93439cCF]
    │   │   │   │   │   │   │   │   │   │   │   │   ├─ [57083] CurveStableSwapNGViews::get_dy(0, 1, 1000000000000000 [1e15], CurveStableSwapNG: [0x744793B5110f6ca9cC7CDfe1CE16677c3Eb192ef]) [staticcall]
    │   │   │   │   │   │   │   │   │   │   │   │   │   ├─ [275] CurveStableSwapNG::N_COINS() [staticcall]
    │   │   │   │   │   │   │   │   │   │   │   │   │   │   └─ ← [Return] 2
    │   │   │   │   │   │   │   │   │   │   │   │   │   ├─ [15563] CurveStableSwapNG::stored_rates() [staticcall]
    │   │   │   │   │   │   │   │   │   │   │   │   │   │   ├─ [10931] StakedUSDeV2::convertToAssets(1000000000000000000 [1e18]) [staticcall]
    │   │   │   │   │   │   │   │   │   │   │   │   │   │   │   ├─ [2580] USDe::balanceOf(StakedUSDeV2: [0x9D39A5DE30e57443BfF2A8307A4256c8797A3497]) [staticcall]
    │   │   │   │   │   │   │   │   │   │   │   │   │   │   │   │   └─ ← [Return] 1748608524916033591919797499 [1.748e27]
    │   │   │   │   │   │   │   │   │   │   │   │   │   │   │   └─ ← [Return] 1235152162972420490 [1.235e18]
    │   │   │   │   │   │   │   │   │   │   │   │   │   │   ├─ [24] PRECOMPILES::identity(0x00000000000000000000000000000000000000000000000000000000000000020000000000000000000000000000000000000000000000000de0b6b3a7640000000000000000000000000000000000000000000000000000112424591d86c98a) [staticcall]
    │   │   │   │   │   │   │   │   │   │   │   │   │   │   │   └─ ← [Return] 0x00000000000000000000000000000000000000000000000000000000000000020000000000000000000000000000000000000000000000000de0b6b3a7640000000000000000000000000000000000000000000000000000112424591d86c98a
    │   │   │   │   │   │   │   │   │   │   │   │   │   │   └─ ← [Return] [1000000000000000000 [1e18], 1235152162972420490 [1.235e18]]
    │   │   │   │   │   │   │   │   │   │   │   │   │   ├─ [24] PRECOMPILES::identity(0x00000000000000000000000000000000000000000000000000000000000000020000000000000000000000000000000000000000000000000de0b6b3a7640000000000000000000000000000000000000000000000000000112424591d86c98a) [staticcall]
    │   │   │   │   │   │   │   │   │   │   │   │   │   │   └─ ← [Return] 0x00000000000000000000000000000000000000000000000000000000000000020000000000000000000000000000000000000000000000000de0b6b3a7640000000000000000000000000000000000000000000000000000112424591d86c98a
    │   │   │   │   │   │   │   │   │   │   │   │   │   ├─ [24] PRECOMPILES::identity(0x00000000000000000000000000000000000000000000000000000000000000020000000000000000000000000000000000000000000000000de0b6b3a7640000000000000000000000000000000000000000000000000000112424591d86c98a) [staticcall]
    │   │   │   │   │   │   │   │   │   │   │   │   │   │   └─ ← [Return] 0x00000000000000000000000000000000000000000000000000000000000000020000000000000000000000000000000000000000000000000de0b6b3a7640000000000000000000000000000000000000000000000000000112424591d86c98a
    │   │   │   │   │   │   │   │   │   │   │   │   │   ├─ [14258] CurveStableSwapNG::get_balances() [staticcall]
    │   │   │   │   │   │   │   │   │   │   │   │   │   │   ├─ [24] PRECOMPILES::identity(0x00000000000000000000000000000000000000000000000000000000000000020000000000000000000000000000000000000000001dcfd5f61fbf5283bc7bf800000000000000000000000000000000000000000006aef4fbe08065a92ac6f1) [staticcall]
    │   │   │   │   │   │   │   │   │   │   │   │   │   │   │   └─ ← [Return] 0x00000000000000000000000000000000000000000000000000000000000000020000000000000000000000000000000000000000001dcfd5f61fbf5283bc7bf800000000000000000000000000000000000000000006aef4fbe08065a92ac6f1
    │   │   │   │   │   │   │   │   │   │   │   │   │   │   └─ ← [Return] [36040325522370181486902264 [3.604e25], 8079765840908750867318513 [8.079e24]]
    │   │   │   │   │   │   │   │   │   │   │   │   │   ├─ [24] PRECOMPILES::identity(0x00000000000000000000000000000000000000000000000000000000000000020000000000000000000000000000000000000000001dcfd5f61fbf5283bc7bf800000000000000000000000000000000000000000006aef4fbe08065a92ac6f1) [staticcall]
    │   │   │   │   │   │   │   │   │   │   │   │   │   │   └─ ← [Return] 0x00000000000000000000000000000000000000000000000000000000000000020000000000000000000000000000000000000000001dcfd5f61fbf5283bc7bf800000000000000000000000000000000000000000006aef4fbe08065a92ac6f1
    │   │   │   │   │   │   │   │   │   │   │   │   │   ├─ [24] PRECOMPILES::identity(0x00000000000000000000000000000000000000000000000000000000000000020000000000000000000000000000000000000000001dcfd5f61fbf5283bc7bf800000000000000000000000000000000000000000006aef4fbe08065a92ac6f1) [staticcall]
    │   │   │   │   │   │   │   │   │   │   │   │   │   │   └─ ← [Return] 0x00000000000000000000000000000000000000000000000000000000000000020000000000000000000000000000000000000000001dcfd5f61fbf5283bc7bf800000000000000000000000000000000000000000006aef4fbe08065a92ac6f1
    │   │   │   │   │   │   │   │   │   │   │   │   │   ├─ [24] PRECOMPILES::identity(0x00000000000000000000000000000000000000000000000000000000000000020000000000000000000000000000000000000000000000000de0b6b3a7640000000000000000000000000000000000000000000000000000112424591d86c98a) [staticcall]
    │   │   │   │   │   │   │   │   │   │   │   │   │   │   └─ ← [Return] 0x00000000000000000000000000000000000000000000000000000000000000020000000000000000000000000000000000000000000000000de0b6b3a7640000000000000000000000000000000000000000000000000000112424591d86c98a
    │   │   │   │   │   │   │   │   │   │   │   │   │   ├─ [24] PRECOMPILES::identity(0x00000000000000000000000000000000000000000000000000000000000000020000000000000000000000000000000000000000001dcfd5f61fbf5283bc7bf800000000000000000000000000000000000000000006aef4fbe08065a92ac6f1) [staticcall]
    │   │   │   │   │   │   │   │   │   │   │   │   │   │   └─ ← [Return] 0x00000000000000000000000000000000000000000000000000000000000000020000000000000000000000000000000000000000001dcfd5f61fbf5283bc7bf800000000000000000000000000000000000000000006aef4fbe08065a92ac6f1
    │   │   │   │   │   │   │   │   │   │   │   │   │   ├─ [24] PRECOMPILES::identity(0x00000000000000000000000000000000000000000000000000000000000000020000000000000000000000000000000000000000001dcfd5f61fbf5283bc7bf800000000000000000000000000000000000000000008414acda1c7f59a2d7f12) [staticcall]
    │   │   │   │   │   │   │   │   │   │   │   │   │   │   └─ ← [Return] 0x00000000000000000000000000000000000000000000000000000000000000020000000000000000000000000000000000000000001dcfd5f61fbf5283bc7bf800000000000000000000000000000000000000000008414acda1c7f59a2d7f12
    │   │   │   │   │   │   │   │   │   │   │   │   │   ├─ [24] PRECOMPILES::identity(0x00000000000000000000000000000000000000000000000000000000000000020000000000000000000000000000000000000000000000000de0b6b3a7640000000000000000000000000000000000000000000000000000112424591d86c98a) [staticcall]
    │   │   │   │   │   │   │   │   │   │   │   │   │   │   └─ ← [Return] 0x00000000000000000000000000000000000000000000000000000000000000020000000000000000000000000000000000000000000000000de0b6b3a7640000000000000000000000000000000000000000000000000000112424591d86c98a
    │   │   │   │   │   │   │   │   │   │   │   │   │   ├─ [24] PRECOMPILES::identity(0x00000000000000000000000000000000000000000000000000000000000000020000000000000000000000000000000000000000001dcfd5f61fbf5283bc7bf800000000000000000000000000000000000000000006aef4fbe08065a92ac6f1) [staticcall]
    │   │   │   │   │   │   │   │   │   │   │   │   │   │   └─ ← [Return] 0x00000000000000000000000000000000000000000000000000000000000000020000000000000000000000000000000000000000001dcfd5f61fbf5283bc7bf800000000000000000000000000000000000000000006aef4fbe08065a92ac6f1
    │   │   │   │   │   │   │   │   │   │   │   │   │   ├─ [24] PRECOMPILES::identity(0x00000000000000000000000000000000000000000000000000000000000000020000000000000000000000000000000000000000001dcfd5f61fbf5283bc7bf800000000000000000000000000000000000000000008414acda1c7f59a2d7f12) [staticcall]
    │   │   │   │   │   │   │   │   │   │   │   │   │   │   └─ ← [Return] 0x00000000000000000000000000000000000000000000000000000000000000020000000000000000000000000000000000000000001dcfd5f61fbf5283bc7bf800000000000000000000000000000000000000000008414acda1c7f59a2d7f12
    │   │   │   │   │   │   │   │   │   │   │   │   │   ├─ [4590] CurveStableSwapNG::A() [staticcall]
    │   │   │   │   │   │   │   │   │   │   │   │   │   │   └─ ← [Return] 750
    │   │   │   │   │   │   │   │   │   │   │   │   │   ├─ [24] PRECOMPILES::identity(0x00000000000000000000000000000000000000000000000000000000000000020000000000000000000000000000000000000000001dcfd5f61fbf5283bc7bf800000000000000000000000000000000000000000008414acda1c7f59a2d7f12) [staticcall]
    │   │   │   │   │   │   │   │   │   │   │   │   │   │   └─ ← [Return] 0x00000000000000000000000000000000000000000000000000000000000000020000000000000000000000000000000000000000001dcfd5f61fbf5283bc7bf800000000000000000000000000000000000000000008414acda1c7f59a2d7f12
    │   │   │   │   │   │   │   │   │   │   │   │   │   ├─ [24] PRECOMPILES::identity(0x00000000000000000000000000000000000000000000000000000000000000020000000000000000000000000000000000000000001dcfd5f61fbf5283bc7bf800000000000000000000000000000000000000000008414acda1c7f59a2d7f12) [staticcall]
    │   │   │   │   │   │   │   │   │   │   │   │   │   │   └─ ← [Return] 0x00000000000000000000000000000000000000000000000000000000000000020000000000000000000000000000000000000000001dcfd5f61fbf5283bc7bf800000000000000000000000000000000000000000008414acda1c7f59a2d7f12
    │   │   │   │   │   │   │   │   │   │   │   │   │   ├─ [2369] CurveStableSwapNG::fee() [staticcall]
    │   │   │   │   │   │   │   │   │   │   │   │   │   │   └─ ← [Return] 1000000 [1e6]
    │   │   │   │   │   │   │   │   │   │   │   │   │   ├─ [2369] CurveStableSwapNG::offpeg_fee_multiplier() [staticcall]
    │   │   │   │   │   │   │   │   │   │   │   │   │   │   └─ ← [Return] 200000000000 [2e11]
    │   │   │   │   │   │   │   │   │   │   │   │   │   └─ ← [Return] 806865858030076 [8.068e14]
    │   │   │   │   │   │   │   │   │   │   │   │   └─ ← [Return] 806865858030076 [8.068e14]
    │   │   │   │   │   │   │   │   │   │   │   ├─ [369] CurveStableSwapNG::fee() [staticcall]
    │   │   │   │   │   │   │   │   │   │   │   │   └─ ← [Return] 1000000 [1e6]
    │   │   │   │   │   │   │   │   │   │   │   ├─ [337] CurveStableSwapNG::coins(1) [staticcall]
    │   │   │   │   │   │   │   │   │   │   │   │   └─ ← [Return] StakedUSDeV2: [0x9D39A5DE30e57443BfF2A8307A4256c8797A3497]
    │   │   │   │   │   │   │   │   │   │   │   └─ ← [Return] 806946552685344534 [8.069e17], StakedUSDeV2: [0x9D39A5DE30e57443BfF2A8307A4256c8797A3497]
    │   │   │   │   │   │   │   │   │   │   ├─ [268] StakedUSDeV2::decimals() [staticcall]
    │   │   │   │   │   │   │   │   │   │   │   └─ ← [Return] 18
    │   │   │   │   │   │   │   │   │   │   ├─ [106535] RootPriceOracle::getPriceInQuote(StakedUSDeV2: [0x9D39A5DE30e57443BfF2A8307A4256c8797A3497], ERC20: [0x865377367054516e17014CcdED1e7d814EDC9ce4])
    │   │   │   │   │   │   │   │   │   │   │   ├─ [380] ERC20::decimals() [staticcall]
    │   │   │   │   │   │   │   │   │   │   │   │   └─ ← [Return] 18
    │   │   │   │   │   │   │   │   │   │   │   ├─ [61653] ERC4626VaultShareEthOracle::getPriceInEth(StakedUSDeV2: [0x9D39A5DE30e57443BfF2A8307A4256c8797A3497])
    │   │   │   │   │   │   │   │   │   │   │   │   ├─ [302] StakedUSDeV2::asset() [staticcall]
    │   │   │   │   │   │   │   │   │   │   │   │   │   └─ ← [Return] USDe: [0x4c9EDD5852cd905f086C759E8383e09bff1E68B3]
    │   │   │   │   │   │   │   │   │   │   │   │   ├─ [267] USDe::decimals() [staticcall]
    │   │   │   │   │   │   │   │   │   │   │   │   │   └─ ← [Return] 18
    │   │   │   │   │   │   │   │   │   │   │   │   ├─ [386] SystemRegistry::rootPriceOracle() [staticcall]
    │   │   │   │   │   │   │   │   │   │   │   │   │   └─ ← [Return] RootPriceOracle: [0x61F8BE7FD721e80C0249829eaE6f0DAf21bc2CaC]
    │   │   │   │   │   │   │   │   │   │   │   │   ├─ [53802] RootPriceOracle::getPriceInEth(USDe: [0x4c9EDD5852cd905f086C759E8383e09bff1E68B3])
    │   │   │   │   │   │   │   │   │   │   │   │   │   ├─ [48208] ChainlinkOracle::getPriceInEth(USDe: [0x4c9EDD5852cd905f086C759E8383e09bff1E68B3])
    │   │   │   │   │   │   │   │   │   │   │   │   │   │   ├─ [15642] EACAggregatorProxy::latestRoundData() [staticcall]
    │   │   │   │   │   │   │   │   │   │   │   │   │   │   │   ├─ [7409] AccessControlledOCR2Aggregator::latestRoundData() [staticcall]
    │   │   │   │   │   │   │   │   │   │   │   │   │   │   │   │   └─ ← [Return] 723, 99877255 [9.987e7], 1781169230 [1.781e9], 1781169251 [1.781e9], 723
    │   │   │   │   │   │   │   │   │   │   │   │   │   │   │   └─ ← [Return] 36893488147419103955 [3.689e19], 99877255 [9.987e7], 1781169230 [1.781e9], 1781169251 [1.781e9], 36893488147419103955 [3.689e19]
    │   │   │   │   │   │   │   │   │   │   │   │   │   │   ├─ [371] EACAggregatorProxy::aggregator() [staticcall]
    │   │   │   │   │   │   │   │   │   │   │   │   │   │   │   └─ ← [Return] AccessControlledOCR2Aggregator: [0xcC16f670129f965b396f2e81312F6e339FFDB18e]
    │   │   │   │   │   │   │   │   │   │   │   │   │   │   ├─ [322] AccessControlledOCR2Aggregator::maxAnswer() [staticcall]
    │   │   │   │   │   │   │   │   │   │   │   │   │   │   │   └─ ← [Return] 95780971304118053647396689196894323976171195136475135 [9.578e52]
    │   │   │   │   │   │   │   │   │   │   │   │   │   │   ├─ [300] AccessControlledOCR2Aggregator::minAnswer() [staticcall]
    │   │   │   │   │   │   │   │   │   │   │   │   │   │   │   └─ ← [Return] 1
    │   │   │   │   │   │   │   │   │   │   │   │   │   │   ├─ [386] SystemRegistry::rootPriceOracle() [staticcall]
    │   │   │   │   │   │   │   │   │   │   │   │   │   │   │   └─ ← [Return] RootPriceOracle: [0x61F8BE7FD721e80C0249829eaE6f0DAf21bc2CaC]
    │   │   │   │   │   │   │   │   │   │   │   │   │   │   ├─ [21425] RootPriceOracle::getPriceInEth(0x4554485F494e5f55534400000000000000000000)
    │   │   │   │   │   │   │   │   │   │   │   │   │   │   │   ├─ [18331] ChainlinkOracle::getPriceInEth(0x4554485F494e5f55534400000000000000000000)
    │   │   │   │   │   │   │   │   │   │   │   │   │   │   │   │   ├─ [8837] EACAggregatorProxy::latestRoundData() [staticcall]
    │   │   │   │   │   │   │   │   │   │   │   │   │   │   │   │   │   ├─ [604] AccessControlledOCR2Aggregator::latestRoundData() [staticcall]
    │   │   │   │   │   │   │   │   │   │   │   │   │   │   │   │   │   │   └─ ← [Return] 10000 [1e4], 167931308898 [1.679e11], 1781230127 [1.781e9], 1781230127 [1.781e9], 10000 [1e4]
    │   │   │   │   │   │   │   │   │   │   │   │   │   │   │   │   │   └─ ← [Return] 129127208515966871312 [1.291e20], 167931308898 [1.679e11], 1781230127 [1.781e9], 1781230127 [1.781e9], 129127208515966871312 [1.291e20]
    │   │   │   │   │   │   │   │   │   │   │   │   │   │   │   │   ├─ [371] EACAggregatorProxy::aggregator() [staticcall]
    │   │   │   │   │   │   │   │   │   │   │   │   │   │   │   │   │   └─ ← [Return] AccessControlledOCR2Aggregator: [0x7d4E742018fb52E48b08BE73d041C18B21de6Fb5]
    │   │   │   │   │   │   │   │   │   │   │   │   │   │   │   │   ├─ [263] AccessControlledOCR2Aggregator::maxAnswer() [staticcall]
    │   │   │   │   │   │   │   │   │   │   │   │   │   │   │   │   │   └─ ← [Return] 3138550867693340381917894711603833208051177722232017256447 [3.138e57]
    │   │   │   │   │   │   │   │   │   │   │   │   │   │   │   │   ├─ [148] AccessControlledOCR2Aggregator::minAnswer() [staticcall]
    │   │   │   │   │   │   │   │   │   │   │   │   │   │   │   │   │   └─ ← [Return] 1
    │   │   │   │   │   │   │   │   │   │   │   │   │   │   │   │   └─ ← [Return] 1679313088980000000000 [1.679e21]
    │   │   │   │   │   │   │   │   │   │   │   │   │   │   │   └─ ← [Return] 1679313088980000000000 [1.679e21]
    │   │   │   │   │   │   │   │   │   │   │   │   │   │   └─ ← [Return] 594750649270914 [5.947e14]
    │   │   │   │   │   │   │   │   │   │   │   │   │   └─ ← [Return] 594750649270914 [5.947e14]
    │   │   │   │   │   │   │   │   │   │   │   │   ├─ [268] StakedUSDeV2::decimals() [staticcall]
    │   │   │   │   │   │   │   │   │   │   │   │   │   └─ ← [Return] 18
    │   │   │   │   │   │   │   │   │   │   │   │   ├─ [2431] StakedUSDeV2::convertToAssets(1000000000000000000 [1e18]) [staticcall]
    │   │   │   │   │   │   │   │   │   │   │   │   │   ├─ [580] USDe::balanceOf(StakedUSDeV2: [0x9D39A5DE30e57443BfF2A8307A4256c8797A3497]) [staticcall]
    │   │   │   │   │   │   │   │   │   │   │   │   │   │   └─ ← [Return] 1748608524916033591919797499 [1.748e27]
    │   │   │   │   │   │   │   │   │   │   │   │   │   └─ ← [Return] 1235152162972420490 [1.235e18]
    │   │   │   │   │   │   │   │   │   │   │   │   └─ ← [Return] 734607550876220 [7.346e14]
    │   │   │   │   │   │   │   │   │   │   │   ├─ [35208] ChainlinkOracle::getPriceInEth(ERC20: [0x865377367054516e17014CcdED1e7d814EDC9ce4])
    │   │   │   │   │   │   │   │   │   │   │   │   ├─ [15642] EACAggregatorProxy::latestRoundData() [staticcall]
    │   │   │   │   │   │   │   │   │   │   │   │   │   ├─ [7409] AccessControlledOCR2Aggregator::latestRoundData() [staticcall]
    │   │   │   │   │   │   │   │   │   │   │   │   │   │   └─ ← [Return] 288, 99543600 [9.954e7], 1781154604 [1.781e9], 1781154623 [1.781e9], 288
    │   │   │   │   │   │   │   │   │   │   │   │   │   └─ ← [Return] 18446744073709551904 [1.844e19], 99543600 [9.954e7], 1781154604 [1.781e9], 1781154623 [1.781e9], 18446744073709551904 [1.844e19]
    │   │   │   │   │   │   │   │   │   │   │   │   ├─ [371] EACAggregatorProxy::aggregator() [staticcall]
    │   │   │   │   │   │   │   │   │   │   │   │   │   └─ ← [Return] AccessControlledOCR2Aggregator: [0x61E946986F43C68EB8F6bDf24DfdB2185f13e35A]
    │   │   │   │   │   │   │   │   │   │   │   │   ├─ [322] AccessControlledOCR2Aggregator::maxAnswer() [staticcall]
    │   │   │   │   │   │   │   │   │   │   │   │   │   └─ ← [Return] 95780971304118053647396689196894323976171195136475135 [9.578e52]
    │   │   │   │   │   │   │   │   │   │   │   │   ├─ [300] AccessControlledOCR2Aggregator::minAnswer() [staticcall]
    │   │   │   │   │   │   │   │   │   │   │   │   │   └─ ← [Return] 1
    │   │   │   │   │   │   │   │   │   │   │   │   ├─ [386] SystemRegistry::rootPriceOracle() [staticcall]
    │   │   │   │   │   │   │   │   │   │   │   │   │   └─ ← [Return] RootPriceOracle: [0x61F8BE7FD721e80C0249829eaE6f0DAf21bc2CaC]
    │   │   │   │   │   │   │   │   │   │   │   │   ├─ [8425] RootPriceOracle::getPriceInEth(0x4554485F494e5f55534400000000000000000000)
    │   │   │   │   │   │   │   │   │   │   │   │   │   ├─ [7331] ChainlinkOracle::getPriceInEth(0x4554485F494e5f55534400000000000000000000)
    │   │   │   │   │   │   │   │   │   │   │   │   │   │   ├─ [2337] EACAggregatorProxy::latestRoundData() [staticcall]
    │   │   │   │   │   │   │   │   │   │   │   │   │   │   │   ├─ [604] AccessControlledOCR2Aggregator::latestRoundData() [staticcall]
    │   │   │   │   │   │   │   │   │   │   │   │   │   │   │   │   └─ ← [Return] 10000 [1e4], 167931308898 [1.679e11], 1781230127 [1.781e9], 1781230127 [1.781e9], 10000 [1e4]
    │   │   │   │   │   │   │   │   │   │   │   │   │   │   │   └─ ← [Return] 129127208515966871312 [1.291e20], 167931308898 [1.679e11], 1781230127 [1.781e9], 1781230127 [1.781e9], 129127208515966871312 [1.291e20]
    │   │   │   │   │   │   │   │   │   │   │   │   │   │   ├─ [371] EACAggregatorProxy::aggregator() [staticcall]
    │   │   │   │   │   │   │   │   │   │   │   │   │   │   │   └─ ← [Return] AccessControlledOCR2Aggregator: [0x7d4E742018fb52E48b08BE73d041C18B21de6Fb5]
    │   │   │   │   │   │   │   │   │   │   │   │   │   │   ├─ [263] AccessControlledOCR2Aggregator::maxAnswer() [staticcall]
    │   │   │   │   │   │   │   │   │   │   │   │   │   │   │   └─ ← [Return] 3138550867693340381917894711603833208051177722232017256447 [3.138e57]
    │   │   │   │   │   │   │   │   │   │   │   │   │   │   ├─ [148] AccessControlledOCR2Aggregator::minAnswer() [staticcall]
    │   │   │   │   │   │   │   │   │   │   │   │   │   │   │   └─ ← [Return] 1
    │   │   │   │   │   │   │   │   │   │   │   │   │   │   └─ ← [Return] 1679313088980000000000 [1.679e21]
    │   │   │   │   │   │   │   │   │   │   │   │   │   └─ ← [Return] 1679313088980000000000 [1.679e21]
    │   │   │   │   │   │   │   │   │   │   │   │   └─ ← [Return] 592763795228094 [5.927e14]
    │   │   │   │   │   │   │   │   │   │   │   └─ ← [Return] 1239292205073936547 [1.239e18]
    │   │   │   │   │   │   │   │   │   │   ├─ [2163] sDola::totalAssets() [staticcall]
    │   │   │   │   │   │   │   │   │   │   │   ├─ [553] DolaSavings::balanceOf(sDola: [0xb45ad160634c528Cc3D2926d9807104FA3157305]) [staticcall]
    │   │   │   │   │   │   │   │   │   │   │   │   └─ ← [Return] 4880740474761838083514365 [4.88e24]
    │   │   │   │   │   │   │   │   │   │   │   └─ ← [Return] 4873041186011375031418952 [4.873e24]
    │   │   │   │   │   │   │   │   │   │   └─ ← [Return] 3506869468693493511867424 [3.506e24], [ReserveItemInfo({ token: 0x865377367054516e17014CcdED1e7d814EDC9ce4, reserveAmount: 4873041186011375031418952 [4.873e24], rawSpotPrice: 1000042572654232140 [1e18], actualQuoteToken: 0x865377367054516e17014CcdED1e7d814EDC9ce4 })]
    │   │   │   │   │   │   │   │   │   ├─ [380] ERC20::decimals() [staticcall]
    │   │   │   │   │   │   │   │   │   │   └─ ← [Return] 18
    │   │   │   │   │   │   │   │   │   ├─ [272] sDola::decimals() [staticcall]
    │   │   │   │   │   │   │   │   │   │   └─ ← [Return] 18
    │   │   │   │   │   │   │   │   │   ├─ [380] ERC20::decimals() [staticcall]
    │   │   │   │   │   │   │   │   │   │   └─ ← [Return] 18
    │   │   │   │   │   │   │   │   │   ├─ [380] ERC20::decimals() [staticcall]
    │   │   │   │   │   │   │   │   │   │   └─ ← [Return] 18
    │   │   │   │   │   │   │   │   │   └─ ← [Return] 1389629322623292790 [1.389e18]
    │   │   │   │   │   │   │   │   └─ ← [Return] 1389629322623292790 [1.389e18]
    │   │   │   │   │   │   │   └─ ← [Return] 1389629322623292790 [1.389e18]
    │   │   │   │   │   │   ├─ [2572] ERC20DestinationVault::ONE() [staticcall]
    │   │   │   │   │   │   │   ├─ [2406] ERC20DestinationVault::ONE() [delegatecall]
    │   │   │   │   │   │   │   │   └─ ← [Return] 1000000000000000000 [1e18]
    │   │   │   │   │   │   │   └─ ← [Return] 1000000000000000000 [1e18]
    │   │   │   │   │   │   ├─ [6737] WithdrawalQueue::e8ca529d(17264fbcd79a365fd3ccff89407ad487986f8b37b9035d6bc8b51cacd583220c000000000000000000000000116b3e86f2b04c21605c5fc4b95ba6a82dbf8f3e0000000000000000000000000000000000000000000000000000000000000001) [delegatecall]
    │   │   │   │   │   │   │   ├─ [5590] StructuredLinkedList::203afb24(17264fbcd79a365fd3ccff89407ad487986f8b37b9035d6bc8b51cacd583220c000000000000000000000000116b3e86f2b04c21605c5fc4b95ba6a82dbf8f3e0000000000000000000000000000000000000000000000000000000000000001) [delegatecall]
    │   │   │   │   │   │   │   │   └─ ← [Return] 0x00000000000000000000000000000000000000000000000000000000000000000000000000000000000000000000000000000000000000000000000000000000
    │   │   │   │   │   │   │   └─ ← [Return] 0x0000000000000000000000000000000000000000000000000000000000000000
    │   │   │   │   │   │   └─ ← [Return] 0x000000000000000000000000000000000000000000001ca2b137a119d9825927
    │   │   │   │   │   ├─ [119560] AutopoolDebt::378847bb(17264fbcd79a365fd3ccff89407ad487986f8b37b9035d6bc8b51cacd58322000000000000000000000000000000000000000000000000000000000000000001) [delegatecall]
    │   │   │   │   │   │   ├─ [1247] WithdrawalQueue::d0a94d2c(17264fbcd79a365fd3ccff89407ad487986f8b37b9035d6bc8b51cacd583220c) [delegatecall]
    │   │   │   │   │   │   │   ├─ [509] StructuredLinkedList::332306c0(17264fbcd79a365fd3ccff89407ad487986f8b37b9035d6bc8b51cacd583220c) [delegatecall]
    │   │   │   │   │   │   │   │   └─ ← [Return] 0x000000000000000000000000116b3e86f2b04c21605c5fc4b95ba6a82dbf8f3e
    │   │   │   │   │   │   │   └─ ← [Return] 0x000000000000000000000000116b3e86f2b04c21605c5fc4b95ba6a82dbf8f3e
    │   │   │   │   │   │   ├─ [2573] TransparentUpgradeableProxy::fallback(1) [staticcall]
    │   │   │   │   │   │   │   ├─ [1784] AutopoolETH::totalAssets(1) [delegatecall]
    │   │   │   │   │   │   │   │   ├─ [794] Autopool4626::20bf782e(17264fbcd79a365fd3ccff89407ad487986f8b37b9035d6bc8b51cacd58322210000000000000000000000000000000000000000000000000000000000000001) [delegatecall]
    │   │   │   │   │   │   │   │   │   └─ ← [Return] 0x000000000000000000000000000000000000000000001ca2b137a119d9825927
    │   │   │   │   │   │   │   │   └─ ← [Return] 135227403912691841128743 [1.352e23]
    │   │   │   │   │   │   │   └─ ← [Return] 135227403912691841128743 [1.352e23]
    │   │   │   │   │   │   ├─ [814] ERC20DestinationVault::balanceOf(TransparentUpgradeableProxy: [0x79eB84B5E30Ef2481c8f00fD0Aa7aAd6Ac0AA54d]) [staticcall]
    │   │   │   │   │   │   │   ├─ [642] ERC20DestinationVault::balanceOf(TransparentUpgradeableProxy: [0x79eB84B5E30Ef2481c8f00fD0Aa7aAd6Ac0AA54d]) [delegatecall]
    │   │   │   │   │   │   │   │   └─ ← [Return] 97286901747207732878297 [9.728e22]
    │   │   │   │   │   │   │   └─ ← [Return] 97286901747207732878297 [9.728e22]
    │   │   │   │   │   │   ├─ [107247] ERC20DestinationVault::getUnderlyerCeilingPrice()
    │   │   │   │   │   │   │   ├─ [107081] ERC20DestinationVault::getUnderlyerCeilingPrice() [delegatecall]
    │   │   │   │   │   │   │   │   ├─ [386] SystemRegistry::rootPriceOracle() [staticcall]
    │   │   │   │   │   │   │   │   │   └─ ← [Return] RootPriceOracle: [0x61F8BE7FD721e80C0249829eaE6f0DAf21bc2CaC]
    │   │   │   │   │   │   │   │   ├─ [105190] RootPriceOracle::getCeilingPrice(sDola: [0xb45ad160634c528Cc3D2926d9807104FA3157305], sDola: [0xb45ad160634c528Cc3D2926d9807104FA3157305], ERC20: [0x865377367054516e17014CcdED1e7d814EDC9ce4])
    │   │   │   │   │   │   │   │   │   ├─ [97899] 0x0004042f1cfAEF8bD011e73D99F85a44B0aAdF01::getSafeSpotPriceInfo(sDola: [0xb45ad160634c528Cc3D2926d9807104FA3157305], sDola: [0xb45ad160634c528Cc3D2926d9807104FA3157305], ERC20: [0x865377367054516e17014CcdED1e7d814EDC9ce4])
    │   │   │   │   │   │   │   │   │   │   ├─ [330] sDola::totalSupply() [staticcall]
    │   │   │   │   │   │   │   │   │   │   │   └─ ← [Return] 3506869468693493511867424 [3.506e24]
    │   │   │   │   │   │   │   │   │   │   ├─ [328] sDola::asset() [staticcall]
    │   │   │   │   │   │   │   │   │   │   │   └─ ← [Return] ERC20: [0x865377367054516e17014CcdED1e7d814EDC9ce4]
    │   │   │   │   │   │   │   │   │   │   ├─ [272] sDola::decimals() [staticcall]
    │   │   │   │   │   │   │   │   │   │   │   └─ ← [Return] 18
    │   │   │   │   │   │   │   │   │   │   ├─ [380] ERC20::decimals() [staticcall]
    │   │   │   │   │   │   │   │   │   │   │   └─ ← [Return] 18
    │   │   │   │   │   │   │   │   │   │   ├─ [2567] sDola::convertToAssets(1000000000000000000 [1e18]) [staticcall]
    │   │   │   │   │   │   │   │   │   │   │   ├─ [553] DolaSavings::balanceOf(sDola: [0xb45ad160634c528Cc3D2926d9807104FA3157305]) [staticcall]
    │   │   │   │   │   │   │   │   │   │   │   │   └─ ← [Return] 4880740474761838083514365 [4.88e24]
    │   │   │   │   │   │   │   │   │   │   │   └─ ← [Return] 1389570164933129794 [1.389e18]
    │   │   │   │   │   │   │   │   │   │   ├─ [386] SystemRegistry::rootPriceOracle() [staticcall]
    │   │   │   │   │   │   │   │   │   │   │   └─ ← [Return] RootPriceOracle: [0x61F8BE7FD721e80C0249829eaE6f0DAf21bc2CaC]
    │   │   │   │   │   │   │   │   │   │   ├─ [620] RootPriceOracle::poolMappings(CurveStableSwapNG: [0x744793B5110f6ca9cC7CDfe1CE16677c3Eb192ef]) [staticcall]
    │   │   │   │   │   │   │   │   │   │   │   └─ ← [Return] CurveV1StableEthOracle: [0xaeD535d737e80597452d1f04D1b64b4f2Ab8A92b]
    │   │   │   │   │   │   │   │   │   │   ├─ [33612] CurveV1StableEthOracle::getSpotPrice(ERC20: [0x865377367054516e17014CcdED1e7d814EDC9ce4], CurveStableSwapNG: [0x744793B5110f6ca9cC7CDfe1CE16677c3Eb192ef], ERC20: [0x865377367054516e17014CcdED1e7d814EDC9ce4])
    │   │   │   │   │   │   │   │   │   │   │   ├─ [380] ERC20::decimals() [staticcall]
    │   │   │   │   │   │   │   │   │   │   │   │   └─ ← [Return] 18
    │   │   │   │   │   │   │   │   │   │   │   ├─ [27110] CurveStableSwapNG::get_dy(0, 1, 1000000000000000 [1e15]) [staticcall]
    │   │   │   │   │   │   │   │   │   │   │   │   ├─ [221] CurveStableswapFactoryNG::views_implementation() [staticcall]
    │   │   │   │   │   │   │   │   │   │   │   │   │   └─ ← [Return] CurveStableSwapNGViews: [0xFF53042865dF617de4bB871bD0988E7B93439cCF]
    │   │   │   │   │   │   │   │   │   │   │   │   ├─ [26083] CurveStableSwapNGViews::get_dy(0, 1, 1000000000000000 [1e15], CurveStableSwapNG: [0x744793B5110f6ca9cC7CDfe1CE16677c3Eb192ef]) [staticcall]
    │   │   │   │   │   │   │   │   │   │   │   │   │   ├─ [275] CurveStableSwapNG::N_COINS() [staticcall]
    │   │   │   │   │   │   │   │   │   │   │   │   │   │   └─ ← [Return] 2
    │   │   │   │   │   │   │   │   │   │   │   │   │   ├─ [4563] CurveStableSwapNG::stored_rates() [staticcall]
    │   │   │   │   │   │   │   │   │   │   │   │   │   │   ├─ [2431] StakedUSDeV2::convertToAssets(1000000000000000000 [1e18]) [staticcall]
    │   │   │   │   │   │   │   │   │   │   │   │   │   │   │   ├─ [580] USDe::balanceOf(StakedUSDeV2: [0x9D39A5DE30e57443BfF2A8307A4256c8797A3497]) [staticcall]
    │   │   │   │   │   │   │   │   │   │   │   │   │   │   │   │   └─ ← [Return] 1748608524916033591919797499 [1.748e27]
    │   │   │   │   │   │   │   │   │   │   │   │   │   │   │   └─ ← [Return] 1235152162972420490 [1.235e18]
    │   │   │   │   │   │   │   │   │   │   │   │   │   │   ├─ [24] PRECOMPILES::identity(0x00000000000000000000000000000000000000000000000000000000000000020000000000000000000000000000000000000000000000000de0b6b3a7640000000000000000000000000000000000000000000000000000112424591d86c98a) [staticcall]
    │   │   │   │   │   │   │   │   │   │   │   │   │   │   │   └─ ← [Return] 0x00000000000000000000000000000000000000000000000000000000000000020000000000000000000000000000000000000000000000000de0b6b3a7640000000000000000000000000000000000000000000000000000112424591d86c98a
    │   │   │   │   │   │   │   │   │   │   │   │   │   │   └─ ← [Return] [1000000000000000000 [1e18], 1235152162972420490 [1.235e18]]
    │   │   │   │   │   │   │   │   │   │   │   │   │   ├─ [24] PRECOMPILES::identity(0x00000000000000000000000000000000000000000000000000000000000000020000000000000000000000000000000000000000000000000de0b6b3a7640000000000000000000000000000000000000000000000000000112424591d86c98a) [staticcall]
    │   │   │   │   │   │   │   │   │   │   │   │   │   │   └─ ← [Return] 0x00000000000000000000000000000000000000000000000000000000000000020000000000000000000000000000000000000000000000000de0b6b3a7640000000000000000000000000000000000000000000000000000112424591d86c98a
    │   │   │   │   │   │   │   │   │   │   │   │   │   ├─ [24] PRECOMPILES::identity(0x00000000000000000000000000000000000000000000000000000000000000020000000000000000000000000000000000000000000000000de0b6b3a7640000000000000000000000000000000000000000000000000000112424591d86c98a) [staticcall]
    │   │   │   │   │   │   │   │   │   │   │   │   │   │   └─ ← [Return] 0x00000000000000000000000000000000000000000000000000000000000000020000000000000000000000000000000000000000000000000de0b6b3a7640000000000000000000000000000000000000000000000000000112424591d86c98a
    │   │   │   │   │   │   │   │   │   │   │   │   │   ├─ [2258] CurveStableSwapNG::get_balances() [staticcall]
    │   │   │   │   │   │   │   │   │   │   │   │   │   │   ├─ [24] PRECOMPILES::identity(0x00000000000000000000000000000000000000000000000000000000000000020000000000000000000000000000000000000000001dcfd5f61fbf5283bc7bf800000000000000000000000000000000000000000006aef4fbe08065a92ac6f1) [staticcall]
    │   │   │   │   │   │   │   │   │   │   │   │   │   │   │   └─ ← [Return] 0x00000000000000000000000000000000000000000000000000000000000000020000000000000000000000000000000000000000001dcfd5f61fbf5283bc7bf800000000000000000000000000000000000000000006aef4fbe08065a92ac6f1
    │   │   │   │   │   │   │   │   │   │   │   │   │   │   └─ ← [Return] [36040325522370181486902264 [3.604e25], 8079765840908750867318513 [8.079e24]]
    │   │   │   │   │   │   │   │   │   │   │   │   │   ├─ [24] PRECOMPILES::identity(0x00000000000000000000000000000000000000000000000000000000000000020000000000000000000000000000000000000000001dcfd5f61fbf5283bc7bf800000000000000000000000000000000000000000006aef4fbe08065a92ac6f1) [staticcall]
    │   │   │   │   │   │   │   │   │   │   │   │   │   │   └─ ← [Return] 0x00000000000000000000000000000000000000000000000000000000000000020000000000000000000000000000000000000000001dcfd5f61fbf5283bc7bf800000000000000000000000000000000000000000006aef4fbe08065a92ac6f1
    │   │   │   │   │   │   │   │   │   │   │   │   │   ├─ [24] PRECOMPILES::identity(0x00000000000000000000000000000000000000000000000000000000000000020000000000000000000000000000000000000000001dcfd5f61fbf5283bc7bf800000000000000000000000000000000000000000006aef4fbe08065a92ac6f1) [staticcall]
    │   │   │   │   │   │   │   │   │   │   │   │   │   │   └─ ← [Return] 0x00000000000000000000000000000000000000000000000000000000000000020000000000000000000000000000000000000000001dcfd5f61fbf5283bc7bf800000000000000000000000000000000000000000006aef4fbe08065a92ac6f1
    │   │   │   │   │   │   │   │   │   │   │   │   │   ├─ [24] PRECOMPILES::identity(0x00000000000000000000000000000000000000000000000000000000000000020000000000000000000000000000000000000000000000000de0b6b3a7640000000000000000000000000000000000000000000000000000112424591d86c98a) [staticcall]
    │   │   │   │   │   │   │   │   │   │   │   │   │   │   └─ ← [Return] 0x00000000000000000000000000000000000000000000000000000000000000020000000000000000000000000000000000000000000000000de0b6b3a7640000000000000000000000000000000000000000000000000000112424591d86c98a
    │   │   │   │   │   │   │   │   │   │   │   │   │   ├─ [24] PRECOMPILES::identity(0x00000000000000000000000000000000000000000000000000000000000000020000000000000000000000000000000000000000001dcfd5f61fbf5283bc7bf800000000000000000000000000000000000000000006aef4fbe08065a92ac6f1) [staticcall]
    │   │   │   │   │   │   │   │   │   │   │   │   │   │   └─ ← [Return] 0x00000000000000000000000000000000000000000000000000000000000000020000000000000000000000000000000000000000001dcfd5f61fbf5283bc7bf800000000000000000000000000000000000000000006aef4fbe08065a92ac6f1
    │   │   │   │   │   │   │   │   │   │   │   │   │   ├─ [24] PRECOMPILES::identity(0x00000000000000000000000000000000000000000000000000000000000000020000000000000000000000000000000000000000001dcfd5f61fbf5283bc7bf800000000000000000000000000000000000000000008414acda1c7f59a2d7f12) [staticcall]
    │   │   │   │   │   │   │   │   │   │   │   │   │   │   └─ ← [Return] 0x00000000000000000000000000000000000000000000000000000000000000020000000000000000000000000000000000000000001dcfd5f61fbf5283bc7bf800000000000000000000000000000000000000000008414acda1c7f59a2d7f12
    │   │   │   │   │   │   │   │   │   │   │   │   │   ├─ [24] PRECOMPILES::identity(0x00000000000000000000000000000000000000000000000000000000000000020000000000000000000000000000000000000000000000000de0b6b3a7640000000000000000000000000000000000000000000000000000112424591d86c98a) [staticcall]
    │   │   │   │   │   │   │   │   │   │   │   │   │   │   └─ ← [Return] 0x00000000000000000000000000000000000000000000000000000000000000020000000000000000000000000000000000000000000000000de0b6b3a7640000000000000000000000000000000000000000000000000000112424591d86c98a
    │   │   │   │   │   │   │   │   │   │   │   │   │   ├─ [24] PRECOMPILES::identity(0x00000000000000000000000000000000000000000000000000000000000000020000000000000000000000000000000000000000001dcfd5f61fbf5283bc7bf800000000000000000000000000000000000000000006aef4fbe08065a92ac6f1) [staticcall]
    │   │   │   │   │   │   │   │   │   │   │   │   │   │   └─ ← [Return] 0x00000000000000000000000000000000000000000000000000000000000000020000000000000000000000000000000000000000001dcfd5f61fbf5283bc7bf800000000000000000000000000000000000000000006aef4fbe08065a92ac6f1
    │   │   │   │   │   │   │   │   │   │   │   │   │   ├─ [24] PRECOMPILES::identity(0x00000000000000000000000000000000000000000000000000000000000000020000000000000000000000000000000000000000001dcfd5f61fbf5283bc7bf800000000000000000000000000000000000000000008414acda1c7f59a2d7f12) [staticcall]
    │   │   │   │   │   │   │   │   │   │   │   │   │   │   └─ ← [Return] 0x00000000000000000000000000000000000000000000000000000000000000020000000000000000000000000000000000000000001dcfd5f61fbf5283bc7bf800000000000000000000000000000000000000000008414acda1c7f59a2d7f12
    │   │   │   │   │   │   │   │   │   │   │   │   │   ├─ [590] CurveStableSwapNG::A() [staticcall]
    │   │   │   │   │   │   │   │   │   │   │   │   │   │   └─ ← [Return] 750
    │   │   │   │   │   │   │   │   │   │   │   │   │   ├─ [24] PRECOMPILES::identity(0x00000000000000000000000000000000000000000000000000000000000000020000000000000000000000000000000000000000001dcfd5f61fbf5283bc7bf800000000000000000000000000000000000000000008414acda1c7f59a2d7f12) [staticcall]
    │   │   │   │   │   │   │   │   │   │   │   │   │   │   └─ ← [Return] 0x00000000000000000000000000000000000000000000000000000000000000020000000000000000000000000000000000000000001dcfd5f61fbf5283bc7bf800000000000000000000000000000000000000000008414acda1c7f59a2d7f12
    │   │   │   │   │   │   │   │   │   │   │   │   │   ├─ [24] PRECOMPILES::identity(0x00000000000000000000000000000000000000000000000000000000000000020000000000000000000000000000000000000000001dcfd5f61fbf5283bc7bf800000000000000000000000000000000000000000008414acda1c7f59a2d7f12) [staticcall]
    │   │   │   │   │   │   │   │   │   │   │   │   │   │   └─ ← [Return] 0x00000000000000000000000000000000000000000000000000000000000000020000000000000000000000000000000000000000001dcfd5f61fbf5283bc7bf800000000000000000000000000000000000000000008414acda1c7f59a2d7f12
    │   │   │   │   │   │   │   │   │   │   │   │   │   ├─ [369] CurveStableSwapNG::fee() [staticcall]
    │   │   │   │   │   │   │   │   │   │   │   │   │   │   └─ ← [Return] 1000000 [1e6]
    │   │   │   │   │   │   │   │   │   │   │   │   │   ├─ [369] CurveStableSwapNG::offpeg_fee_multiplier() [staticcall]
    │   │   │   │   │   │   │   │   │   │   │   │   │   │   └─ ← [Return] 200000000000 [2e11]
    │   │   │   │   │   │   │   │   │   │   │   │   │   └─ ← [Return] 806865858030076 [8.068e14]
    │   │   │   │   │   │   │   │   │   │   │   │   └─ ← [Return] 806865858030076 [8.068e14]
    │   │   │   │   │   │   │   │   │   │   │   ├─ [369] CurveStableSwapNG::fee() [staticcall]
    │   │   │   │   │   │   │   │   │   │   │   │   └─ ← [Return] 1000000 [1e6]
    │   │   │   │   │   │   │   │   │   │   │   ├─ [337] CurveStableSwapNG::coins(1) [staticcall]
    │   │   │   │   │   │   │   │   │   │   │   │   └─ ← [Return] StakedUSDeV2: [0x9D39A5DE30e57443BfF2A8307A4256c8797A3497]
    │   │   │   │   │   │   │   │   │   │   │   └─ ← [Return] 806946552685344534 [8.069e17], StakedUSDeV2: [0x9D39A5DE30e57443BfF2A8307A4256c8797A3497]
    │   │   │   │   │   │   │   │   │   │   ├─ [268] StakedUSDeV2::decimals() [staticcall]
    │   │   │   │   │   │   │   │   │   │   │   └─ ← [Return] 18
    │   │   │   │   │   │   │   │   │   │   ├─ [48535] RootPriceOracle::getPriceInQuote(StakedUSDeV2: [0x9D39A5DE30e57443BfF2A8307A4256c8797A3497], ERC20: [0x865377367054516e17014CcdED1e7d814EDC9ce4])
    │   │   │   │   │   │   │   │   │   │   │   ├─ [380] ERC20::decimals() [staticcall]
    │   │   │   │   │   │   │   │   │   │   │   │   └─ ← [Return] 18
    │   │   │   │   │   │   │   │   │   │   │   ├─ [27153] ERC4626VaultShareEthOracle::getPriceInEth(StakedUSDeV2: [0x9D39A5DE30e57443BfF2A8307A4256c8797A3497])
    │   │   │   │   │   │   │   │   │   │   │   │   ├─ [302] StakedUSDeV2::asset() [staticcall]
    │   │   │   │   │   │   │   │   │   │   │   │   │   └─ ← [Return] USDe: [0x4c9EDD5852cd905f086C759E8383e09bff1E68B3]
    │   │   │   │   │   │   │   │   │   │   │   │   ├─ [267] USDe::decimals() [staticcall]
    │   │   │   │   │   │   │   │   │   │   │   │   │   └─ ← [Return] 18
    │   │   │   │   │   │   │   │   │   │   │   │   ├─ [386] SystemRegistry::rootPriceOracle() [staticcall]
    │   │   │   │   │   │   │   │   │   │   │   │   │   └─ ← [Return] RootPriceOracle: [0x61F8BE7FD721e80C0249829eaE6f0DAf21bc2CaC]
    │   │   │   │   │   │   │   │   │   │   │   │   ├─ [19302] RootPriceOracle::getPriceInEth(USDe: [0x4c9EDD5852cd905f086C759E8383e09bff1E68B3])
    │   │   │   │   │   │   │   │   │   │   │   │   │   ├─ [18208] ChainlinkOracle::getPriceInEth(USDe: [0x4c9EDD5852cd905f086C759E8383e09bff1E68B3])
    │   │   │   │   │   │   │   │   │   │   │   │   │   │   ├─ [3142] EACAggregatorProxy::latestRoundData() [staticcall]
    │   │   │   │   │   │   │   │   │   │   │   │   │   │   │   ├─ [1409] AccessControlledOCR2Aggregator::latestRoundData() [staticcall]
    │   │   │   │   │   │   │   │   │   │   │   │   │   │   │   │   └─ ← [Return] 723, 99877255 [9.987e7], 1781169230 [1.781e9], 1781169251 [1.781e9], 723
    │   │   │   │   │   │   │   │   │   │   │   │   │   │   │   └─ ← [Return] 36893488147419103955 [3.689e19], 99877255 [9.987e7], 1781169230 [1.781e9], 1781169251 [1.781e9], 36893488147419103955 [3.689e19]
    │   │   │   │   │   │   │   │   │   │   │   │   │   │   ├─ [371] EACAggregatorProxy::aggregator() [staticcall]
    │   │   │   │   │   │   │   │   │   │   │   │   │   │   │   └─ ← [Return] AccessControlledOCR2Aggregator: [0xcC16f670129f965b396f2e81312F6e339FFDB18e]
    │   │   │   │   │   │   │   │   │   │   │   │   │   │   ├─ [322] AccessControlledOCR2Aggregator::maxAnswer() [staticcall]
    │   │   │   │   │   │   │   │   │   │   │   │   │   │   │   └─ ← [Return] 95780971304118053647396689196894323976171195136475135 [9.578e52]
    │   │   │   │   │   │   │   │   │   │   │   │   │   │   ├─ [300] AccessControlledOCR2Aggregator::minAnswer() [staticcall]
    │   │   │   │   │   │   │   │   │   │   │   │   │   │   │   └─ ← [Return] 1
    │   │   │   │   │   │   │   │   │   │   │   │   │   │   ├─ [386] SystemRegistry::rootPriceOracle() [staticcall]
    │   │   │   │   │   │   │   │   │   │   │   │   │   │   │   └─ ← [Return] RootPriceOracle: [0x61F8BE7FD721e80C0249829eaE6f0DAf21bc2CaC]
    │   │   │   │   │   │   │   │   │   │   │   │   │   │   ├─ [8425] RootPriceOracle::getPriceInEth(0x4554485F494e5f55534400000000000000000000)
    │   │   │   │   │   │   │   │   │   │   │   │   │   │   │   ├─ [7331] ChainlinkOracle::getPriceInEth(0x4554485F494e5f55534400000000000000000000)
    │   │   │   │   │   │   │   │   │   │   │   │   │   │   │   │   ├─ [2337] EACAggregatorProxy::latestRoundData() [staticcall]
    │   │   │   │   │   │   │   │   │   │   │   │   │   │   │   │   │   ├─ [604] AccessControlledOCR2Aggregator::latestRoundData() [staticcall]
    │   │   │   │   │   │   │   │   │   │   │   │   │   │   │   │   │   │   └─ ← [Return] 10000 [1e4], 167931308898 [1.679e11], 1781230127 [1.781e9], 1781230127 [1.781e9], 10000 [1e4]
    │   │   │   │   │   │   │   │   │   │   │   │   │   │   │   │   │   └─ ← [Return] 129127208515966871312 [1.291e20], 167931308898 [1.679e11], 1781230127 [1.781e9], 1781230127 [1.781e9], 129127208515966871312 [1.291e20]
    │   │   │   │   │   │   │   │   │   │   │   │   │   │   │   │   ├─ [371] EACAggregatorProxy::aggregator() [staticcall]
    │   │   │   │   │   │   │   │   │   │   │   │   │   │   │   │   │   └─ ← [Return] AccessControlledOCR2Aggregator: [0x7d4E742018fb52E48b08BE73d041C18B21de6Fb5]
    │   │   │   │   │   │   │   │   │   │   │   │   │   │   │   │   ├─ [263] AccessControlledOCR2Aggregator::maxAnswer() [staticcall]
    │   │   │   │   │   │   │   │   │   │   │   │   │   │   │   │   │   └─ ← [Return] 3138550867693340381917894711603833208051177722232017256447 [3.138e57]
    │   │   │   │   │   │   │   │   │   │   │   │   │   │   │   │   ├─ [148] AccessControlledOCR2Aggregator::minAnswer() [staticcall]
    │   │   │   │   │   │   │   │   │   │   │   │   │   │   │   │   │   └─ ← [Return] 1
    │   │   │   │   │   │   │   │   │   │   │   │   │   │   │   │   └─ ← [Return] 1679313088980000000000 [1.679e21]
    │   │   │   │   │   │   │   │   │   │   │   │   │   │   │   └─ ← [Return] 1679313088980000000000 [1.679e21]
    │   │   │   │   │   │   │   │   │   │   │   │   │   │   └─ ← [Return] 594750649270914 [5.947e14]
    │   │   │   │   │   │   │   │   │   │   │   │   │   └─ ← [Return] 594750649270914 [5.947e14]
    │   │   │   │   │   │   │   │   │   │   │   │   ├─ [268] StakedUSDeV2::decimals() [staticcall]
    │   │   │   │   │   │   │   │   │   │   │   │   │   └─ ← [Return] 18
    │   │   │   │   │   │   │   │   │   │   │   │   ├─ [2431] StakedUSDeV2::convertToAssets(1000000000000000000 [1e18]) [staticcall]
    │   │   │   │   │   │   │   │   │   │   │   │   │   ├─ [580] USDe::balanceOf(StakedUSDeV2: [0x9D39A5DE30e57443BfF2A8307A4256c8797A3497]) [staticcall]
    │   │   │   │   │   │   │   │   │   │   │   │   │   │   └─ ← [Return] 1748608524916033591919797499 [1.748e27]
    │   │   │   │   │   │   │   │   │   │   │   │   │   └─ ← [Return] 1235152162972420490 [1.235e18]
    │   │   │   │   │   │   │   │   │   │   │   │   └─ ← [Return] 734607550876220 [7.346e14]
    │   │   │   │   │   │   │   │   │   │   │   ├─ [18208] ChainlinkOracle::getPriceInEth(ERC20: [0x865377367054516e17014CcdED1e7d814EDC9ce4])
    │   │   │   │   │   │   │   │   │   │   │   │   ├─ [3142] EACAggregatorProxy::latestRoundData() [staticcall]
    │   │   │   │   │   │   │   │   │   │   │   │   │   ├─ [1409] AccessControlledOCR2Aggregator::latestRoundData() [staticcall]
    │   │   │   │   │   │   │   │   │   │   │   │   │   │   └─ ← [Return] 288, 99543600 [9.954e7], 1781154604 [1.781e9], 1781154623 [1.781e9], 288
    │   │   │   │   │   │   │   │   │   │   │   │   │   └─ ← [Return] 18446744073709551904 [1.844e19], 99543600 [9.954e7], 1781154604 [1.781e9], 1781154623 [1.781e9], 18446744073709551904 [1.844e19]
    │   │   │   │   │   │   │   │   │   │   │   │   ├─ [371] EACAggregatorProxy::aggregator() [staticcall]
    │   │   │   │   │   │   │   │   │   │   │   │   │   └─ ← [Return] AccessControlledOCR2Aggregator: [0x61E946986F43C68EB8F6bDf24DfdB2185f13e35A]
    │   │   │   │   │   │   │   │   │   │   │   │   ├─ [322] AccessControlledOCR2Aggregator::maxAnswer() [staticcall]
    │   │   │   │   │   │   │   │   │   │   │   │   │   └─ ← [Return] 95780971304118053647396689196894323976171195136475135 [9.578e52]
    │   │   │   │   │   │   │   │   │   │   │   │   ├─ [300] AccessControlledOCR2Aggregator::minAnswer() [staticcall]
    │   │   │   │   │   │   │   │   │   │   │   │   │   └─ ← [Return] 1
    │   │   │   │   │   │   │   │   │   │   │   │   ├─ [386] SystemRegistry::rootPriceOracle() [staticcall]
    │   │   │   │   │   │   │   │   │   │   │   │   │   └─ ← [Return] RootPriceOracle: [0x61F8BE7FD721e80C0249829eaE6f0DAf21bc2CaC]
    │   │   │   │   │   │   │   │   │   │   │   │   ├─ [8425] RootPriceOracle::getPriceInEth(0x4554485F494e5f55534400000000000000000000)
    │   │   │   │   │   │   │   │   │   │   │   │   │   ├─ [7331] ChainlinkOracle::getPriceInEth(0x4554485F494e5f55534400000000000000000000)
    │   │   │   │   │   │   │   │   │   │   │   │   │   │   ├─ [2337] EACAggregatorProxy::latestRoundData() [staticcall]
    │   │   │   │   │   │   │   │   │   │   │   │   │   │   │   ├─ [604] AccessControlledOCR2Aggregator::latestRoundData() [staticcall]
    │   │   │   │   │   │   │   │   │   │   │   │   │   │   │   │   └─ ← [Return] 10000 [1e4], 167931308898 [1.679e11], 1781230127 [1.781e9], 1781230127 [1.781e9], 10000 [1e4]
    │   │   │   │   │   │   │   │   │   │   │   │   │   │   │   └─ ← [Return] 129127208515966871312 [1.291e20], 167931308898 [1.679e11], 1781230127 [1.781e9], 1781230127 [1.781e9], 129127208515966871312 [1.291e20]
    │   │   │   │   │   │   │   │   │   │   │   │   │   │   ├─ [371] EACAggregatorProxy::aggregator() [staticcall]
    │   │   │   │   │   │   │   │   │   │   │   │   │   │   │   └─ ← [Return] AccessControlledOCR2Aggregator: [0x7d4E742018fb52E48b08BE73d041C18B21de6Fb5]
    │   │   │   │   │   │   │   │   │   │   │   │   │   │   ├─ [263] AccessControlledOCR2Aggregator::maxAnswer() [staticcall]
    │   │   │   │   │   │   │   │   │   │   │   │   │   │   │   └─ ← [Return] 3138550867693340381917894711603833208051177722232017256447 [3.138e57]
    │   │   │   │   │   │   │   │   │   │   │   │   │   │   ├─ [148] AccessControlledOCR2Aggregator::minAnswer() [staticcall]
    │   │   │   │   │   │   │   │   │   │   │   │   │   │   │   └─ ← [Return] 1
    │   │   │   │   │   │   │   │   │   │   │   │   │   │   └─ ← [Return] 1679313088980000000000 [1.679e21]
    │   │   │   │   │   │   │   │   │   │   │   │   │   └─ ← [Return] 1679313088980000000000 [1.679e21]
    │   │   │   │   │   │   │   │   │   │   │   │   └─ ← [Return] 592763795228094 [5.927e14]
    │   │   │   │   │   │   │   │   │   │   │   └─ ← [Return] 1239292205073936547 [1.239e18]
    │   │   │   │   │   │   │   │   │   │   ├─ [2163] sDola::totalAssets() [staticcall]
    │   │   │   │   │   │   │   │   │   │   │   ├─ [553] DolaSavings::balanceOf(sDola: [0xb45ad160634c528Cc3D2926d9807104FA3157305]) [staticcall]
    │   │   │   │   │   │   │   │   │   │   │   │   └─ ← [Return] 4880740474761838083514365 [4.88e24]
    │   │   │   │   │   │   │   │   │   │   │   └─ ← [Return] 4873041186011375031418952 [4.873e24]
    │   │   │   │   │   │   │   │   │   │   └─ ← [Return] 3506869468693493511867424 [3.506e24], [ReserveItemInfo({ token: 0x865377367054516e17014CcdED1e7d814EDC9ce4, reserveAmount: 4873041186011375031418952 [4.873e24], rawSpotPrice: 1000042572654232140 [1e18], actualQuoteToken: 0x865377367054516e17014CcdED1e7d814EDC9ce4 })]
    │   │   │   │   │   │   │   │   │   ├─ [380] ERC20::decimals() [staticcall]
    │   │   │   │   │   │   │   │   │   │   └─ ← [Return] 18
    │   │   │   │   │   │   │   │   │   ├─ [272] sDola::decimals() [staticcall]
    │   │   │   │   │   │   │   │   │   │   └─ ← [Return] 18
    │   │   │   │   │   │   │   │   │   ├─ [380] ERC20::decimals() [staticcall]
    │   │   │   │   │   │   │   │   │   │   └─ ← [Return] 18
    │   │   │   │   │   │   │   │   │   ├─ [380] ERC20::decimals() [staticcall]
    │   │   │   │   │   │   │   │   │   │   └─ ← [Return] 18
    │   │   │   │   │   │   │   │   │   └─ ← [Return] 1389629322623292790 [1.389e18]
    │   │   │   │   │   │   │   │   └─ ← [Return] 1389629322623292790 [1.389e18]
    │   │   │   │   │   │   │   └─ ← [Return] 1389629322623292790 [1.389e18]
    │   │   │   │   │   │   ├─ [572] ERC20DestinationVault::ONE() [staticcall]
    │   │   │   │   │   │   │   ├─ [406] ERC20DestinationVault::ONE() [delegatecall]
    │   │   │   │   │   │   │   │   └─ ← [Return] 1000000000000000000 [1e18]
    │   │   │   │   │   │   │   └─ ← [Return] 1000000000000000000 [1e18]
    │   │   │   │   │   │   ├─ [2737] WithdrawalQueue::e8ca529d(17264fbcd79a365fd3ccff89407ad487986f8b37b9035d6bc8b51cacd583220c000000000000000000000000116b3e86f2b04c21605c5fc4b95ba6a82dbf8f3e0000000000000000000000000000000000000000000000000000000000000001) [delegatecall]
    │   │   │   │   │   │   │   ├─ [1590] StructuredLinkedList::203afb24(17264fbcd79a365fd3ccff89407ad487986f8b37b9035d6bc8b51cacd583220c000000000000000000000000116b3e86f2b04c21605c5fc4b95ba6a82dbf8f3e0000000000000000000000000000000000000000000000000000000000000001) [delegatecall]
    │   │   │   │   │   │   │   │   └─ ← [Return] 0x00000000000000000000000000000000000000000000000000000000000000000000000000000000000000000000000000000000000000000000000000000000
    │   │   │   │   │   │   │   └─ ← [Return] 0x0000000000000000000000000000000000000000000000000000000000000000
    │   │   │   │   │   │   └─ ← [Return] 0x000000000000000000000000000000000000000000001ca2b137a119d9825927
    │   │   │   │   │   ├─ [664] AutopoolFees::3906c18f(17264fbcd79a365fd3ccff89407ad487986f8b37b9035d6bc8b51cacd5832200) [delegatecall]
    │   │   │   │   │   │   └─ ← [Return] 0x00000000000000000000000000000000000000000000000212b36e1ecc2009e2
    │   │   │   │   │   ├─ [119560] AutopoolDebt::378847bb(17264fbcd79a365fd3ccff89407ad487986f8b37b9035d6bc8b51cacd58322000000000000000000000000000000000000000000000000000000000000000001) [delegatecall]
    │   │   │   │   │   │   ├─ [1247] WithdrawalQueue::d0a94d2c(17264fbcd79a365fd3ccff89407ad487986f8b37b9035d6bc8b51cacd583220c) [delegatecall]
    │   │   │   │   │   │   │   ├─ [509] StructuredLinkedList::332306c0(17264fbcd79a365fd3ccff89407ad487986f8b37b9035d6bc8b51cacd583220c) [delegatecall]
    │   │   │   │   │   │   │   │   └─ ← [Return] 0x000000000000000000000000116b3e86f2b04c21605c5fc4b95ba6a82dbf8f3e
    │   │   │   │   │   │   │   └─ ← [Return] 0x000000000000000000000000116b3e86f2b04c21605c5fc4b95ba6a82dbf8f3e
    │   │   │   │   │   │   ├─ [2573] TransparentUpgradeableProxy::fallback(1) [staticcall]
    │   │   │   │   │   │   │   ├─ [1784] AutopoolETH::totalAssets(1) [delegatecall]
    │   │   │   │   │   │   │   │   ├─ [794] Autopool4626::20bf782e(17264fbcd79a365fd3ccff89407ad487986f8b37b9035d6bc8b51cacd58322210000000000000000000000000000000000000000000000000000000000000001) [delegatecall]
    │   │   │   │   │   │   │   │   │   └─ ← [Return] 0x000000000000000000000000000000000000000000001ca2b137a119d9825927
    │   │   │   │   │   │   │   │   └─ ← [Return] 135227403912691841128743 [1.352e23]
    │   │   │   │   │   │   │   └─ ← [Return] 135227403912691841128743 [1.352e23]
    │   │   │   │   │   │   ├─ [814] ERC20DestinationVault::balanceOf(TransparentUpgradeableProxy: [0x79eB84B5E30Ef2481c8f00fD0Aa7aAd6Ac0AA54d]) [staticcall]
    │   │   │   │   │   │   │   ├─ [642] ERC20DestinationVault::balanceOf(TransparentUpgradeableProxy: [0x79eB84B5E30Ef2481c8f00fD0Aa7aAd6Ac0AA54d]) [delegatecall]
    │   │   │   │   │   │   │   │   └─ ← [Return] 97286901747207732878297 [9.728e22]
    │   │   │   │   │   │   │   └─ ← [Return] 97286901747207732878297 [9.728e22]
    │   │   │   │   │   │   ├─ [107247] ERC20DestinationVault::getUnderlyerCeilingPrice()
    │   │   │   │   │   │   │   ├─ [107081] ERC20DestinationVault::getUnderlyerCeilingPrice() [delegatecall]
    │   │   │   │   │   │   │   │   ├─ [386] SystemRegistry::rootPriceOracle() [staticcall]
    │   │   │   │   │   │   │   │   │   └─ ← [Return] RootPriceOracle: [0x61F8BE7FD721e80C0249829eaE6f0DAf21bc2CaC]
    │   │   │   │   │   │   │   │   ├─ [105190] RootPriceOracle::getCeilingPrice(sDola: [0xb45ad160634c528Cc3D2926d9807104FA3157305], sDola: [0xb45ad160634c528Cc3D2926d9807104FA3157305], ERC20: [0x865377367054516e17014CcdED1e7d814EDC9ce4])
    │   │   │   │   │   │   │   │   │   ├─ [97899] 0x0004042f1cfAEF8bD011e73D99F85a44B0aAdF01::getSafeSpotPriceInfo(sDola: [0xb45ad160634c528Cc3D2926d9807104FA3157305], sDola: [0xb45ad160634c528Cc3D2926d9807104FA3157305], ERC20: [0x865377367054516e17014CcdED1e7d814EDC9ce4])
    │   │   │   │   │   │   │   │   │   │   ├─ [330] sDola::totalSupply() [staticcall]
    │   │   │   │   │   │   │   │   │   │   │   └─ ← [Return] 3506869468693493511867424 [3.506e24]
    │   │   │   │   │   │   │   │   │   │   ├─ [328] sDola::asset() [staticcall]
    │   │   │   │   │   │   │   │   │   │   │   └─ ← [Return] ERC20: [0x865377367054516e17014CcdED1e7d814EDC9ce4]
    │   │   │   │   │   │   │   │   │   │   ├─ [272] sDola::decimals() [staticcall]
    │   │   │   │   │   │   │   │   │   │   │   └─ ← [Return] 18
    │   │   │   │   │   │   │   │   │   │   ├─ [380] ERC20::decimals() [staticcall]
    │   │   │   │   │   │   │   │   │   │   │   └─ ← [Return] 18
    │   │   │   │   │   │   │   │   │   │   ├─ [2567] sDola::convertToAssets(1000000000000000000 [1e18]) [staticcall]
    │   │   │   │   │   │   │   │   │   │   │   ├─ [553] DolaSavings::balanceOf(sDola: [0xb45ad160634c528Cc3D2926d9807104FA3157305]) [staticcall]
    │   │   │   │   │   │   │   │   │   │   │   │   └─ ← [Return] 4880740474761838083514365 [4.88e24]
    │   │   │   │   │   │   │   │   │   │   │   └─ ← [Return] 1389570164933129794 [1.389e18]
    │   │   │   │   │   │   │   │   │   │   ├─ [386] SystemRegistry::rootPriceOracle() [staticcall]
    │   │   │   │   │   │   │   │   │   │   │   └─ ← [Return] RootPriceOracle: [0x61F8BE7FD721e80C0249829eaE6f0DAf21bc2CaC]
    │   │   │   │   │   │   │   │   │   │   ├─ [620] RootPriceOracle::poolMappings(CurveStableSwapNG: [0x744793B5110f6ca9cC7CDfe1CE16677c3Eb192ef]) [staticcall]
    │   │   │   │   │   │   │   │   │   │   │   └─ ← [Return] CurveV1StableEthOracle: [0xaeD535d737e80597452d1f04D1b64b4f2Ab8A92b]
    │   │   │   │   │   │   │   │   │   │   ├─ [33612] CurveV1StableEthOracle::getSpotPrice(ERC20: [0x865377367054516e17014CcdED1e7d814EDC9ce4], CurveStableSwapNG: [0x744793B5110f6ca9cC7CDfe1CE16677c3Eb192ef], ERC20: [0x865377367054516e17014CcdED1e7d814EDC9ce4])
    │   │   │   │   │   │   │   │   │   │   │   ├─ [380] ERC20::decimals() [staticcall]
    │   │   │   │   │   │   │   │   │   │   │   │   └─ ← [Return] 18
    │   │   │   │   │   │   │   │   │   │   │   ├─ [27110] CurveStableSwapNG::get_dy(0, 1, 1000000000000000 [1e15]) [staticcall]
    │   │   │   │   │   │   │   │   │   │   │   │   ├─ [221] CurveStableswapFactoryNG::views_implementation() [staticcall]
    │   │   │   │   │   │   │   │   │   │   │   │   │   └─ ← [Return] CurveStableSwapNGViews: [0xFF53042865dF617de4bB871bD0988E7B93439cCF]
    │   │   │   │   │   │   │   │   │   │   │   │   ├─ [26083] CurveStableSwapNGViews::get_dy(0, 1, 1000000000000000 [1e15], CurveStableSwapNG: [0x744793B5110f6ca9cC7CDfe1CE16677c3Eb192ef]) [staticcall]
    │   │   │   │   │   │   │   │   │   │   │   │   │   ├─ [275] CurveStableSwapNG::N_COINS() [staticcall]
    │   │   │   │   │   │   │   │   │   │   │   │   │   │   └─ ← [Return] 2
    │   │   │   │   │   │   │   │   │   │   │   │   │   ├─ [4563] CurveStableSwapNG::stored_rates() [staticcall]
    │   │   │   │   │   │   │   │   │   │   │   │   │   │   ├─ [2431] StakedUSDeV2::convertToAssets(1000000000000000000 [1e18]) [staticcall]
    │   │   │   │   │   │   │   │   │   │   │   │   │   │   │   ├─ [580] USDe::balanceOf(StakedUSDeV2: [0x9D39A5DE30e57443BfF2A8307A4256c8797A3497]) [staticcall]
    │   │   │   │   │   │   │   │   │   │   │   │   │   │   │   │   └─ ← [Return] 1748608524916033591919797499 [1.748e27]
    │   │   │   │   │   │   │   │   │   │   │   │   │   │   │   └─ ← [Return] 1235152162972420490 [1.235e18]
    │   │   │   │   │   │   │   │   │   │   │   │   │   │   ├─ [24] PRECOMPILES::identity(0x00000000000000000000000000000000000000000000000000000000000000020000000000000000000000000000000000000000000000000de0b6b3a7640000000000000000000000000000000000000000000000000000112424591d86c98a) [staticcall]
    │   │   │   │   │   │   │   │   │   │   │   │   │   │   │   └─ ← [Return] 0x00000000000000000000000000000000000000000000000000000000000000020000000000000000000000000000000000000000000000000de0b6b3a7640000000000000000000000000000000000000000000000000000112424591d86c98a
    │   │   │   │   │   │   │   │   │   │   │   │   │   │   └─ ← [Return] [1000000000000000000 [1e18], 1235152162972420490 [1.235e18]]
    │   │   │   │   │   │   │   │   │   │   │   │   │   ├─ [24] PRECOMPILES::identity(0x00000000000000000000000000000000000000000000000000000000000000020000000000000000000000000000000000000000000000000de0b6b3a7640000000000000000000000000000000000000000000000000000112424591d86c98a) [staticcall]
    │   │   │   │   │   │   │   │   │   │   │   │   │   │   └─ ← [Return] 0x00000000000000000000000000000000000000000000000000000000000000020000000000000000000000000000000000000000000000000de0b6b3a7640000000000000000000000000000000000000000000000000000112424591d86c98a
    │   │   │   │   │   │   │   │   │   │   │   │   │   ├─ [24] PRECOMPILES::identity(0x00000000000000000000000000000000000000000000000000000000000000020000000000000000000000000000000000000000000000000de0b6b3a7640000000000000000000000000000000000000000000000000000112424591d86c98a) [staticcall]
    │   │   │   │   │   │   │   │   │   │   │   │   │   │   └─ ← [Return] 0x00000000000000000000000000000000000000000000000000000000000000020000000000000000000000000000000000000000000000000de0b6b3a7640000000000000000000000000000000000000000000000000000112424591d86c98a
    │   │   │   │   │   │   │   │   │   │   │   │   │   ├─ [2258] CurveStableSwapNG::get_balances() [staticcall]
    │   │   │   │   │   │   │   │   │   │   │   │   │   │   ├─ [24] PRECOMPILES::identity(0x00000000000000000000000000000000000000000000000000000000000000020000000000000000000000000000000000000000001dcfd5f61fbf5283bc7bf800000000000000000000000000000000000000000006aef4fbe08065a92ac6f1) [staticcall]
    │   │   │   │   │   │   │   │   │   │   │   │   │   │   │   └─ ← [Return] 0x00000000000000000000000000000000000000000000000000000000000000020000000000000000000000000000000000000000001dcfd5f61fbf5283bc7bf800000000000000000000000000000000000000000006aef4fbe08065a92ac6f1
    │   │   │   │   │   │   │   │   │   │   │   │   │   │   └─ ← [Return] [36040325522370181486902264 [3.604e25], 8079765840908750867318513 [8.079e24]]
    │   │   │   │   │   │   │   │   │   │   │   │   │   ├─ [24] PRECOMPILES::identity(0x00000000000000000000000000000000000000000000000000000000000000020000000000000000000000000000000000000000001dcfd5f61fbf5283bc7bf800000000000000000000000000000000000000000006aef4fbe08065a92ac6f1) [staticcall]
    │   │   │   │   │   │   │   │   │   │   │   │   │   │   └─ ← [Return] 0x00000000000000000000000000000000000000000000000000000000000000020000000000000000000000000000000000000000001dcfd5f61fbf5283bc7bf800000000000000000000000000000000000000000006aef4fbe08065a92ac6f1
    │   │   │   │   │   │   │   │   │   │   │   │   │   ├─ [24] PRECOMPILES::identity(0x00000000000000000000000000000000000000000000000000000000000000020000000000000000000000000000000000000000001dcfd5f61fbf5283bc7bf800000000000000000000000000000000000000000006aef4fbe08065a92ac6f1) [staticcall]
    │   │   │   │   │   │   │   │   │   │   │   │   │   │   └─ ← [Return] 0x00000000000000000000000000000000000000000000000000000000000000020000000000000000000000000000000000000000001dcfd5f61fbf5283bc7bf800000000000000000000000000000000000000000006aef4fbe08065a92ac6f1
    │   │   │   │   │   │   │   │   │   │   │   │   │   ├─ [24] PRECOMPILES::identity(0x00000000000000000000000000000000000000000000000000000000000000020000000000000000000000000000000000000000000000000de0b6b3a7640000000000000000000000000000000000000000000000000000112424591d86c98a) [staticcall]
    │   │   │   │   │   │   │   │   │   │   │   │   │   │   └─ ← [Return] 0x00000000000000000000000000000000000000000000000000000000000000020000000000000000000000000000000000000000000000000de0b6b3a7640000000000000000000000000000000000000000000000000000112424591d86c98a
    │   │   │   │   │   │   │   │   │   │   │   │   │   ├─ [24] PRECOMPILES::identity(0x00000000000000000000000000000000000000000000000000000000000000020000000000000000000000000000000000000000001dcfd5f61fbf5283bc7bf800000000000000000000000000000000000000000006aef4fbe08065a92ac6f1) [staticcall]
    │   │   │   │   │   │   │   │   │   │   │   │   │   │   └─ ← [Return] 0x00000000000000000000000000000000000000000000000000000000000000020000000000000000000000000000000000000000001dcfd5f61fbf5283bc7bf800000000000000000000000000000000000000000006aef4fbe08065a92ac6f1
    │   │   │   │   │   │   │   │   │   │   │   │   │   ├─ [24] PRECOMPILES::identity(0x00000000000000000000000000000000000000000000000000000000000000020000000000000000000000000000000000000000001dcfd5f61fbf5283bc7bf800000000000000000000000000000000000000000008414acda1c7f59a2d7f12) [staticcall]
    │   │   │   │   │   │   │   │   │   │   │   │   │   │   └─ ← [Return] 0x00000000000000000000000000000000000000000000000000000000000000020000000000000000000000000000000000000000001dcfd5f61fbf5283bc7bf800000000000000000000000000000000000000000008414acda1c7f59a2d7f12
    │   │   │   │   │   │   │   │   │   │   │   │   │   ├─ [24] PRECOMPILES::identity(0x00000000000000000000000000000000000000000000000000000000000000020000000000000000000000000000000000000000000000000de0b6b3a7640000000000000000000000000000000000000000000000000000112424591d86c98a) [staticcall]
    │   │   │   │   │   │   │   │   │   │   │   │   │   │   └─ ← [Return] 0x00000000000000000000000000000000000000000000000000000000000000020000000000000000000000000000000000000000000000000de0b6b3a7640000000000000000000000000000000000000000000000000000112424591d86c98a
    │   │   │   │   │   │   │   │   │   │   │   │   │   ├─ [24] PRECOMPILES::identity(0x00000000000000000000000000000000000000000000000000000000000000020000000000000000000000000000000000000000001dcfd5f61fbf5283bc7bf800000000000000000000000000000000000000000006aef4fbe08065a92ac6f1) [staticcall]
    │   │   │   │   │   │   │   │   │   │   │   │   │   │   └─ ← [Return] 0x00000000000000000000000000000000000000000000000000000000000000020000000000000000000000000000000000000000001dcfd5f61fbf5283bc7bf800000000000000000000000000000000000000000006aef4fbe08065a92ac6f1
    │   │   │   │   │   │   │   │   │   │   │   │   │   ├─ [24] PRECOMPILES::identity(0x00000000000000000000000000000000000000000000000000000000000000020000000000000000000000000000000000000000001dcfd5f61fbf5283bc7bf800000000000000000000000000000000000000000008414acda1c7f59a2d7f12) [staticcall]
    │   │   │   │   │   │   │   │   │   │   │   │   │   │   └─ ← [Return] 0x00000000000000000000000000000000000000000000000000000000000000020000000000000000000000000000000000000000001dcfd5f61fbf5283bc7bf800000000000000000000000000000000000000000008414acda1c7f59a2d7f12
    │   │   │   │   │   │   │   │   │   │   │   │   │   ├─ [590] CurveStableSwapNG::A() [staticcall]
    │   │   │   │   │   │   │   │   │   │   │   │   │   │   └─ ← [Return] 750
    │   │   │   │   │   │   │   │   │   │   │   │   │   ├─ [24] PRECOMPILES::identity(0x00000000000000000000000000000000000000000000000000000000000000020000000000000000000000000000000000000000001dcfd5f61fbf5283bc7bf800000000000000000000000000000000000000000008414acda1c7f59a2d7f12) [staticcall]
    │   │   │   │   │   │   │   │   │   │   │   │   │   │   └─ ← [Return] 0x00000000000000000000000000000000000000000000000000000000000000020000000000000000000000000000000000000000001dcfd5f61fbf5283bc7bf800000000000000000000000000000000000000000008414acda1c7f59a2d7f12
    │   │   │   │   │   │   │   │   │   │   │   │   │   ├─ [24] PRECOMPILES::identity(0x00000000000000000000000000000000000000000000000000000000000000020000000000000000000000000000000000000000001dcfd5f61fbf5283bc7bf800000000000000000000000000000000000000000008414acda1c7f59a2d7f12) [staticcall]
    │   │   │   │   │   │   │   │   │   │   │   │   │   │   └─ ← [Return] 0x00000000000000000000000000000000000000000000000000000000000000020000000000000000000000000000000000000000001dcfd5f61fbf5283bc7bf800000000000000000000000000000000000000000008414acda1c7f59a2d7f12
    │   │   │   │   │   │   │   │   │   │   │   │   │   ├─ [369] CurveStableSwapNG::fee() [staticcall]
    │   │   │   │   │   │   │   │   │   │   │   │   │   │   └─ ← [Return] 1000000 [1e6]
    │   │   │   │   │   │   │   │   │   │   │   │   │   ├─ [369] CurveStableSwapNG::offpeg_fee_multiplier() [staticcall]
    │   │   │   │   │   │   │   │   │   │   │   │   │   │   └─ ← [Return] 200000000000 [2e11]
    │   │   │   │   │   │   │   │   │   │   │   │   │   └─ ← [Return] 806865858030076 [8.068e14]
    │   │   │   │   │   │   │   │   │   │   │   │   └─ ← [Return] 806865858030076 [8.068e14]
    │   │   │   │   │   │   │   │   │   │   │   ├─ [369] CurveStableSwapNG::fee() [staticcall]
    │   │   │   │   │   │   │   │   │   │   │   │   └─ ← [Return] 1000000 [1e6]
    │   │   │   │   │   │   │   │   │   │   │   ├─ [337] CurveStableSwapNG::coins(1) [staticcall]
    │   │   │   │   │   │   │   │   │   │   │   │   └─ ← [Return] StakedUSDeV2: [0x9D39A5DE30e57443BfF2A8307A4256c8797A3497]
    │   │   │   │   │   │   │   │   │   │   │   └─ ← [Return] 806946552685344534 [8.069e17], StakedUSDeV2: [0x9D39A5DE30e57443BfF2A8307A4256c8797A3497]
    │   │   │   │   │   │   │   │   │   │   ├─ [268] StakedUSDeV2::decimals() [staticcall]
    │   │   │   │   │   │   │   │   │   │   │   └─ ← [Return] 18
    │   │   │   │   │   │   │   │   │   │   ├─ [48535] RootPriceOracle::getPriceInQuote(StakedUSDeV2: [0x9D39A5DE30e57443BfF2A8307A4256c8797A3497], ERC20: [0x865377367054516e17014CcdED1e7d814EDC9ce4])
    │   │   │   │   │   │   │   │   │   │   │   ├─ [380] ERC20::decimals() [staticcall]
    │   │   │   │   │   │   │   │   │   │   │   │   └─ ← [Return] 18
    │   │   │   │   │   │   │   │   │   │   │   ├─ [27153] ERC4626VaultShareEthOracle::getPriceInEth(StakedUSDeV2: [0x9D39A5DE30e57443BfF2A8307A4256c8797A3497])
    │   │   │   │   │   │   │   │   │   │   │   │   ├─ [302] StakedUSDeV2::asset() [staticcall]
    │   │   │   │   │   │   │   │   │   │   │   │   │   └─ ← [Return] USDe: [0x4c9EDD5852cd905f086C759E8383e09bff1E68B3]
    │   │   │   │   │   │   │   │   │   │   │   │   ├─ [267] USDe::decimals() [staticcall]
    │   │   │   │   │   │   │   │   │   │   │   │   │   └─ ← [Return] 18
    │   │   │   │   │   │   │   │   │   │   │   │   ├─ [386] SystemRegistry::rootPriceOracle() [staticcall]
    │   │   │   │   │   │   │   │   │   │   │   │   │   └─ ← [Return] RootPriceOracle: [0x61F8BE7FD721e80C0249829eaE6f0DAf21bc2CaC]
    │   │   │   │   │   │   │   │   │   │   │   │   ├─ [19302] RootPriceOracle::getPriceInEth(USDe: [0x4c9EDD5852cd905f086C759E8383e09bff1E68B3])
    │   │   │   │   │   │   │   │   │   │   │   │   │   ├─ [18208] ChainlinkOracle::getPriceInEth(USDe: [0x4c9EDD5852cd905f086C759E8383e09bff1E68B3])
    │   │   │   │   │   │   │   │   │   │   │   │   │   │   ├─ [3142] EACAggregatorProxy::latestRoundData() [staticcall]
    │   │   │   │   │   │   │   │   │   │   │   │   │   │   │   ├─ [1409] AccessControlledOCR2Aggregator::latestRoundData() [staticcall]
    │   │   │   │   │   │   │   │   │   │   │   │   │   │   │   │   └─ ← [Return] 723, 99877255 [9.987e7], 1781169230 [1.781e9], 1781169251 [1.781e9], 723
    │   │   │   │   │   │   │   │   │   │   │   │   │   │   │   └─ ← [Return] 36893488147419103955 [3.689e19], 99877255 [9.987e7], 1781169230 [1.781e9], 1781169251 [1.781e9], 36893488147419103955 [3.689e19]
    │   │   │   │   │   │   │   │   │   │   │   │   │   │   ├─ [371] EACAggregatorProxy::aggregator() [staticcall]
    │   │   │   │   │   │   │   │   │   │   │   │   │   │   │   └─ ← [Return] AccessControlledOCR2Aggregator: [0xcC16f670129f965b396f2e81312F6e339FFDB18e]
    │   │   │   │   │   │   │   │   │   │   │   │   │   │   ├─ [322] AccessControlledOCR2Aggregator::maxAnswer() [staticcall]
    │   │   │   │   │   │   │   │   │   │   │   │   │   │   │   └─ ← [Return] 95780971304118053647396689196894323976171195136475135 [9.578e52]
    │   │   │   │   │   │   │   │   │   │   │   │   │   │   ├─ [300] AccessControlledOCR2Aggregator::minAnswer() [staticcall]
    │   │   │   │   │   │   │   │   │   │   │   │   │   │   │   └─ ← [Return] 1
    │   │   │   │   │   │   │   │   │   │   │   │   │   │   ├─ [386] SystemRegistry::rootPriceOracle() [staticcall]
    │   │   │   │   │   │   │   │   │   │   │   │   │   │   │   └─ ← [Return] RootPriceOracle: [0x61F8BE7FD721e80C0249829eaE6f0DAf21bc2CaC]
    │   │   │   │   │   │   │   │   │   │   │   │   │   │   ├─ [8425] RootPriceOracle::getPriceInEth(0x4554485F494e5f55534400000000000000000000)
    │   │   │   │   │   │   │   │   │   │   │   │   │   │   │   ├─ [7331] ChainlinkOracle::getPriceInEth(0x4554485F494e5f55534400000000000000000000)
    │   │   │   │   │   │   │   │   │   │   │   │   │   │   │   │   ├─ [2337] EACAggregatorProxy::latestRoundData() [staticcall]
    │   │   │   │   │   │   │   │   │   │   │   │   │   │   │   │   │   ├─ [604] AccessControlledOCR2Aggregator::latestRoundData() [staticcall]
    │   │   │   │   │   │   │   │   │   │   │   │   │   │   │   │   │   │   └─ ← [Return] 10000 [1e4], 167931308898 [1.679e11], 1781230127 [1.781e9], 1781230127 [1.781e9], 10000 [1e4]
    │   │   │   │   │   │   │   │   │   │   │   │   │   │   │   │   │   └─ ← [Return] 129127208515966871312 [1.291e20], 167931308898 [1.679e11], 1781230127 [1.781e9], 1781230127 [1.781e9], 129127208515966871312 [1.291e20]
    │   │   │   │   │   │   │   │   │   │   │   │   │   │   │   │   ├─ [371] EACAggregatorProxy::aggregator() [staticcall]
    │   │   │   │   │   │   │   │   │   │   │   │   │   │   │   │   │   └─ ← [Return] AccessControlledOCR2Aggregator: [0x7d4E742018fb52E48b08BE73d041C18B21de6Fb5]
    │   │   │   │   │   │   │   │   │   │   │   │   │   │   │   │   ├─ [263] AccessControlledOCR2Aggregator::maxAnswer() [staticcall]
    │   │   │   │   │   │   │   │   │   │   │   │   │   │   │   │   │   └─ ← [Return] 3138550867693340381917894711603833208051177722232017256447 [3.138e57]
    │   │   │   │   │   │   │   │   │   │   │   │   │   │   │   │   ├─ [148] AccessControlledOCR2Aggregator::minAnswer() [staticcall]
    │   │   │   │   │   │   │   │   │   │   │   │   │   │   │   │   │   └─ ← [Return] 1
    │   │   │   │   │   │   │   │   │   │   │   │   │   │   │   │   └─ ← [Return] 1679313088980000000000 [1.679e21]
    │   │   │   │   │   │   │   │   │   │   │   │   │   │   │   └─ ← [Return] 1679313088980000000000 [1.679e21]
    │   │   │   │   │   │   │   │   │   │   │   │   │   │   └─ ← [Return] 594750649270914 [5.947e14]
    │   │   │   │   │   │   │   │   │   │   │   │   │   └─ ← [Return] 594750649270914 [5.947e14]
    │   │   │   │   │   │   │   │   │   │   │   │   ├─ [268] StakedUSDeV2::decimals() [staticcall]
    │   │   │   │   │   │   │   │   │   │   │   │   │   └─ ← [Return] 18
    │   │   │   │   │   │   │   │   │   │   │   │   ├─ [2431] StakedUSDeV2::convertToAssets(1000000000000000000 [1e18]) [staticcall]
    │   │   │   │   │   │   │   │   │   │   │   │   │   ├─ [580] USDe::balanceOf(StakedUSDeV2: [0x9D39A5DE30e57443BfF2A8307A4256c8797A3497]) [staticcall]
    │   │   │   │   │   │   │   │   │   │   │   │   │   │   └─ ← [Return] 1748608524916033591919797499 [1.748e27]
    │   │   │   │   │   │   │   │   │   │   │   │   │   └─ ← [Return] 1235152162972420490 [1.235e18]
    │   │   │   │   │   │   │   │   │   │   │   │   └─ ← [Return] 734607550876220 [7.346e14]
    │   │   │   │   │   │   │   │   │   │   │   ├─ [18208] ChainlinkOracle::getPriceInEth(ERC20: [0x865377367054516e17014CcdED1e7d814EDC9ce4])
    │   │   │   │   │   │   │   │   │   │   │   │   ├─ [3142] EACAggregatorProxy::latestRoundData() [staticcall]
    │   │   │   │   │   │   │   │   │   │   │   │   │   ├─ [1409] AccessControlledOCR2Aggregator::latestRoundData() [staticcall]
    │   │   │   │   │   │   │   │   │   │   │   │   │   │   └─ ← [Return] 288, 99543600 [9.954e7], 1781154604 [1.781e9], 1781154623 [1.781e9], 288
    │   │   │   │   │   │   │   │   │   │   │   │   │   └─ ← [Return] 18446744073709551904 [1.844e19], 99543600 [9.954e7], 1781154604 [1.781e9], 1781154623 [1.781e9], 18446744073709551904 [1.844e19]
    │   │   │   │   │   │   │   │   │   │   │   │   ├─ [371] EACAggregatorProxy::aggregator() [staticcall]
    │   │   │   │   │   │   │   │   │   │   │   │   │   └─ ← [Return] AccessControlledOCR2Aggregator: [0x61E946986F43C68EB8F6bDf24DfdB2185f13e35A]
    │   │   │   │   │   │   │   │   │   │   │   │   ├─ [322] AccessControlledOCR2Aggregator::maxAnswer() [staticcall]
    │   │   │   │   │   │   │   │   │   │   │   │   │   └─ ← [Return] 95780971304118053647396689196894323976171195136475135 [9.578e52]
    │   │   │   │   │   │   │   │   │   │   │   │   ├─ [300] AccessControlledOCR2Aggregator::minAnswer() [staticcall]
    │   │   │   │   │   │   │   │   │   │   │   │   │   └─ ← [Return] 1
    │   │   │   │   │   │   │   │   │   │   │   │   ├─ [386] SystemRegistry::rootPriceOracle() [staticcall]
    │   │   │   │   │   │   │   │   │   │   │   │   │   └─ ← [Return] RootPriceOracle: [0x61F8BE7FD721e80C0249829eaE6f0DAf21bc2CaC]
    │   │   │   │   │   │   │   │   │   │   │   │   ├─ [8425] RootPriceOracle::getPriceInEth(0x4554485F494e5f55534400000000000000000000)
    │   │   │   │   │   │   │   │   │   │   │   │   │   ├─ [7331] ChainlinkOracle::getPriceInEth(0x4554485F494e5f55534400000000000000000000)
    │   │   │   │   │   │   │   │   │   │   │   │   │   │   ├─ [2337] EACAggregatorProxy::latestRoundData() [staticcall]
    │   │   │   │   │   │   │   │   │   │   │   │   │   │   │   ├─ [604] AccessControlledOCR2Aggregator::latestRoundData() [staticcall]
    │   │   │   │   │   │   │   │   │   │   │   │   │   │   │   │   └─ ← [Return] 10000 [1e4], 167931308898 [1.679e11], 1781230127 [1.781e9], 1781230127 [1.781e9], 10000 [1e4]
    │   │   │   │   │   │   │   │   │   │   │   │   │   │   │   └─ ← [Return] 129127208515966871312 [1.291e20], 167931308898 [1.679e11], 1781230127 [1.781e9], 1781230127 [1.781e9], 129127208515966871312 [1.291e20]
    │   │   │   │   │   │   │   │   │   │   │   │   │   │   ├─ [371] EACAggregatorProxy::aggregator() [staticcall]
    │   │   │   │   │   │   │   │   │   │   │   │   │   │   │   └─ ← [Return] AccessControlledOCR2Aggregator: [0x7d4E742018fb52E48b08BE73d041C18B21de6Fb5]
    │   │   │   │   │   │   │   │   │   │   │   │   │   │   ├─ [263] AccessControlledOCR2Aggregator::maxAnswer() [staticcall]
    │   │   │   │   │   │   │   │   │   │   │   │   │   │   │   └─ ← [Return] 3138550867693340381917894711603833208051177722232017256447 [3.138e57]
    │   │   │   │   │   │   │   │   │   │   │   │   │   │   ├─ [148] AccessControlledOCR2Aggregator::minAnswer() [staticcall]
    │   │   │   │   │   │   │   │   │   │   │   │   │   │   │   └─ ← [Return] 1
    │   │   │   │   │   │   │   │   │   │   │   │   │   │   └─ ← [Return] 1679313088980000000000 [1.679e21]
    │   │   │   │   │   │   │   │   │   │   │   │   │   └─ ← [Return] 1679313088980000000000 [1.679e21]
    │   │   │   │   │   │   │   │   │   │   │   │   └─ ← [Return] 592763795228094 [5.927e14]
    │   │   │   │   │   │   │   │   │   │   │   └─ ← [Return] 1239292205073936547 [1.239e18]
    │   │   │   │   │   │   │   │   │   │   ├─ [2163] sDola::totalAssets() [staticcall]
    │   │   │   │   │   │   │   │   │   │   │   ├─ [553] DolaSavings::balanceOf(sDola: [0xb45ad160634c528Cc3D2926d9807104FA3157305]) [staticcall]
    │   │   │   │   │   │   │   │   │   │   │   │   └─ ← [Return] 4880740474761838083514365 [4.88e24]
    │   │   │   │   │   │   │   │   │   │   │   └─ ← [Return] 4873041186011375031418952 [4.873e24]
    │   │   │   │   │   │   │   │   │   │   └─ ← [Return] 3506869468693493511867424 [3.506e24], [ReserveItemInfo({ token: 0x865377367054516e17014CcdED1e7d814EDC9ce4, reserveAmount: 4873041186011375031418952 [4.873e24], rawSpotPrice: 1000042572654232140 [1e18], actualQuoteToken: 0x865377367054516e17014CcdED1e7d814EDC9ce4 })]
    │   │   │   │   │   │   │   │   │   ├─ [380] ERC20::decimals() [staticcall]
    │   │   │   │   │   │   │   │   │   │   └─ ← [Return] 18
    │   │   │   │   │   │   │   │   │   ├─ [272] sDola::decimals() [staticcall]
    │   │   │   │   │   │   │   │   │   │   └─ ← [Return] 18
    │   │   │   │   │   │   │   │   │   ├─ [380] ERC20::decimals() [staticcall]
    │   │   │   │   │   │   │   │   │   │   └─ ← [Return] 18
    │   │   │   │   │   │   │   │   │   ├─ [380] ERC20::decimals() [staticcall]
    │   │   │   │   │   │   │   │   │   │   └─ ← [Return] 18
    │   │   │   │   │   │   │   │   │   └─ ← [Return] 1389629322623292790 [1.389e18]
    │   │   │   │   │   │   │   │   └─ ← [Return] 1389629322623292790 [1.389e18]
    │   │   │   │   │   │   │   └─ ← [Return] 1389629322623292790 [1.389e18]
    │   │   │   │   │   │   ├─ [572] ERC20DestinationVault::ONE() [staticcall]
    │   │   │   │   │   │   │   ├─ [406] ERC20DestinationVault::ONE() [delegatecall]
    │   │   │   │   │   │   │   │   └─ ← [Return] 1000000000000000000 [1e18]
    │   │   │   │   │   │   │   └─ ← [Return] 1000000000000000000 [1e18]
    │   │   │   │   │   │   ├─ [2737] WithdrawalQueue::e8ca529d(17264fbcd79a365fd3ccff89407ad487986f8b37b9035d6bc8b51cacd583220c000000000000000000000000116b3e86f2b04c21605c5fc4b95ba6a82dbf8f3e0000000000000000000000000000000000000000000000000000000000000001) [delegatecall]
    │   │   │   │   │   │   │   ├─ [1590] StructuredLinkedList::203afb24(17264fbcd79a365fd3ccff89407ad487986f8b37b9035d6bc8b51cacd583220c000000000000000000000000116b3e86f2b04c21605c5fc4b95ba6a82dbf8f3e0000000000000000000000000000000000000000000000000000000000000001) [delegatecall]
    │   │   │   │   │   │   │   │   └─ ← [Return] 0x00000000000000000000000000000000000000000000000000000000000000000000000000000000000000000000000000000000000000000000000000000000
    │   │   │   │   │   │   │   └─ ← [Return] 0x0000000000000000000000000000000000000000000000000000000000000000
    │   │   │   │   │   │   └─ ← [Return] 0x000000000000000000000000000000000000000000001ca2b137a119d9825927
    │   │   │   │   │   ├─ [664] AutopoolFees::3906c18f(17264fbcd79a365fd3ccff89407ad487986f8b37b9035d6bc8b51cacd5832200) [delegatecall]
    │   │   │   │   │   │   └─ ← [Return] 0x00000000000000000000000000000000000000000000000212b36e1ecc2009e2
    │   │   │   │   │   ├─ [664] AutopoolFees::3906c18f(17264fbcd79a365fd3ccff89407ad487986f8b37b9035d6bc8b51cacd5832200) [delegatecall]
    │   │   │   │   │   │   └─ ← [Return] 0x00000000000000000000000000000000000000000000000212b36e1ecc2009e2
    │   │   │   │   │   ├─ [10407] ERC20::transferFrom(0xc4D5F377c1dD84BF131348a70287AA241588c7c7, TransparentUpgradeableProxy: [0x79eB84B5E30Ef2481c8f00fD0Aa7aAd6Ac0AA54d], 26785198715928544274 [2.678e19])
    │   │   │   │   │   │   ├─ emit Transfer(from: 0xc4D5F377c1dD84BF131348a70287AA241588c7c7, to: TransparentUpgradeableProxy: [0x79eB84B5E30Ef2481c8f00fD0Aa7aAd6Ac0AA54d], value: 26785198715928544274 [2.678e19])
    │   │   │   │   │   │   └─ ← [Return] true
    │   │   │   │   │   ├─ [27740] AutopoolToken::c67e5151(17264fbcd79a365fd3ccff89407ad487986f8b37b9035d6bc8b51cacd5832200000000000000000000000000c4d5f377c1dd84bf131348a70287aa241588c7c70000000000000000000000000000000000000000000000013e2992ea0ec69be6) [delegatecall]
    │   │   │   │   │   │   ├─ emit Transfer(from: 0x0000000000000000000000000000000000000000, to: 0xc4D5F377c1dD84BF131348a70287AA241588c7c7, value: 22926016912074120166 [2.292e19])
    │   │   │   │   │   │   └─ ← [Stop]
    │   │   │   │   │   ├─ emit Deposit(sender: 0xc4D5F377c1dD84BF131348a70287AA241588c7c7, owner: 0xc4D5F377c1dD84BF131348a70287AA241588c7c7, assets: 26785198715928544274 [2.678e19], shares: 22926016912074120166 [2.292e19])
    │   │   │   │   │   ├─ [664] AutopoolFees::3906c18f(17264fbcd79a365fd3ccff89407ad487986f8b37b9035d6bc8b51cacd5832200) [delegatecall]
    │   │   │   │   │   │   └─ ← [Return] 0x00000000000000000000000000000000000000000000000212b36e1ecc2009e2
    │   │   │   │   │   ├─ emit Nav(idle: 27054127125874262601 [2.705e19], debt: 135191700838578181445160 [1.351e23], totalSupply: 115766915149037420028321 [1.157e23])
    │   │   │   │   │   └─ ← [Return] 0x0000000000000000000000000000000000000000000000013e2992ea0ec69be6
    │   │   │   │   ├─ [1393] Autopool4626::totalSupply() [delegatecall]
    │   │   │   │   │   ├─ [664] AutopoolFees::3906c18f(17264fbcd79a365fd3ccff89407ad487986f8b37b9035d6bc8b51cacd5832200) [delegatecall]
    │   │   │   │   │   │   └─ ← [Return] 0x00000000000000000000000000000000000000000000000212b36e1ecc2009e2
    │   │   │   │   │   └─ ← [Return] 115766915149037420028321 [1.157e23]
    │   │   │   │   ├─ [794] Autopool4626::20bf782e(17264fbcd79a365fd3ccff89407ad487986f8b37b9035d6bc8b51cacd58322210000000000000000000000000000000000000000000000000000000000000001) [delegatecall]
    │   │   │   │   │   └─ ← [Return] 0x000000000000000000000000000000000000000000001ca424efc56b46addd39
    │   │   │   │   └─ ← [Return] 22926016912074120166 [2.292e19]
    │   │   │   └─ ← [Return] 22926016912074120166 [2.292e19]
    │   │   ├─ [4678] TransparentUpgradeableProxy::fallback(22926016912074120166 [2.292e19]) [staticcall]
    │   │   │   ├─ [3889] AutopoolETH::convertToAssets(22926016912074120166 [2.292e19]) [delegatecall]
    │   │   │   │   ├─ [745] Autopool4626::20bf782e(17264fbcd79a365fd3ccff89407ad487986f8b37b9035d6bc8b51cacd58322210000000000000000000000000000000000000000000000000000000000000000) [delegatecall]
    │   │   │   │   │   └─ ← [Return] 0x000000000000000000000000000000000000000000001ca2393065a3c15fd871
    │   │   │   │   ├─ [1393] Autopool4626::totalSupply() [delegatecall]
    │   │   │   │   │   ├─ [664] AutopoolFees::3906c18f(17264fbcd79a365fd3ccff89407ad487986f8b37b9035d6bc8b51cacd5832200) [delegatecall]
    │   │   │   │   │   │   └─ ← [Return] 0x00000000000000000000000000000000000000000000000212b36e1ecc2009e2
    │   │   │   │   │   └─ ← [Return] 115766915149037420028321 [1.157e23]
    │   │   │   │   └─ ← [Return] 26778181479418247579 [2.677e19]
    │   │   │   └─ ← [Return] 26778181479418247579 [2.677e19]
    │   │   ├─ emit Deposited(token: ERC20: [0x865377367054516e17014CcdED1e7d814EDC9ce4], depositor: 0xbce8ABC09BaEDCabE93419bF875f6186e182079A, recipient: 0xbce8ABC09BaEDCabE93419bF875f6186e182079A, amount: 26785198715928544274 [2.678e19], sharesReceived: 22926016912074120166 [2.292e19])
    │   │   └─ ← [Return] 26778181479418247579 [2.677e19]
    │   ├─ emit YieldStrategySet(token: ERC20: [0x865377367054516e17014CcdED1e7d814EDC9ce4], oldStrategy: 0x0000000000000000000000000000000000000000, newStrategy: 0xc4D5F377c1dD84BF131348a70287AA241588c7c7)
    │   └─ ← [Return]
    ├─ [0] console::log("  setYieldStrategy(DOLA, ysDolaV2) done; idle swept:", 26785198715928544274 [2.678e19]) [staticcall]
    │   └─ ← [Stop]
    ├─ [9839] FiatTokenProxy::fallback(0xbce8ABC09BaEDCabE93419bF875f6186e182079A) [staticcall]
    │   ├─ [2553] FiatTokenV2_2::balanceOf(0xbce8ABC09BaEDCabE93419bF875f6186e182079A) [delegatecall]
    │   │   └─ ← [Return] 27234202 [2.723e7]
    │   └─ ← [Return] 27234202 [2.723e7]
    ├─ [1337443] 0xbce8ABC09BaEDCabE93419bF875f6186e182079A::setYieldStrategy(FiatTokenProxy: [0xA0b86991c6218b36c1d19D4a2e9Eb0cE3606eB48], 0x0C2d75165bd5cf7B0e5Dcdc5799Da056a4E56a8a)
    │   ├─ [27462] FiatTokenProxy::fallback(0x0C2d75165bd5cf7B0e5Dcdc5799Da056a4E56a8a, 115792089237316195423570985008687907853269984665640564039457584007913129639935 [1.157e77])
    │   │   ├─ [26673] FiatTokenV2_2::approve(0x0C2d75165bd5cf7B0e5Dcdc5799Da056a4E56a8a, 115792089237316195423570985008687907853269984665640564039457584007913129639935 [1.157e77]) [delegatecall]
    │   │   │   ├─ emit Approval(owner: 0xbce8ABC09BaEDCabE93419bF875f6186e182079A, spender: 0x0C2d75165bd5cf7B0e5Dcdc5799Da056a4E56a8a, value: 115792089237316195423570985008687907853269984665640564039457584007913129639935 [1.157e77])
    │   │   │   └─ ← [Return] true
    │   │   └─ ← [Return] true
    │   ├─ [1339] FiatTokenProxy::fallback(0xbce8ABC09BaEDCabE93419bF875f6186e182079A) [staticcall]
    │   │   ├─ [553] FiatTokenV2_2::balanceOf(0xbce8ABC09BaEDCabE93419bF875f6186e182079A) [delegatecall]
    │   │   │   └─ ← [Return] 27234202 [2.723e7]
    │   │   └─ ← [Return] 27234202 [2.723e7]
    │   ├─ [1279314] 0x0C2d75165bd5cf7B0e5Dcdc5799Da056a4E56a8a::deposit(FiatTokenProxy: [0xA0b86991c6218b36c1d19D4a2e9Eb0cE3606eB48], 27234202 [2.723e7], 0xbce8ABC09BaEDCabE93419bF875f6186e182079A)
    │   │   ├─ [31249] FiatTokenProxy::fallback(0xbce8ABC09BaEDCabE93419bF875f6186e182079A, 0x0C2d75165bd5cf7B0e5Dcdc5799Da056a4E56a8a, 27234202 [2.723e7])
    │   │   │   ├─ [30454] FiatTokenV2_2::transferFrom(0xbce8ABC09BaEDCabE93419bF875f6186e182079A, 0x0C2d75165bd5cf7B0e5Dcdc5799Da056a4E56a8a, 27234202 [2.723e7]) [delegatecall]
    │   │   │   │   ├─ emit Transfer(from: 0xbce8ABC09BaEDCabE93419bF875f6186e182079A, to: 0x0C2d75165bd5cf7B0e5Dcdc5799Da056a4E56a8a, value: 27234202 [2.723e7])
    │   │   │   │   └─ ← [Return] true
    │   │   │   └─ ← [Return] true
    │   │   ├─ [1181968] TransparentUpgradeableProxy::fallback(27234202 [2.723e7], 0x0C2d75165bd5cf7B0e5Dcdc5799Da056a4E56a8a)
    │   │   │   ├─ [1174676] AutopoolETH::deposit(27234202 [2.723e7], 0x0C2d75165bd5cf7B0e5Dcdc5799Da056a4E56a8a) [delegatecall]
    │   │   │   │   ├─ [9893] Autopool4626::totalSupply() [delegatecall]
    │   │   │   │   │   ├─ [4664] AutopoolFees::3906c18f(17264fbcd79a365fd3ccff89407ad487986f8b37b9035d6bc8b51cacd5832200) [delegatecall]
    │   │   │   │   │   │   └─ ← [Return] 0x000000000000000000000000000000000000000000000001a947a93202ec6120
    │   │   │   │   │   └─ ← [Return] 6760098962518901867652163 [6.76e24]
    │   │   │   │   ├─ [4794] Autopool4626::20bf782e(17264fbcd79a365fd3ccff89407ad487986f8b37b9035d6bc8b51cacd58322210000000000000000000000000000000000000000000000000000000000000001) [delegatecall]
    │   │   │   │   │   └─ ← [Return] 0x000000000000000000000000000000000000000000000000000006ae85816a72
    │   │   │   │   ├─ [453] SystemRegistry::systemSecurity() [staticcall]
    │   │   │   │   │   └─ ← [Return] SystemSecurityL1: [0xe57A2eC5EF4CC7F6576BB1ed5Ec3759878F39B20]
    │   │   │   │   ├─ [1319] SystemSecurityL1::navOpsInProgress() [staticcall]
    │   │   │   │   │   ├─ [339] TransientStorage::dataExists(36020779792935679711117383315763395368587992168839837121291985913258824036434 [3.602e76]) [delegatecall]
    │   │   │   │   │   │   └─ ← [Return] false
    │   │   │   │   │   └─ ← [Return] 0
    │   │   │   │   ├─ [324] SystemSecurityL1::isSystemPaused()
    │   │   │   │   │   └─ ← [Return] false
    │   │   │   │   ├─ [1141075] Autopool4626::62afd7f0(17264fbcd79a365fd3ccff89407ad487986f8b37b9035d6bc8b51cacd5832200000000000000000000000000a0b86991c6218b36c1d19d4a2e9eb0ce3606eb4800000000000000000000000000000000000000000000000000000000019f8f9a0000000000000000000000000c2d75165bd5cf7b0e5dcdc5799da056a4e56a8a00000000000000000000000000000000000000000000000000000000000000000000000000000000000000000000000000000000000000000000000000000006) [delegatecall]
    │   │   │   │   │   ├─ [516646] AutopoolDebt::378847bb(17264fbcd79a365fd3ccff89407ad487986f8b37b9035d6bc8b51cacd58322000000000000000000000000000000000000000000000000000000000000000001) [delegatecall]
    │   │   │   │   │   │   ├─ [3247] WithdrawalQueue::d0a94d2c(17264fbcd79a365fd3ccff89407ad487986f8b37b9035d6bc8b51cacd583220c) [delegatecall]
    │   │   │   │   │   │   │   ├─ [2509] StructuredLinkedList::332306c0(17264fbcd79a365fd3ccff89407ad487986f8b37b9035d6bc8b51cacd583220c) [delegatecall]
    │   │   │   │   │   │   │   │   └─ ← [Return] 0x000000000000000000000000389ed8bd510bafd4ba867e0393cd9f898f0a5a5c
    │   │   │   │   │   │   │   └─ ← [Return] 0x000000000000000000000000389ed8bd510bafd4ba867e0393cd9f898f0a5a5c
    │   │   │   │   │   │   ├─ [2573] TransparentUpgradeableProxy::fallback(1) [staticcall]
    │   │   │   │   │   │   │   ├─ [1784] AutopoolETH::totalAssets(1) [delegatecall]
    │   │   │   │   │   │   │   │   ├─ [794] Autopool4626::20bf782e(17264fbcd79a365fd3ccff89407ad487986f8b37b9035d6bc8b51cacd58322210000000000000000000000000000000000000000000000000000000000000001) [delegatecall]
    │   │   │   │   │   │   │   │   │   └─ ← [Return] 0x000000000000000000000000000000000000000000000000000006ae85816a72
    │   │   │   │   │   │   │   │   └─ ← [Return] 7346633927282 [7.346e12]
    │   │   │   │   │   │   │   └─ ← [Return] 7346633927282 [7.346e12]
    │   │   │   │   │   │   ├─ [5336] CurveConvexDestinationVaultV2::balanceOf(TransparentUpgradeableProxy: [0xa7569A44f348d3D70d8ad5889e50F78E33d80D35]) [staticcall]
    │   │   │   │   │   │   │   ├─ [2664] CurveConvexDestinationVaultV2::balanceOf(TransparentUpgradeableProxy: [0xa7569A44f348d3D70d8ad5889e50F78E33d80D35]) [delegatecall]
    │   │   │   │   │   │   │   │   └─ ← [Return] 890536340126333316427624 [8.905e23]
    │   │   │   │   │   │   │   └─ ← [Return] 890536340126333316427624 [8.905e23]
    │   │   │   │   │   │   ├─ [481233] CurveConvexDestinationVaultV2::getUnderlyerCeilingPrice()
    │   │   │   │   │   │   │   ├─ [481067] CurveConvexDestinationVaultV2::getUnderlyerCeilingPrice() [delegatecall]
    │   │   │   │   │   │   │   │   ├─ [386] SystemRegistry::rootPriceOracle() [staticcall]
    │   │   │   │   │   │   │   │   │   └─ ← [Return] RootPriceOracle: [0x61F8BE7FD721e80C0249829eaE6f0DAf21bc2CaC]
    │   │   │   │   │   │   │   │   ├─ [473111] RootPriceOracle::getCeilingPrice(CurveStableSwapNG: [0x13e12BB0E6A2f1A3d6901a59a9d585e89A6243e1], CurveStableSwapNG: [0x13e12BB0E6A2f1A3d6901a59a9d585e89A6243e1], FiatTokenProxy: [0xA0b86991c6218b36c1d19D4a2e9Eb0cE3606eB48])
    │   │   │   │   │   │   │   │   │   ├─ [239709] CurveV1StableEthOracle::getSafeSpotPriceInfo(CurveStableSwapNG: [0x13e12BB0E6A2f1A3d6901a59a9d585e89A6243e1], CurveStableSwapNG: [0x13e12BB0E6A2f1A3d6901a59a9d585e89A6243e1], FiatTokenProxy: [0xA0b86991c6218b36c1d19D4a2e9Eb0cE3606eB48])
    │   │   │   │   │   │   │   │   │   │   ├─ [4490] CurveStableSwapNG::totalSupply() [staticcall]
    │   │   │   │   │   │   │   │   │   │   │   └─ ← [Return] 13501152757177546926514103 [1.35e25]
    │   │   │   │   │   │   │   │   │   │   ├─ [145786] 0xC7c77B3a2C2641c6eE6c52bbD72EcfC86B53ba38::getReservesInfo(CurveStableSwapNG: [0x13e12BB0E6A2f1A3d6901a59a9d585e89A6243e1]) [staticcall]
    │   │   │   │   │   │   │   │   │   │   │   ├─ [140708] 0xF98B45FA17DE75FB1aD0e7aFD971b0ca00e379fC::get_balances(CurveStableSwapNG: [0x13e12BB0E6A2f1A3d6901a59a9d585e89A6243e1]) [staticcall]
    │   │   │   │   │   │   │   │   │   │   │   │   ├─ [8037] 0x46a8a9CF4Fc8e99EC3A14558ACABC1D93A27de68::is_registered(CurveStableSwapNG: [0x13e12BB0E6A2f1A3d6901a59a9d585e89A6243e1]) [staticcall]
    │   │   │   │   │   │   │   │   │   │   │   │   │   ├─ [2520] 0x90E00ACe148ca3b23Ac1bC8C240C2a7Dd9c2d7f5::get_n_coins(CurveStableSwapNG: [0x13e12BB0E6A2f1A3d6901a59a9d585e89A6243e1]) [staticcall]
    │   │   │   │   │   │   │   │   │   │   │   │   │   │   └─ ← [Return] 0
    │   │   │   │   │   │   │   │   │   │   │   │   │   └─ ← [Return] false
    │   │   │   │   │   │   │   │   │   │   │   │   ├─ [11199] 0x127db66E7F0b16470Bec194d0f496F9Fa065d0A9::is_registered(CurveStableSwapNG: [0x13e12BB0E6A2f1A3d6901a59a9d585e89A6243e1]) [staticcall]
    │   │   │   │   │   │   │   │   │   │   │   │   │   ├─ [2837] Vyper_contract::is_meta(CurveStableSwapNG: [0x13e12BB0E6A2f1A3d6901a59a9d585e89A6243e1]) [staticcall]
    │   │   │   │   │   │   │   │   │   │   │   │   │   │   └─ ← [Return] false
    │   │   │   │   │   │   │   │   │   │   │   │   │   ├─ [2444] Vyper_contract::get_n_coins(CurveStableSwapNG: [0x13e12BB0E6A2f1A3d6901a59a9d585e89A6243e1]) [staticcall]
    │   │   │   │   │   │   │   │   │   │   │   │   │   │   └─ ← [Return] 0
    │   │   │   │   │   │   │   │   │   │   │   │   │   └─ ← [Return] false
    │   │   │   │   │   │   │   │   │   │   │   │   ├─ [7834] Vyper_contract::is_registered(CurveStableSwapNG: [0x13e12BB0E6A2f1A3d6901a59a9d585e89A6243e1]) [staticcall]
    │   │   │   │   │   │   │   │   │   │   │   │   │   ├─ [2379] Vyper_contract::get_n_coins(CurveStableSwapNG: [0x13e12BB0E6A2f1A3d6901a59a9d585e89A6243e1]) [staticcall]
    │   │   │   │   │   │   │   │   │   │   │   │   │   │   └─ ← [Return] 0
    │   │   │   │   │   │   │   │   │   │   │   │   │   └─ ← [Return] false
    │   │   │   │   │   │   │   │   │   │   │   │   ├─ [10296] 0xC4F389020002396143B863F6325aA6ae481D19CE::is_registered(CurveStableSwapNG: [0x13e12BB0E6A2f1A3d6901a59a9d585e89A6243e1]) [staticcall]
    │   │   │   │   │   │   │   │   │   │   │   │   │   ├─ [4684] 0xF18056Bbd320E96A48e3Fbf8bC061322531aac99::get_coins(CurveStableSwapNG: [0x13e12BB0E6A2f1A3d6901a59a9d585e89A6243e1]) [staticcall]
    │   │   │   │   │   │   │   │   │   │   │   │   │   │   └─ ← [Return] 0x00000000000000000000000000000000000000000000000000000000000000000000000000000000000000000000000000000000000000000000000000000000
    │   │   │   │   │   │   │   │   │   │   │   │   │   └─ ← [Return] false
    │   │   │   │   │   │   │   │   │   │   │   │   ├─ [11199] 0x538E984C2d5f821d51932dd9C570Dff192D3DF2D::is_registered(CurveStableSwapNG: [0x13e12BB0E6A2f1A3d6901a59a9d585e89A6243e1]) [staticcall]
    │   │   │   │   │   │   │   │   │   │   │   │   │   ├─ [2837] 0x4F8846Ae9380B90d2E71D5e3D042dff3E7ebb40d::is_meta(CurveStableSwapNG: [0x13e12BB0E6A2f1A3d6901a59a9d585e89A6243e1]) [staticcall]
    │   │   │   │   │   │   │   │   │   │   │   │   │   │   └─ ← [Return] false
    │   │   │   │   │   │   │   │   │   │   │   │   │   ├─ [2444] 0x4F8846Ae9380B90d2E71D5e3D042dff3E7ebb40d::get_n_coins(CurveStableSwapNG: [0x13e12BB0E6A2f1A3d6901a59a9d585e89A6243e1]) [staticcall]
    │   │   │   │   │   │   │   │   │   │   │   │   │   │   └─ ← [Return] 0
    │   │   │   │   │   │   │   │   │   │   │   │   │   └─ ← [Return] false
    │   │   │   │   │   │   │   │   │   │   │   │   ├─ [12195] 0xcbc1BE39ba277525E774976c61660f29fA75C5a4::is_registered(CurveStableSwapNG: [0x13e12BB0E6A2f1A3d6901a59a9d585e89A6243e1]) [staticcall]
    │   │   │   │   │   │   │   │   │   │   │   │   │   ├─ [7031] 0x0c0e5f2fF0ff18a3be9b835635039256dC4B4963::get_coins(CurveStableSwapNG: [0x13e12BB0E6A2f1A3d6901a59a9d585e89A6243e1]) [staticcall]
    │   │   │   │   │   │   │   │   │   │   │   │   │   │   └─ ← [Return] 0x000000000000000000000000000000000000000000000000000000000000000000000000000000000000000000000000000000000000000000000000000000000000000000000000000000000000000000000000000000000000000000000000
    │   │   │   │   │   │   │   │   │   │   │   │   │   └─ ← [Return] false
    │   │   │   │   │   │   │   │   │   │   │   │   ├─ [4814] CurveStableswapFactoryNGHandler::is_registered(CurveStableSwapNG: [0x13e12BB0E6A2f1A3d6901a59a9d585e89A6243e1]) [staticcall]
    │   │   │   │   │   │   │   │   │   │   │   │   │   ├─ [2347] CurveStableswapFactoryNG::get_n_coins(CurveStableSwapNG: [0x13e12BB0E6A2f1A3d6901a59a9d585e89A6243e1]) [staticcall]
    │   │   │   │   │   │   │   │   │   │   │   │   │   │   └─ ← [Return] 2
    │   │   │   │   │   │   │   │   │   │   │   │   │   └─ ← [Return] true
    │   │   │   │   │   │   │   │   │   │   │   │   ├─ [10136] 0x33C5252f240f02123090cfF1D8E3B80FceC31e54::is_registered(CurveStableSwapNG: [0x13e12BB0E6A2f1A3d6901a59a9d585e89A6243e1]) [staticcall]
    │   │   │   │   │   │   │   │   │   │   │   │   │   ├─ [4472] CurveTwocryptoFactory::get_coins(CurveStableSwapNG: [0x13e12BB0E6A2f1A3d6901a59a9d585e89A6243e1]) [staticcall]
    │   │   │   │   │   │   │   │   │   │   │   │   │   │   └─ ← [Return] 0x00000000000000000000000000000000000000000000000000000000000000000000000000000000000000000000000000000000000000000000000000000000
    │   │   │   │   │   │   │   │   │   │   │   │   │   ├─ [39] PRECOMPILES::identity(0x00000000000000000000000000000000000000000000000000000000000000000000000000000000000000000000000000000000000000000000000000000000000000000000000000000000000000000000000000000000000000000000000000000000000000000000000000000000000000000000000000000000000000000000000000000000000000000000000000000000000000000000000000000000000000000000000000000000000000000000000000000000000000000000000000000000000000000000000000000000000000000000000000000000000000000000000000000000000000000000000000000000000000000000000000000000) [staticcall]
    │   │   │   │   │   │   │   │   │   │   │   │   │   │   └─ ← [Return] 0x00000000000000000000000000000000000000000000000000000000000000000000000000000000000000000000000000000000000000000000000000000000000000000000000000000000000000000000000000000000000000000000000000000000000000000000000000000000000000000000000000000000000000000000000000000000000000000000000000000000000000000000000000000000000000000000000000000000000000000000000000000000000000000000000000000000000000000000000000000000000000000000000000000000000000000000000000000000000000000000000000000000000000000000000000000000
    │   │   │   │   │   │   │   │   │   │   │   │   │   └─ ← [Return] false
    │   │   │   │   │   │   │   │   │   │   │   │   ├─ [21114] CurveStableswapFactoryNGHandler::get_balances(CurveStableSwapNG: [0x13e12BB0E6A2f1A3d6901a59a9d585e89A6243e1]) [staticcall]
    │   │   │   │   │   │   │   │   │   │   │   │   │   ├─ [19534] CurveStableswapFactoryNG::get_balances(CurveStableSwapNG: [0x13e12BB0E6A2f1A3d6901a59a9d585e89A6243e1]) [staticcall]
    │   │   │   │   │   │   │   │   │   │   │   │   │   │   ├─ [13989] CurveStableSwapNG::balances(0) [staticcall]
    │   │   │   │   │   │   │   │   │   │   │   │   │   │   │   ├─ [24] PRECOMPILES::identity(0x0000000000000000000000000000000000000000000000000000000000000002000000000000000000000000000000000000000000037a857cee61d14366fd9300000000000000000000000000000000000000000007be73ff6d17387f45e3e4) [staticcall]
    │   │   │   │   │   │   │   │   │   │   │   │   │   │   │   │   └─ ← [Return] 0x0000000000000000000000000000000000000000000000000000000000000002000000000000000000000000000000000000000000037a857cee61d14366fd9300000000000000000000000000000000000000000007be73ff6d17387f45e3e4
    │   │   │   │   │   │   │   │   │   │   │   │   │   │   │   └─ ← [Return] 4205368588956044177636755 [4.205e24]
    │   │   │   │   │   │   │   │   │   │   │   │   │   │   ├─ [1989] CurveStableSwapNG::balances(1) [staticcall]
    │   │   │   │   │   │   │   │   │   │   │   │   │   │   │   ├─ [24] PRECOMPILES::identity(0x0000000000000000000000000000000000000000000000000000000000000002000000000000000000000000000000000000000000037a857cee61d14366fd9300000000000000000000000000000000000000000007be73ff6d17387f45e3e4) [staticcall]
    │   │   │   │   │   │   │   │   │   │   │   │   │   │   │   │   └─ ← [Return] 0x0000000000000000000000000000000000000000000000000000000000000002000000000000000000000000000000000000000000037a857cee61d14366fd9300000000000000000000000000000000000000000007be73ff6d17387f45e3e4
    │   │   │   │   │   │   │   │   │   │   │   │   │   │   │   └─ ← [Return] 9361870150008896965960676 [9.361e24]
    │   │   │   │   │   │   │   │   │   │   │   │   │   │   └─ ← [Return] 0x00000000000000000000000000000000000000000000000000000000000000200000000000000000000000000000000000000000000000000000000000000002000000000000000000000000000000000000000000037a857cee61d14366fd9300000000000000000000000000000000000000000007be73ff6d17387f45e3e4
    │   │   │   │   │   │   │   │   │   │   │   │   │   ├─ [24] PRECOMPILES::identity(0x0000000000000000000000000000000000000000000000000000000000000002000000000000000000000000000000000000000000037a857cee61d14366fd9300000000000000000000000000000000000000000007be73ff6d17387f45e3e4) [staticcall]
    │   │   │   │   │   │   │   │   │   │   │   │   │   │   └─ ← [Return] 0x0000000000000000000000000000000000000000000000000000000000000002000000000000000000000000000000000000000000037a857cee61d14366fd9300000000000000000000000000000000000000000007be73ff6d17387f45e3e4
    │   │   │   │   │   │   │   │   │   │   │   │   │   ├─ [24] PRECOMPILES::identity(0x0000000000000000000000000000000000000000000000000000000000000002000000000000000000000000000000000000000000037a857cee61d14366fd9300000000000000000000000000000000000000000007be73ff6d17387f45e3e4) [staticcall]
    │   │   │   │   │   │   │   │   │   │   │   │   │   │   └─ ← [Return] 0x0000000000000000000000000000000000000000000000000000000000000002000000000000000000000000000000000000000000037a857cee61d14366fd9300000000000000000000000000000000000000000007be73ff6d17387f45e3e4
    │   │   │   │   │   │   │   │   │   │   │   │   │   ├─ [39] PRECOMPILES::identity(0x000000000000000000000000000000000000000000037a857cee61d14366fd9300000000000000000000000000000000000000000007be73ff6d17387f45e3e4000000000000000000000000000000000000000000000000000000000000000000000000000000000000000000000000000000000000000000000000000000000000000000000000000000000000000000000000000000000000000000000000000000000000000000000000000000000000000000000000000000000000000000000000000000000000000000000000000000000000000000000000000000000000000000000000000000000000000000000000000000000000000000000000) [staticcall]
    │   │   │   │   │   │   │   │   │   │   │   │   │   │   └─ ← [Return] 0x000000000000000000000000000000000000000000037a857cee61d14366fd9300000000000000000000000000000000000000000007be73ff6d17387f45e3e4000000000000000000000000000000000000000000000000000000000000000000000000000000000000000000000000000000000000000000000000000000000000000000000000000000000000000000000000000000000000000000000000000000000000000000000000000000000000000000000000000000000000000000000000000000000000000000000000000000000000000000000000000000000000000000000000000000000000000000000000000000000000000000000000
    │   │   │   │   │   │   │   │   │   │   │   │   │   └─ ← [Return] [4205368588956044177636755 [4.205e24], 9361870150008896965960676 [9.361e24], 0, 0, 0, 0, 0, 0]
    │   │   │   │   │   │   │   │   │   │   │   │   └─ ← [Return] [4205368588956044177636755 [4.205e24], 9361870150008896965960676 [9.361e24], 0, 0, 0, 0, 0, 0]
    │   │   │   │   │   │   │   │   │   │   │   └─ ← [Return] 0x000000000000000000000000000000000000000000037a857cee61d14366fd9300000000000000000000000000000000000000000007be73ff6d17387f45e3e4000000000000000000000000000000000000000000000000000000000000000000000000000000000000000000000000000000000000000000000000000000000000000000000000000000000000000000000000000000000000000000000000000000000000000000000000000000000000000000000000000000000000000000000000000000000000000000000000000000000000000000000000000000000000000000000000000000000000000000000000000000000000000000000000
    │   │   │   │   │   │   │   │   │   │   ├─ [5143] TransparentUpgradeableProxy::fallback() [staticcall]
    │   │   │   │   │   │   │   │   │   │   │   ├─ [222] FrxUSD::decimals() [delegatecall]
    │   │   │   │   │   │   │   │   │   │   │   │   └─ ← [Return] 18
    │   │   │   │   │   │   │   │   │   │   │   └─ ← [Return] 18
    │   │   │   │   │   │   │   │   │   │   ├─ [29798] CurveStableSwapNG::get_dy(0, 1, 1000000000000000 [1e15]) [staticcall]
    │   │   │   │   │   │   │   │   │   │   │   ├─ [221] CurveStableswapFactoryNG::views_implementation() [staticcall]
    │   │   │   │   │   │   │   │   │   │   │   │   └─ ← [Return] CurveStableSwapNGViews: [0xFF53042865dF617de4bB871bD0988E7B93439cCF]
    │   │   │   │   │   │   │   │   │   │   │   ├─ [28771] CurveStableSwapNGViews::get_dy(0, 1, 1000000000000000 [1e15], CurveStableSwapNG: [0x13e12BB0E6A2f1A3d6901a59a9d585e89A6243e1]) [staticcall]
    │   │   │   │   │   │   │   │   │   │   │   │   ├─ [275] CurveStableSwapNG::N_COINS() [staticcall]
    │   │   │   │   │   │   │   │   │   │   │   │   │   └─ ← [Return] 2
    │   │   │   │   │   │   │   │   │   │   │   │   ├─ [1478] CurveStableSwapNG::stored_rates() [staticcall]
    │   │   │   │   │   │   │   │   │   │   │   │   │   ├─ [24] PRECOMPILES::identity(0x00000000000000000000000000000000000000000000000000000000000000020000000000000000000000000000000000000000000000000de0b6b3a76400000000000000000000000000000000000000000000000000000de0b6b3a7640000) [staticcall]
    │   │   │   │   │   │   │   │   │   │   │   │   │   │   └─ ← [Return] 0x00000000000000000000000000000000000000000000000000000000000000020000000000000000000000000000000000000000000000000de0b6b3a76400000000000000000000000000000000000000000000000000000de0b6b3a7640000
    │   │   │   │   │   │   │   │   │   │   │   │   │   └─ ← [Return] [1000000000000000000 [1e18], 1000000000000000000 [1e18]]
    │   │   │   │   │   │   │   │   │   │   │   │   ├─ [24] PRECOMPILES::identity(0x00000000000000000000000000000000000000000000000000000000000000020000000000000000000000000000000000000000000000000de0b6b3a76400000000000000000000000000000000000000000000000000000de0b6b3a7640000) [staticcall]
    │   │   │   │   │   │   │   │   │   │   │   │   │   └─ ← [Return] 0x00000000000000000000000000000000000000000000000000000000000000020000000000000000000000000000000000000000000000000de0b6b3a76400000000000000000000000000000000000000000000000000000de0b6b3a7640000
    │   │   │   │   │   │   │   │   │   │   │   │   ├─ [24] PRECOMPILES::identity(0x00000000000000000000000000000000000000000000000000000000000000020000000000000000000000000000000000000000000000000de0b6b3a76400000000000000000000000000000000000000000000000000000de0b6b3a7640000) [staticcall]
    │   │   │   │   │   │   │   │   │   │   │   │   │   └─ ← [Return] 0x00000000000000000000000000000000000000000000000000000000000000020000000000000000000000000000000000000000000000000de0b6b3a76400000000000000000000000000000000000000000000000000000de0b6b3a7640000
    │   │   │   │   │   │   │   │   │   │   │   │   ├─ [2258] CurveStableSwapNG::get_balances() [staticcall]
    │   │   │   │   │   │   │   │   │   │   │   │   │   ├─ [24] PRECOMPILES::identity(0x0000000000000000000000000000000000000000000000000000000000000002000000000000000000000000000000000000000000037a857cee61d14366fd9300000000000000000000000000000000000000000007be73ff6d17387f45e3e4) [staticcall]
    │   │   │   │   │   │   │   │   │   │   │   │   │   │   └─ ← [Return] 0x0000000000000000000000000000000000000000000000000000000000000002000000000000000000000000000000000000000000037a857cee61d14366fd9300000000000000000000000000000000000000000007be73ff6d17387f45e3e4
    │   │   │   │   │   │   │   │   │   │   │   │   │   └─ ← [Return] [4205368588956044177636755 [4.205e24], 9361870150008896965960676 [9.361e24]]
    │   │   │   │   │   │   │   │   │   │   │   │   ├─ [24] PRECOMPILES::identity(0x0000000000000000000000000000000000000000000000000000000000000002000000000000000000000000000000000000000000037a857cee61d14366fd9300000000000000000000000000000000000000000007be73ff6d17387f45e3e4) [staticcall]
    │   │   │   │   │   │   │   │   │   │   │   │   │   └─ ← [Return] 0x0000000000000000000000000000000000000000000000000000000000000002000000000000000000000000000000000000000000037a857cee61d14366fd9300000000000000000000000000000000000000000007be73ff6d17387f45e3e4
    │   │   │   │   │   │   │   │   │   │   │   │   ├─ [24] PRECOMPILES::identity(0x0000000000000000000000000000000000000000000000000000000000000002000000000000000000000000000000000000000000037a857cee61d14366fd9300000000000000000000000000000000000000000007be73ff6d17387f45e3e4) [staticcall]
    │   │   │   │   │   │   │   │   │   │   │   │   │   └─ ← [Return] 0x0000000000000000000000000000000000000000000000000000000000000002000000000000000000000000000000000000000000037a857cee61d14366fd9300000000000000000000000000000000000000000007be73ff6d17387f45e3e4
    │   │   │   │   │   │   │   │   │   │   │   │   ├─ [24] PRECOMPILES::identity(0x00000000000000000000000000000000000000000000000000000000000000020000000000000000000000000000000000000000000000000de0b6b3a76400000000000000000000000000000000000000000000000000000de0b6b3a7640000) [staticcall]
    │   │   │   │   │   │   │   │   │   │   │   │   │   └─ ← [Return] 0x00000000000000000000000000000000000000000000000000000000000000020000000000000000000000000000000000000000000000000de0b6b3a76400000000000000000000000000000000000000000000000000000de0b6b3a7640000
    │   │   │   │   │   │   │   │   │   │   │   │   ├─ [24] PRECOMPILES::identity(0x0000000000000000000000000000000000000000000000000000000000000002000000000000000000000000000000000000000000037a857cee61d14366fd9300000000000000000000000000000000000000000007be73ff6d17387f45e3e4) [staticcall]
    │   │   │   │   │   │   │   │   │   │   │   │   │   └─ ← [Return] 0x0000000000000000000000000000000000000000000000000000000000000002000000000000000000000000000000000000000000037a857cee61d14366fd9300000000000000000000000000000000000000000007be73ff6d17387f45e3e4
    │   │   │   │   │   │   │   │   │   │   │   │   ├─ [24] PRECOMPILES::identity(0x0000000000000000000000000000000000000000000000000000000000000002000000000000000000000000000000000000000000037a857cee61d14366fd9300000000000000000000000000000000000000000007be73ff6d17387f45e3e4) [staticcall]
    │   │   │   │   │   │   │   │   │   │   │   │   │   └─ ← [Return] 0x0000000000000000000000000000000000000000000000000000000000000002000000000000000000000000000000000000000000037a857cee61d14366fd9300000000000000000000000000000000000000000007be73ff6d17387f45e3e4
    │   │   │   │   │   │   │   │   │   │   │   │   ├─ [24] PRECOMPILES::identity(0x00000000000000000000000000000000000000000000000000000000000000020000000000000000000000000000000000000000000000000de0b6b3a76400000000000000000000000000000000000000000000000000000de0b6b3a7640000) [staticcall]
    │   │   │   │   │   │   │   │   │   │   │   │   │   └─ ← [Return] 0x00000000000000000000000000000000000000000000000000000000000000020000000000000000000000000000000000000000000000000de0b6b3a76400000000000000000000000000000000000000000000000000000de0b6b3a7640000
    │   │   │   │   │   │   │   │   │   │   │   │   ├─ [24] PRECOMPILES::identity(0x0000000000000000000000000000000000000000000000000000000000000002000000000000000000000000000000000000000000037a857cee61d14366fd9300000000000000000000000000000000000000000007be73ff6d17387f45e3e4) [staticcall]
    │   │   │   │   │   │   │   │   │   │   │   │   │   └─ ← [Return] 0x0000000000000000000000000000000000000000000000000000000000000002000000000000000000000000000000000000000000037a857cee61d14366fd9300000000000000000000000000000000000000000007be73ff6d17387f45e3e4
    │   │   │   │   │   │   │   │   │   │   │   │   ├─ [24] PRECOMPILES::identity(0x0000000000000000000000000000000000000000000000000000000000000002000000000000000000000000000000000000000000037a857cee61d14366fd9300000000000000000000000000000000000000000007be73ff6d17387f45e3e4) [staticcall]
    │   │   │   │   │   │   │   │   │   │   │   │   │   └─ ← [Return] 0x0000000000000000000000000000000000000000000000000000000000000002000000000000000000000000000000000000000000037a857cee61d14366fd9300000000000000000000000000000000000000000007be73ff6d17387f45e3e4
    │   │   │   │   │   │   │   │   │   │   │   │   ├─ [4590] CurveStableSwapNG::A() [staticcall]
    │   │   │   │   │   │   │   │   │   │   │   │   │   └─ ← [Return] 2000
    │   │   │   │   │   │   │   │   │   │   │   │   ├─ [24] PRECOMPILES::identity(0x0000000000000000000000000000000000000000000000000000000000000002000000000000000000000000000000000000000000037a857cee61d14366fd9300000000000000000000000000000000000000000007be73ff6d17387f45e3e4) [staticcall]
    │   │   │   │   │   │   │   │   │   │   │   │   │   └─ ← [Return] 0x0000000000000000000000000000000000000000000000000000000000000002000000000000000000000000000000000000000000037a857cee61d14366fd9300000000000000000000000000000000000000000007be73ff6d17387f45e3e4
    │   │   │   │   │   │   │   │   │   │   │   │   ├─ [24] PRECOMPILES::identity(0x0000000000000000000000000000000000000000000000000000000000000002000000000000000000000000000000000000000000037a857cee61d14366fd9300000000000000000000000000000000000000000007be73ff6d17387f45e3e4) [staticcall]
    │   │   │   │   │   │   │   │   │   │   │   │   │   └─ ← [Return] 0x0000000000000000000000000000000000000000000000000000000000000002000000000000000000000000000000000000000000037a857cee61d14366fd9300000000000000000000000000000000000000000007be73ff6d17387f45e3e4
    │   │   │   │   │   │   │   │   │   │   │   │   ├─ [2369] CurveStableSwapNG::fee() [staticcall]
    │   │   │   │   │   │   │   │   │   │   │   │   │   └─ ← [Return] 1000000 [1e6]
    │   │   │   │   │   │   │   │   │   │   │   │   ├─ [2369] CurveStableSwapNG::offpeg_fee_multiplier() [staticcall]
    │   │   │   │   │   │   │   │   │   │   │   │   │   └─ ← [Return] 50000000000 [5e10]
    │   │   │   │   │   │   │   │   │   │   │   │   └─ ← [Return] 1000405839324408 [1e15]
    │   │   │   │   │   │   │   │   │   │   │   └─ ← [Return] 1000405839324408 [1e15]
    │   │   │   │   │   │   │   │   │   │   ├─ [369] CurveStableSwapNG::fee() [staticcall]
    │   │   │   │   │   │   │   │   │   │   │   └─ ← [Return] 1000000 [1e6]
    │   │   │   │   │   │   │   │   │   │   ├─ [337] CurveStableSwapNG::coins(1) [staticcall]
    │   │   │   │   │   │   │   │   │   │   │   └─ ← [Return] crvUSD Stablecoin: [0xf939E0A03FB07F59A73314E73794Be0E57ac1b4E]
    │   │   │   │   │   │   │   │   │   │   ├─ [369] crvUSD Stablecoin::decimals() [staticcall]
    │   │   │   │   │   │   │   │   │   │   │   └─ ← [Return] 18
    │   │   │   │   │   │   │   │   │   │   ├─ [22720] CurveStableSwapNG::get_dy(1, 0, 1000000000000000 [1e15]) [staticcall]
    │   │   │   │   │   │   │   │   │   │   │   ├─ [221] CurveStableswapFactoryNG::views_implementation() [staticcall]
    │   │   │   │   │   │   │   │   │   │   │   │   └─ ← [Return] CurveStableSwapNGViews: [0xFF53042865dF617de4bB871bD0988E7B93439cCF]
    │   │   │   │   │   │   │   │   │   │   │   ├─ [21693] CurveStableSwapNGViews::get_dy(1, 0, 1000000000000000 [1e15], CurveStableSwapNG: [0x13e12BB0E6A2f1A3d6901a59a9d585e89A6243e1]) [staticcall]
    │   │   │   │   │   │   │   │   │   │   │   │   ├─ [275] CurveStableSwapNG::N_COINS() [staticcall]
    │   │   │   │   │   │   │   │   │   │   │   │   │   └─ ← [Return] 2
    │   │   │   │   │   │   │   │   │   │   │   │   ├─ [1478] CurveStableSwapNG::stored_rates() [staticcall]
    │   │   │   │   │   │   │   │   │   │   │   │   │   ├─ [24] PRECOMPILES::identity(0x00000000000000000000000000000000000000000000000000000000000000020000000000000000000000000000000000000000000000000de0b6b3a76400000000000000000000000000000000000000000000000000000de0b6b3a7640000) [staticcall]
    │   │   │   │   │   │   │   │   │   │   │   │   │   │   └─ ← [Return] 0x00000000000000000000000000000000000000000000000000000000000000020000000000000000000000000000000000000000000000000de0b6b3a76400000000000000000000000000000000000000000000000000000de0b6b3a7640000
    │   │   │   │   │   │   │   │   │   │   │   │   │   └─ ← [Return] [1000000000000000000 [1e18], 1000000000000000000 [1e18]]
    │   │   │   │   │   │   │   │   │   │   │   │   ├─ [24] PRECOMPILES::identity(0x00000000000000000000000000000000000000000000000000000000000000020000000000000000000000000000000000000000000000000de0b6b3a76400000000000000000000000000000000000000000000000000000de0b6b3a7640000) [staticcall]
    │   │   │   │   │   │   │   │   │   │   │   │   │   └─ ← [Return] 0x00000000000000000000000000000000000000000000000000000000000000020000000000000000000000000000000000000000000000000de0b6b3a76400000000000000000000000000000000000000000000000000000de0b6b3a7640000
    │   │   │   │   │   │   │   │   │   │   │   │   ├─ [24] PRECOMPILES::identity(0x00000000000000000000000000000000000000000000000000000000000000020000000000000000000000000000000000000000000000000de0b6b3a76400000000000000000000000000000000000000000000000000000de0b6b3a7640000) [staticcall]
    │   │   │   │   │   │   │   │   │   │   │   │   │   └─ ← [Return] 0x00000000000000000000000000000000000000000000000000000000000000020000000000000000000000000000000000000000000000000de0b6b3a76400000000000000000000000000000000000000000000000000000de0b6b3a7640000
    │   │   │   │   │   │   │   │   │   │   │   │   ├─ [2258] CurveStableSwapNG::get_balances() [staticcall]
    │   │   │   │   │   │   │   │   │   │   │   │   │   ├─ [24] PRECOMPILES::identity(0x0000000000000000000000000000000000000000000000000000000000000002000000000000000000000000000000000000000000037a857cee61d14366fd9300000000000000000000000000000000000000000007be73ff6d17387f45e3e4) [staticcall]
    │   │   │   │   │   │   │   │   │   │   │   │   │   │   └─ ← [Return] 0x0000000000000000000000000000000000000000000000000000000000000002000000000000000000000000000000000000000000037a857cee61d14366fd9300000000000000000000000000000000000000000007be73ff6d17387f45e3e4
    │   │   │   │   │   │   │   │   │   │   │   │   │   └─ ← [Return] [4205368588956044177636755 [4.205e24], 9361870150008896965960676 [9.361e24]]
    │   │   │   │   │   │   │   │   │   │   │   │   ├─ [24] PRECOMPILES::identity(0x0000000000000000000000000000000000000000000000000000000000000002000000000000000000000000000000000000000000037a857cee61d14366fd9300000000000000000000000000000000000000000007be73ff6d17387f45e3e4) [staticcall]
    │   │   │   │   │   │   │   │   │   │   │   │   │   └─ ← [Return] 0x0000000000000000000000000000000000000000000000000000000000000002000000000000000000000000000000000000000000037a857cee61d14366fd9300000000000000000000000000000000000000000007be73ff6d17387f45e3e4
    │   │   │   │   │   │   │   │   │   │   │   │   ├─ [24] PRECOMPILES::identity(0x0000000000000000000000000000000000000000000000000000000000000002000000000000000000000000000000000000000000037a857cee61d14366fd9300000000000000000000000000000000000000000007be73ff6d17387f45e3e4) [staticcall]
    │   │   │   │   │   │   │   │   │   │   │   │   │   └─ ← [Return] 0x0000000000000000000000000000000000000000000000000000000000000002000000000000000000000000000000000000000000037a857cee61d14366fd9300000000000000000000000000000000000000000007be73ff6d17387f45e3e4
    │   │   │   │   │   │   │   │   │   │   │   │   ├─ [24] PRECOMPILES::identity(0x00000000000000000000000000000000000000000000000000000000000000020000000000000000000000000000000000000000000000000de0b6b3a76400000000000000000000000000000000000000000000000000000de0b6b3a7640000) [staticcall]
    │   │   │   │   │   │   │   │   │   │   │   │   │   └─ ← [Return] 0x00000000000000000000000000000000000000000000000000000000000000020000000000000000000000000000000000000000000000000de0b6b3a76400000000000000000000000000000000000000000000000000000de0b6b3a7640000
    │   │   │   │   │   │   │   │   │   │   │   │   ├─ [24] PRECOMPILES::identity(0x0000000000000000000000000000000000000000000000000000000000000002000000000000000000000000000000000000000000037a857cee61d14366fd9300000000000000000000000000000000000000000007be73ff6d17387f45e3e4) [staticcall]
    │   │   │   │   │   │   │   │   │   │   │   │   │   └─ ← [Return] 0x0000000000000000000000000000000000000000000000000000000000000002000000000000000000000000000000000000000000037a857cee61d14366fd9300000000000000000000000000000000000000000007be73ff6d17387f45e3e4
    │   │   │   │   │   │   │   │   │   │   │   │   ├─ [24] PRECOMPILES::identity(0x0000000000000000000000000000000000000000000000000000000000000002000000000000000000000000000000000000000000037a857cee61d14366fd9300000000000000000000000000000000000000000007be73ff6d17387f45e3e4) [staticcall]
    │   │   │   │   │   │   │   │   │   │   │   │   │   └─ ← [Return] 0x0000000000000000000000000000000000000000000000000000000000000002000000000000000000000000000000000000000000037a857cee61d14366fd9300000000000000000000000000000000000000000007be73ff6d17387f45e3e4
    │   │   │   │   │   │   │   │   │   │   │   │   ├─ [24] PRECOMPILES::identity(0x00000000000000000000000000000000000000000000000000000000000000020000000000000000000000000000000000000000000000000de0b6b3a76400000000000000000000000000000000000000000000000000000de0b6b3a7640000) [staticcall]
    │   │   │   │   │   │   │   │   │   │   │   │   │   └─ ← [Return] 0x00000000000000000000000000000000000000000000000000000000000000020000000000000000000000000000000000000000000000000de0b6b3a76400000000000000000000000000000000000000000000000000000de0b6b3a7640000
    │   │   │   │   │   │   │   │   │   │   │   │   ├─ [24] PRECOMPILES::identity(0x0000000000000000000000000000000000000000000000000000000000000002000000000000000000000000000000000000000000037a857cee61d14366fd9300000000000000000000000000000000000000000007be73ff6d17387f45e3e4) [staticcall]
    │   │   │   │   │   │   │   │   │   │   │   │   │   └─ ← [Return] 0x0000000000000000000000000000000000000000000000000000000000000002000000000000000000000000000000000000000000037a857cee61d14366fd9300000000000000000000000000000000000000000007be73ff6d17387f45e3e4
    │   │   │   │   │   │   │   │   │   │   │   │   ├─ [24] PRECOMPILES::identity(0x0000000000000000000000000000000000000000000000000000000000000002000000000000000000000000000000000000000000037a857cee61d14366fd9300000000000000000000000000000000000000000007be73ff6d17387f45e3e4) [staticcall]
    │   │   │   │   │   │   │   │   │   │   │   │   │   └─ ← [Return] 0x0000000000000000000000000000000000000000000000000000000000000002000000000000000000000000000000000000000000037a857cee61d14366fd9300000000000000000000000000000000000000000007be73ff6d17387f45e3e4
    │   │   │   │   │   │   │   │   │   │   │   │   ├─ [590] CurveStableSwapNG::A() [staticcall]
    │   │   │   │   │   │   │   │   │   │   │   │   │   └─ ← [Return] 2000
    │   │   │   │   │   │   │   │   │   │   │   │   ├─ [24] PRECOMPILES::identity(0x0000000000000000000000000000000000000000000000000000000000000002000000000000000000000000000000000000000000037a857cee61d14366fd9300000000000000000000000000000000000000000007be73ff6d17387f45e3e4) [staticcall]
    │   │   │   │   │   │   │   │   │   │   │   │   │   └─ ← [Return] 0x0000000000000000000000000000000000000000000000000000000000000002000000000000000000000000000000000000000000037a857cee61d14366fd9300000000000000000000000000000000000000000007be73ff6d17387f45e3e4
    │   │   │   │   │   │   │   │   │   │   │   │   ├─ [24] PRECOMPILES::identity(0x0000000000000000000000000000000000000000000000000000000000000002000000000000000000000000000000000000000000037a857cee61d14366fd9300000000000000000000000000000000000000000007be73ff6d17387f45e3e4) [staticcall]
    │   │   │   │   │   │   │   │   │   │   │   │   │   └─ ← [Return] 0x0000000000000000000000000000000000000000000000000000000000000002000000000000000000000000000000000000000000037a857cee61d14366fd9300000000000000000000000000000000000000000007be73ff6d17387f45e3e4
    │   │   │   │   │   │   │   │   │   │   │   │   ├─ [369] CurveStableSwapNG::fee() [staticcall]
    │   │   │   │   │   │   │   │   │   │   │   │   │   └─ ← [Return] 1000000 [1e6]
    │   │   │   │   │   │   │   │   │   │   │   │   ├─ [369] CurveStableSwapNG::offpeg_fee_multiplier() [staticcall]
    │   │   │   │   │   │   │   │   │   │   │   │   │   └─ ← [Return] 50000000000 [5e10]
    │   │   │   │   │   │   │   │   │   │   │   │   └─ ← [Return] 999368297428964 [9.993e14]
    │   │   │   │   │   │   │   │   │   │   │   └─ ← [Return] 999368297428964 [9.993e14]
    │   │   │   │   │   │   │   │   │   │   ├─ [369] CurveStableSwapNG::fee() [staticcall]
    │   │   │   │   │   │   │   │   │   │   │   └─ ← [Return] 1000000 [1e6]
    │   │   │   │   │   │   │   │   │   │   ├─ [337] CurveStableSwapNG::coins(0) [staticcall]
    │   │   │   │   │   │   │   │   │   │   │   └─ ← [Return] TransparentUpgradeableProxy: [0xCAcd6fd266aF91b8AeD52aCCc382b4e165586E29]
    │   │   │   │   │   │   │   │   │   │   └─ ← [Return] 13501152757177546926514103 [1.35e25], [ReserveItemInfo({ token: 0xCAcd6fd266aF91b8AeD52aCCc382b4e165586E29, reserveAmount: 4205368588956044177636755 [4.205e24], rawSpotPrice: 1000505889913399339 [1e18], actualQuoteToken: 0xf939E0A03FB07F59A73314E73794Be0E57ac1b4E }), ReserveItemInfo({ token: 0xf939E0A03FB07F59A73314E73794Be0E57ac1b4E, reserveAmount: 9361870150008896965960676 [9.361e24], rawSpotPrice: 999468244253389338 [9.994e17], actualQuoteToken: 0xCAcd6fd266aF91b8AeD52aCCc382b4e165586E29 })]
    │   │   │   │   │   │   │   │   │   ├─ [3164] FiatTokenProxy::fallback() [staticcall]
    │   │   │   │   │   │   │   │   │   │   ├─ [2381] FiatTokenV2_2::decimals() [delegatecall]
    │   │   │   │   │   │   │   │   │   │   │   └─ ← [Return] 6
    │   │   │   │   │   │   │   │   │   │   └─ ← [Return] 6
    │   │   │   │   │   │   │   │   │   ├─ [269] CurveStableSwapNG::decimals() [staticcall]
    │   │   │   │   │   │   │   │   │   │   └─ ← [Return] 18
    │   │   │   │   │   │   │   │   │   ├─ [1164] FiatTokenProxy::fallback() [staticcall]
    │   │   │   │   │   │   │   │   │   │   ├─ [381] FiatTokenV2_2::decimals() [delegatecall]
    │   │   │   │   │   │   │   │   │   │   │   └─ ← [Return] 6
    │   │   │   │   │   │   │   │   │   │   └─ ← [Return] 6
    │   │   │   │   │   │   │   │   │   ├─ [35208] ChainlinkOracle::getPriceInEth(TransparentUpgradeableProxy: [0xCAcd6fd266aF91b8AeD52aCCc382b4e165586E29])
    │   │   │   │   │   │   │   │   │   │   ├─ [15642] EACAggregatorProxy::latestRoundData() [staticcall]
    │   │   │   │   │   │   │   │   │   │   │   ├─ [7409] AccessControlledOCR2Aggregator::latestRoundData() [staticcall]
    │   │   │   │   │   │   │   │   │   │   │   │   └─ ← [Return] 431, 99998053 [9.999e7], 1781206659 [1.781e9], 1781206691 [1.781e9], 431
    │   │   │   │   │   │   │   │   │   │   │   └─ ← [Return] 18446744073709552047 [1.844e19], 99998053 [9.999e7], 1781206659 [1.781e9], 1781206691 [1.781e9], 18446744073709552047 [1.844e19]
    │   │   │   │   │   │   │   │   │   │   ├─ [371] EACAggregatorProxy::aggregator() [staticcall]
    │   │   │   │   │   │   │   │   │   │   │   └─ ← [Return] AccessControlledOCR2Aggregator: [0x62a897c3e81d809c7444BB63D7D51E1F2EbB6C3D]
    │   │   │   │   │   │   │   │   │   │   ├─ [322] AccessControlledOCR2Aggregator::maxAnswer() [staticcall]
    │   │   │   │   │   │   │   │   │   │   │   └─ ← [Return] 95780971304118053647396689196894323976171195136475135 [9.578e52]
    │   │   │   │   │   │   │   │   │   │   ├─ [300] AccessControlledOCR2Aggregator::minAnswer() [staticcall]
    │   │   │   │   │   │   │   │   │   │   │   └─ ← [Return] 1
    │   │   │   │   │   │   │   │   │   │   ├─ [386] SystemRegistry::rootPriceOracle() [staticcall]
    │   │   │   │   │   │   │   │   │   │   │   └─ ← [Return] RootPriceOracle: [0x61F8BE7FD721e80C0249829eaE6f0DAf21bc2CaC]
    │   │   │   │   │   │   │   │   │   │   ├─ [8425] RootPriceOracle::getPriceInEth(0x4554485F494e5f55534400000000000000000000)
    │   │   │   │   │   │   │   │   │   │   │   ├─ [7331] ChainlinkOracle::getPriceInEth(0x4554485F494e5f55534400000000000000000000)
    │   │   │   │   │   │   │   │   │   │   │   │   ├─ [2337] EACAggregatorProxy::latestRoundData() [staticcall]
    │   │   │   │   │   │   │   │   │   │   │   │   │   ├─ [604] AccessControlledOCR2Aggregator::latestRoundData() [staticcall]
    │   │   │   │   │   │   │   │   │   │   │   │   │   │   └─ ← [Return] 10000 [1e4], 167931308898 [1.679e11], 1781230127 [1.781e9], 1781230127 [1.781e9], 10000 [1e4]
    │   │   │   │   │   │   │   │   │   │   │   │   │   └─ ← [Return] 129127208515966871312 [1.291e20], 167931308898 [1.679e11], 1781230127 [1.781e9], 1781230127 [1.781e9], 129127208515966871312 [1.291e20]
    │   │   │   │   │   │   │   │   │   │   │   │   ├─ [371] EACAggregatorProxy::aggregator() [staticcall]
    │   │   │   │   │   │   │   │   │   │   │   │   │   └─ ← [Return] AccessControlledOCR2Aggregator: [0x7d4E742018fb52E48b08BE73d041C18B21de6Fb5]
    │   │   │   │   │   │   │   │   │   │   │   │   ├─ [263] AccessControlledOCR2Aggregator::maxAnswer() [staticcall]
    │   │   │   │   │   │   │   │   │   │   │   │   │   └─ ← [Return] 3138550867693340381917894711603833208051177722232017256447 [3.138e57]
    │   │   │   │   │   │   │   │   │   │   │   │   ├─ [148] AccessControlledOCR2Aggregator::minAnswer() [staticcall]
    │   │   │   │   │   │   │   │   │   │   │   │   │   └─ ← [Return] 1
    │   │   │   │   │   │   │   │   │   │   │   │   └─ ← [Return] 1679313088980000000000 [1.679e21]
    │   │   │   │   │   │   │   │   │   │   │   └─ ← [Return] 1679313088980000000000 [1.679e21]
    │   │   │   │   │   │   │   │   │   │   └─ ← [Return] 595469979101621 [5.954e14]
    │   │   │   │   │   │   │   │   │   ├─ [35208] ChainlinkOracle::getPriceInEth(FiatTokenProxy: [0xA0b86991c6218b36c1d19D4a2e9Eb0cE3606eB48])
    │   │   │   │   │   │   │   │   │   │   ├─ [15642] EACAggregatorProxy::latestRoundData() [staticcall]
    │   │   │   │   │   │   │   │   │   │   │   ├─ [7409] AccessControlledOCR2Aggregator::latestRoundData() [staticcall]
    │   │   │   │   │   │   │   │   │   │   │   │   └─ ← [Return] 1003, 99977544 [9.997e7], 1781205763 [1.781e9], 1781205779 [1.781e9], 1003
    │   │   │   │   │   │   │   │   │   │   │   └─ ← [Return] 55340232221128655851 [5.534e19], 99977544 [9.997e7], 1781205763 [1.781e9], 1781205779 [1.781e9], 55340232221128655851 [5.534e19]
    │   │   │   │   │   │   │   │   │   │   ├─ [371] EACAggregatorProxy::aggregator() [staticcall]
    │   │   │   │   │   │   │   │   │   │   │   └─ ← [Return] AccessControlledOCR2Aggregator: [0xc9E1a09622afdB659913fefE800fEaE5DBbFe9d7]
    │   │   │   │   │   │   │   │   │   │   ├─ [322] AccessControlledOCR2Aggregator::maxAnswer() [staticcall]
    │   │   │   │   │   │   │   │   │   │   │   └─ ← [Return] 95780971304118053647396689196894323976171195136475135 [9.578e52]
    │   │   │   │   │   │   │   │   │   │   ├─ [300] AccessControlledOCR2Aggregator::minAnswer() [staticcall]
    │   │   │   │   │   │   │   │   │   │   │   └─ ← [Return] 1
    │   │   │   │   │   │   │   │   │   │   ├─ [386] SystemRegistry::rootPriceOracle() [staticcall]
    │   │   │   │   │   │   │   │   │   │   │   └─ ← [Return] RootPriceOracle: [0x61F8BE7FD721e80C0249829eaE6f0DAf21bc2CaC]
    │   │   │   │   │   │   │   │   │   │   ├─ [8425] RootPriceOracle::getPriceInEth(0x4554485F494e5f55534400000000000000000000)
    │   │   │   │   │   │   │   │   │   │   │   ├─ [7331] ChainlinkOracle::getPriceInEth(0x4554485F494e5f55534400000000000000000000)
    │   │   │   │   │   │   │   │   │   │   │   │   ├─ [2337] EACAggregatorProxy::latestRoundData() [staticcall]
    │   │   │   │   │   │   │   │   │   │   │   │   │   ├─ [604] AccessControlledOCR2Aggregator::latestRoundData() [staticcall]
    │   │   │   │   │   │   │   │   │   │   │   │   │   │   └─ ← [Return] 10000 [1e4], 167931308898 [1.679e11], 1781230127 [1.781e9], 1781230127 [1.781e9], 10000 [1e4]
    │   │   │   │   │   │   │   │   │   │   │   │   │   └─ ← [Return] 129127208515966871312 [1.291e20], 167931308898 [1.679e11], 1781230127 [1.781e9], 1781230127 [1.781e9], 129127208515966871312 [1.291e20]
    │   │   │   │   │   │   │   │   │   │   │   │   ├─ [371] EACAggregatorProxy::aggregator() [staticcall]
    │   │   │   │   │   │   │   │   │   │   │   │   │   └─ ← [Return] AccessControlledOCR2Aggregator: [0x7d4E742018fb52E48b08BE73d041C18B21de6Fb5]
    │   │   │   │   │   │   │   │   │   │   │   │   ├─ [263] AccessControlledOCR2Aggregator::maxAnswer() [staticcall]
    │   │   │   │   │   │   │   │   │   │   │   │   │   └─ ← [Return] 3138550867693340381917894711603833208051177722232017256447 [3.138e57]
    │   │   │   │   │   │   │   │   │   │   │   │   ├─ [148] AccessControlledOCR2Aggregator::minAnswer() [staticcall]
    │   │   │   │   │   │   │   │   │   │   │   │   │   └─ ← [Return] 1
    │   │   │   │   │   │   │   │   │   │   │   │   └─ ← [Return] 1679313088980000000000 [1.679e21]
    │   │   │   │   │   │   │   │   │   │   │   └─ ← [Return] 1679313088980000000000 [1.679e21]
    │   │   │   │   │   │   │   │   │   │   └─ ← [Return] 595347851785788 [5.953e14]
    │   │   │   │   │   │   │   │   │   ├─ [369] crvUSD Stablecoin::decimals() [staticcall]
    │   │   │   │   │   │   │   │   │   │   └─ ← [Return] 18
    │   │   │   │   │   │   │   │   │   ├─ [1164] FiatTokenProxy::fallback() [staticcall]
    │   │   │   │   │   │   │   │   │   │   ├─ [381] FiatTokenV2_2::decimals() [delegatecall]
    │   │   │   │   │   │   │   │   │   │   │   └─ ← [Return] 6
    │   │   │   │   │   │   │   │   │   │   └─ ← [Return] 6
    │   │   │   │   │   │   │   │   │   ├─ [35208] ChainlinkOracle::getPriceInEth(crvUSD Stablecoin: [0xf939E0A03FB07F59A73314E73794Be0E57ac1b4E])
    │   │   │   │   │   │   │   │   │   │   ├─ [15642] EACAggregatorProxy::latestRoundData() [staticcall]
    │   │   │   │   │   │   │   │   │   │   │   ├─ [7409] AccessControlledOCR2Aggregator::latestRoundData() [staticcall]
    │   │   │   │   │   │   │   │   │   │   │   │   └─ ← [Return] 752, 99893882 [9.989e7], 1781197835 [1.781e9], 1781197859 [1.781e9], 752
    │   │   │   │   │   │   │   │   │   │   │   └─ ← [Return] 36893488147419103984 [3.689e19], 99893882 [9.989e7], 1781197835 [1.781e9], 1781197859 [1.781e9], 36893488147419103984 [3.689e19]
    │   │   │   │   │   │   │   │   │   │   ├─ [371] EACAggregatorProxy::aggregator() [staticcall]
    │   │   │   │   │   │   │   │   │   │   │   └─ ← [Return] AccessControlledOCR2Aggregator: [0xf3A0a2363Ee3e5FC1CcF923F4eA9c06BaC1A6834]
    │   │   │   │   │   │   │   │   │   │   ├─ [322] AccessControlledOCR2Aggregator::maxAnswer() [staticcall]
    │   │   │   │   │   │   │   │   │   │   │   └─ ← [Return] 95780971304118053647396689196894323976171195136475135 [9.578e52]
    │   │   │   │   │   │   │   │   │   │   ├─ [300] AccessControlledOCR2Aggregator::minAnswer() [staticcall]
    │   │   │   │   │   │   │   │   │   │   │   └─ ← [Return] 1
    │   │   │   │   │   │   │   │   │   │   ├─ [386] SystemRegistry::rootPriceOracle() [staticcall]
    │   │   │   │   │   │   │   │   │   │   │   └─ ← [Return] RootPriceOracle: [0x61F8BE7FD721e80C0249829eaE6f0DAf21bc2CaC]
    │   │   │   │   │   │   │   │   │   │   ├─ [8425] RootPriceOracle::getPriceInEth(0x4554485F494e5f55534400000000000000000000)
    │   │   │   │   │   │   │   │   │   │   │   ├─ [7331] ChainlinkOracle::getPriceInEth(0x4554485F494e5f55534400000000000000000000)
    │   │   │   │   │   │   │   │   │   │   │   │   ├─ [2337] EACAggregatorProxy::latestRoundData() [staticcall]
    │   │   │   │   │   │   │   │   │   │   │   │   │   ├─ [604] AccessControlledOCR2Aggregator::latestRoundData() [staticcall]
    │   │   │   │   │   │   │   │   │   │   │   │   │   │   └─ ← [Return] 10000 [1e4], 167931308898 [1.679e11], 1781230127 [1.781e9], 1781230127 [1.781e9], 10000 [1e4]
    │   │   │   │   │   │   │   │   │   │   │   │   │   └─ ← [Return] 129127208515966871312 [1.291e20], 167931308898 [1.679e11], 1781230127 [1.781e9], 1781230127 [1.781e9], 129127208515966871312 [1.291e20]
    │   │   │   │   │   │   │   │   │   │   │   │   ├─ [371] EACAggregatorProxy::aggregator() [staticcall]
    │   │   │   │   │   │   │   │   │   │   │   │   │   └─ ← [Return] AccessControlledOCR2Aggregator: [0x7d4E742018fb52E48b08BE73d041C18B21de6Fb5]
    │   │   │   │   │   │   │   │   │   │   │   │   ├─ [263] AccessControlledOCR2Aggregator::maxAnswer() [staticcall]
    │   │   │   │   │   │   │   │   │   │   │   │   │   └─ ← [Return] 3138550867693340381917894711603833208051177722232017256447 [3.138e57]
    │   │   │   │   │   │   │   │   │   │   │   │   ├─ [148] AccessControlledOCR2Aggregator::minAnswer() [staticcall]
    │   │   │   │   │   │   │   │   │   │   │   │   │   └─ ← [Return] 1
    │   │   │   │   │   │   │   │   │   │   │   │   └─ ← [Return] 1679313088980000000000 [1.679e21]
    │   │   │   │   │   │   │   │   │   │   │   └─ ← [Return] 1679313088980000000000 [1.679e21]
    │   │   │   │   │   │   │   │   │   │   └─ ← [Return] 594849659992078 [5.948e14]
    │   │   │   │   │   │   │   │   │   ├─ [18208] ChainlinkOracle::getPriceInEth(FiatTokenProxy: [0xA0b86991c6218b36c1d19D4a2e9Eb0cE3606eB48])
    │   │   │   │   │   │   │   │   │   │   ├─ [3142] EACAggregatorProxy::latestRoundData() [staticcall]
    │   │   │   │   │   │   │   │   │   │   │   ├─ [1409] AccessControlledOCR2Aggregator::latestRoundData() [staticcall]
    │   │   │   │   │   │   │   │   │   │   │   │   └─ ← [Return] 1003, 99977544 [9.997e7], 1781205763 [1.781e9], 1781205779 [1.781e9], 1003
    │   │   │   │   │   │   │   │   │   │   │   └─ ← [Return] 55340232221128655851 [5.534e19], 99977544 [9.997e7], 1781205763 [1.781e9], 1781205779 [1.781e9], 55340232221128655851 [5.534e19]
    │   │   │   │   │   │   │   │   │   │   ├─ [371] EACAggregatorProxy::aggregator() [staticcall]
    │   │   │   │   │   │   │   │   │   │   │   └─ ← [Return] AccessControlledOCR2Aggregator: [0xc9E1a09622afdB659913fefE800fEaE5DBbFe9d7]
    │   │   │   │   │   │   │   │   │   │   ├─ [322] AccessControlledOCR2Aggregator::maxAnswer() [staticcall]
    │   │   │   │   │   │   │   │   │   │   │   └─ ← [Return] 95780971304118053647396689196894323976171195136475135 [9.578e52]
    │   │   │   │   │   │   │   │   │   │   ├─ [300] AccessControlledOCR2Aggregator::minAnswer() [staticcall]
    │   │   │   │   │   │   │   │   │   │   │   └─ ← [Return] 1
    │   │   │   │   │   │   │   │   │   │   ├─ [386] SystemRegistry::rootPriceOracle() [staticcall]
    │   │   │   │   │   │   │   │   │   │   │   └─ ← [Return] RootPriceOracle: [0x61F8BE7FD721e80C0249829eaE6f0DAf21bc2CaC]
    │   │   │   │   │   │   │   │   │   │   ├─ [8425] RootPriceOracle::getPriceInEth(0x4554485F494e5f55534400000000000000000000)
    │   │   │   │   │   │   │   │   │   │   │   ├─ [7331] ChainlinkOracle::getPriceInEth(0x4554485F494e5f55534400000000000000000000)
    │   │   │   │   │   │   │   │   │   │   │   │   ├─ [2337] EACAggregatorProxy::latestRoundData() [staticcall]
    │   │   │   │   │   │   │   │   │   │   │   │   │   ├─ [604] AccessControlledOCR2Aggregator::latestRoundData() [staticcall]
    │   │   │   │   │   │   │   │   │   │   │   │   │   │   └─ ← [Return] 10000 [1e4], 167931308898 [1.679e11], 1781230127 [1.781e9], 1781230127 [1.781e9], 10000 [1e4]
    │   │   │   │   │   │   │   │   │   │   │   │   │   └─ ← [Return] 129127208515966871312 [1.291e20], 167931308898 [1.679e11], 1781230127 [1.781e9], 1781230127 [1.781e9], 129127208515966871312 [1.291e20]
    │   │   │   │   │   │   │   │   │   │   │   │   ├─ [371] EACAggregatorProxy::aggregator() [staticcall]
    │   │   │   │   │   │   │   │   │   │   │   │   │   └─ ← [Return] AccessControlledOCR2Aggregator: [0x7d4E742018fb52E48b08BE73d041C18B21de6Fb5]
    │   │   │   │   │   │   │   │   │   │   │   │   ├─ [263] AccessControlledOCR2Aggregator::maxAnswer() [staticcall]
    │   │   │   │   │   │   │   │   │   │   │   │   │   └─ ← [Return] 3138550867693340381917894711603833208051177722232017256447 [3.138e57]
    │   │   │   │   │   │   │   │   │   │   │   │   ├─ [148] AccessControlledOCR2Aggregator::minAnswer() [staticcall]
    │   │   │   │   │   │   │   │   │   │   │   │   │   └─ ← [Return] 1
    │   │   │   │   │   │   │   │   │   │   │   │   └─ ← [Return] 1679313088980000000000 [1.679e21]
    │   │   │   │   │   │   │   │   │   │   │   └─ ← [Return] 1679313088980000000000 [1.679e21]
    │   │   │   │   │   │   │   │   │   │   └─ ← [Return] 595347851785788 [5.953e14]
    │   │   │   │   │   │   │   │   │   ├─ [643] TransparentUpgradeableProxy::fallback() [staticcall]
    │   │   │   │   │   │   │   │   │   │   ├─ [222] FrxUSD::decimals() [delegatecall]
    │   │   │   │   │   │   │   │   │   │   │   └─ ← [Return] 18
    │   │   │   │   │   │   │   │   │   │   └─ ← [Return] 18
    │   │   │   │   │   │   │   │   │   ├─ [1164] FiatTokenProxy::fallback() [staticcall]
    │   │   │   │   │   │   │   │   │   │   ├─ [381] FiatTokenV2_2::decimals() [delegatecall]
    │   │   │   │   │   │   │   │   │   │   │   └─ ← [Return] 6
    │   │   │   │   │   │   │   │   │   │   └─ ← [Return] 6
    │   │   │   │   │   │   │   │   │   ├─ [18208] ChainlinkOracle::getPriceInEth(crvUSD Stablecoin: [0xf939E0A03FB07F59A73314E73794Be0E57ac1b4E])
    │   │   │   │   │   │   │   │   │   │   ├─ [3142] EACAggregatorProxy::latestRoundData() [staticcall]
    │   │   │   │   │   │   │   │   │   │   │   ├─ [1409] AccessControlledOCR2Aggregator::latestRoundData() [staticcall]
    │   │   │   │   │   │   │   │   │   │   │   │   └─ ← [Return] 752, 99893882 [9.989e7], 1781197835 [1.781e9], 1781197859 [1.781e9], 752
    │   │   │   │   │   │   │   │   │   │   │   └─ ← [Return] 36893488147419103984 [3.689e19], 99893882 [9.989e7], 1781197835 [1.781e9], 1781197859 [1.781e9], 36893488147419103984 [3.689e19]
    │   │   │   │   │   │   │   │   │   │   ├─ [371] EACAggregatorProxy::aggregator() [staticcall]
    │   │   │   │   │   │   │   │   │   │   │   └─ ← [Return] AccessControlledOCR2Aggregator: [0xf3A0a2363Ee3e5FC1CcF923F4eA9c06BaC1A6834]
    │   │   │   │   │   │   │   │   │   │   ├─ [322] AccessControlledOCR2Aggregator::maxAnswer() [staticcall]
    │   │   │   │   │   │   │   │   │   │   │   └─ ← [Return] 95780971304118053647396689196894323976171195136475135 [9.578e52]
    │   │   │   │   │   │   │   │   │   │   ├─ [300] AccessControlledOCR2Aggregator::minAnswer() [staticcall]
    │   │   │   │   │   │   │   │   │   │   │   └─ ← [Return] 1
    │   │   │   │   │   │   │   │   │   │   ├─ [386] SystemRegistry::rootPriceOracle() [staticcall]
    │   │   │   │   │   │   │   │   │   │   │   └─ ← [Return] RootPriceOracle: [0x61F8BE7FD721e80C0249829eaE6f0DAf21bc2CaC]
    │   │   │   │   │   │   │   │   │   │   ├─ [8425] RootPriceOracle::getPriceInEth(0x4554485F494e5f55534400000000000000000000)
    │   │   │   │   │   │   │   │   │   │   │   ├─ [7331] ChainlinkOracle::getPriceInEth(0x4554485F494e5f55534400000000000000000000)
    │   │   │   │   │   │   │   │   │   │   │   │   ├─ [2337] EACAggregatorProxy::latestRoundData() [staticcall]
    │   │   │   │   │   │   │   │   │   │   │   │   │   ├─ [604] AccessControlledOCR2Aggregator::latestRoundData() [staticcall]
    │   │   │   │   │   │   │   │   │   │   │   │   │   │   └─ ← [Return] 10000 [1e4], 167931308898 [1.679e11], 1781230127 [1.781e9], 1781230127 [1.781e9], 10000 [1e4]
    │   │   │   │   │   │   │   │   │   │   │   │   │   └─ ← [Return] 129127208515966871312 [1.291e20], 167931308898 [1.679e11], 1781230127 [1.781e9], 1781230127 [1.781e9], 129127208515966871312 [1.291e20]
    │   │   │   │   │   │   │   │   │   │   │   │   ├─ [371] EACAggregatorProxy::aggregator() [staticcall]
    │   │   │   │   │   │   │   │   │   │   │   │   │   └─ ← [Return] AccessControlledOCR2Aggregator: [0x7d4E742018fb52E48b08BE73d041C18B21de6Fb5]
    │   │   │   │   │   │   │   │   │   │   │   │   ├─ [263] AccessControlledOCR2Aggregator::maxAnswer() [staticcall]
    │   │   │   │   │   │   │   │   │   │   │   │   │   └─ ← [Return] 3138550867693340381917894711603833208051177722232017256447 [3.138e57]
    │   │   │   │   │   │   │   │   │   │   │   │   ├─ [148] AccessControlledOCR2Aggregator::minAnswer() [staticcall]
    │   │   │   │   │   │   │   │   │   │   │   │   │   └─ ← [Return] 1
    │   │   │   │   │   │   │   │   │   │   │   │   └─ ← [Return] 1679313088980000000000 [1.679e21]
    │   │   │   │   │   │   │   │   │   │   │   └─ ← [Return] 1679313088980000000000 [1.679e21]
    │   │   │   │   │   │   │   │   │   │   └─ ← [Return] 594849659992078 [5.948e14]
    │   │   │   │   │   │   │   │   │   ├─ [18208] ChainlinkOracle::getPriceInEth(FiatTokenProxy: [0xA0b86991c6218b36c1d19D4a2e9Eb0cE3606eB48])
    │   │   │   │   │   │   │   │   │   │   ├─ [3142] EACAggregatorProxy::latestRoundData() [staticcall]
    │   │   │   │   │   │   │   │   │   │   │   ├─ [1409] AccessControlledOCR2Aggregator::latestRoundData() [staticcall]
    │   │   │   │   │   │   │   │   │   │   │   │   └─ ← [Return] 1003, 99977544 [9.997e7], 1781205763 [1.781e9], 1781205779 [1.781e9], 1003
    │   │   │   │   │   │   │   │   │   │   │   └─ ← [Return] 55340232221128655851 [5.534e19], 99977544 [9.997e7], 1781205763 [1.781e9], 1781205779 [1.781e9], 55340232221128655851 [5.534e19]
    │   │   │   │   │   │   │   │   │   │   ├─ [371] EACAggregatorProxy::aggregator() [staticcall]
    │   │   │   │   │   │   │   │   │   │   │   └─ ← [Return] AccessControlledOCR2Aggregator: [0xc9E1a09622afdB659913fefE800fEaE5DBbFe9d7]
    │   │   │   │   │   │   │   │   │   │   ├─ [322] AccessControlledOCR2Aggregator::maxAnswer() [staticcall]
    │   │   │   │   │   │   │   │   │   │   │   └─ ← [Return] 95780971304118053647396689196894323976171195136475135 [9.578e52]
    │   │   │   │   │   │   │   │   │   │   ├─ [300] AccessControlledOCR2Aggregator::minAnswer() [staticcall]
    │   │   │   │   │   │   │   │   │   │   │   └─ ← [Return] 1
    │   │   │   │   │   │   │   │   │   │   ├─ [386] SystemRegistry::rootPriceOracle() [staticcall]
    │   │   │   │   │   │   │   │   │   │   │   └─ ← [Return] RootPriceOracle: [0x61F8BE7FD721e80C0249829eaE6f0DAf21bc2CaC]
    │   │   │   │   │   │   │   │   │   │   ├─ [8425] RootPriceOracle::getPriceInEth(0x4554485F494e5f55534400000000000000000000)
    │   │   │   │   │   │   │   │   │   │   │   ├─ [7331] ChainlinkOracle::getPriceInEth(0x4554485F494e5f55534400000000000000000000)
    │   │   │   │   │   │   │   │   │   │   │   │   ├─ [2337] EACAggregatorProxy::latestRoundData() [staticcall]
    │   │   │   │   │   │   │   │   │   │   │   │   │   ├─ [604] AccessControlledOCR2Aggregator::latestRoundData() [staticcall]
    │   │   │   │   │   │   │   │   │   │   │   │   │   │   └─ ← [Return] 10000 [1e4], 167931308898 [1.679e11], 1781230127 [1.781e9], 1781230127 [1.781e9], 10000 [1e4]
    │   │   │   │   │   │   │   │   │   │   │   │   │   └─ ← [Return] 129127208515966871312 [1.291e20], 167931308898 [1.679e11], 1781230127 [1.781e9], 1781230127 [1.781e9], 129127208515966871312 [1.291e20]
    │   │   │   │   │   │   │   │   │   │   │   │   ├─ [371] EACAggregatorProxy::aggregator() [staticcall]
    │   │   │   │   │   │   │   │   │   │   │   │   │   └─ ← [Return] AccessControlledOCR2Aggregator: [0x7d4E742018fb52E48b08BE73d041C18B21de6Fb5]
    │   │   │   │   │   │   │   │   │   │   │   │   ├─ [263] AccessControlledOCR2Aggregator::maxAnswer() [staticcall]
    │   │   │   │   │   │   │   │   │   │   │   │   │   └─ ← [Return] 3138550867693340381917894711603833208051177722232017256447 [3.138e57]
    │   │   │   │   │   │   │   │   │   │   │   │   ├─ [148] AccessControlledOCR2Aggregator::minAnswer() [staticcall]
    │   │   │   │   │   │   │   │   │   │   │   │   │   └─ ← [Return] 1
    │   │   │   │   │   │   │   │   │   │   │   │   └─ ← [Return] 1679313088980000000000 [1.679e21]
    │   │   │   │   │   │   │   │   │   │   │   └─ ← [Return] 1679313088980000000000 [1.679e21]
    │   │   │   │   │   │   │   │   │   │   └─ ← [Return] 595347851785788 [5.953e14]
    │   │   │   │   │   │   │   │   │   ├─ [643] TransparentUpgradeableProxy::fallback() [staticcall]
    │   │   │   │   │   │   │   │   │   │   ├─ [222] FrxUSD::decimals() [delegatecall]
    │   │   │   │   │   │   │   │   │   │   │   └─ ← [Return] 18
    │   │   │   │   │   │   │   │   │   │   └─ ← [Return] 18
    │   │   │   │   │   │   │   │   │   ├─ [1164] FiatTokenProxy::fallback() [staticcall]
    │   │   │   │   │   │   │   │   │   │   ├─ [381] FiatTokenV2_2::decimals() [delegatecall]
    │   │   │   │   │   │   │   │   │   │   │   └─ ← [Return] 6
    │   │   │   │   │   │   │   │   │   │   └─ ← [Return] 6
    │   │   │   │   │   │   │   │   │   ├─ [18208] ChainlinkOracle::getPriceInEth(TransparentUpgradeableProxy: [0xCAcd6fd266aF91b8AeD52aCCc382b4e165586E29])
    │   │   │   │   │   │   │   │   │   │   ├─ [3142] EACAggregatorProxy::latestRoundData() [staticcall]
    │   │   │   │   │   │   │   │   │   │   │   ├─ [1409] AccessControlledOCR2Aggregator::latestRoundData() [staticcall]
    │   │   │   │   │   │   │   │   │   │   │   │   └─ ← [Return] 431, 99998053 [9.999e7], 1781206659 [1.781e9], 1781206691 [1.781e9], 431
    │   │   │   │   │   │   │   │   │   │   │   └─ ← [Return] 18446744073709552047 [1.844e19], 99998053 [9.999e7], 1781206659 [1.781e9], 1781206691 [1.781e9], 18446744073709552047 [1.844e19]
    │   │   │   │   │   │   │   │   │   │   ├─ [371] EACAggregatorProxy::aggregator() [staticcall]
    │   │   │   │   │   │   │   │   │   │   │   └─ ← [Return] AccessControlledOCR2Aggregator: [0x62a897c3e81d809c7444BB63D7D51E1F2EbB6C3D]
    │   │   │   │   │   │   │   │   │   │   ├─ [322] AccessControlledOCR2Aggregator::maxAnswer() [staticcall]
    │   │   │   │   │   │   │   │   │   │   │   └─ ← [Return] 95780971304118053647396689196894323976171195136475135 [9.578e52]
    │   │   │   │   │   │   │   │   │   │   ├─ [300] AccessControlledOCR2Aggregator::minAnswer() [staticcall]
    │   │   │   │   │   │   │   │   │   │   │   └─ ← [Return] 1
    │   │   │   │   │   │   │   │   │   │   ├─ [386] SystemRegistry::rootPriceOracle() [staticcall]
    │   │   │   │   │   │   │   │   │   │   │   └─ ← [Return] RootPriceOracle: [0x61F8BE7FD721e80C0249829eaE6f0DAf21bc2CaC]
    │   │   │   │   │   │   │   │   │   │   ├─ [8425] RootPriceOracle::getPriceInEth(0x4554485F494e5f55534400000000000000000000)
    │   │   │   │   │   │   │   │   │   │   │   ├─ [7331] ChainlinkOracle::getPriceInEth(0x4554485F494e5f55534400000000000000000000)
    │   │   │   │   │   │   │   │   │   │   │   │   ├─ [2337] EACAggregatorProxy::latestRoundData() [staticcall]
    │   │   │   │   │   │   │   │   │   │   │   │   │   ├─ [604] AccessControlledOCR2Aggregator::latestRoundData() [staticcall]
    │   │   │   │   │   │   │   │   │   │   │   │   │   │   └─ ← [Return] 10000 [1e4], 167931308898 [1.679e11], 1781230127 [1.781e9], 1781230127 [1.781e9], 10000 [1e4]
    │   │   │   │   │   │   │   │   │   │   │   │   │   └─ ← [Return] 129127208515966871312 [1.291e20], 167931308898 [1.679e11], 1781230127 [1.781e9], 1781230127 [1.781e9], 129127208515966871312 [1.291e20]
    │   │   │   │   │   │   │   │   │   │   │   │   ├─ [371] EACAggregatorProxy::aggregator() [staticcall]
    │   │   │   │   │   │   │   │   │   │   │   │   │   └─ ← [Return] AccessControlledOCR2Aggregator: [0x7d4E742018fb52E48b08BE73d041C18B21de6Fb5]
    │   │   │   │   │   │   │   │   │   │   │   │   ├─ [263] AccessControlledOCR2Aggregator::maxAnswer() [staticcall]
    │   │   │   │   │   │   │   │   │   │   │   │   │   └─ ← [Return] 3138550867693340381917894711603833208051177722232017256447 [3.138e57]
    │   │   │   │   │   │   │   │   │   │   │   │   ├─ [148] AccessControlledOCR2Aggregator::minAnswer() [staticcall]
    │   │   │   │   │   │   │   │   │   │   │   │   │   └─ ← [Return] 1
    │   │   │   │   │   │   │   │   │   │   │   │   └─ ← [Return] 1679313088980000000000 [1.679e21]
    │   │   │   │   │   │   │   │   │   │   │   └─ ← [Return] 1679313088980000000000 [1.679e21]
    │   │   │   │   │   │   │   │   │   │   └─ ← [Return] 595469979101621 [5.954e14]
    │   │   │   │   │   │   │   │   │   ├─ [18208] ChainlinkOracle::getPriceInEth(FiatTokenProxy: [0xA0b86991c6218b36c1d19D4a2e9Eb0cE3606eB48])
    │   │   │   │   │   │   │   │   │   │   ├─ [3142] EACAggregatorProxy::latestRoundData() [staticcall]
    │   │   │   │   │   │   │   │   │   │   │   ├─ [1409] AccessControlledOCR2Aggregator::latestRoundData() [staticcall]
    │   │   │   │   │   │   │   │   │   │   │   │   └─ ← [Return] 1003, 99977544 [9.997e7], 1781205763 [1.781e9], 1781205779 [1.781e9], 1003
    │   │   │   │   │   │   │   │   │   │   │   └─ ← [Return] 55340232221128655851 [5.534e19], 99977544 [9.997e7], 1781205763 [1.781e9], 1781205779 [1.781e9], 55340232221128655851 [5.534e19]
    │   │   │   │   │   │   │   │   │   │   ├─ [371] EACAggregatorProxy::aggregator() [staticcall]
    │   │   │   │   │   │   │   │   │   │   │   └─ ← [Return] AccessControlledOCR2Aggregator: [0xc9E1a09622afdB659913fefE800fEaE5DBbFe9d7]
    │   │   │   │   │   │   │   │   │   │   ├─ [322] AccessControlledOCR2Aggregator::maxAnswer() [staticcall]
    │   │   │   │   │   │   │   │   │   │   │   └─ ← [Return] 95780971304118053647396689196894323976171195136475135 [9.578e52]
    │   │   │   │   │   │   │   │   │   │   ├─ [300] AccessControlledOCR2Aggregator::minAnswer() [staticcall]
    │   │   │   │   │   │   │   │   │   │   │   └─ ← [Return] 1
    │   │   │   │   │   │   │   │   │   │   ├─ [386] SystemRegistry::rootPriceOracle() [staticcall]
    │   │   │   │   │   │   │   │   │   │   │   └─ ← [Return] RootPriceOracle: [0x61F8BE7FD721e80C0249829eaE6f0DAf21bc2CaC]
    │   │   │   │   │   │   │   │   │   │   ├─ [8425] RootPriceOracle::getPriceInEth(0x4554485F494e5f55534400000000000000000000)
    │   │   │   │   │   │   │   │   │   │   │   ├─ [7331] ChainlinkOracle::getPriceInEth(0x4554485F494e5f55534400000000000000000000)
    │   │   │   │   │   │   │   │   │   │   │   │   ├─ [2337] EACAggregatorProxy::latestRoundData() [staticcall]
    │   │   │   │   │   │   │   │   │   │   │   │   │   ├─ [604] AccessControlledOCR2Aggregator::latestRoundData() [staticcall]
    │   │   │   │   │   │   │   │   │   │   │   │   │   │   └─ ← [Return] 10000 [1e4], 167931308898 [1.679e11], 1781230127 [1.781e9], 1781230127 [1.781e9], 10000 [1e4]
    │   │   │   │   │   │   │   │   │   │   │   │   │   └─ ← [Return] 129127208515966871312 [1.291e20], 167931308898 [1.679e11], 1781230127 [1.781e9], 1781230127 [1.781e9], 129127208515966871312 [1.291e20]
    │   │   │   │   │   │   │   │   │   │   │   │   ├─ [371] EACAggregatorProxy::aggregator() [staticcall]
    │   │   │   │   │   │   │   │   │   │   │   │   │   └─ ← [Return] AccessControlledOCR2Aggregator: [0x7d4E742018fb52E48b08BE73d041C18B21de6Fb5]
    │   │   │   │   │   │   │   │   │   │   │   │   ├─ [263] AccessControlledOCR2Aggregator::maxAnswer() [staticcall]
    │   │   │   │   │   │   │   │   │   │   │   │   │   └─ ← [Return] 3138550867693340381917894711603833208051177722232017256447 [3.138e57]
    │   │   │   │   │   │   │   │   │   │   │   │   ├─ [148] AccessControlledOCR2Aggregator::minAnswer() [staticcall]
    │   │   │   │   │   │   │   │   │   │   │   │   │   └─ ← [Return] 1
    │   │   │   │   │   │   │   │   │   │   │   │   └─ ← [Return] 1679313088980000000000 [1.679e21]
    │   │   │   │   │   │   │   │   │   │   │   └─ ← [Return] 1679313088980000000000 [1.679e21]
    │   │   │   │   │   │   │   │   │   │   └─ ← [Return] 595347851785788 [5.953e14]
    │   │   │   │   │   │   │   │   │   ├─ [369] crvUSD Stablecoin::decimals() [staticcall]
    │   │   │   │   │   │   │   │   │   │   └─ ← [Return] 18
    │   │   │   │   │   │   │   │   │   └─ ← [Return] 1005100 [1.005e6]
    │   │   │   │   │   │   │   │   └─ ← [Return] 1005100 [1.005e6]
    │   │   │   │   │   │   │   └─ ← [Return] 1005100 [1.005e6]
    │   │   │   │   │   │   ├─ [2572] CurveConvexDestinationVaultV2::ONE() [staticcall]
    │   │   │   │   │   │   │   ├─ [2406] CurveConvexDestinationVaultV2::ONE() [delegatecall]
    │   │   │   │   │   │   │   │   └─ ← [Return] 1000000000000000000 [1e18]
    │   │   │   │   │   │   │   └─ ← [Return] 1000000000000000000 [1e18]
    │   │   │   │   │   │   ├─ [6449] WithdrawalQueue::e8ca529d(17264fbcd79a365fd3ccff89407ad487986f8b37b9035d6bc8b51cacd583220c000000000000000000000000389ed8bd510bafd4ba867e0393cd9f898f0a5a5c0000000000000000000000000000000000000000000000000000000000000001) [delegatecall]
    │   │   │   │   │   │   │   ├─ [5320] StructuredLinkedList::203afb24(17264fbcd79a365fd3ccff89407ad487986f8b37b9035d6bc8b51cacd583220c000000000000000000000000389ed8bd510bafd4ba867e0393cd9f898f0a5a5c0000000000000000000000000000000000000000000000000000000000000001) [delegatecall]
    │   │   │   │   │   │   │   │   └─ ← [Return] 0x00000000000000000000000000000000000000000000000000000000000000010000000000000000000000009b45d9add679a2eadfc1bf2d92f6a376af36acc9
    │   │   │   │   │   │   │   └─ ← [Return] 0x0000000000000000000000009b45d9add679a2eadfc1bf2d92f6a376af36acc9
    │   │   │   │   │   │   └─ ← [Return] 0x000000000000000000000000000000000000000000000000000006aea677e0cd
    │   │   │   │   │   ├─ [278146] AutopoolDebt::378847bb(17264fbcd79a365fd3ccff89407ad487986f8b37b9035d6bc8b51cacd58322000000000000000000000000000000000000000000000000000000000000000001) [delegatecall]
    │   │   │   │   │   │   ├─ [1247] WithdrawalQueue::d0a94d2c(17264fbcd79a365fd3ccff89407ad487986f8b37b9035d6bc8b51cacd583220c) [delegatecall]
    │   │   │   │   │   │   │   ├─ [509] StructuredLinkedList::332306c0(17264fbcd79a365fd3ccff89407ad487986f8b37b9035d6bc8b51cacd583220c) [delegatecall]
    │   │   │   │   │   │   │   │   └─ ← [Return] 0x000000000000000000000000389ed8bd510bafd4ba867e0393cd9f898f0a5a5c
    │   │   │   │   │   │   │   └─ ← [Return] 0x000000000000000000000000389ed8bd510bafd4ba867e0393cd9f898f0a5a5c
    │   │   │   │   │   │   ├─ [2573] TransparentUpgradeableProxy::fallback(1) [staticcall]
    │   │   │   │   │   │   │   ├─ [1784] AutopoolETH::totalAssets(1) [delegatecall]
    │   │   │   │   │   │   │   │   ├─ [794] Autopool4626::20bf782e(17264fbcd79a365fd3ccff89407ad487986f8b37b9035d6bc8b51cacd58322210000000000000000000000000000000000000000000000000000000000000001) [delegatecall]
    │   │   │   │   │   │   │   │   │   └─ ← [Return] 0x000000000000000000000000000000000000000000000000000006ae85816a72
    │   │   │   │   │   │   │   │   └─ ← [Return] 7346633927282 [7.346e12]
    │   │   │   │   │   │   │   └─ ← [Return] 7346633927282 [7.346e12]
    │   │   │   │   │   │   ├─ [836] CurveConvexDestinationVaultV2::balanceOf(TransparentUpgradeableProxy: [0xa7569A44f348d3D70d8ad5889e50F78E33d80D35]) [staticcall]
    │   │   │   │   │   │   │   ├─ [664] CurveConvexDestinationVaultV2::balanceOf(TransparentUpgradeableProxy: [0xa7569A44f348d3D70d8ad5889e50F78E33d80D35]) [delegatecall]
    │   │   │   │   │   │   │   │   └─ ← [Return] 890536340126333316427624 [8.905e23]
    │   │   │   │   │   │   │   └─ ← [Return] 890536340126333316427624 [8.905e23]
    │   │   │   │   │   │   ├─ [265733] CurveConvexDestinationVaultV2::getUnderlyerCeilingPrice()
    │   │   │   │   │   │   │   ├─ [265567] CurveConvexDestinationVaultV2::getUnderlyerCeilingPrice() [delegatecall]
    │   │   │   │   │   │   │   │   ├─ [386] SystemRegistry::rootPriceOracle() [staticcall]
    │   │   │   │   │   │   │   │   │   └─ ← [Return] RootPriceOracle: [0x61F8BE7FD721e80C0249829eaE6f0DAf21bc2CaC]
    │   │   │   │   │   │   │   │   ├─ [263611] RootPriceOracle::getCeilingPrice(CurveStableSwapNG: [0x13e12BB0E6A2f1A3d6901a59a9d585e89A6243e1], CurveStableSwapNG: [0x13e12BB0E6A2f1A3d6901a59a9d585e89A6243e1], FiatTokenProxy: [0xA0b86991c6218b36c1d19D4a2e9Eb0cE3606eB48])
    │   │   │   │   │   │   │   │   │   ├─ [91209] CurveV1StableEthOracle::getSafeSpotPriceInfo(CurveStableSwapNG: [0x13e12BB0E6A2f1A3d6901a59a9d585e89A6243e1], CurveStableSwapNG: [0x13e12BB0E6A2f1A3d6901a59a9d585e89A6243e1], FiatTokenProxy: [0xA0b86991c6218b36c1d19D4a2e9Eb0cE3606eB48])
    │   │   │   │   │   │   │   │   │   │   ├─ [490] CurveStableSwapNG::totalSupply() [staticcall]
    │   │   │   │   │   │   │   │   │   │   │   └─ ← [Return] 13501152757177546926514103 [1.35e25]
    │   │   │   │   │   │   │   │   │   │   ├─ [29786] 0xC7c77B3a2C2641c6eE6c52bbD72EcfC86B53ba38::getReservesInfo(CurveStableSwapNG: [0x13e12BB0E6A2f1A3d6901a59a9d585e89A6243e1]) [staticcall]
    │   │   │   │   │   │   │   │   │   │   │   ├─ [27208] 0xF98B45FA17DE75FB1aD0e7aFD971b0ca00e379fC::get_balances(CurveStableSwapNG: [0x13e12BB0E6A2f1A3d6901a59a9d585e89A6243e1]) [staticcall]
    │   │   │   │   │   │   │   │   │   │   │   │   ├─ [1537] 0x46a8a9CF4Fc8e99EC3A14558ACABC1D93A27de68::is_registered(CurveStableSwapNG: [0x13e12BB0E6A2f1A3d6901a59a9d585e89A6243e1]) [staticcall]
    │   │   │   │   │   │   │   │   │   │   │   │   │   ├─ [520] 0x90E00ACe148ca3b23Ac1bC8C240C2a7Dd9c2d7f5::get_n_coins(CurveStableSwapNG: [0x13e12BB0E6A2f1A3d6901a59a9d585e89A6243e1]) [staticcall]
    │   │   │   │   │   │   │   │   │   │   │   │   │   │   └─ ← [Return] 0
    │   │   │   │   │   │   │   │   │   │   │   │   │   └─ ← [Return] false
    │   │   │   │   │   │   │   │   │   │   │   │   ├─ [2699] 0x127db66E7F0b16470Bec194d0f496F9Fa065d0A9::is_registered(CurveStableSwapNG: [0x13e12BB0E6A2f1A3d6901a59a9d585e89A6243e1]) [staticcall]
    │   │   │   │   │   │   │   │   │   │   │   │   │   ├─ [837] Vyper_contract::is_meta(CurveStableSwapNG: [0x13e12BB0E6A2f1A3d6901a59a9d585e89A6243e1]) [staticcall]
    │   │   │   │   │   │   │   │   │   │   │   │   │   │   └─ ← [Return] false
    │   │   │   │   │   │   │   │   │   │   │   │   │   ├─ [444] Vyper_contract::get_n_coins(CurveStableSwapNG: [0x13e12BB0E6A2f1A3d6901a59a9d585e89A6243e1]) [staticcall]
    │   │   │   │   │   │   │   │   │   │   │   │   │   │   └─ ← [Return] 0
    │   │   │   │   │   │   │   │   │   │   │   │   │   └─ ← [Return] false
    │   │   │   │   │   │   │   │   │   │   │   │   ├─ [1334] Vyper_contract::is_registered(CurveStableSwapNG: [0x13e12BB0E6A2f1A3d6901a59a9d585e89A6243e1]) [staticcall]
    │   │   │   │   │   │   │   │   │   │   │   │   │   ├─ [379] Vyper_contract::get_n_coins(CurveStableSwapNG: [0x13e12BB0E6A2f1A3d6901a59a9d585e89A6243e1]) [staticcall]
    │   │   │   │   │   │   │   │   │   │   │   │   │   │   └─ ← [Return] 0
    │   │   │   │   │   │   │   │   │   │   │   │   │   └─ ← [Return] false
    │   │   │   │   │   │   │   │   │   │   │   │   ├─ [1796] 0xC4F389020002396143B863F6325aA6ae481D19CE::is_registered(CurveStableSwapNG: [0x13e12BB0E6A2f1A3d6901a59a9d585e89A6243e1]) [staticcall]
    │   │   │   │   │   │   │   │   │   │   │   │   │   ├─ [684] 0xF18056Bbd320E96A48e3Fbf8bC061322531aac99::get_coins(CurveStableSwapNG: [0x13e12BB0E6A2f1A3d6901a59a9d585e89A6243e1]) [staticcall]
    │   │   │   │   │   │   │   │   │   │   │   │   │   │   └─ ← [Return] 0x00000000000000000000000000000000000000000000000000000000000000000000000000000000000000000000000000000000000000000000000000000000
    │   │   │   │   │   │   │   │   │   │   │   │   │   └─ ← [Return] false
    │   │   │   │   │   │   │   │   │   │   │   │   ├─ [2699] 0x538E984C2d5f821d51932dd9C570Dff192D3DF2D::is_registered(CurveStableSwapNG: [0x13e12BB0E6A2f1A3d6901a59a9d585e89A6243e1]) [staticcall]
    │   │   │   │   │   │   │   │   │   │   │   │   │   ├─ [837] 0x4F8846Ae9380B90d2E71D5e3D042dff3E7ebb40d::is_meta(CurveStableSwapNG: [0x13e12BB0E6A2f1A3d6901a59a9d585e89A6243e1]) [staticcall]
    │   │   │   │   │   │   │   │   │   │   │   │   │   │   └─ ← [Return] false
    │   │   │   │   │   │   │   │   │   │   │   │   │   ├─ [444] 0x4F8846Ae9380B90d2E71D5e3D042dff3E7ebb40d::get_n_coins(CurveStableSwapNG: [0x13e12BB0E6A2f1A3d6901a59a9d585e89A6243e1]) [staticcall]
    │   │   │   │   │   │   │   │   │   │   │   │   │   │   └─ ← [Return] 0
    │   │   │   │   │   │   │   │   │   │   │   │   │   └─ ← [Return] false
    │   │   │   │   │   │   │   │   │   │   │   │   ├─ [1695] 0xcbc1BE39ba277525E774976c61660f29fA75C5a4::is_registered(CurveStableSwapNG: [0x13e12BB0E6A2f1A3d6901a59a9d585e89A6243e1]) [staticcall]
    │   │   │   │   │   │   │   │   │   │   │   │   │   ├─ [1031] 0x0c0e5f2fF0ff18a3be9b835635039256dC4B4963::get_coins(CurveStableSwapNG: [0x13e12BB0E6A2f1A3d6901a59a9d585e89A6243e1]) [staticcall]
    │   │   │   │   │   │   │   │   │   │   │   │   │   │   └─ ← [Return] 0x000000000000000000000000000000000000000000000000000000000000000000000000000000000000000000000000000000000000000000000000000000000000000000000000000000000000000000000000000000000000000000000000
    │   │   │   │   │   │   │   │   │   │   │   │   │   └─ ← [Return] false
    │   │   │   │   │   │   │   │   │   │   │   │   ├─ [814] CurveStableswapFactoryNGHandler::is_registered(CurveStableSwapNG: [0x13e12BB0E6A2f1A3d6901a59a9d585e89A6243e1]) [staticcall]
    │   │   │   │   │   │   │   │   │   │   │   │   │   ├─ [347] CurveStableswapFactoryNG::get_n_coins(CurveStableSwapNG: [0x13e12BB0E6A2f1A3d6901a59a9d585e89A6243e1]) [staticcall]
    │   │   │   │   │   │   │   │   │   │   │   │   │   │   └─ ← [Return] 2
    │   │   │   │   │   │   │   │   │   │   │   │   │   └─ ← [Return] true
    │   │   │   │   │   │   │   │   │   │   │   │   ├─ [1636] 0x33C5252f240f02123090cfF1D8E3B80FceC31e54::is_registered(CurveStableSwapNG: [0x13e12BB0E6A2f1A3d6901a59a9d585e89A6243e1]) [staticcall]
    │   │   │   │   │   │   │   │   │   │   │   │   │   ├─ [472] CurveTwocryptoFactory::get_coins(CurveStableSwapNG: [0x13e12BB0E6A2f1A3d6901a59a9d585e89A6243e1]) [staticcall]
    │   │   │   │   │   │   │   │   │   │   │   │   │   │   └─ ← [Return] 0x00000000000000000000000000000000000000000000000000000000000000000000000000000000000000000000000000000000000000000000000000000000
    │   │   │   │   │   │   │   │   │   │   │   │   │   ├─ [39] PRECOMPILES::identity(0x00000000000000000000000000000000000000000000000000000000000000000000000000000000000000000000000000000000000000000000000000000000000000000000000000000000000000000000000000000000000000000000000000000000000000000000000000000000000000000000000000000000000000000000000000000000000000000000000000000000000000000000000000000000000000000000000000000000000000000000000000000000000000000000000000000000000000000000000000000000000000000000000000000000000000000000000000000000000000000000000000000000000000000000000000000000) [staticcall]
    │   │   │   │   │   │   │   │   │   │   │   │   │   │   └─ ← [Return] 0x00000000000000000000000000000000000000000000000000000000000000000000000000000000000000000000000000000000000000000000000000000000000000000000000000000000000000000000000000000000000000000000000000000000000000000000000000000000000000000000000000000000000000000000000000000000000000000000000000000000000000000000000000000000000000000000000000000000000000000000000000000000000000000000000000000000000000000000000000000000000000000000000000000000000000000000000000000000000000000000000000000000000000000000000000000000
    │   │   │   │   │   │   │   │   │   │   │   │   │   └─ ← [Return] false
    │   │   │   │   │   │   │   │   │   │   │   │   ├─ [7114] CurveStableswapFactoryNGHandler::get_balances(CurveStableSwapNG: [0x13e12BB0E6A2f1A3d6901a59a9d585e89A6243e1]) [staticcall]
    │   │   │   │   │   │   │   │   │   │   │   │   │   ├─ [5534] CurveStableswapFactoryNG::get_balances(CurveStableSwapNG: [0x13e12BB0E6A2f1A3d6901a59a9d585e89A6243e1]) [staticcall]
    │   │   │   │   │   │   │   │   │   │   │   │   │   │   ├─ [1989] CurveStableSwapNG::balances(0) [staticcall]
    │   │   │   │   │   │   │   │   │   │   │   │   │   │   │   ├─ [24] PRECOMPILES::identity(0x0000000000000000000000000000000000000000000000000000000000000002000000000000000000000000000000000000000000037a857cee61d14366fd9300000000000000000000000000000000000000000007be73ff6d17387f45e3e4) [staticcall]
    │   │   │   │   │   │   │   │   │   │   │   │   │   │   │   │   └─ ← [Return] 0x0000000000000000000000000000000000000000000000000000000000000002000000000000000000000000000000000000000000037a857cee61d14366fd9300000000000000000000000000000000000000000007be73ff6d17387f45e3e4
    │   │   │   │   │   │   │   │   │   │   │   │   │   │   │   └─ ← [Return] 4205368588956044177636755 [4.205e24]
    │   │   │   │   │   │   │   │   │   │   │   │   │   │   ├─ [1989] CurveStableSwapNG::balances(1) [staticcall]
    │   │   │   │   │   │   │   │   │   │   │   │   │   │   │   ├─ [24] PRECOMPILES::identity(0x0000000000000000000000000000000000000000000000000000000000000002000000000000000000000000000000000000000000037a857cee61d14366fd9300000000000000000000000000000000000000000007be73ff6d17387f45e3e4) [staticcall]
    │   │   │   │   │   │   │   │   │   │   │   │   │   │   │   │   └─ ← [Return] 0x0000000000000000000000000000000000000000000000000000000000000002000000000000000000000000000000000000000000037a857cee61d14366fd9300000000000000000000000000000000000000000007be73ff6d17387f45e3e4
    │   │   │   │   │   │   │   │   │   │   │   │   │   │   │   └─ ← [Return] 9361870150008896965960676 [9.361e24]
    │   │   │   │   │   │   │   │   │   │   │   │   │   │   └─ ← [Return] 0x00000000000000000000000000000000000000000000000000000000000000200000000000000000000000000000000000000000000000000000000000000002000000000000000000000000000000000000000000037a857cee61d14366fd9300000000000000000000000000000000000000000007be73ff6d17387f45e3e4
    │   │   │   │   │   │   │   │   │   │   │   │   │   ├─ [24] PRECOMPILES::identity(0x0000000000000000000000000000000000000000000000000000000000000002000000000000000000000000000000000000000000037a857cee61d14366fd9300000000000000000000000000000000000000000007be73ff6d17387f45e3e4) [staticcall]
    │   │   │   │   │   │   │   │   │   │   │   │   │   │   └─ ← [Return] 0x0000000000000000000000000000000000000000000000000000000000000002000000000000000000000000000000000000000000037a857cee61d14366fd9300000000000000000000000000000000000000000007be73ff6d17387f45e3e4
    │   │   │   │   │   │   │   │   │   │   │   │   │   ├─ [24] PRECOMPILES::identity(0x0000000000000000000000000000000000000000000000000000000000000002000000000000000000000000000000000000000000037a857cee61d14366fd9300000000000000000000000000000000000000000007be73ff6d17387f45e3e4) [staticcall]
    │   │   │   │   │   │   │   │   │   │   │   │   │   │   └─ ← [Return] 0x0000000000000000000000000000000000000000000000000000000000000002000000000000000000000000000000000000000000037a857cee61d14366fd9300000000000000000000000000000000000000000007be73ff6d17387f45e3e4
    │   │   │   │   │   │   │   │   │   │   │   │   │   ├─ [39] PRECOMPILES::identity(0x000000000000000000000000000000000000000000037a857cee61d14366fd9300000000000000000000000000000000000000000007be73ff6d17387f45e3e4000000000000000000000000000000000000000000000000000000000000000000000000000000000000000000000000000000000000000000000000000000000000000000000000000000000000000000000000000000000000000000000000000000000000000000000000000000000000000000000000000000000000000000000000000000000000000000000000000000000000000000000000000000000000000000000000000000000000000000000000000000000000000000000000) [staticcall]
    │   │   │   │   │   │   │   │   │   │   │   │   │   │   └─ ← [Return] 0x000000000000000000000000000000000000000000037a857cee61d14366fd9300000000000000000000000000000000000000000007be73ff6d17387f45e3e4000000000000000000000000000000000000000000000000000000000000000000000000000000000000000000000000000000000000000000000000000000000000000000000000000000000000000000000000000000000000000000000000000000000000000000000000000000000000000000000000000000000000000000000000000000000000000000000000000000000000000000000000000000000000000000000000000000000000000000000000000000000000000000000000
    │   │   │   │   │   │   │   │   │   │   │   │   │   └─ ← [Return] [4205368588956044177636755 [4.205e24], 9361870150008896965960676 [9.361e24], 0, 0, 0, 0, 0, 0]
    │   │   │   │   │   │   │   │   │   │   │   │   └─ ← [Return] [4205368588956044177636755 [4.205e24], 9361870150008896965960676 [9.361e24], 0, 0, 0, 0, 0, 0]
    │   │   │   │   │   │   │   │   │   │   │   └─ ← [Return] 0x000000000000000000000000000000000000000000037a857cee61d14366fd9300000000000000000000000000000000000000000007be73ff6d17387f45e3e4000000000000000000000000000000000000000000000000000000000000000000000000000000000000000000000000000000000000000000000000000000000000000000000000000000000000000000000000000000000000000000000000000000000000000000000000000000000000000000000000000000000000000000000000000000000000000000000000000000000000000000000000000000000000000000000000000000000000000000000000000000000000000000000000
    │   │   │   │   │   │   │   │   │   │   ├─ [643] TransparentUpgradeableProxy::fallback() [staticcall]
    │   │   │   │   │   │   │   │   │   │   │   ├─ [222] FrxUSD::decimals() [delegatecall]
    │   │   │   │   │   │   │   │   │   │   │   │   └─ ← [Return] 18
    │   │   │   │   │   │   │   │   │   │   │   └─ ← [Return] 18
    │   │   │   │   │   │   │   │   │   │   ├─ [21798] CurveStableSwapNG::get_dy(0, 1, 1000000000000000 [1e15]) [staticcall]
    │   │   │   │   │   │   │   │   │   │   │   ├─ [221] CurveStableswapFactoryNG::views_implementation() [staticcall]
    │   │   │   │   │   │   │   │   │   │   │   │   └─ ← [Return] CurveStableSwapNGViews: [0xFF53042865dF617de4bB871bD0988E7B93439cCF]
    │   │   │   │   │   │   │   │   │   │   │   ├─ [20771] CurveStableSwapNGViews::get_dy(0, 1, 1000000000000000 [1e15], CurveStableSwapNG: [0x13e12BB0E6A2f1A3d6901a59a9d585e89A6243e1]) [staticcall]
    │   │   │   │   │   │   │   │   │   │   │   │   ├─ [275] CurveStableSwapNG::N_COINS() [staticcall]
    │   │   │   │   │   │   │   │   │   │   │   │   │   └─ ← [Return] 2
    │   │   │   │   │   │   │   │   │   │   │   │   ├─ [1478] CurveStableSwapNG::stored_rates() [staticcall]
    │   │   │   │   │   │   │   │   │   │   │   │   │   ├─ [24] PRECOMPILES::identity(0x00000000000000000000000000000000000000000000000000000000000000020000000000000000000000000000000000000000000000000de0b6b3a76400000000000000000000000000000000000000000000000000000de0b6b3a7640000) [staticcall]
    │   │   │   │   │   │   │   │   │   │   │   │   │   │   └─ ← [Return] 0x00000000000000000000000000000000000000000000000000000000000000020000000000000000000000000000000000000000000000000de0b6b3a76400000000000000000000000000000000000000000000000000000de0b6b3a7640000
    │   │   │   │   │   │   │   │   │   │   │   │   │   └─ ← [Return] [1000000000000000000 [1e18], 1000000000000000000 [1e18]]
    │   │   │   │   │   │   │   │   │   │   │   │   ├─ [24] PRECOMPILES::identity(0x00000000000000000000000000000000000000000000000000000000000000020000000000000000000000000000000000000000000000000de0b6b3a76400000000000000000000000000000000000000000000000000000de0b6b3a7640000) [staticcall]
    │   │   │   │   │   │   │   │   │   │   │   │   │   └─ ← [Return] 0x00000000000000000000000000000000000000000000000000000000000000020000000000000000000000000000000000000000000000000de0b6b3a76400000000000000000000000000000000000000000000000000000de0b6b3a7640000
    │   │   │   │   │   │   │   │   │   │   │   │   ├─ [24] PRECOMPILES::identity(0x00000000000000000000000000000000000000000000000000000000000000020000000000000000000000000000000000000000000000000de0b6b3a76400000000000000000000000000000000000000000000000000000de0b6b3a7640000) [staticcall]
    │   │   │   │   │   │   │   │   │   │   │   │   │   └─ ← [Return] 0x00000000000000000000000000000000000000000000000000000000000000020000000000000000000000000000000000000000000000000de0b6b3a76400000000000000000000000000000000000000000000000000000de0b6b3a7640000
    │   │   │   │   │   │   │   │   │   │   │   │   ├─ [2258] CurveStableSwapNG::get_balances() [staticcall]
    │   │   │   │   │   │   │   │   │   │   │   │   │   ├─ [24] PRECOMPILES::identity(0x0000000000000000000000000000000000000000000000000000000000000002000000000000000000000000000000000000000000037a857cee61d14366fd9300000000000000000000000000000000000000000007be73ff6d17387f45e3e4) [staticcall]
    │   │   │   │   │   │   │   │   │   │   │   │   │   │   └─ ← [Return] 0x0000000000000000000000000000000000000000000000000000000000000002000000000000000000000000000000000000000000037a857cee61d14366fd9300000000000000000000000000000000000000000007be73ff6d17387f45e3e4
    │   │   │   │   │   │   │   │   │   │   │   │   │   └─ ← [Return] [4205368588956044177636755 [4.205e24], 9361870150008896965960676 [9.361e24]]
    │   │   │   │   │   │   │   │   │   │   │   │   ├─ [24] PRECOMPILES::identity(0x0000000000000000000000000000000000000000000000000000000000000002000000000000000000000000000000000000000000037a857cee61d14366fd9300000000000000000000000000000000000000000007be73ff6d17387f45e3e4) [staticcall]
    │   │   │   │   │   │   │   │   │   │   │   │   │   └─ ← [Return] 0x0000000000000000000000000000000000000000000000000000000000000002000000000000000000000000000000000000000000037a857cee61d14366fd9300000000000000000000000000000000000000000007be73ff6d17387f45e3e4
    │   │   │   │   │   │   │   │   │   │   │   │   ├─ [24] PRECOMPILES::identity(0x0000000000000000000000000000000000000000000000000000000000000002000000000000000000000000000000000000000000037a857cee61d14366fd9300000000000000000000000000000000000000000007be73ff6d17387f45e3e4) [staticcall]
    │   │   │   │   │   │   │   │   │   │   │   │   │   └─ ← [Return] 0x0000000000000000000000000000000000000000000000000000000000000002000000000000000000000000000000000000000000037a857cee61d14366fd9300000000000000000000000000000000000000000007be73ff6d17387f45e3e4
    │   │   │   │   │   │   │   │   │   │   │   │   ├─ [24] PRECOMPILES::identity(0x00000000000000000000000000000000000000000000000000000000000000020000000000000000000000000000000000000000000000000de0b6b3a76400000000000000000000000000000000000000000000000000000de0b6b3a7640000) [staticcall]
    │   │   │   │   │   │   │   │   │   │   │   │   │   └─ ← [Return] 0x00000000000000000000000000000000000000000000000000000000000000020000000000000000000000000000000000000000000000000de0b6b3a76400000000000000000000000000000000000000000000000000000de0b6b3a7640000
    │   │   │   │   │   │   │   │   │   │   │   │   ├─ [24] PRECOMPILES::identity(0x0000000000000000000000000000000000000000000000000000000000000002000000000000000000000000000000000000000000037a857cee61d14366fd9300000000000000000000000000000000000000000007be73ff6d17387f45e3e4) [staticcall]
    │   │   │   │   │   │   │   │   │   │   │   │   │   └─ ← [Return] 0x0000000000000000000000000000000000000000000000000000000000000002000000000000000000000000000000000000000000037a857cee61d14366fd9300000000000000000000000000000000000000000007be73ff6d17387f45e3e4
    │   │   │   │   │   │   │   │   │   │   │   │   ├─ [24] PRECOMPILES::identity(0x0000000000000000000000000000000000000000000000000000000000000002000000000000000000000000000000000000000000037a857cee61d14366fd9300000000000000000000000000000000000000000007be73ff6d17387f45e3e4) [staticcall]
    │   │   │   │   │   │   │   │   │   │   │   │   │   └─ ← [Return] 0x0000000000000000000000000000000000000000000000000000000000000002000000000000000000000000000000000000000000037a857cee61d14366fd9300000000000000000000000000000000000000000007be73ff6d17387f45e3e4
    │   │   │   │   │   │   │   │   │   │   │   │   ├─ [24] PRECOMPILES::identity(0x00000000000000000000000000000000000000000000000000000000000000020000000000000000000000000000000000000000000000000de0b6b3a76400000000000000000000000000000000000000000000000000000de0b6b3a7640000) [staticcall]
    │   │   │   │   │   │   │   │   │   │   │   │   │   └─ ← [Return] 0x00000000000000000000000000000000000000000000000000000000000000020000000000000000000000000000000000000000000000000de0b6b3a76400000000000000000000000000000000000000000000000000000de0b6b3a7640000
    │   │   │   │   │   │   │   │   │   │   │   │   ├─ [24] PRECOMPILES::identity(0x0000000000000000000000000000000000000000000000000000000000000002000000000000000000000000000000000000000000037a857cee61d14366fd9300000000000000000000000000000000000000000007be73ff6d17387f45e3e4) [staticcall]
    │   │   │   │   │   │   │   │   │   │   │   │   │   └─ ← [Return] 0x0000000000000000000000000000000000000000000000000000000000000002000000000000000000000000000000000000000000037a857cee61d14366fd9300000000000000000000000000000000000000000007be73ff6d17387f45e3e4
    │   │   │   │   │   │   │   │   │   │   │   │   ├─ [24] PRECOMPILES::identity(0x0000000000000000000000000000000000000000000000000000000000000002000000000000000000000000000000000000000000037a857cee61d14366fd9300000000000000000000000000000000000000000007be73ff6d17387f45e3e4) [staticcall]
    │   │   │   │   │   │   │   │   │   │   │   │   │   └─ ← [Return] 0x0000000000000000000000000000000000000000000000000000000000000002000000000000000000000000000000000000000000037a857cee61d14366fd9300000000000000000000000000000000000000000007be73ff6d17387f45e3e4
    │   │   │   │   │   │   │   │   │   │   │   │   ├─ [590] CurveStableSwapNG::A() [staticcall]
    │   │   │   │   │   │   │   │   │   │   │   │   │   └─ ← [Return] 2000
    │   │   │   │   │   │   │   │   │   │   │   │   ├─ [24] PRECOMPILES::identity(0x0000000000000000000000000000000000000000000000000000000000000002000000000000000000000000000000000000000000037a857cee61d14366fd9300000000000000000000000000000000000000000007be73ff6d17387f45e3e4) [staticcall]
    │   │   │   │   │   │   │   │   │   │   │   │   │   └─ ← [Return] 0x0000000000000000000000000000000000000000000000000000000000000002000000000000000000000000000000000000000000037a857cee61d14366fd9300000000000000000000000000000000000000000007be73ff6d17387f45e3e4
    │   │   │   │   │   │   │   │   │   │   │   │   ├─ [24] PRECOMPILES::identity(0x0000000000000000000000000000000000000000000000000000000000000002000000000000000000000000000000000000000000037a857cee61d14366fd9300000000000000000000000000000000000000000007be73ff6d17387f45e3e4) [staticcall]
    │   │   │   │   │   │   │   │   │   │   │   │   │   └─ ← [Return] 0x0000000000000000000000000000000000000000000000000000000000000002000000000000000000000000000000000000000000037a857cee61d14366fd9300000000000000000000000000000000000000000007be73ff6d17387f45e3e4
    │   │   │   │   │   │   │   │   │   │   │   │   ├─ [369] CurveStableSwapNG::fee() [staticcall]
    │   │   │   │   │   │   │   │   │   │   │   │   │   └─ ← [Return] 1000000 [1e6]
    │   │   │   │   │   │   │   │   │   │   │   │   ├─ [369] CurveStableSwapNG::offpeg_fee_multiplier() [staticcall]
    │   │   │   │   │   │   │   │   │   │   │   │   │   └─ ← [Return] 50000000000 [5e10]
    │   │   │   │   │   │   │   │   │   │   │   │   └─ ← [Return] 1000405839324408 [1e15]
    │   │   │   │   │   │   │   │   │   │   │   └─ ← [Return] 1000405839324408 [1e15]
    │   │   │   │   │   │   │   │   │   │   ├─ [369] CurveStableSwapNG::fee() [staticcall]
    │   │   │   │   │   │   │   │   │   │   │   └─ ← [Return] 1000000 [1e6]
    │   │   │   │   │   │   │   │   │   │   ├─ [337] CurveStableSwapNG::coins(1) [staticcall]
    │   │   │   │   │   │   │   │   │   │   │   └─ ← [Return] crvUSD Stablecoin: [0xf939E0A03FB07F59A73314E73794Be0E57ac1b4E]
    │   │   │   │   │   │   │   │   │   │   ├─ [369] crvUSD Stablecoin::decimals() [staticcall]
    │   │   │   │   │   │   │   │   │   │   │   └─ ← [Return] 18
    │   │   │   │   │   │   │   │   │   │   ├─ [22720] CurveStableSwapNG::get_dy(1, 0, 1000000000000000 [1e15]) [staticcall]
    │   │   │   │   │   │   │   │   │   │   │   ├─ [221] CurveStableswapFactoryNG::views_implementation() [staticcall]
    │   │   │   │   │   │   │   │   │   │   │   │   └─ ← [Return] CurveStableSwapNGViews: [0xFF53042865dF617de4bB871bD0988E7B93439cCF]
    │   │   │   │   │   │   │   │   │   │   │   ├─ [21693] CurveStableSwapNGViews::get_dy(1, 0, 1000000000000000 [1e15], CurveStableSwapNG: [0x13e12BB0E6A2f1A3d6901a59a9d585e89A6243e1]) [staticcall]
    │   │   │   │   │   │   │   │   │   │   │   │   ├─ [275] CurveStableSwapNG::N_COINS() [staticcall]
    │   │   │   │   │   │   │   │   │   │   │   │   │   └─ ← [Return] 2
    │   │   │   │   │   │   │   │   │   │   │   │   ├─ [1478] CurveStableSwapNG::stored_rates() [staticcall]
    │   │   │   │   │   │   │   │   │   │   │   │   │   ├─ [24] PRECOMPILES::identity(0x00000000000000000000000000000000000000000000000000000000000000020000000000000000000000000000000000000000000000000de0b6b3a76400000000000000000000000000000000000000000000000000000de0b6b3a7640000) [staticcall]
    │   │   │   │   │   │   │   │   │   │   │   │   │   │   └─ ← [Return] 0x00000000000000000000000000000000000000000000000000000000000000020000000000000000000000000000000000000000000000000de0b6b3a76400000000000000000000000000000000000000000000000000000de0b6b3a7640000
    │   │   │   │   │   │   │   │   │   │   │   │   │   └─ ← [Return] [1000000000000000000 [1e18], 1000000000000000000 [1e18]]
    │   │   │   │   │   │   │   │   │   │   │   │   ├─ [24] PRECOMPILES::identity(0x00000000000000000000000000000000000000000000000000000000000000020000000000000000000000000000000000000000000000000de0b6b3a76400000000000000000000000000000000000000000000000000000de0b6b3a7640000) [staticcall]
    │   │   │   │   │   │   │   │   │   │   │   │   │   └─ ← [Return] 0x00000000000000000000000000000000000000000000000000000000000000020000000000000000000000000000000000000000000000000de0b6b3a76400000000000000000000000000000000000000000000000000000de0b6b3a7640000
    │   │   │   │   │   │   │   │   │   │   │   │   ├─ [24] PRECOMPILES::identity(0x00000000000000000000000000000000000000000000000000000000000000020000000000000000000000000000000000000000000000000de0b6b3a76400000000000000000000000000000000000000000000000000000de0b6b3a7640000) [staticcall]
    │   │   │   │   │   │   │   │   │   │   │   │   │   └─ ← [Return] 0x00000000000000000000000000000000000000000000000000000000000000020000000000000000000000000000000000000000000000000de0b6b3a76400000000000000000000000000000000000000000000000000000de0b6b3a7640000
    │   │   │   │   │   │   │   │   │   │   │   │   ├─ [2258] CurveStableSwapNG::get_balances() [staticcall]
    │   │   │   │   │   │   │   │   │   │   │   │   │   ├─ [24] PRECOMPILES::identity(0x0000000000000000000000000000000000000000000000000000000000000002000000000000000000000000000000000000000000037a857cee61d14366fd9300000000000000000000000000000000000000000007be73ff6d17387f45e3e4) [staticcall]
    │   │   │   │   │   │   │   │   │   │   │   │   │   │   └─ ← [Return] 0x0000000000000000000000000000000000000000000000000000000000000002000000000000000000000000000000000000000000037a857cee61d14366fd9300000000000000000000000000000000000000000007be73ff6d17387f45e3e4
    │   │   │   │   │   │   │   │   │   │   │   │   │   └─ ← [Return] [4205368588956044177636755 [4.205e24], 9361870150008896965960676 [9.361e24]]
    │   │   │   │   │   │   │   │   │   │   │   │   ├─ [24] PRECOMPILES::identity(0x0000000000000000000000000000000000000000000000000000000000000002000000000000000000000000000000000000000000037a857cee61d14366fd9300000000000000000000000000000000000000000007be73ff6d17387f45e3e4) [staticcall]
    │   │   │   │   │   │   │   │   │   │   │   │   │   └─ ← [Return] 0x0000000000000000000000000000000000000000000000000000000000000002000000000000000000000000000000000000000000037a857cee61d14366fd9300000000000000000000000000000000000000000007be73ff6d17387f45e3e4
    │   │   │   │   │   │   │   │   │   │   │   │   ├─ [24] PRECOMPILES::identity(0x0000000000000000000000000000000000000000000000000000000000000002000000000000000000000000000000000000000000037a857cee61d14366fd9300000000000000000000000000000000000000000007be73ff6d17387f45e3e4) [staticcall]
    │   │   │   │   │   │   │   │   │   │   │   │   │   └─ ← [Return] 0x0000000000000000000000000000000000000000000000000000000000000002000000000000000000000000000000000000000000037a857cee61d14366fd9300000000000000000000000000000000000000000007be73ff6d17387f45e3e4
    │   │   │   │   │   │   │   │   │   │   │   │   ├─ [24] PRECOMPILES::identity(0x00000000000000000000000000000000000000000000000000000000000000020000000000000000000000000000000000000000000000000de0b6b3a76400000000000000000000000000000000000000000000000000000de0b6b3a7640000) [staticcall]
    │   │   │   │   │   │   │   │   │   │   │   │   │   └─ ← [Return] 0x00000000000000000000000000000000000000000000000000000000000000020000000000000000000000000000000000000000000000000de0b6b3a76400000000000000000000000000000000000000000000000000000de0b6b3a7640000
    │   │   │   │   │   │   │   │   │   │   │   │   ├─ [24] PRECOMPILES::identity(0x0000000000000000000000000000000000000000000000000000000000000002000000000000000000000000000000000000000000037a857cee61d14366fd9300000000000000000000000000000000000000000007be73ff6d17387f45e3e4) [staticcall]
    │   │   │   │   │   │   │   │   │   │   │   │   │   └─ ← [Return] 0x0000000000000000000000000000000000000000000000000000000000000002000000000000000000000000000000000000000000037a857cee61d14366fd9300000000000000000000000000000000000000000007be73ff6d17387f45e3e4
    │   │   │   │   │   │   │   │   │   │   │   │   ├─ [24] PRECOMPILES::identity(0x0000000000000000000000000000000000000000000000000000000000000002000000000000000000000000000000000000000000037a857cee61d14366fd9300000000000000000000000000000000000000000007be73ff6d17387f45e3e4) [staticcall]
    │   │   │   │   │   │   │   │   │   │   │   │   │   └─ ← [Return] 0x0000000000000000000000000000000000000000000000000000000000000002000000000000000000000000000000000000000000037a857cee61d14366fd9300000000000000000000000000000000000000000007be73ff6d17387f45e3e4
    │   │   │   │   │   │   │   │   │   │   │   │   ├─ [24] PRECOMPILES::identity(0x00000000000000000000000000000000000000000000000000000000000000020000000000000000000000000000000000000000000000000de0b6b3a76400000000000000000000000000000000000000000000000000000de0b6b3a7640000) [staticcall]
    │   │   │   │   │   │   │   │   │   │   │   │   │   └─ ← [Return] 0x00000000000000000000000000000000000000000000000000000000000000020000000000000000000000000000000000000000000000000de0b6b3a76400000000000000000000000000000000000000000000000000000de0b6b3a7640000
    │   │   │   │   │   │   │   │   │   │   │   │   ├─ [24] PRECOMPILES::identity(0x0000000000000000000000000000000000000000000000000000000000000002000000000000000000000000000000000000000000037a857cee61d14366fd9300000000000000000000000000000000000000000007be73ff6d17387f45e3e4) [staticcall]
    │   │   │   │   │   │   │   │   │   │   │   │   │   └─ ← [Return] 0x0000000000000000000000000000000000000000000000000000000000000002000000000000000000000000000000000000000000037a857cee61d14366fd9300000000000000000000000000000000000000000007be73ff6d17387f45e3e4
    │   │   │   │   │   │   │   │   │   │   │   │   ├─ [24] PRECOMPILES::identity(0x0000000000000000000000000000000000000000000000000000000000000002000000000000000000000000000000000000000000037a857cee61d14366fd9300000000000000000000000000000000000000000007be73ff6d17387f45e3e4) [staticcall]
    │   │   │   │   │   │   │   │   │   │   │   │   │   └─ ← [Return] 0x0000000000000000000000000000000000000000000000000000000000000002000000000000000000000000000000000000000000037a857cee61d14366fd9300000000000000000000000000000000000000000007be73ff6d17387f45e3e4
    │   │   │   │   │   │   │   │   │   │   │   │   ├─ [590] CurveStableSwapNG::A() [staticcall]
    │   │   │   │   │   │   │   │   │   │   │   │   │   └─ ← [Return] 2000
    │   │   │   │   │   │   │   │   │   │   │   │   ├─ [24] PRECOMPILES::identity(0x0000000000000000000000000000000000000000000000000000000000000002000000000000000000000000000000000000000000037a857cee61d14366fd9300000000000000000000000000000000000000000007be73ff6d17387f45e3e4) [staticcall]
    │   │   │   │   │   │   │   │   │   │   │   │   │   └─ ← [Return] 0x0000000000000000000000000000000000000000000000000000000000000002000000000000000000000000000000000000000000037a857cee61d14366fd9300000000000000000000000000000000000000000007be73ff6d17387f45e3e4
    │   │   │   │   │   │   │   │   │   │   │   │   ├─ [24] PRECOMPILES::identity(0x0000000000000000000000000000000000000000000000000000000000000002000000000000000000000000000000000000000000037a857cee61d14366fd9300000000000000000000000000000000000000000007be73ff6d17387f45e3e4) [staticcall]
    │   │   │   │   │   │   │   │   │   │   │   │   │   └─ ← [Return] 0x0000000000000000000000000000000000000000000000000000000000000002000000000000000000000000000000000000000000037a857cee61d14366fd9300000000000000000000000000000000000000000007be73ff6d17387f45e3e4
    │   │   │   │   │   │   │   │   │   │   │   │   ├─ [369] CurveStableSwapNG::fee() [staticcall]
    │   │   │   │   │   │   │   │   │   │   │   │   │   └─ ← [Return] 1000000 [1e6]
    │   │   │   │   │   │   │   │   │   │   │   │   ├─ [369] CurveStableSwapNG::offpeg_fee_multiplier() [staticcall]
    │   │   │   │   │   │   │   │   │   │   │   │   │   └─ ← [Return] 50000000000 [5e10]
    │   │   │   │   │   │   │   │   │   │   │   │   └─ ← [Return] 999368297428964 [9.993e14]
    │   │   │   │   │   │   │   │   │   │   │   └─ ← [Return] 999368297428964 [9.993e14]
    │   │   │   │   │   │   │   │   │   │   ├─ [369] CurveStableSwapNG::fee() [staticcall]
    │   │   │   │   │   │   │   │   │   │   │   └─ ← [Return] 1000000 [1e6]
    │   │   │   │   │   │   │   │   │   │   ├─ [337] CurveStableSwapNG::coins(0) [staticcall]
    │   │   │   │   │   │   │   │   │   │   │   └─ ← [Return] TransparentUpgradeableProxy: [0xCAcd6fd266aF91b8AeD52aCCc382b4e165586E29]
    │   │   │   │   │   │   │   │   │   │   └─ ← [Return] 13501152757177546926514103 [1.35e25], [ReserveItemInfo({ token: 0xCAcd6fd266aF91b8AeD52aCCc382b4e165586E29, reserveAmount: 4205368588956044177636755 [4.205e24], rawSpotPrice: 1000505889913399339 [1e18], actualQuoteToken: 0xf939E0A03FB07F59A73314E73794Be0E57ac1b4E }), ReserveItemInfo({ token: 0xf939E0A03FB07F59A73314E73794Be0E57ac1b4E, reserveAmount: 9361870150008896965960676 [9.361e24], rawSpotPrice: 999468244253389338 [9.994e17], actualQuoteToken: 0xCAcd6fd266aF91b8AeD52aCCc382b4e165586E29 })]
    │   │   │   │   │   │   │   │   │   ├─ [1164] FiatTokenProxy::fallback() [staticcall]
    │   │   │   │   │   │   │   │   │   │   ├─ [381] FiatTokenV2_2::decimals() [delegatecall]
    │   │   │   │   │   │   │   │   │   │   │   └─ ← [Return] 6
    │   │   │   │   │   │   │   │   │   │   └─ ← [Return] 6
    │   │   │   │   │   │   │   │   │   ├─ [269] CurveStableSwapNG::decimals() [staticcall]
    │   │   │   │   │   │   │   │   │   │   └─ ← [Return] 18
    │   │   │   │   │   │   │   │   │   ├─ [1164] FiatTokenProxy::fallback() [staticcall]
    │   │   │   │   │   │   │   │   │   │   ├─ [381] FiatTokenV2_2::decimals() [delegatecall]
    │   │   │   │   │   │   │   │   │   │   │   └─ ← [Return] 6
    │   │   │   │   │   │   │   │   │   │   └─ ← [Return] 6
    │   │   │   │   │   │   │   │   │   ├─ [18208] ChainlinkOracle::getPriceInEth(TransparentUpgradeableProxy: [0xCAcd6fd266aF91b8AeD52aCCc382b4e165586E29])
    │   │   │   │   │   │   │   │   │   │   ├─ [3142] EACAggregatorProxy::latestRoundData() [staticcall]
    │   │   │   │   │   │   │   │   │   │   │   ├─ [1409] AccessControlledOCR2Aggregator::latestRoundData() [staticcall]
    │   │   │   │   │   │   │   │   │   │   │   │   └─ ← [Return] 431, 99998053 [9.999e7], 1781206659 [1.781e9], 1781206691 [1.781e9], 431
    │   │   │   │   │   │   │   │   │   │   │   └─ ← [Return] 18446744073709552047 [1.844e19], 99998053 [9.999e7], 1781206659 [1.781e9], 1781206691 [1.781e9], 18446744073709552047 [1.844e19]
    │   │   │   │   │   │   │   │   │   │   ├─ [371] EACAggregatorProxy::aggregator() [staticcall]
    │   │   │   │   │   │   │   │   │   │   │   └─ ← [Return] AccessControlledOCR2Aggregator: [0x62a897c3e81d809c7444BB63D7D51E1F2EbB6C3D]
    │   │   │   │   │   │   │   │   │   │   ├─ [322] AccessControlledOCR2Aggregator::maxAnswer() [staticcall]
    │   │   │   │   │   │   │   │   │   │   │   └─ ← [Return] 95780971304118053647396689196894323976171195136475135 [9.578e52]
    │   │   │   │   │   │   │   │   │   │   ├─ [300] AccessControlledOCR2Aggregator::minAnswer() [staticcall]
    │   │   │   │   │   │   │   │   │   │   │   └─ ← [Return] 1
    │   │   │   │   │   │   │   │   │   │   ├─ [386] SystemRegistry::rootPriceOracle() [staticcall]
    │   │   │   │   │   │   │   │   │   │   │   └─ ← [Return] RootPriceOracle: [0x61F8BE7FD721e80C0249829eaE6f0DAf21bc2CaC]
    │   │   │   │   │   │   │   │   │   │   ├─ [8425] RootPriceOracle::getPriceInEth(0x4554485F494e5f55534400000000000000000000)
    │   │   │   │   │   │   │   │   │   │   │   ├─ [7331] ChainlinkOracle::getPriceInEth(0x4554485F494e5f55534400000000000000000000)
    │   │   │   │   │   │   │   │   │   │   │   │   ├─ [2337] EACAggregatorProxy::latestRoundData() [staticcall]
    │   │   │   │   │   │   │   │   │   │   │   │   │   ├─ [604] AccessControlledOCR2Aggregator::latestRoundData() [staticcall]
    │   │   │   │   │   │   │   │   │   │   │   │   │   │   └─ ← [Return] 10000 [1e4], 167931308898 [1.679e11], 1781230127 [1.781e9], 1781230127 [1.781e9], 10000 [1e4]
    │   │   │   │   │   │   │   │   │   │   │   │   │   └─ ← [Return] 129127208515966871312 [1.291e20], 167931308898 [1.679e11], 1781230127 [1.781e9], 1781230127 [1.781e9], 129127208515966871312 [1.291e20]
    │   │   │   │   │   │   │   │   │   │   │   │   ├─ [371] EACAggregatorProxy::aggregator() [staticcall]
    │   │   │   │   │   │   │   │   │   │   │   │   │   └─ ← [Return] AccessControlledOCR2Aggregator: [0x7d4E742018fb52E48b08BE73d041C18B21de6Fb5]
    │   │   │   │   │   │   │   │   │   │   │   │   ├─ [263] AccessControlledOCR2Aggregator::maxAnswer() [staticcall]
    │   │   │   │   │   │   │   │   │   │   │   │   │   └─ ← [Return] 3138550867693340381917894711603833208051177722232017256447 [3.138e57]
    │   │   │   │   │   │   │   │   │   │   │   │   ├─ [148] AccessControlledOCR2Aggregator::minAnswer() [staticcall]
    │   │   │   │   │   │   │   │   │   │   │   │   │   └─ ← [Return] 1
    │   │   │   │   │   │   │   │   │   │   │   │   └─ ← [Return] 1679313088980000000000 [1.679e21]
    │   │   │   │   │   │   │   │   │   │   │   └─ ← [Return] 1679313088980000000000 [1.679e21]
    │   │   │   │   │   │   │   │   │   │   └─ ← [Return] 595469979101621 [5.954e14]
    │   │   │   │   │   │   │   │   │   ├─ [18208] ChainlinkOracle::getPriceInEth(FiatTokenProxy: [0xA0b86991c6218b36c1d19D4a2e9Eb0cE3606eB48])
    │   │   │   │   │   │   │   │   │   │   ├─ [3142] EACAggregatorProxy::latestRoundData() [staticcall]
    │   │   │   │   │   │   │   │   │   │   │   ├─ [1409] AccessControlledOCR2Aggregator::latestRoundData() [staticcall]
    │   │   │   │   │   │   │   │   │   │   │   │   └─ ← [Return] 1003, 99977544 [9.997e7], 1781205763 [1.781e9], 1781205779 [1.781e9], 1003
    │   │   │   │   │   │   │   │   │   │   │   └─ ← [Return] 55340232221128655851 [5.534e19], 99977544 [9.997e7], 1781205763 [1.781e9], 1781205779 [1.781e9], 55340232221128655851 [5.534e19]
    │   │   │   │   │   │   │   │   │   │   ├─ [371] EACAggregatorProxy::aggregator() [staticcall]
    │   │   │   │   │   │   │   │   │   │   │   └─ ← [Return] AccessControlledOCR2Aggregator: [0xc9E1a09622afdB659913fefE800fEaE5DBbFe9d7]
    │   │   │   │   │   │   │   │   │   │   ├─ [322] AccessControlledOCR2Aggregator::maxAnswer() [staticcall]
    │   │   │   │   │   │   │   │   │   │   │   └─ ← [Return] 95780971304118053647396689196894323976171195136475135 [9.578e52]
    │   │   │   │   │   │   │   │   │   │   ├─ [300] AccessControlledOCR2Aggregator::minAnswer() [staticcall]
    │   │   │   │   │   │   │   │   │   │   │   └─ ← [Return] 1
    │   │   │   │   │   │   │   │   │   │   ├─ [386] SystemRegistry::rootPriceOracle() [staticcall]
    │   │   │   │   │   │   │   │   │   │   │   └─ ← [Return] RootPriceOracle: [0x61F8BE7FD721e80C0249829eaE6f0DAf21bc2CaC]
    │   │   │   │   │   │   │   │   │   │   ├─ [8425] RootPriceOracle::getPriceInEth(0x4554485F494e5f55534400000000000000000000)
    │   │   │   │   │   │   │   │   │   │   │   ├─ [7331] ChainlinkOracle::getPriceInEth(0x4554485F494e5f55534400000000000000000000)
    │   │   │   │   │   │   │   │   │   │   │   │   ├─ [2337] EACAggregatorProxy::latestRoundData() [staticcall]
    │   │   │   │   │   │   │   │   │   │   │   │   │   ├─ [604] AccessControlledOCR2Aggregator::latestRoundData() [staticcall]
    │   │   │   │   │   │   │   │   │   │   │   │   │   │   └─ ← [Return] 10000 [1e4], 167931308898 [1.679e11], 1781230127 [1.781e9], 1781230127 [1.781e9], 10000 [1e4]
    │   │   │   │   │   │   │   │   │   │   │   │   │   └─ ← [Return] 129127208515966871312 [1.291e20], 167931308898 [1.679e11], 1781230127 [1.781e9], 1781230127 [1.781e9], 129127208515966871312 [1.291e20]
    │   │   │   │   │   │   │   │   │   │   │   │   ├─ [371] EACAggregatorProxy::aggregator() [staticcall]
    │   │   │   │   │   │   │   │   │   │   │   │   │   └─ ← [Return] AccessControlledOCR2Aggregator: [0x7d4E742018fb52E48b08BE73d041C18B21de6Fb5]
    │   │   │   │   │   │   │   │   │   │   │   │   ├─ [263] AccessControlledOCR2Aggregator::maxAnswer() [staticcall]
    │   │   │   │   │   │   │   │   │   │   │   │   │   └─ ← [Return] 3138550867693340381917894711603833208051177722232017256447 [3.138e57]
    │   │   │   │   │   │   │   │   │   │   │   │   ├─ [148] AccessControlledOCR2Aggregator::minAnswer() [staticcall]
    │   │   │   │   │   │   │   │   │   │   │   │   │   └─ ← [Return] 1
    │   │   │   │   │   │   │   │   │   │   │   │   └─ ← [Return] 1679313088980000000000 [1.679e21]
    │   │   │   │   │   │   │   │   │   │   │   └─ ← [Return] 1679313088980000000000 [1.679e21]
    │   │   │   │   │   │   │   │   │   │   └─ ← [Return] 595347851785788 [5.953e14]
    │   │   │   │   │   │   │   │   │   ├─ [369] crvUSD Stablecoin::decimals() [staticcall]
    │   │   │   │   │   │   │   │   │   │   └─ ← [Return] 18
    │   │   │   │   │   │   │   │   │   ├─ [1164] FiatTokenProxy::fallback() [staticcall]
    │   │   │   │   │   │   │   │   │   │   ├─ [381] FiatTokenV2_2::decimals() [delegatecall]
    │   │   │   │   │   │   │   │   │   │   │   └─ ← [Return] 6
    │   │   │   │   │   │   │   │   │   │   └─ ← [Return] 6
    │   │   │   │   │   │   │   │   │   ├─ [18208] ChainlinkOracle::getPriceInEth(crvUSD Stablecoin: [0xf939E0A03FB07F59A73314E73794Be0E57ac1b4E])
    │   │   │   │   │   │   │   │   │   │   ├─ [3142] EACAggregatorProxy::latestRoundData() [staticcall]
    │   │   │   │   │   │   │   │   │   │   │   ├─ [1409] AccessControlledOCR2Aggregator::latestRoundData() [staticcall]
    │   │   │   │   │   │   │   │   │   │   │   │   └─ ← [Return] 752, 99893882 [9.989e7], 1781197835 [1.781e9], 1781197859 [1.781e9], 752
    │   │   │   │   │   │   │   │   │   │   │   └─ ← [Return] 36893488147419103984 [3.689e19], 99893882 [9.989e7], 1781197835 [1.781e9], 1781197859 [1.781e9], 36893488147419103984 [3.689e19]
    │   │   │   │   │   │   │   │   │   │   ├─ [371] EACAggregatorProxy::aggregator() [staticcall]
    │   │   │   │   │   │   │   │   │   │   │   └─ ← [Return] AccessControlledOCR2Aggregator: [0xf3A0a2363Ee3e5FC1CcF923F4eA9c06BaC1A6834]
    │   │   │   │   │   │   │   │   │   │   ├─ [322] AccessControlledOCR2Aggregator::maxAnswer() [staticcall]
    │   │   │   │   │   │   │   │   │   │   │   └─ ← [Return] 95780971304118053647396689196894323976171195136475135 [9.578e52]
    │   │   │   │   │   │   │   │   │   │   ├─ [300] AccessControlledOCR2Aggregator::minAnswer() [staticcall]
    │   │   │   │   │   │   │   │   │   │   │   └─ ← [Return] 1
    │   │   │   │   │   │   │   │   │   │   ├─ [386] SystemRegistry::rootPriceOracle() [staticcall]
    │   │   │   │   │   │   │   │   │   │   │   └─ ← [Return] RootPriceOracle: [0x61F8BE7FD721e80C0249829eaE6f0DAf21bc2CaC]
    │   │   │   │   │   │   │   │   │   │   ├─ [8425] RootPriceOracle::getPriceInEth(0x4554485F494e5f55534400000000000000000000)
    │   │   │   │   │   │   │   │   │   │   │   ├─ [7331] ChainlinkOracle::getPriceInEth(0x4554485F494e5f55534400000000000000000000)
    │   │   │   │   │   │   │   │   │   │   │   │   ├─ [2337] EACAggregatorProxy::latestRoundData() [staticcall]
    │   │   │   │   │   │   │   │   │   │   │   │   │   ├─ [604] AccessControlledOCR2Aggregator::latestRoundData() [staticcall]
    │   │   │   │   │   │   │   │   │   │   │   │   │   │   └─ ← [Return] 10000 [1e4], 167931308898 [1.679e11], 1781230127 [1.781e9], 1781230127 [1.781e9], 10000 [1e4]
    │   │   │   │   │   │   │   │   │   │   │   │   │   └─ ← [Return] 129127208515966871312 [1.291e20], 167931308898 [1.679e11], 1781230127 [1.781e9], 1781230127 [1.781e9], 129127208515966871312 [1.291e20]
    │   │   │   │   │   │   │   │   │   │   │   │   ├─ [371] EACAggregatorProxy::aggregator() [staticcall]
    │   │   │   │   │   │   │   │   │   │   │   │   │   └─ ← [Return] AccessControlledOCR2Aggregator: [0x7d4E742018fb52E48b08BE73d041C18B21de6Fb5]
    │   │   │   │   │   │   │   │   │   │   │   │   ├─ [263] AccessControlledOCR2Aggregator::maxAnswer() [staticcall]
    │   │   │   │   │   │   │   │   │   │   │   │   │   └─ ← [Return] 3138550867693340381917894711603833208051177722232017256447 [3.138e57]
    │   │   │   │   │   │   │   │   │   │   │   │   ├─ [148] AccessControlledOCR2Aggregator::minAnswer() [staticcall]
    │   │   │   │   │   │   │   │   │   │   │   │   │   └─ ← [Return] 1
    │   │   │   │   │   │   │   │   │   │   │   │   └─ ← [Return] 1679313088980000000000 [1.679e21]
    │   │   │   │   │   │   │   │   │   │   │   └─ ← [Return] 1679313088980000000000 [1.679e21]
    │   │   │   │   │   │   │   │   │   │   └─ ← [Return] 594849659992078 [5.948e14]
    │   │   │   │   │   │   │   │   │   ├─ [18208] ChainlinkOracle::getPriceInEth(FiatTokenProxy: [0xA0b86991c6218b36c1d19D4a2e9Eb0cE3606eB48])
    │   │   │   │   │   │   │   │   │   │   ├─ [3142] EACAggregatorProxy::latestRoundData() [staticcall]
    │   │   │   │   │   │   │   │   │   │   │   ├─ [1409] AccessControlledOCR2Aggregator::latestRoundData() [staticcall]
    │   │   │   │   │   │   │   │   │   │   │   │   └─ ← [Return] 1003, 99977544 [9.997e7], 1781205763 [1.781e9], 1781205779 [1.781e9], 1003
    │   │   │   │   │   │   │   │   │   │   │   └─ ← [Return] 55340232221128655851 [5.534e19], 99977544 [9.997e7], 1781205763 [1.781e9], 1781205779 [1.781e9], 55340232221128655851 [5.534e19]
    │   │   │   │   │   │   │   │   │   │   ├─ [371] EACAggregatorProxy::aggregator() [staticcall]
    │   │   │   │   │   │   │   │   │   │   │   └─ ← [Return] AccessControlledOCR2Aggregator: [0xc9E1a09622afdB659913fefE800fEaE5DBbFe9d7]
    │   │   │   │   │   │   │   │   │   │   ├─ [322] AccessControlledOCR2Aggregator::maxAnswer() [staticcall]
    │   │   │   │   │   │   │   │   │   │   │   └─ ← [Return] 95780971304118053647396689196894323976171195136475135 [9.578e52]
    │   │   │   │   │   │   │   │   │   │   ├─ [300] AccessControlledOCR2Aggregator::minAnswer() [staticcall]
    │   │   │   │   │   │   │   │   │   │   │   └─ ← [Return] 1
    │   │   │   │   │   │   │   │   │   │   ├─ [386] SystemRegistry::rootPriceOracle() [staticcall]
    │   │   │   │   │   │   │   │   │   │   │   └─ ← [Return] RootPriceOracle: [0x61F8BE7FD721e80C0249829eaE6f0DAf21bc2CaC]
    │   │   │   │   │   │   │   │   │   │   ├─ [8425] RootPriceOracle::getPriceInEth(0x4554485F494e5f55534400000000000000000000)
    │   │   │   │   │   │   │   │   │   │   │   ├─ [7331] ChainlinkOracle::getPriceInEth(0x4554485F494e5f55534400000000000000000000)
    │   │   │   │   │   │   │   │   │   │   │   │   ├─ [2337] EACAggregatorProxy::latestRoundData() [staticcall]
    │   │   │   │   │   │   │   │   │   │   │   │   │   ├─ [604] AccessControlledOCR2Aggregator::latestRoundData() [staticcall]
    │   │   │   │   │   │   │   │   │   │   │   │   │   │   └─ ← [Return] 10000 [1e4], 167931308898 [1.679e11], 1781230127 [1.781e9], 1781230127 [1.781e9], 10000 [1e4]
    │   │   │   │   │   │   │   │   │   │   │   │   │   └─ ← [Return] 129127208515966871312 [1.291e20], 167931308898 [1.679e11], 1781230127 [1.781e9], 1781230127 [1.781e9], 129127208515966871312 [1.291e20]
    │   │   │   │   │   │   │   │   │   │   │   │   ├─ [371] EACAggregatorProxy::aggregator() [staticcall]
    │   │   │   │   │   │   │   │   │   │   │   │   │   └─ ← [Return] AccessControlledOCR2Aggregator: [0x7d4E742018fb52E48b08BE73d041C18B21de6Fb5]
    │   │   │   │   │   │   │   │   │   │   │   │   ├─ [263] AccessControlledOCR2Aggregator::maxAnswer() [staticcall]
    │   │   │   │   │   │   │   │   │   │   │   │   │   └─ ← [Return] 3138550867693340381917894711603833208051177722232017256447 [3.138e57]
    │   │   │   │   │   │   │   │   │   │   │   │   ├─ [148] AccessControlledOCR2Aggregator::minAnswer() [staticcall]
    │   │   │   │   │   │   │   │   │   │   │   │   │   └─ ← [Return] 1
    │   │   │   │   │   │   │   │   │   │   │   │   └─ ← [Return] 1679313088980000000000 [1.679e21]
    │   │   │   │   │   │   │   │   │   │   │   └─ ← [Return] 1679313088980000000000 [1.679e21]
    │   │   │   │   │   │   │   │   │   │   └─ ← [Return] 595347851785788 [5.953e14]
    │   │   │   │   │   │   │   │   │   ├─ [643] TransparentUpgradeableProxy::fallback() [staticcall]
    │   │   │   │   │   │   │   │   │   │   ├─ [222] FrxUSD::decimals() [delegatecall]
    │   │   │   │   │   │   │   │   │   │   │   └─ ← [Return] 18
    │   │   │   │   │   │   │   │   │   │   └─ ← [Return] 18
    │   │   │   │   │   │   │   │   │   ├─ [1164] FiatTokenProxy::fallback() [staticcall]
    │   │   │   │   │   │   │   │   │   │   ├─ [381] FiatTokenV2_2::decimals() [delegatecall]
    │   │   │   │   │   │   │   │   │   │   │   └─ ← [Return] 6
    │   │   │   │   │   │   │   │   │   │   └─ ← [Return] 6
    │   │   │   │   │   │   │   │   │   ├─ [18208] ChainlinkOracle::getPriceInEth(crvUSD Stablecoin: [0xf939E0A03FB07F59A73314E73794Be0E57ac1b4E])
    │   │   │   │   │   │   │   │   │   │   ├─ [3142] EACAggregatorProxy::latestRoundData() [staticcall]
    │   │   │   │   │   │   │   │   │   │   │   ├─ [1409] AccessControlledOCR2Aggregator::latestRoundData() [staticcall]
    │   │   │   │   │   │   │   │   │   │   │   │   └─ ← [Return] 752, 99893882 [9.989e7], 1781197835 [1.781e9], 1781197859 [1.781e9], 752
    │   │   │   │   │   │   │   │   │   │   │   └─ ← [Return] 36893488147419103984 [3.689e19], 99893882 [9.989e7], 1781197835 [1.781e9], 1781197859 [1.781e9], 36893488147419103984 [3.689e19]
    │   │   │   │   │   │   │   │   │   │   ├─ [371] EACAggregatorProxy::aggregator() [staticcall]
    │   │   │   │   │   │   │   │   │   │   │   └─ ← [Return] AccessControlledOCR2Aggregator: [0xf3A0a2363Ee3e5FC1CcF923F4eA9c06BaC1A6834]
    │   │   │   │   │   │   │   │   │   │   ├─ [322] AccessControlledOCR2Aggregator::maxAnswer() [staticcall]
    │   │   │   │   │   │   │   │   │   │   │   └─ ← [Return] 95780971304118053647396689196894323976171195136475135 [9.578e52]
    │   │   │   │   │   │   │   │   │   │   ├─ [300] AccessControlledOCR2Aggregator::minAnswer() [staticcall]
    │   │   │   │   │   │   │   │   │   │   │   └─ ← [Return] 1
    │   │   │   │   │   │   │   │   │   │   ├─ [386] SystemRegistry::rootPriceOracle() [staticcall]
    │   │   │   │   │   │   │   │   │   │   │   └─ ← [Return] RootPriceOracle: [0x61F8BE7FD721e80C0249829eaE6f0DAf21bc2CaC]
    │   │   │   │   │   │   │   │   │   │   ├─ [8425] RootPriceOracle::getPriceInEth(0x4554485F494e5f55534400000000000000000000)
    │   │   │   │   │   │   │   │   │   │   │   ├─ [7331] ChainlinkOracle::getPriceInEth(0x4554485F494e5f55534400000000000000000000)
    │   │   │   │   │   │   │   │   │   │   │   │   ├─ [2337] EACAggregatorProxy::latestRoundData() [staticcall]
    │   │   │   │   │   │   │   │   │   │   │   │   │   ├─ [604] AccessControlledOCR2Aggregator::latestRoundData() [staticcall]
    │   │   │   │   │   │   │   │   │   │   │   │   │   │   └─ ← [Return] 10000 [1e4], 167931308898 [1.679e11], 1781230127 [1.781e9], 1781230127 [1.781e9], 10000 [1e4]
    │   │   │   │   │   │   │   │   │   │   │   │   │   └─ ← [Return] 129127208515966871312 [1.291e20], 167931308898 [1.679e11], 1781230127 [1.781e9], 1781230127 [1.781e9], 129127208515966871312 [1.291e20]
    │   │   │   │   │   │   │   │   │   │   │   │   ├─ [371] EACAggregatorProxy::aggregator() [staticcall]
    │   │   │   │   │   │   │   │   │   │   │   │   │   └─ ← [Return] AccessControlledOCR2Aggregator: [0x7d4E742018fb52E48b08BE73d041C18B21de6Fb5]
    │   │   │   │   │   │   │   │   │   │   │   │   ├─ [263] AccessControlledOCR2Aggregator::maxAnswer() [staticcall]
    │   │   │   │   │   │   │   │   │   │   │   │   │   └─ ← [Return] 3138550867693340381917894711603833208051177722232017256447 [3.138e57]
    │   │   │   │   │   │   │   │   │   │   │   │   ├─ [148] AccessControlledOCR2Aggregator::minAnswer() [staticcall]
    │   │   │   │   │   │   │   │   │   │   │   │   │   └─ ← [Return] 1
    │   │   │   │   │   │   │   │   │   │   │   │   └─ ← [Return] 1679313088980000000000 [1.679e21]
    │   │   │   │   │   │   │   │   │   │   │   └─ ← [Return] 1679313088980000000000 [1.679e21]
    │   │   │   │   │   │   │   │   │   │   └─ ← [Return] 594849659992078 [5.948e14]
    │   │   │   │   │   │   │   │   │   ├─ [18208] ChainlinkOracle::getPriceInEth(FiatTokenProxy: [0xA0b86991c6218b36c1d19D4a2e9Eb0cE3606eB48])
    │   │   │   │   │   │   │   │   │   │   ├─ [3142] EACAggregatorProxy::latestRoundData() [staticcall]
    │   │   │   │   │   │   │   │   │   │   │   ├─ [1409] AccessControlledOCR2Aggregator::latestRoundData() [staticcall]
    │   │   │   │   │   │   │   │   │   │   │   │   └─ ← [Return] 1003, 99977544 [9.997e7], 1781205763 [1.781e9], 1781205779 [1.781e9], 1003
    │   │   │   │   │   │   │   │   │   │   │   └─ ← [Return] 55340232221128655851 [5.534e19], 99977544 [9.997e7], 1781205763 [1.781e9], 1781205779 [1.781e9], 55340232221128655851 [5.534e19]
    │   │   │   │   │   │   │   │   │   │   ├─ [371] EACAggregatorProxy::aggregator() [staticcall]
    │   │   │   │   │   │   │   │   │   │   │   └─ ← [Return] AccessControlledOCR2Aggregator: [0xc9E1a09622afdB659913fefE800fEaE5DBbFe9d7]
    │   │   │   │   │   │   │   │   │   │   ├─ [322] AccessControlledOCR2Aggregator::maxAnswer() [staticcall]
    │   │   │   │   │   │   │   │   │   │   │   └─ ← [Return] 95780971304118053647396689196894323976171195136475135 [9.578e52]
    │   │   │   │   │   │   │   │   │   │   ├─ [300] AccessControlledOCR2Aggregator::minAnswer() [staticcall]
    │   │   │   │   │   │   │   │   │   │   │   └─ ← [Return] 1
    │   │   │   │   │   │   │   │   │   │   ├─ [386] SystemRegistry::rootPriceOracle() [staticcall]
    │   │   │   │   │   │   │   │   │   │   │   └─ ← [Return] RootPriceOracle: [0x61F8BE7FD721e80C0249829eaE6f0DAf21bc2CaC]
    │   │   │   │   │   │   │   │   │   │   ├─ [8425] RootPriceOracle::getPriceInEth(0x4554485F494e5f55534400000000000000000000)
    │   │   │   │   │   │   │   │   │   │   │   ├─ [7331] ChainlinkOracle::getPriceInEth(0x4554485F494e5f55534400000000000000000000)
    │   │   │   │   │   │   │   │   │   │   │   │   ├─ [2337] EACAggregatorProxy::latestRoundData() [staticcall]
    │   │   │   │   │   │   │   │   │   │   │   │   │   ├─ [604] AccessControlledOCR2Aggregator::latestRoundData() [staticcall]
    │   │   │   │   │   │   │   │   │   │   │   │   │   │   └─ ← [Return] 10000 [1e4], 167931308898 [1.679e11], 1781230127 [1.781e9], 1781230127 [1.781e9], 10000 [1e4]
    │   │   │   │   │   │   │   │   │   │   │   │   │   └─ ← [Return] 129127208515966871312 [1.291e20], 167931308898 [1.679e11], 1781230127 [1.781e9], 1781230127 [1.781e9], 129127208515966871312 [1.291e20]
    │   │   │   │   │   │   │   │   │   │   │   │   ├─ [371] EACAggregatorProxy::aggregator() [staticcall]
    │   │   │   │   │   │   │   │   │   │   │   │   │   └─ ← [Return] AccessControlledOCR2Aggregator: [0x7d4E742018fb52E48b08BE73d041C18B21de6Fb5]
    │   │   │   │   │   │   │   │   │   │   │   │   ├─ [263] AccessControlledOCR2Aggregator::maxAnswer() [staticcall]
    │   │   │   │   │   │   │   │   │   │   │   │   │   └─ ← [Return] 3138550867693340381917894711603833208051177722232017256447 [3.138e57]
    │   │   │   │   │   │   │   │   │   │   │   │   ├─ [148] AccessControlledOCR2Aggregator::minAnswer() [staticcall]
    │   │   │   │   │   │   │   │   │   │   │   │   │   └─ ← [Return] 1
    │   │   │   │   │   │   │   │   │   │   │   │   └─ ← [Return] 1679313088980000000000 [1.679e21]
    │   │   │   │   │   │   │   │   │   │   │   └─ ← [Return] 1679313088980000000000 [1.679e21]
    │   │   │   │   │   │   │   │   │   │   └─ ← [Return] 595347851785788 [5.953e14]
    │   │   │   │   │   │   │   │   │   ├─ [643] TransparentUpgradeableProxy::fallback() [staticcall]
    │   │   │   │   │   │   │   │   │   │   ├─ [222] FrxUSD::decimals() [delegatecall]
    │   │   │   │   │   │   │   │   │   │   │   └─ ← [Return] 18
    │   │   │   │   │   │   │   │   │   │   └─ ← [Return] 18
    │   │   │   │   │   │   │   │   │   ├─ [1164] FiatTokenProxy::fallback() [staticcall]
    │   │   │   │   │   │   │   │   │   │   ├─ [381] FiatTokenV2_2::decimals() [delegatecall]
    │   │   │   │   │   │   │   │   │   │   │   └─ ← [Return] 6
    │   │   │   │   │   │   │   │   │   │   └─ ← [Return] 6
    │   │   │   │   │   │   │   │   │   ├─ [18208] ChainlinkOracle::getPriceInEth(TransparentUpgradeableProxy: [0xCAcd6fd266aF91b8AeD52aCCc382b4e165586E29])
    │   │   │   │   │   │   │   │   │   │   ├─ [3142] EACAggregatorProxy::latestRoundData() [staticcall]
    │   │   │   │   │   │   │   │   │   │   │   ├─ [1409] AccessControlledOCR2Aggregator::latestRoundData() [staticcall]
    │   │   │   │   │   │   │   │   │   │   │   │   └─ ← [Return] 431, 99998053 [9.999e7], 1781206659 [1.781e9], 1781206691 [1.781e9], 431
    │   │   │   │   │   │   │   │   │   │   │   └─ ← [Return] 18446744073709552047 [1.844e19], 99998053 [9.999e7], 1781206659 [1.781e9], 1781206691 [1.781e9], 18446744073709552047 [1.844e19]
    │   │   │   │   │   │   │   │   │   │   ├─ [371] EACAggregatorProxy::aggregator() [staticcall]
    │   │   │   │   │   │   │   │   │   │   │   └─ ← [Return] AccessControlledOCR2Aggregator: [0x62a897c3e81d809c7444BB63D7D51E1F2EbB6C3D]
    │   │   │   │   │   │   │   │   │   │   ├─ [322] AccessControlledOCR2Aggregator::maxAnswer() [staticcall]
    │   │   │   │   │   │   │   │   │   │   │   └─ ← [Return] 95780971304118053647396689196894323976171195136475135 [9.578e52]
    │   │   │   │   │   │   │   │   │   │   ├─ [300] AccessControlledOCR2Aggregator::minAnswer() [staticcall]
    │   │   │   │   │   │   │   │   │   │   │   └─ ← [Return] 1
    │   │   │   │   │   │   │   │   │   │   ├─ [386] SystemRegistry::rootPriceOracle() [staticcall]
    │   │   │   │   │   │   │   │   │   │   │   └─ ← [Return] RootPriceOracle: [0x61F8BE7FD721e80C0249829eaE6f0DAf21bc2CaC]
    │   │   │   │   │   │   │   │   │   │   ├─ [8425] RootPriceOracle::getPriceInEth(0x4554485F494e5f55534400000000000000000000)
    │   │   │   │   │   │   │   │   │   │   │   ├─ [7331] ChainlinkOracle::getPriceInEth(0x4554485F494e5f55534400000000000000000000)
    │   │   │   │   │   │   │   │   │   │   │   │   ├─ [2337] EACAggregatorProxy::latestRoundData() [staticcall]
    │   │   │   │   │   │   │   │   │   │   │   │   │   ├─ [604] AccessControlledOCR2Aggregator::latestRoundData() [staticcall]
    │   │   │   │   │   │   │   │   │   │   │   │   │   │   └─ ← [Return] 10000 [1e4], 167931308898 [1.679e11], 1781230127 [1.781e9], 1781230127 [1.781e9], 10000 [1e4]
    │   │   │   │   │   │   │   │   │   │   │   │   │   └─ ← [Return] 129127208515966871312 [1.291e20], 167931308898 [1.679e11], 1781230127 [1.781e9], 1781230127 [1.781e9], 129127208515966871312 [1.291e20]
    │   │   │   │   │   │   │   │   │   │   │   │   ├─ [371] EACAggregatorProxy::aggregator() [staticcall]
    │   │   │   │   │   │   │   │   │   │   │   │   │   └─ ← [Return] AccessControlledOCR2Aggregator: [0x7d4E742018fb52E48b08BE73d041C18B21de6Fb5]
    │   │   │   │   │   │   │   │   │   │   │   │   ├─ [263] AccessControlledOCR2Aggregator::maxAnswer() [staticcall]
    │   │   │   │   │   │   │   │   │   │   │   │   │   └─ ← [Return] 3138550867693340381917894711603833208051177722232017256447 [3.138e57]
    │   │   │   │   │   │   │   │   │   │   │   │   ├─ [148] AccessControlledOCR2Aggregator::minAnswer() [staticcall]
    │   │   │   │   │   │   │   │   │   │   │   │   │   └─ ← [Return] 1
    │   │   │   │   │   │   │   │   │   │   │   │   └─ ← [Return] 1679313088980000000000 [1.679e21]
    │   │   │   │   │   │   │   │   │   │   │   └─ ← [Return] 1679313088980000000000 [1.679e21]
    │   │   │   │   │   │   │   │   │   │   └─ ← [Return] 595469979101621 [5.954e14]
    │   │   │   │   │   │   │   │   │   ├─ [18208] ChainlinkOracle::getPriceInEth(FiatTokenProxy: [0xA0b86991c6218b36c1d19D4a2e9Eb0cE3606eB48])
    │   │   │   │   │   │   │   │   │   │   ├─ [3142] EACAggregatorProxy::latestRoundData() [staticcall]
    │   │   │   │   │   │   │   │   │   │   │   ├─ [1409] AccessControlledOCR2Aggregator::latestRoundData() [staticcall]
    │   │   │   │   │   │   │   │   │   │   │   │   └─ ← [Return] 1003, 99977544 [9.997e7], 1781205763 [1.781e9], 1781205779 [1.781e9], 1003
    │   │   │   │   │   │   │   │   │   │   │   └─ ← [Return] 55340232221128655851 [5.534e19], 99977544 [9.997e7], 1781205763 [1.781e9], 1781205779 [1.781e9], 55340232221128655851 [5.534e19]
    │   │   │   │   │   │   │   │   │   │   ├─ [371] EACAggregatorProxy::aggregator() [staticcall]
    │   │   │   │   │   │   │   │   │   │   │   └─ ← [Return] AccessControlledOCR2Aggregator: [0xc9E1a09622afdB659913fefE800fEaE5DBbFe9d7]
    │   │   │   │   │   │   │   │   │   │   ├─ [322] AccessControlledOCR2Aggregator::maxAnswer() [staticcall]
    │   │   │   │   │   │   │   │   │   │   │   └─ ← [Return] 95780971304118053647396689196894323976171195136475135 [9.578e52]
    │   │   │   │   │   │   │   │   │   │   ├─ [300] AccessControlledOCR2Aggregator::minAnswer() [staticcall]
    │   │   │   │   │   │   │   │   │   │   │   └─ ← [Return] 1
    │   │   │   │   │   │   │   │   │   │   ├─ [386] SystemRegistry::rootPriceOracle() [staticcall]
    │   │   │   │   │   │   │   │   │   │   │   └─ ← [Return] RootPriceOracle: [0x61F8BE7FD721e80C0249829eaE6f0DAf21bc2CaC]
    │   │   │   │   │   │   │   │   │   │   ├─ [8425] RootPriceOracle::getPriceInEth(0x4554485F494e5f55534400000000000000000000)
    │   │   │   │   │   │   │   │   │   │   │   ├─ [7331] ChainlinkOracle::getPriceInEth(0x4554485F494e5f55534400000000000000000000)
    │   │   │   │   │   │   │   │   │   │   │   │   ├─ [2337] EACAggregatorProxy::latestRoundData() [staticcall]
    │   │   │   │   │   │   │   │   │   │   │   │   │   ├─ [604] AccessControlledOCR2Aggregator::latestRoundData() [staticcall]
    │   │   │   │   │   │   │   │   │   │   │   │   │   │   └─ ← [Return] 10000 [1e4], 167931308898 [1.679e11], 1781230127 [1.781e9], 1781230127 [1.781e9], 10000 [1e4]
    │   │   │   │   │   │   │   │   │   │   │   │   │   └─ ← [Return] 129127208515966871312 [1.291e20], 167931308898 [1.679e11], 1781230127 [1.781e9], 1781230127 [1.781e9], 129127208515966871312 [1.291e20]
    │   │   │   │   │   │   │   │   │   │   │   │   ├─ [371] EACAggregatorProxy::aggregator() [staticcall]
    │   │   │   │   │   │   │   │   │   │   │   │   │   └─ ← [Return] AccessControlledOCR2Aggregator: [0x7d4E742018fb52E48b08BE73d041C18B21de6Fb5]
    │   │   │   │   │   │   │   │   │   │   │   │   ├─ [263] AccessControlledOCR2Aggregator::maxAnswer() [staticcall]
    │   │   │   │   │   │   │   │   │   │   │   │   │   └─ ← [Return] 3138550867693340381917894711603833208051177722232017256447 [3.138e57]
    │   │   │   │   │   │   │   │   │   │   │   │   ├─ [148] AccessControlledOCR2Aggregator::minAnswer() [staticcall]
    │   │   │   │   │   │   │   │   │   │   │   │   │   └─ ← [Return] 1
    │   │   │   │   │   │   │   │   │   │   │   │   └─ ← [Return] 1679313088980000000000 [1.679e21]
    │   │   │   │   │   │   │   │   │   │   │   └─ ← [Return] 1679313088980000000000 [1.679e21]
    │   │   │   │   │   │   │   │   │   │   └─ ← [Return] 595347851785788 [5.953e14]
    │   │   │   │   │   │   │   │   │   ├─ [369] crvUSD Stablecoin::decimals() [staticcall]
    │   │   │   │   │   │   │   │   │   │   └─ ← [Return] 18
    │   │   │   │   │   │   │   │   │   └─ ← [Return] 1005100 [1.005e6]
    │   │   │   │   │   │   │   │   └─ ← [Return] 1005100 [1.005e6]
    │   │   │   │   │   │   │   └─ ← [Return] 1005100 [1.005e6]
    │   │   │   │   │   │   ├─ [572] CurveConvexDestinationVaultV2::ONE() [staticcall]
    │   │   │   │   │   │   │   ├─ [406] CurveConvexDestinationVaultV2::ONE() [delegatecall]
    │   │   │   │   │   │   │   │   └─ ← [Return] 1000000000000000000 [1e18]
    │   │   │   │   │   │   │   └─ ← [Return] 1000000000000000000 [1e18]
    │   │   │   │   │   │   ├─ [2449] WithdrawalQueue::e8ca529d(17264fbcd79a365fd3ccff89407ad487986f8b37b9035d6bc8b51cacd583220c000000000000000000000000389ed8bd510bafd4ba867e0393cd9f898f0a5a5c0000000000000000000000000000000000000000000000000000000000000001) [delegatecall]
    │   │   │   │   │   │   │   ├─ [1320] StructuredLinkedList::203afb24(17264fbcd79a365fd3ccff89407ad487986f8b37b9035d6bc8b51cacd583220c000000000000000000000000389ed8bd510bafd4ba867e0393cd9f898f0a5a5c0000000000000000000000000000000000000000000000000000000000000001) [delegatecall]
    │   │   │   │   │   │   │   │   └─ ← [Return] 0x00000000000000000000000000000000000000000000000000000000000000010000000000000000000000009b45d9add679a2eadfc1bf2d92f6a376af36acc9
    │   │   │   │   │   │   │   └─ ← [Return] 0x0000000000000000000000009b45d9add679a2eadfc1bf2d92f6a376af36acc9
    │   │   │   │   │   │   └─ ← [Return] 0x000000000000000000000000000000000000000000000000000006aea677e0cd
    │   │   │   │   │   ├─ [664] AutopoolFees::3906c18f(17264fbcd79a365fd3ccff89407ad487986f8b37b9035d6bc8b51cacd5832200) [delegatecall]
    │   │   │   │   │   │   └─ ← [Return] 0x000000000000000000000000000000000000000000000001a947a93202ec6120
    │   │   │   │   │   ├─ [278146] AutopoolDebt::378847bb(17264fbcd79a365fd3ccff89407ad487986f8b37b9035d6bc8b51cacd58322000000000000000000000000000000000000000000000000000000000000000001) [delegatecall]
    │   │   │   │   │   │   ├─ [1247] WithdrawalQueue::d0a94d2c(17264fbcd79a365fd3ccff89407ad487986f8b37b9035d6bc8b51cacd583220c) [delegatecall]
    │   │   │   │   │   │   │   ├─ [509] StructuredLinkedList::332306c0(17264fbcd79a365fd3ccff89407ad487986f8b37b9035d6bc8b51cacd583220c) [delegatecall]
    │   │   │   │   │   │   │   │   └─ ← [Return] 0x000000000000000000000000389ed8bd510bafd4ba867e0393cd9f898f0a5a5c
    │   │   │   │   │   │   │   └─ ← [Return] 0x000000000000000000000000389ed8bd510bafd4ba867e0393cd9f898f0a5a5c
    │   │   │   │   │   │   ├─ [2573] TransparentUpgradeableProxy::fallback(1) [staticcall]
    │   │   │   │   │   │   │   ├─ [1784] AutopoolETH::totalAssets(1) [delegatecall]
    │   │   │   │   │   │   │   │   ├─ [794] Autopool4626::20bf782e(17264fbcd79a365fd3ccff89407ad487986f8b37b9035d6bc8b51cacd58322210000000000000000000000000000000000000000000000000000000000000001) [delegatecall]
    │   │   │   │   │   │   │   │   │   └─ ← [Return] 0x000000000000000000000000000000000000000000000000000006ae85816a72
    │   │   │   │   │   │   │   │   └─ ← [Return] 7346633927282 [7.346e12]
    │   │   │   │   │   │   │   └─ ← [Return] 7346633927282 [7.346e12]
    │   │   │   │   │   │   ├─ [836] CurveConvexDestinationVaultV2::balanceOf(TransparentUpgradeableProxy: [0xa7569A44f348d3D70d8ad5889e50F78E33d80D35]) [staticcall]
    │   │   │   │   │   │   │   ├─ [664] CurveConvexDestinationVaultV2::balanceOf(TransparentUpgradeableProxy: [0xa7569A44f348d3D70d8ad5889e50F78E33d80D35]) [delegatecall]
    │   │   │   │   │   │   │   │   └─ ← [Return] 890536340126333316427624 [8.905e23]
    │   │   │   │   │   │   │   └─ ← [Return] 890536340126333316427624 [8.905e23]
    │   │   │   │   │   │   ├─ [265733] CurveConvexDestinationVaultV2::getUnderlyerCeilingPrice()
    │   │   │   │   │   │   │   ├─ [265567] CurveConvexDestinationVaultV2::getUnderlyerCeilingPrice() [delegatecall]
    │   │   │   │   │   │   │   │   ├─ [386] SystemRegistry::rootPriceOracle() [staticcall]
    │   │   │   │   │   │   │   │   │   └─ ← [Return] RootPriceOracle: [0x61F8BE7FD721e80C0249829eaE6f0DAf21bc2CaC]
    │   │   │   │   │   │   │   │   ├─ [263611] RootPriceOracle::getCeilingPrice(CurveStableSwapNG: [0x13e12BB0E6A2f1A3d6901a59a9d585e89A6243e1], CurveStableSwapNG: [0x13e12BB0E6A2f1A3d6901a59a9d585e89A6243e1], FiatTokenProxy: [0xA0b86991c6218b36c1d19D4a2e9Eb0cE3606eB48])
    │   │   │   │   │   │   │   │   │   ├─ [91209] CurveV1StableEthOracle::getSafeSpotPriceInfo(CurveStableSwapNG: [0x13e12BB0E6A2f1A3d6901a59a9d585e89A6243e1], CurveStableSwapNG: [0x13e12BB0E6A2f1A3d6901a59a9d585e89A6243e1], FiatTokenProxy: [0xA0b86991c6218b36c1d19D4a2e9Eb0cE3606eB48])
    │   │   │   │   │   │   │   │   │   │   ├─ [490] CurveStableSwapNG::totalSupply() [staticcall]
    │   │   │   │   │   │   │   │   │   │   │   └─ ← [Return] 13501152757177546926514103 [1.35e25]
    │   │   │   │   │   │   │   │   │   │   ├─ [29786] 0xC7c77B3a2C2641c6eE6c52bbD72EcfC86B53ba38::getReservesInfo(CurveStableSwapNG: [0x13e12BB0E6A2f1A3d6901a59a9d585e89A6243e1]) [staticcall]
    │   │   │   │   │   │   │   │   │   │   │   ├─ [27208] 0xF98B45FA17DE75FB1aD0e7aFD971b0ca00e379fC::get_balances(CurveStableSwapNG: [0x13e12BB0E6A2f1A3d6901a59a9d585e89A6243e1]) [staticcall]
    │   │   │   │   │   │   │   │   │   │   │   │   ├─ [1537] 0x46a8a9CF4Fc8e99EC3A14558ACABC1D93A27de68::is_registered(CurveStableSwapNG: [0x13e12BB0E6A2f1A3d6901a59a9d585e89A6243e1]) [staticcall]
    │   │   │   │   │   │   │   │   │   │   │   │   │   ├─ [520] 0x90E00ACe148ca3b23Ac1bC8C240C2a7Dd9c2d7f5::get_n_coins(CurveStableSwapNG: [0x13e12BB0E6A2f1A3d6901a59a9d585e89A6243e1]) [staticcall]
    │   │   │   │   │   │   │   │   │   │   │   │   │   │   └─ ← [Return] 0
    │   │   │   │   │   │   │   │   │   │   │   │   │   └─ ← [Return] false
    │   │   │   │   │   │   │   │   │   │   │   │   ├─ [2699] 0x127db66E7F0b16470Bec194d0f496F9Fa065d0A9::is_registered(CurveStableSwapNG: [0x13e12BB0E6A2f1A3d6901a59a9d585e89A6243e1]) [staticcall]
    │   │   │   │   │   │   │   │   │   │   │   │   │   ├─ [837] Vyper_contract::is_meta(CurveStableSwapNG: [0x13e12BB0E6A2f1A3d6901a59a9d585e89A6243e1]) [staticcall]
    │   │   │   │   │   │   │   │   │   │   │   │   │   │   └─ ← [Return] false
    │   │   │   │   │   │   │   │   │   │   │   │   │   ├─ [444] Vyper_contract::get_n_coins(CurveStableSwapNG: [0x13e12BB0E6A2f1A3d6901a59a9d585e89A6243e1]) [staticcall]
    │   │   │   │   │   │   │   │   │   │   │   │   │   │   └─ ← [Return] 0
    │   │   │   │   │   │   │   │   │   │   │   │   │   └─ ← [Return] false
    │   │   │   │   │   │   │   │   │   │   │   │   ├─ [1334] Vyper_contract::is_registered(CurveStableSwapNG: [0x13e12BB0E6A2f1A3d6901a59a9d585e89A6243e1]) [staticcall]
    │   │   │   │   │   │   │   │   │   │   │   │   │   ├─ [379] Vyper_contract::get_n_coins(CurveStableSwapNG: [0x13e12BB0E6A2f1A3d6901a59a9d585e89A6243e1]) [staticcall]
    │   │   │   │   │   │   │   │   │   │   │   │   │   │   └─ ← [Return] 0
    │   │   │   │   │   │   │   │   │   │   │   │   │   └─ ← [Return] false
    │   │   │   │   │   │   │   │   │   │   │   │   ├─ [1796] 0xC4F389020002396143B863F6325aA6ae481D19CE::is_registered(CurveStableSwapNG: [0x13e12BB0E6A2f1A3d6901a59a9d585e89A6243e1]) [staticcall]
    │   │   │   │   │   │   │   │   │   │   │   │   │   ├─ [684] 0xF18056Bbd320E96A48e3Fbf8bC061322531aac99::get_coins(CurveStableSwapNG: [0x13e12BB0E6A2f1A3d6901a59a9d585e89A6243e1]) [staticcall]
    │   │   │   │   │   │   │   │   │   │   │   │   │   │   └─ ← [Return] 0x00000000000000000000000000000000000000000000000000000000000000000000000000000000000000000000000000000000000000000000000000000000
    │   │   │   │   │   │   │   │   │   │   │   │   │   └─ ← [Return] false
    │   │   │   │   │   │   │   │   │   │   │   │   ├─ [2699] 0x538E984C2d5f821d51932dd9C570Dff192D3DF2D::is_registered(CurveStableSwapNG: [0x13e12BB0E6A2f1A3d6901a59a9d585e89A6243e1]) [staticcall]
    │   │   │   │   │   │   │   │   │   │   │   │   │   ├─ [837] 0x4F8846Ae9380B90d2E71D5e3D042dff3E7ebb40d::is_meta(CurveStableSwapNG: [0x13e12BB0E6A2f1A3d6901a59a9d585e89A6243e1]) [staticcall]
    │   │   │   │   │   │   │   │   │   │   │   │   │   │   └─ ← [Return] false
    │   │   │   │   │   │   │   │   │   │   │   │   │   ├─ [444] 0x4F8846Ae9380B90d2E71D5e3D042dff3E7ebb40d::get_n_coins(CurveStableSwapNG: [0x13e12BB0E6A2f1A3d6901a59a9d585e89A6243e1]) [staticcall]
    │   │   │   │   │   │   │   │   │   │   │   │   │   │   └─ ← [Return] 0
    │   │   │   │   │   │   │   │   │   │   │   │   │   └─ ← [Return] false
    │   │   │   │   │   │   │   │   │   │   │   │   ├─ [1695] 0xcbc1BE39ba277525E774976c61660f29fA75C5a4::is_registered(CurveStableSwapNG: [0x13e12BB0E6A2f1A3d6901a59a9d585e89A6243e1]) [staticcall]
    │   │   │   │   │   │   │   │   │   │   │   │   │   ├─ [1031] 0x0c0e5f2fF0ff18a3be9b835635039256dC4B4963::get_coins(CurveStableSwapNG: [0x13e12BB0E6A2f1A3d6901a59a9d585e89A6243e1]) [staticcall]
    │   │   │   │   │   │   │   │   │   │   │   │   │   │   └─ ← [Return] 0x000000000000000000000000000000000000000000000000000000000000000000000000000000000000000000000000000000000000000000000000000000000000000000000000000000000000000000000000000000000000000000000000
    │   │   │   │   │   │   │   │   │   │   │   │   │   └─ ← [Return] false
    │   │   │   │   │   │   │   │   │   │   │   │   ├─ [814] CurveStableswapFactoryNGHandler::is_registered(CurveStableSwapNG: [0x13e12BB0E6A2f1A3d6901a59a9d585e89A6243e1]) [staticcall]
    │   │   │   │   │   │   │   │   │   │   │   │   │   ├─ [347] CurveStableswapFactoryNG::get_n_coins(CurveStableSwapNG: [0x13e12BB0E6A2f1A3d6901a59a9d585e89A6243e1]) [staticcall]
    │   │   │   │   │   │   │   │   │   │   │   │   │   │   └─ ← [Return] 2
    │   │   │   │   │   │   │   │   │   │   │   │   │   └─ ← [Return] true
    │   │   │   │   │   │   │   │   │   │   │   │   ├─ [1636] 0x33C5252f240f02123090cfF1D8E3B80FceC31e54::is_registered(CurveStableSwapNG: [0x13e12BB0E6A2f1A3d6901a59a9d585e89A6243e1]) [staticcall]
    │   │   │   │   │   │   │   │   │   │   │   │   │   ├─ [472] CurveTwocryptoFactory::get_coins(CurveStableSwapNG: [0x13e12BB0E6A2f1A3d6901a59a9d585e89A6243e1]) [staticcall]
    │   │   │   │   │   │   │   │   │   │   │   │   │   │   └─ ← [Return] 0x00000000000000000000000000000000000000000000000000000000000000000000000000000000000000000000000000000000000000000000000000000000
    │   │   │   │   │   │   │   │   │   │   │   │   │   ├─ [39] PRECOMPILES::identity(0x00000000000000000000000000000000000000000000000000000000000000000000000000000000000000000000000000000000000000000000000000000000000000000000000000000000000000000000000000000000000000000000000000000000000000000000000000000000000000000000000000000000000000000000000000000000000000000000000000000000000000000000000000000000000000000000000000000000000000000000000000000000000000000000000000000000000000000000000000000000000000000000000000000000000000000000000000000000000000000000000000000000000000000000000000000000) [staticcall]
    │   │   │   │   │   │   │   │   │   │   │   │   │   │   └─ ← [Return] 0x00000000000000000000000000000000000000000000000000000000000000000000000000000000000000000000000000000000000000000000000000000000000000000000000000000000000000000000000000000000000000000000000000000000000000000000000000000000000000000000000000000000000000000000000000000000000000000000000000000000000000000000000000000000000000000000000000000000000000000000000000000000000000000000000000000000000000000000000000000000000000000000000000000000000000000000000000000000000000000000000000000000000000000000000000000000
    │   │   │   │   │   │   │   │   │   │   │   │   │   └─ ← [Return] false
    │   │   │   │   │   │   │   │   │   │   │   │   ├─ [7114] CurveStableswapFactoryNGHandler::get_balances(CurveStableSwapNG: [0x13e12BB0E6A2f1A3d6901a59a9d585e89A6243e1]) [staticcall]
    │   │   │   │   │   │   │   │   │   │   │   │   │   ├─ [5534] CurveStableswapFactoryNG::get_balances(CurveStableSwapNG: [0x13e12BB0E6A2f1A3d6901a59a9d585e89A6243e1]) [staticcall]
    │   │   │   │   │   │   │   │   │   │   │   │   │   │   ├─ [1989] CurveStableSwapNG::balances(0) [staticcall]
    │   │   │   │   │   │   │   │   │   │   │   │   │   │   │   ├─ [24] PRECOMPILES::identity(0x0000000000000000000000000000000000000000000000000000000000000002000000000000000000000000000000000000000000037a857cee61d14366fd9300000000000000000000000000000000000000000007be73ff6d17387f45e3e4) [staticcall]
    │   │   │   │   │   │   │   │   │   │   │   │   │   │   │   │   └─ ← [Return] 0x0000000000000000000000000000000000000000000000000000000000000002000000000000000000000000000000000000000000037a857cee61d14366fd9300000000000000000000000000000000000000000007be73ff6d17387f45e3e4
    │   │   │   │   │   │   │   │   │   │   │   │   │   │   │   └─ ← [Return] 4205368588956044177636755 [4.205e24]
    │   │   │   │   │   │   │   │   │   │   │   │   │   │   ├─ [1989] CurveStableSwapNG::balances(1) [staticcall]
    │   │   │   │   │   │   │   │   │   │   │   │   │   │   │   ├─ [24] PRECOMPILES::identity(0x0000000000000000000000000000000000000000000000000000000000000002000000000000000000000000000000000000000000037a857cee61d14366fd9300000000000000000000000000000000000000000007be73ff6d17387f45e3e4) [staticcall]
    │   │   │   │   │   │   │   │   │   │   │   │   │   │   │   │   └─ ← [Return] 0x0000000000000000000000000000000000000000000000000000000000000002000000000000000000000000000000000000000000037a857cee61d14366fd9300000000000000000000000000000000000000000007be73ff6d17387f45e3e4
    │   │   │   │   │   │   │   │   │   │   │   │   │   │   │   └─ ← [Return] 9361870150008896965960676 [9.361e24]
    │   │   │   │   │   │   │   │   │   │   │   │   │   │   └─ ← [Return] 0x00000000000000000000000000000000000000000000000000000000000000200000000000000000000000000000000000000000000000000000000000000002000000000000000000000000000000000000000000037a857cee61d14366fd9300000000000000000000000000000000000000000007be73ff6d17387f45e3e4
    │   │   │   │   │   │   │   │   │   │   │   │   │   ├─ [24] PRECOMPILES::identity(0x0000000000000000000000000000000000000000000000000000000000000002000000000000000000000000000000000000000000037a857cee61d14366fd9300000000000000000000000000000000000000000007be73ff6d17387f45e3e4) [staticcall]
    │   │   │   │   │   │   │   │   │   │   │   │   │   │   └─ ← [Return] 0x0000000000000000000000000000000000000000000000000000000000000002000000000000000000000000000000000000000000037a857cee61d14366fd9300000000000000000000000000000000000000000007be73ff6d17387f45e3e4
    │   │   │   │   │   │   │   │   │   │   │   │   │   ├─ [24] PRECOMPILES::identity(0x0000000000000000000000000000000000000000000000000000000000000002000000000000000000000000000000000000000000037a857cee61d14366fd9300000000000000000000000000000000000000000007be73ff6d17387f45e3e4) [staticcall]
    │   │   │   │   │   │   │   │   │   │   │   │   │   │   └─ ← [Return] 0x0000000000000000000000000000000000000000000000000000000000000002000000000000000000000000000000000000000000037a857cee61d14366fd9300000000000000000000000000000000000000000007be73ff6d17387f45e3e4
    │   │   │   │   │   │   │   │   │   │   │   │   │   ├─ [39] PRECOMPILES::identity(0x000000000000000000000000000000000000000000037a857cee61d14366fd9300000000000000000000000000000000000000000007be73ff6d17387f45e3e4000000000000000000000000000000000000000000000000000000000000000000000000000000000000000000000000000000000000000000000000000000000000000000000000000000000000000000000000000000000000000000000000000000000000000000000000000000000000000000000000000000000000000000000000000000000000000000000000000000000000000000000000000000000000000000000000000000000000000000000000000000000000000000000000) [staticcall]
    │   │   │   │   │   │   │   │   │   │   │   │   │   │   └─ ← [Return] 0x000000000000000000000000000000000000000000037a857cee61d14366fd9300000000000000000000000000000000000000000007be73ff6d17387f45e3e4000000000000000000000000000000000000000000000000000000000000000000000000000000000000000000000000000000000000000000000000000000000000000000000000000000000000000000000000000000000000000000000000000000000000000000000000000000000000000000000000000000000000000000000000000000000000000000000000000000000000000000000000000000000000000000000000000000000000000000000000000000000000000000000000
    │   │   │   │   │   │   │   │   │   │   │   │   │   └─ ← [Return] [4205368588956044177636755 [4.205e24], 9361870150008896965960676 [9.361e24], 0, 0, 0, 0, 0, 0]
    │   │   │   │   │   │   │   │   │   │   │   │   └─ ← [Return] [4205368588956044177636755 [4.205e24], 9361870150008896965960676 [9.361e24], 0, 0, 0, 0, 0, 0]
    │   │   │   │   │   │   │   │   │   │   │   └─ ← [Return] 0x000000000000000000000000000000000000000000037a857cee61d14366fd9300000000000000000000000000000000000000000007be73ff6d17387f45e3e4000000000000000000000000000000000000000000000000000000000000000000000000000000000000000000000000000000000000000000000000000000000000000000000000000000000000000000000000000000000000000000000000000000000000000000000000000000000000000000000000000000000000000000000000000000000000000000000000000000000000000000000000000000000000000000000000000000000000000000000000000000000000000000000000
    │   │   │   │   │   │   │   │   │   │   ├─ [643] TransparentUpgradeableProxy::fallback() [staticcall]
    │   │   │   │   │   │   │   │   │   │   │   ├─ [222] FrxUSD::decimals() [delegatecall]
    │   │   │   │   │   │   │   │   │   │   │   │   └─ ← [Return] 18
    │   │   │   │   │   │   │   │   │   │   │   └─ ← [Return] 18
    │   │   │   │   │   │   │   │   │   │   ├─ [21798] CurveStableSwapNG::get_dy(0, 1, 1000000000000000 [1e15]) [staticcall]
    │   │   │   │   │   │   │   │   │   │   │   ├─ [221] CurveStableswapFactoryNG::views_implementation() [staticcall]
    │   │   │   │   │   │   │   │   │   │   │   │   └─ ← [Return] CurveStableSwapNGViews: [0xFF53042865dF617de4bB871bD0988E7B93439cCF]
    │   │   │   │   │   │   │   │   │   │   │   ├─ [20771] CurveStableSwapNGViews::get_dy(0, 1, 1000000000000000 [1e15], CurveStableSwapNG: [0x13e12BB0E6A2f1A3d6901a59a9d585e89A6243e1]) [staticcall]
    │   │   │   │   │   │   │   │   │   │   │   │   ├─ [275] CurveStableSwapNG::N_COINS() [staticcall]
    │   │   │   │   │   │   │   │   │   │   │   │   │   └─ ← [Return] 2
    │   │   │   │   │   │   │   │   │   │   │   │   ├─ [1478] CurveStableSwapNG::stored_rates() [staticcall]
    │   │   │   │   │   │   │   │   │   │   │   │   │   ├─ [24] PRECOMPILES::identity(0x00000000000000000000000000000000000000000000000000000000000000020000000000000000000000000000000000000000000000000de0b6b3a76400000000000000000000000000000000000000000000000000000de0b6b3a7640000) [staticcall]
    │   │   │   │   │   │   │   │   │   │   │   │   │   │   └─ ← [Return] 0x00000000000000000000000000000000000000000000000000000000000000020000000000000000000000000000000000000000000000000de0b6b3a76400000000000000000000000000000000000000000000000000000de0b6b3a7640000
    │   │   │   │   │   │   │   │   │   │   │   │   │   └─ ← [Return] [1000000000000000000 [1e18], 1000000000000000000 [1e18]]
    │   │   │   │   │   │   │   │   │   │   │   │   ├─ [24] PRECOMPILES::identity(0x00000000000000000000000000000000000000000000000000000000000000020000000000000000000000000000000000000000000000000de0b6b3a76400000000000000000000000000000000000000000000000000000de0b6b3a7640000) [staticcall]
    │   │   │   │   │   │   │   │   │   │   │   │   │   └─ ← [Return] 0x00000000000000000000000000000000000000000000000000000000000000020000000000000000000000000000000000000000000000000de0b6b3a76400000000000000000000000000000000000000000000000000000de0b6b3a7640000
    │   │   │   │   │   │   │   │   │   │   │   │   ├─ [24] PRECOMPILES::identity(0x00000000000000000000000000000000000000000000000000000000000000020000000000000000000000000000000000000000000000000de0b6b3a76400000000000000000000000000000000000000000000000000000de0b6b3a7640000) [staticcall]
    │   │   │   │   │   │   │   │   │   │   │   │   │   └─ ← [Return] 0x00000000000000000000000000000000000000000000000000000000000000020000000000000000000000000000000000000000000000000de0b6b3a76400000000000000000000000000000000000000000000000000000de0b6b3a7640000
    │   │   │   │   │   │   │   │   │   │   │   │   ├─ [2258] CurveStableSwapNG::get_balances() [staticcall]
    │   │   │   │   │   │   │   │   │   │   │   │   │   ├─ [24] PRECOMPILES::identity(0x0000000000000000000000000000000000000000000000000000000000000002000000000000000000000000000000000000000000037a857cee61d14366fd9300000000000000000000000000000000000000000007be73ff6d17387f45e3e4) [staticcall]
    │   │   │   │   │   │   │   │   │   │   │   │   │   │   └─ ← [Return] 0x0000000000000000000000000000000000000000000000000000000000000002000000000000000000000000000000000000000000037a857cee61d14366fd9300000000000000000000000000000000000000000007be73ff6d17387f45e3e4
    │   │   │   │   │   │   │   │   │   │   │   │   │   └─ ← [Return] [4205368588956044177636755 [4.205e24], 9361870150008896965960676 [9.361e24]]
    │   │   │   │   │   │   │   │   │   │   │   │   ├─ [24] PRECOMPILES::identity(0x0000000000000000000000000000000000000000000000000000000000000002000000000000000000000000000000000000000000037a857cee61d14366fd9300000000000000000000000000000000000000000007be73ff6d17387f45e3e4) [staticcall]
    │   │   │   │   │   │   │   │   │   │   │   │   │   └─ ← [Return] 0x0000000000000000000000000000000000000000000000000000000000000002000000000000000000000000000000000000000000037a857cee61d14366fd9300000000000000000000000000000000000000000007be73ff6d17387f45e3e4
    │   │   │   │   │   │   │   │   │   │   │   │   ├─ [24] PRECOMPILES::identity(0x0000000000000000000000000000000000000000000000000000000000000002000000000000000000000000000000000000000000037a857cee61d14366fd9300000000000000000000000000000000000000000007be73ff6d17387f45e3e4) [staticcall]
    │   │   │   │   │   │   │   │   │   │   │   │   │   └─ ← [Return] 0x0000000000000000000000000000000000000000000000000000000000000002000000000000000000000000000000000000000000037a857cee61d14366fd9300000000000000000000000000000000000000000007be73ff6d17387f45e3e4
    │   │   │   │   │   │   │   │   │   │   │   │   ├─ [24] PRECOMPILES::identity(0x00000000000000000000000000000000000000000000000000000000000000020000000000000000000000000000000000000000000000000de0b6b3a76400000000000000000000000000000000000000000000000000000de0b6b3a7640000) [staticcall]
    │   │   │   │   │   │   │   │   │   │   │   │   │   └─ ← [Return] 0x00000000000000000000000000000000000000000000000000000000000000020000000000000000000000000000000000000000000000000de0b6b3a76400000000000000000000000000000000000000000000000000000de0b6b3a7640000
    │   │   │   │   │   │   │   │   │   │   │   │   ├─ [24] PRECOMPILES::identity(0x0000000000000000000000000000000000000000000000000000000000000002000000000000000000000000000000000000000000037a857cee61d14366fd9300000000000000000000000000000000000000000007be73ff6d17387f45e3e4) [staticcall]
    │   │   │   │   │   │   │   │   │   │   │   │   │   └─ ← [Return] 0x0000000000000000000000000000000000000000000000000000000000000002000000000000000000000000000000000000000000037a857cee61d14366fd9300000000000000000000000000000000000000000007be73ff6d17387f45e3e4
    │   │   │   │   │   │   │   │   │   │   │   │   ├─ [24] PRECOMPILES::identity(0x0000000000000000000000000000000000000000000000000000000000000002000000000000000000000000000000000000000000037a857cee61d14366fd9300000000000000000000000000000000000000000007be73ff6d17387f45e3e4) [staticcall]
    │   │   │   │   │   │   │   │   │   │   │   │   │   └─ ← [Return] 0x0000000000000000000000000000000000000000000000000000000000000002000000000000000000000000000000000000000000037a857cee61d14366fd9300000000000000000000000000000000000000000007be73ff6d17387f45e3e4
    │   │   │   │   │   │   │   │   │   │   │   │   ├─ [24] PRECOMPILES::identity(0x00000000000000000000000000000000000000000000000000000000000000020000000000000000000000000000000000000000000000000de0b6b3a76400000000000000000000000000000000000000000000000000000de0b6b3a7640000) [staticcall]
    │   │   │   │   │   │   │   │   │   │   │   │   │   └─ ← [Return] 0x00000000000000000000000000000000000000000000000000000000000000020000000000000000000000000000000000000000000000000de0b6b3a76400000000000000000000000000000000000000000000000000000de0b6b3a7640000
    │   │   │   │   │   │   │   │   │   │   │   │   ├─ [24] PRECOMPILES::identity(0x0000000000000000000000000000000000000000000000000000000000000002000000000000000000000000000000000000000000037a857cee61d14366fd9300000000000000000000000000000000000000000007be73ff6d17387f45e3e4) [staticcall]
    │   │   │   │   │   │   │   │   │   │   │   │   │   └─ ← [Return] 0x0000000000000000000000000000000000000000000000000000000000000002000000000000000000000000000000000000000000037a857cee61d14366fd9300000000000000000000000000000000000000000007be73ff6d17387f45e3e4
    │   │   │   │   │   │   │   │   │   │   │   │   ├─ [24] PRECOMPILES::identity(0x0000000000000000000000000000000000000000000000000000000000000002000000000000000000000000000000000000000000037a857cee61d14366fd9300000000000000000000000000000000000000000007be73ff6d17387f45e3e4) [staticcall]
    │   │   │   │   │   │   │   │   │   │   │   │   │   └─ ← [Return] 0x0000000000000000000000000000000000000000000000000000000000000002000000000000000000000000000000000000000000037a857cee61d14366fd9300000000000000000000000000000000000000000007be73ff6d17387f45e3e4
    │   │   │   │   │   │   │   │   │   │   │   │   ├─ [590] CurveStableSwapNG::A() [staticcall]
    │   │   │   │   │   │   │   │   │   │   │   │   │   └─ ← [Return] 2000
    │   │   │   │   │   │   │   │   │   │   │   │   ├─ [24] PRECOMPILES::identity(0x0000000000000000000000000000000000000000000000000000000000000002000000000000000000000000000000000000000000037a857cee61d14366fd9300000000000000000000000000000000000000000007be73ff6d17387f45e3e4) [staticcall]
    │   │   │   │   │   │   │   │   │   │   │   │   │   └─ ← [Return] 0x0000000000000000000000000000000000000000000000000000000000000002000000000000000000000000000000000000000000037a857cee61d14366fd9300000000000000000000000000000000000000000007be73ff6d17387f45e3e4
    │   │   │   │   │   │   │   │   │   │   │   │   ├─ [24] PRECOMPILES::identity(0x0000000000000000000000000000000000000000000000000000000000000002000000000000000000000000000000000000000000037a857cee61d14366fd9300000000000000000000000000000000000000000007be73ff6d17387f45e3e4) [staticcall]
    │   │   │   │   │   │   │   │   │   │   │   │   │   └─ ← [Return] 0x0000000000000000000000000000000000000000000000000000000000000002000000000000000000000000000000000000000000037a857cee61d14366fd9300000000000000000000000000000000000000000007be73ff6d17387f45e3e4
    │   │   │   │   │   │   │   │   │   │   │   │   ├─ [369] CurveStableSwapNG::fee() [staticcall]
    │   │   │   │   │   │   │   │   │   │   │   │   │   └─ ← [Return] 1000000 [1e6]
    │   │   │   │   │   │   │   │   │   │   │   │   ├─ [369] CurveStableSwapNG::offpeg_fee_multiplier() [staticcall]
    │   │   │   │   │   │   │   │   │   │   │   │   │   └─ ← [Return] 50000000000 [5e10]
    │   │   │   │   │   │   │   │   │   │   │   │   └─ ← [Return] 1000405839324408 [1e15]
    │   │   │   │   │   │   │   │   │   │   │   └─ ← [Return] 1000405839324408 [1e15]
    │   │   │   │   │   │   │   │   │   │   ├─ [369] CurveStableSwapNG::fee() [staticcall]
    │   │   │   │   │   │   │   │   │   │   │   └─ ← [Return] 1000000 [1e6]
    │   │   │   │   │   │   │   │   │   │   ├─ [337] CurveStableSwapNG::coins(1) [staticcall]
    │   │   │   │   │   │   │   │   │   │   │   └─ ← [Return] crvUSD Stablecoin: [0xf939E0A03FB07F59A73314E73794Be0E57ac1b4E]
    │   │   │   │   │   │   │   │   │   │   ├─ [369] crvUSD Stablecoin::decimals() [staticcall]
    │   │   │   │   │   │   │   │   │   │   │   └─ ← [Return] 18
    │   │   │   │   │   │   │   │   │   │   ├─ [22720] CurveStableSwapNG::get_dy(1, 0, 1000000000000000 [1e15]) [staticcall]
    │   │   │   │   │   │   │   │   │   │   │   ├─ [221] CurveStableswapFactoryNG::views_implementation() [staticcall]
    │   │   │   │   │   │   │   │   │   │   │   │   └─ ← [Return] CurveStableSwapNGViews: [0xFF53042865dF617de4bB871bD0988E7B93439cCF]
    │   │   │   │   │   │   │   │   │   │   │   ├─ [21693] CurveStableSwapNGViews::get_dy(1, 0, 1000000000000000 [1e15], CurveStableSwapNG: [0x13e12BB0E6A2f1A3d6901a59a9d585e89A6243e1]) [staticcall]
    │   │   │   │   │   │   │   │   │   │   │   │   ├─ [275] CurveStableSwapNG::N_COINS() [staticcall]
    │   │   │   │   │   │   │   │   │   │   │   │   │   └─ ← [Return] 2
    │   │   │   │   │   │   │   │   │   │   │   │   ├─ [1478] CurveStableSwapNG::stored_rates() [staticcall]
    │   │   │   │   │   │   │   │   │   │   │   │   │   ├─ [24] PRECOMPILES::identity(0x00000000000000000000000000000000000000000000000000000000000000020000000000000000000000000000000000000000000000000de0b6b3a76400000000000000000000000000000000000000000000000000000de0b6b3a7640000) [staticcall]
    │   │   │   │   │   │   │   │   │   │   │   │   │   │   └─ ← [Return] 0x00000000000000000000000000000000000000000000000000000000000000020000000000000000000000000000000000000000000000000de0b6b3a76400000000000000000000000000000000000000000000000000000de0b6b3a7640000
    │   │   │   │   │   │   │   │   │   │   │   │   │   └─ ← [Return] [1000000000000000000 [1e18], 1000000000000000000 [1e18]]
    │   │   │   │   │   │   │   │   │   │   │   │   ├─ [24] PRECOMPILES::identity(0x00000000000000000000000000000000000000000000000000000000000000020000000000000000000000000000000000000000000000000de0b6b3a76400000000000000000000000000000000000000000000000000000de0b6b3a7640000) [staticcall]
    │   │   │   │   │   │   │   │   │   │   │   │   │   └─ ← [Return] 0x00000000000000000000000000000000000000000000000000000000000000020000000000000000000000000000000000000000000000000de0b6b3a76400000000000000000000000000000000000000000000000000000de0b6b3a7640000
    │   │   │   │   │   │   │   │   │   │   │   │   ├─ [24] PRECOMPILES::identity(0x00000000000000000000000000000000000000000000000000000000000000020000000000000000000000000000000000000000000000000de0b6b3a76400000000000000000000000000000000000000000000000000000de0b6b3a7640000) [staticcall]
    │   │   │   │   │   │   │   │   │   │   │   │   │   └─ ← [Return] 0x00000000000000000000000000000000000000000000000000000000000000020000000000000000000000000000000000000000000000000de0b6b3a76400000000000000000000000000000000000000000000000000000de0b6b3a7640000
    │   │   │   │   │   │   │   │   │   │   │   │   ├─ [2258] CurveStableSwapNG::get_balances() [staticcall]
    │   │   │   │   │   │   │   │   │   │   │   │   │   ├─ [24] PRECOMPILES::identity(0x0000000000000000000000000000000000000000000000000000000000000002000000000000000000000000000000000000000000037a857cee61d14366fd9300000000000000000000000000000000000000000007be73ff6d17387f45e3e4) [staticcall]
    │   │   │   │   │   │   │   │   │   │   │   │   │   │   └─ ← [Return] 0x0000000000000000000000000000000000000000000000000000000000000002000000000000000000000000000000000000000000037a857cee61d14366fd9300000000000000000000000000000000000000000007be73ff6d17387f45e3e4
    │   │   │   │   │   │   │   │   │   │   │   │   │   └─ ← [Return] [4205368588956044177636755 [4.205e24], 9361870150008896965960676 [9.361e24]]
    │   │   │   │   │   │   │   │   │   │   │   │   ├─ [24] PRECOMPILES::identity(0x0000000000000000000000000000000000000000000000000000000000000002000000000000000000000000000000000000000000037a857cee61d14366fd9300000000000000000000000000000000000000000007be73ff6d17387f45e3e4) [staticcall]
    │   │   │   │   │   │   │   │   │   │   │   │   │   └─ ← [Return] 0x0000000000000000000000000000000000000000000000000000000000000002000000000000000000000000000000000000000000037a857cee61d14366fd9300000000000000000000000000000000000000000007be73ff6d17387f45e3e4
    │   │   │   │   │   │   │   │   │   │   │   │   ├─ [24] PRECOMPILES::identity(0x0000000000000000000000000000000000000000000000000000000000000002000000000000000000000000000000000000000000037a857cee61d14366fd9300000000000000000000000000000000000000000007be73ff6d17387f45e3e4) [staticcall]
    │   │   │   │   │   │   │   │   │   │   │   │   │   └─ ← [Return] 0x0000000000000000000000000000000000000000000000000000000000000002000000000000000000000000000000000000000000037a857cee61d14366fd9300000000000000000000000000000000000000000007be73ff6d17387f45e3e4
    │   │   │   │   │   │   │   │   │   │   │   │   ├─ [24] PRECOMPILES::identity(0x00000000000000000000000000000000000000000000000000000000000000020000000000000000000000000000000000000000000000000de0b6b3a76400000000000000000000000000000000000000000000000000000de0b6b3a7640000) [staticcall]
    │   │   │   │   │   │   │   │   │   │   │   │   │   └─ ← [Return] 0x00000000000000000000000000000000000000000000000000000000000000020000000000000000000000000000000000000000000000000de0b6b3a76400000000000000000000000000000000000000000000000000000de0b6b3a7640000
    │   │   │   │   │   │   │   │   │   │   │   │   ├─ [24] PRECOMPILES::identity(0x0000000000000000000000000000000000000000000000000000000000000002000000000000000000000000000000000000000000037a857cee61d14366fd9300000000000000000000000000000000000000000007be73ff6d17387f45e3e4) [staticcall]
    │   │   │   │   │   │   │   │   │   │   │   │   │   └─ ← [Return] 0x0000000000000000000000000000000000000000000000000000000000000002000000000000000000000000000000000000000000037a857cee61d14366fd9300000000000000000000000000000000000000000007be73ff6d17387f45e3e4
    │   │   │   │   │   │   │   │   │   │   │   │   ├─ [24] PRECOMPILES::identity(0x0000000000000000000000000000000000000000000000000000000000000002000000000000000000000000000000000000000000037a857cee61d14366fd9300000000000000000000000000000000000000000007be73ff6d17387f45e3e4) [staticcall]
    │   │   │   │   │   │   │   │   │   │   │   │   │   └─ ← [Return] 0x0000000000000000000000000000000000000000000000000000000000000002000000000000000000000000000000000000000000037a857cee61d14366fd9300000000000000000000000000000000000000000007be73ff6d17387f45e3e4
    │   │   │   │   │   │   │   │   │   │   │   │   ├─ [24] PRECOMPILES::identity(0x00000000000000000000000000000000000000000000000000000000000000020000000000000000000000000000000000000000000000000de0b6b3a76400000000000000000000000000000000000000000000000000000de0b6b3a7640000) [staticcall]
    │   │   │   │   │   │   │   │   │   │   │   │   │   └─ ← [Return] 0x00000000000000000000000000000000000000000000000000000000000000020000000000000000000000000000000000000000000000000de0b6b3a76400000000000000000000000000000000000000000000000000000de0b6b3a7640000
    │   │   │   │   │   │   │   │   │   │   │   │   ├─ [24] PRECOMPILES::identity(0x0000000000000000000000000000000000000000000000000000000000000002000000000000000000000000000000000000000000037a857cee61d14366fd9300000000000000000000000000000000000000000007be73ff6d17387f45e3e4) [staticcall]
    │   │   │   │   │   │   │   │   │   │   │   │   │   └─ ← [Return] 0x0000000000000000000000000000000000000000000000000000000000000002000000000000000000000000000000000000000000037a857cee61d14366fd9300000000000000000000000000000000000000000007be73ff6d17387f45e3e4
    │   │   │   │   │   │   │   │   │   │   │   │   ├─ [24] PRECOMPILES::identity(0x0000000000000000000000000000000000000000000000000000000000000002000000000000000000000000000000000000000000037a857cee61d14366fd9300000000000000000000000000000000000000000007be73ff6d17387f45e3e4) [staticcall]
    │   │   │   │   │   │   │   │   │   │   │   │   │   └─ ← [Return] 0x0000000000000000000000000000000000000000000000000000000000000002000000000000000000000000000000000000000000037a857cee61d14366fd9300000000000000000000000000000000000000000007be73ff6d17387f45e3e4
    │   │   │   │   │   │   │   │   │   │   │   │   ├─ [590] CurveStableSwapNG::A() [staticcall]
    │   │   │   │   │   │   │   │   │   │   │   │   │   └─ ← [Return] 2000
    │   │   │   │   │   │   │   │   │   │   │   │   ├─ [24] PRECOMPILES::identity(0x0000000000000000000000000000000000000000000000000000000000000002000000000000000000000000000000000000000000037a857cee61d14366fd9300000000000000000000000000000000000000000007be73ff6d17387f45e3e4) [staticcall]
    │   │   │   │   │   │   │   │   │   │   │   │   │   └─ ← [Return] 0x0000000000000000000000000000000000000000000000000000000000000002000000000000000000000000000000000000000000037a857cee61d14366fd9300000000000000000000000000000000000000000007be73ff6d17387f45e3e4
    │   │   │   │   │   │   │   │   │   │   │   │   ├─ [24] PRECOMPILES::identity(0x0000000000000000000000000000000000000000000000000000000000000002000000000000000000000000000000000000000000037a857cee61d14366fd9300000000000000000000000000000000000000000007be73ff6d17387f45e3e4) [staticcall]
    │   │   │   │   │   │   │   │   │   │   │   │   │   └─ ← [Return] 0x0000000000000000000000000000000000000000000000000000000000000002000000000000000000000000000000000000000000037a857cee61d14366fd9300000000000000000000000000000000000000000007be73ff6d17387f45e3e4
    │   │   │   │   │   │   │   │   │   │   │   │   ├─ [369] CurveStableSwapNG::fee() [staticcall]
    │   │   │   │   │   │   │   │   │   │   │   │   │   └─ ← [Return] 1000000 [1e6]
    │   │   │   │   │   │   │   │   │   │   │   │   ├─ [369] CurveStableSwapNG::offpeg_fee_multiplier() [staticcall]
    │   │   │   │   │   │   │   │   │   │   │   │   │   └─ ← [Return] 50000000000 [5e10]
    │   │   │   │   │   │   │   │   │   │   │   │   └─ ← [Return] 999368297428964 [9.993e14]
    │   │   │   │   │   │   │   │   │   │   │   └─ ← [Return] 999368297428964 [9.993e14]
    │   │   │   │   │   │   │   │   │   │   ├─ [369] CurveStableSwapNG::fee() [staticcall]
    │   │   │   │   │   │   │   │   │   │   │   └─ ← [Return] 1000000 [1e6]
    │   │   │   │   │   │   │   │   │   │   ├─ [337] CurveStableSwapNG::coins(0) [staticcall]
    │   │   │   │   │   │   │   │   │   │   │   └─ ← [Return] TransparentUpgradeableProxy: [0xCAcd6fd266aF91b8AeD52aCCc382b4e165586E29]
    │   │   │   │   │   │   │   │   │   │   └─ ← [Return] 13501152757177546926514103 [1.35e25], [ReserveItemInfo({ token: 0xCAcd6fd266aF91b8AeD52aCCc382b4e165586E29, reserveAmount: 4205368588956044177636755 [4.205e24], rawSpotPrice: 1000505889913399339 [1e18], actualQuoteToken: 0xf939E0A03FB07F59A73314E73794Be0E57ac1b4E }), ReserveItemInfo({ token: 0xf939E0A03FB07F59A73314E73794Be0E57ac1b4E, reserveAmount: 9361870150008896965960676 [9.361e24], rawSpotPrice: 999468244253389338 [9.994e17], actualQuoteToken: 0xCAcd6fd266aF91b8AeD52aCCc382b4e165586E29 })]
    │   │   │   │   │   │   │   │   │   ├─ [1164] FiatTokenProxy::fallback() [staticcall]
    │   │   │   │   │   │   │   │   │   │   ├─ [381] FiatTokenV2_2::decimals() [delegatecall]
    │   │   │   │   │   │   │   │   │   │   │   └─ ← [Return] 6
    │   │   │   │   │   │   │   │   │   │   └─ ← [Return] 6
    │   │   │   │   │   │   │   │   │   ├─ [269] CurveStableSwapNG::decimals() [staticcall]
    │   │   │   │   │   │   │   │   │   │   └─ ← [Return] 18
    │   │   │   │   │   │   │   │   │   ├─ [1164] FiatTokenProxy::fallback() [staticcall]
    │   │   │   │   │   │   │   │   │   │   ├─ [381] FiatTokenV2_2::decimals() [delegatecall]
    │   │   │   │   │   │   │   │   │   │   │   └─ ← [Return] 6
    │   │   │   │   │   │   │   │   │   │   └─ ← [Return] 6
    │   │   │   │   │   │   │   │   │   ├─ [18208] ChainlinkOracle::getPriceInEth(TransparentUpgradeableProxy: [0xCAcd6fd266aF91b8AeD52aCCc382b4e165586E29])
    │   │   │   │   │   │   │   │   │   │   ├─ [3142] EACAggregatorProxy::latestRoundData() [staticcall]
    │   │   │   │   │   │   │   │   │   │   │   ├─ [1409] AccessControlledOCR2Aggregator::latestRoundData() [staticcall]
    │   │   │   │   │   │   │   │   │   │   │   │   └─ ← [Return] 431, 99998053 [9.999e7], 1781206659 [1.781e9], 1781206691 [1.781e9], 431
    │   │   │   │   │   │   │   │   │   │   │   └─ ← [Return] 18446744073709552047 [1.844e19], 99998053 [9.999e7], 1781206659 [1.781e9], 1781206691 [1.781e9], 18446744073709552047 [1.844e19]
    │   │   │   │   │   │   │   │   │   │   ├─ [371] EACAggregatorProxy::aggregator() [staticcall]
    │   │   │   │   │   │   │   │   │   │   │   └─ ← [Return] AccessControlledOCR2Aggregator: [0x62a897c3e81d809c7444BB63D7D51E1F2EbB6C3D]
    │   │   │   │   │   │   │   │   │   │   ├─ [322] AccessControlledOCR2Aggregator::maxAnswer() [staticcall]
    │   │   │   │   │   │   │   │   │   │   │   └─ ← [Return] 95780971304118053647396689196894323976171195136475135 [9.578e52]
    │   │   │   │   │   │   │   │   │   │   ├─ [300] AccessControlledOCR2Aggregator::minAnswer() [staticcall]
    │   │   │   │   │   │   │   │   │   │   │   └─ ← [Return] 1
    │   │   │   │   │   │   │   │   │   │   ├─ [386] SystemRegistry::rootPriceOracle() [staticcall]
    │   │   │   │   │   │   │   │   │   │   │   └─ ← [Return] RootPriceOracle: [0x61F8BE7FD721e80C0249829eaE6f0DAf21bc2CaC]
    │   │   │   │   │   │   │   │   │   │   ├─ [8425] RootPriceOracle::getPriceInEth(0x4554485F494e5f55534400000000000000000000)
    │   │   │   │   │   │   │   │   │   │   │   ├─ [7331] ChainlinkOracle::getPriceInEth(0x4554485F494e5f55534400000000000000000000)
    │   │   │   │   │   │   │   │   │   │   │   │   ├─ [2337] EACAggregatorProxy::latestRoundData() [staticcall]
    │   │   │   │   │   │   │   │   │   │   │   │   │   ├─ [604] AccessControlledOCR2Aggregator::latestRoundData() [staticcall]
    │   │   │   │   │   │   │   │   │   │   │   │   │   │   └─ ← [Return] 10000 [1e4], 167931308898 [1.679e11], 1781230127 [1.781e9], 1781230127 [1.781e9], 10000 [1e4]
    │   │   │   │   │   │   │   │   │   │   │   │   │   └─ ← [Return] 129127208515966871312 [1.291e20], 167931308898 [1.679e11], 1781230127 [1.781e9], 1781230127 [1.781e9], 129127208515966871312 [1.291e20]
    │   │   │   │   │   │   │   │   │   │   │   │   ├─ [371] EACAggregatorProxy::aggregator() [staticcall]
    │   │   │   │   │   │   │   │   │   │   │   │   │   └─ ← [Return] AccessControlledOCR2Aggregator: [0x7d4E742018fb52E48b08BE73d041C18B21de6Fb5]
    │   │   │   │   │   │   │   │   │   │   │   │   ├─ [263] AccessControlledOCR2Aggregator::maxAnswer() [staticcall]
    │   │   │   │   │   │   │   │   │   │   │   │   │   └─ ← [Return] 3138550867693340381917894711603833208051177722232017256447 [3.138e57]
    │   │   │   │   │   │   │   │   │   │   │   │   ├─ [148] AccessControlledOCR2Aggregator::minAnswer() [staticcall]
    │   │   │   │   │   │   │   │   │   │   │   │   │   └─ ← [Return] 1
    │   │   │   │   │   │   │   │   │   │   │   │   └─ ← [Return] 1679313088980000000000 [1.679e21]
    │   │   │   │   │   │   │   │   │   │   │   └─ ← [Return] 1679313088980000000000 [1.679e21]
    │   │   │   │   │   │   │   │   │   │   └─ ← [Return] 595469979101621 [5.954e14]
    │   │   │   │   │   │   │   │   │   ├─ [18208] ChainlinkOracle::getPriceInEth(FiatTokenProxy: [0xA0b86991c6218b36c1d19D4a2e9Eb0cE3606eB48])
    │   │   │   │   │   │   │   │   │   │   ├─ [3142] EACAggregatorProxy::latestRoundData() [staticcall]
    │   │   │   │   │   │   │   │   │   │   │   ├─ [1409] AccessControlledOCR2Aggregator::latestRoundData() [staticcall]
    │   │   │   │   │   │   │   │   │   │   │   │   └─ ← [Return] 1003, 99977544 [9.997e7], 1781205763 [1.781e9], 1781205779 [1.781e9], 1003
    │   │   │   │   │   │   │   │   │   │   │   └─ ← [Return] 55340232221128655851 [5.534e19], 99977544 [9.997e7], 1781205763 [1.781e9], 1781205779 [1.781e9], 55340232221128655851 [5.534e19]
    │   │   │   │   │   │   │   │   │   │   ├─ [371] EACAggregatorProxy::aggregator() [staticcall]
    │   │   │   │   │   │   │   │   │   │   │   └─ ← [Return] AccessControlledOCR2Aggregator: [0xc9E1a09622afdB659913fefE800fEaE5DBbFe9d7]
    │   │   │   │   │   │   │   │   │   │   ├─ [322] AccessControlledOCR2Aggregator::maxAnswer() [staticcall]
    │   │   │   │   │   │   │   │   │   │   │   └─ ← [Return] 95780971304118053647396689196894323976171195136475135 [9.578e52]
    │   │   │   │   │   │   │   │   │   │   ├─ [300] AccessControlledOCR2Aggregator::minAnswer() [staticcall]
    │   │   │   │   │   │   │   │   │   │   │   └─ ← [Return] 1
    │   │   │   │   │   │   │   │   │   │   ├─ [386] SystemRegistry::rootPriceOracle() [staticcall]
    │   │   │   │   │   │   │   │   │   │   │   └─ ← [Return] RootPriceOracle: [0x61F8BE7FD721e80C0249829eaE6f0DAf21bc2CaC]
    │   │   │   │   │   │   │   │   │   │   ├─ [8425] RootPriceOracle::getPriceInEth(0x4554485F494e5f55534400000000000000000000)
    │   │   │   │   │   │   │   │   │   │   │   ├─ [7331] ChainlinkOracle::getPriceInEth(0x4554485F494e5f55534400000000000000000000)
    │   │   │   │   │   │   │   │   │   │   │   │   ├─ [2337] EACAggregatorProxy::latestRoundData() [staticcall]
    │   │   │   │   │   │   │   │   │   │   │   │   │   ├─ [604] AccessControlledOCR2Aggregator::latestRoundData() [staticcall]
    │   │   │   │   │   │   │   │   │   │   │   │   │   │   └─ ← [Return] 10000 [1e4], 167931308898 [1.679e11], 1781230127 [1.781e9], 1781230127 [1.781e9], 10000 [1e4]
    │   │   │   │   │   │   │   │   │   │   │   │   │   └─ ← [Return] 129127208515966871312 [1.291e20], 167931308898 [1.679e11], 1781230127 [1.781e9], 1781230127 [1.781e9], 129127208515966871312 [1.291e20]
    │   │   │   │   │   │   │   │   │   │   │   │   ├─ [371] EACAggregatorProxy::aggregator() [staticcall]
    │   │   │   │   │   │   │   │   │   │   │   │   │   └─ ← [Return] AccessControlledOCR2Aggregator: [0x7d4E742018fb52E48b08BE73d041C18B21de6Fb5]
    │   │   │   │   │   │   │   │   │   │   │   │   ├─ [263] AccessControlledOCR2Aggregator::maxAnswer() [staticcall]
    │   │   │   │   │   │   │   │   │   │   │   │   │   └─ ← [Return] 3138550867693340381917894711603833208051177722232017256447 [3.138e57]
    │   │   │   │   │   │   │   │   │   │   │   │   ├─ [148] AccessControlledOCR2Aggregator::minAnswer() [staticcall]
    │   │   │   │   │   │   │   │   │   │   │   │   │   └─ ← [Return] 1
    │   │   │   │   │   │   │   │   │   │   │   │   └─ ← [Return] 1679313088980000000000 [1.679e21]
    │   │   │   │   │   │   │   │   │   │   │   └─ ← [Return] 1679313088980000000000 [1.679e21]
    │   │   │   │   │   │   │   │   │   │   └─ ← [Return] 595347851785788 [5.953e14]
    │   │   │   │   │   │   │   │   │   ├─ [369] crvUSD Stablecoin::decimals() [staticcall]
    │   │   │   │   │   │   │   │   │   │   └─ ← [Return] 18
    │   │   │   │   │   │   │   │   │   ├─ [1164] FiatTokenProxy::fallback() [staticcall]
    │   │   │   │   │   │   │   │   │   │   ├─ [381] FiatTokenV2_2::decimals() [delegatecall]
    │   │   │   │   │   │   │   │   │   │   │   └─ ← [Return] 6
    │   │   │   │   │   │   │   │   │   │   └─ ← [Return] 6
    │   │   │   │   │   │   │   │   │   ├─ [18208] ChainlinkOracle::getPriceInEth(crvUSD Stablecoin: [0xf939E0A03FB07F59A73314E73794Be0E57ac1b4E])
    │   │   │   │   │   │   │   │   │   │   ├─ [3142] EACAggregatorProxy::latestRoundData() [staticcall]
    │   │   │   │   │   │   │   │   │   │   │   ├─ [1409] AccessControlledOCR2Aggregator::latestRoundData() [staticcall]
    │   │   │   │   │   │   │   │   │   │   │   │   └─ ← [Return] 752, 99893882 [9.989e7], 1781197835 [1.781e9], 1781197859 [1.781e9], 752
    │   │   │   │   │   │   │   │   │   │   │   └─ ← [Return] 36893488147419103984 [3.689e19], 99893882 [9.989e7], 1781197835 [1.781e9], 1781197859 [1.781e9], 36893488147419103984 [3.689e19]
    │   │   │   │   │   │   │   │   │   │   ├─ [371] EACAggregatorProxy::aggregator() [staticcall]
    │   │   │   │   │   │   │   │   │   │   │   └─ ← [Return] AccessControlledOCR2Aggregator: [0xf3A0a2363Ee3e5FC1CcF923F4eA9c06BaC1A6834]
    │   │   │   │   │   │   │   │   │   │   ├─ [322] AccessControlledOCR2Aggregator::maxAnswer() [staticcall]
    │   │   │   │   │   │   │   │   │   │   │   └─ ← [Return] 95780971304118053647396689196894323976171195136475135 [9.578e52]
    │   │   │   │   │   │   │   │   │   │   ├─ [300] AccessControlledOCR2Aggregator::minAnswer() [staticcall]
    │   │   │   │   │   │   │   │   │   │   │   └─ ← [Return] 1
    │   │   │   │   │   │   │   │   │   │   ├─ [386] SystemRegistry::rootPriceOracle() [staticcall]
    │   │   │   │   │   │   │   │   │   │   │   └─ ← [Return] RootPriceOracle: [0x61F8BE7FD721e80C0249829eaE6f0DAf21bc2CaC]
    │   │   │   │   │   │   │   │   │   │   ├─ [8425] RootPriceOracle::getPriceInEth(0x4554485F494e5f55534400000000000000000000)
    │   │   │   │   │   │   │   │   │   │   │   ├─ [7331] ChainlinkOracle::getPriceInEth(0x4554485F494e5f55534400000000000000000000)
    │   │   │   │   │   │   │   │   │   │   │   │   ├─ [2337] EACAggregatorProxy::latestRoundData() [staticcall]
    │   │   │   │   │   │   │   │   │   │   │   │   │   ├─ [604] AccessControlledOCR2Aggregator::latestRoundData() [staticcall]
    │   │   │   │   │   │   │   │   │   │   │   │   │   │   └─ ← [Return] 10000 [1e4], 167931308898 [1.679e11], 1781230127 [1.781e9], 1781230127 [1.781e9], 10000 [1e4]
    │   │   │   │   │   │   │   │   │   │   │   │   │   └─ ← [Return] 129127208515966871312 [1.291e20], 167931308898 [1.679e11], 1781230127 [1.781e9], 1781230127 [1.781e9], 129127208515966871312 [1.291e20]
    │   │   │   │   │   │   │   │   │   │   │   │   ├─ [371] EACAggregatorProxy::aggregator() [staticcall]
    │   │   │   │   │   │   │   │   │   │   │   │   │   └─ ← [Return] AccessControlledOCR2Aggregator: [0x7d4E742018fb52E48b08BE73d041C18B21de6Fb5]
    │   │   │   │   │   │   │   │   │   │   │   │   ├─ [263] AccessControlledOCR2Aggregator::maxAnswer() [staticcall]
    │   │   │   │   │   │   │   │   │   │   │   │   │   └─ ← [Return] 3138550867693340381917894711603833208051177722232017256447 [3.138e57]
    │   │   │   │   │   │   │   │   │   │   │   │   ├─ [148] AccessControlledOCR2Aggregator::minAnswer() [staticcall]
    │   │   │   │   │   │   │   │   │   │   │   │   │   └─ ← [Return] 1
    │   │   │   │   │   │   │   │   │   │   │   │   └─ ← [Return] 1679313088980000000000 [1.679e21]
    │   │   │   │   │   │   │   │   │   │   │   └─ ← [Return] 1679313088980000000000 [1.679e21]
    │   │   │   │   │   │   │   │   │   │   └─ ← [Return] 594849659992078 [5.948e14]
    │   │   │   │   │   │   │   │   │   ├─ [18208] ChainlinkOracle::getPriceInEth(FiatTokenProxy: [0xA0b86991c6218b36c1d19D4a2e9Eb0cE3606eB48])
    │   │   │   │   │   │   │   │   │   │   ├─ [3142] EACAggregatorProxy::latestRoundData() [staticcall]
    │   │   │   │   │   │   │   │   │   │   │   ├─ [1409] AccessControlledOCR2Aggregator::latestRoundData() [staticcall]
    │   │   │   │   │   │   │   │   │   │   │   │   └─ ← [Return] 1003, 99977544 [9.997e7], 1781205763 [1.781e9], 1781205779 [1.781e9], 1003
    │   │   │   │   │   │   │   │   │   │   │   └─ ← [Return] 55340232221128655851 [5.534e19], 99977544 [9.997e7], 1781205763 [1.781e9], 1781205779 [1.781e9], 55340232221128655851 [5.534e19]
    │   │   │   │   │   │   │   │   │   │   ├─ [371] EACAggregatorProxy::aggregator() [staticcall]
    │   │   │   │   │   │   │   │   │   │   │   └─ ← [Return] AccessControlledOCR2Aggregator: [0xc9E1a09622afdB659913fefE800fEaE5DBbFe9d7]
    │   │   │   │   │   │   │   │   │   │   ├─ [322] AccessControlledOCR2Aggregator::maxAnswer() [staticcall]
    │   │   │   │   │   │   │   │   │   │   │   └─ ← [Return] 95780971304118053647396689196894323976171195136475135 [9.578e52]
    │   │   │   │   │   │   │   │   │   │   ├─ [300] AccessControlledOCR2Aggregator::minAnswer() [staticcall]
    │   │   │   │   │   │   │   │   │   │   │   └─ ← [Return] 1
    │   │   │   │   │   │   │   │   │   │   ├─ [386] SystemRegistry::rootPriceOracle() [staticcall]
    │   │   │   │   │   │   │   │   │   │   │   └─ ← [Return] RootPriceOracle: [0x61F8BE7FD721e80C0249829eaE6f0DAf21bc2CaC]
    │   │   │   │   │   │   │   │   │   │   ├─ [8425] RootPriceOracle::getPriceInEth(0x4554485F494e5f55534400000000000000000000)
    │   │   │   │   │   │   │   │   │   │   │   ├─ [7331] ChainlinkOracle::getPriceInEth(0x4554485F494e5f55534400000000000000000000)
    │   │   │   │   │   │   │   │   │   │   │   │   ├─ [2337] EACAggregatorProxy::latestRoundData() [staticcall]
    │   │   │   │   │   │   │   │   │   │   │   │   │   ├─ [604] AccessControlledOCR2Aggregator::latestRoundData() [staticcall]
    │   │   │   │   │   │   │   │   │   │   │   │   │   │   └─ ← [Return] 10000 [1e4], 167931308898 [1.679e11], 1781230127 [1.781e9], 1781230127 [1.781e9], 10000 [1e4]
    │   │   │   │   │   │   │   │   │   │   │   │   │   └─ ← [Return] 129127208515966871312 [1.291e20], 167931308898 [1.679e11], 1781230127 [1.781e9], 1781230127 [1.781e9], 129127208515966871312 [1.291e20]
    │   │   │   │   │   │   │   │   │   │   │   │   ├─ [371] EACAggregatorProxy::aggregator() [staticcall]
    │   │   │   │   │   │   │   │   │   │   │   │   │   └─ ← [Return] AccessControlledOCR2Aggregator: [0x7d4E742018fb52E48b08BE73d041C18B21de6Fb5]
    │   │   │   │   │   │   │   │   │   │   │   │   ├─ [263] AccessControlledOCR2Aggregator::maxAnswer() [staticcall]
    │   │   │   │   │   │   │   │   │   │   │   │   │   └─ ← [Return] 3138550867693340381917894711603833208051177722232017256447 [3.138e57]
    │   │   │   │   │   │   │   │   │   │   │   │   ├─ [148] AccessControlledOCR2Aggregator::minAnswer() [staticcall]
    │   │   │   │   │   │   │   │   │   │   │   │   │   └─ ← [Return] 1
    │   │   │   │   │   │   │   │   │   │   │   │   └─ ← [Return] 1679313088980000000000 [1.679e21]
    │   │   │   │   │   │   │   │   │   │   │   └─ ← [Return] 1679313088980000000000 [1.679e21]
    │   │   │   │   │   │   │   │   │   │   └─ ← [Return] 595347851785788 [5.953e14]
    │   │   │   │   │   │   │   │   │   ├─ [643] TransparentUpgradeableProxy::fallback() [staticcall]
    │   │   │   │   │   │   │   │   │   │   ├─ [222] FrxUSD::decimals() [delegatecall]
    │   │   │   │   │   │   │   │   │   │   │   └─ ← [Return] 18
    │   │   │   │   │   │   │   │   │   │   └─ ← [Return] 18
    │   │   │   │   │   │   │   │   │   ├─ [1164] FiatTokenProxy::fallback() [staticcall]
    │   │   │   │   │   │   │   │   │   │   ├─ [381] FiatTokenV2_2::decimals() [delegatecall]
    │   │   │   │   │   │   │   │   │   │   │   └─ ← [Return] 6
    │   │   │   │   │   │   │   │   │   │   └─ ← [Return] 6
    │   │   │   │   │   │   │   │   │   ├─ [18208] ChainlinkOracle::getPriceInEth(crvUSD Stablecoin: [0xf939E0A03FB07F59A73314E73794Be0E57ac1b4E])
    │   │   │   │   │   │   │   │   │   │   ├─ [3142] EACAggregatorProxy::latestRoundData() [staticcall]
    │   │   │   │   │   │   │   │   │   │   │   ├─ [1409] AccessControlledOCR2Aggregator::latestRoundData() [staticcall]
    │   │   │   │   │   │   │   │   │   │   │   │   └─ ← [Return] 752, 99893882 [9.989e7], 1781197835 [1.781e9], 1781197859 [1.781e9], 752
    │   │   │   │   │   │   │   │   │   │   │   └─ ← [Return] 36893488147419103984 [3.689e19], 99893882 [9.989e7], 1781197835 [1.781e9], 1781197859 [1.781e9], 36893488147419103984 [3.689e19]
    │   │   │   │   │   │   │   │   │   │   ├─ [371] EACAggregatorProxy::aggregator() [staticcall]
    │   │   │   │   │   │   │   │   │   │   │   └─ ← [Return] AccessControlledOCR2Aggregator: [0xf3A0a2363Ee3e5FC1CcF923F4eA9c06BaC1A6834]
    │   │   │   │   │   │   │   │   │   │   ├─ [322] AccessControlledOCR2Aggregator::maxAnswer() [staticcall]
    │   │   │   │   │   │   │   │   │   │   │   └─ ← [Return] 95780971304118053647396689196894323976171195136475135 [9.578e52]
    │   │   │   │   │   │   │   │   │   │   ├─ [300] AccessControlledOCR2Aggregator::minAnswer() [staticcall]
    │   │   │   │   │   │   │   │   │   │   │   └─ ← [Return] 1
    │   │   │   │   │   │   │   │   │   │   ├─ [386] SystemRegistry::rootPriceOracle() [staticcall]
    │   │   │   │   │   │   │   │   │   │   │   └─ ← [Return] RootPriceOracle: [0x61F8BE7FD721e80C0249829eaE6f0DAf21bc2CaC]
    │   │   │   │   │   │   │   │   │   │   ├─ [8425] RootPriceOracle::getPriceInEth(0x4554485F494e5f55534400000000000000000000)
    │   │   │   │   │   │   │   │   │   │   │   ├─ [7331] ChainlinkOracle::getPriceInEth(0x4554485F494e5f55534400000000000000000000)
    │   │   │   │   │   │   │   │   │   │   │   │   ├─ [2337] EACAggregatorProxy::latestRoundData() [staticcall]
    │   │   │   │   │   │   │   │   │   │   │   │   │   ├─ [604] AccessControlledOCR2Aggregator::latestRoundData() [staticcall]
    │   │   │   │   │   │   │   │   │   │   │   │   │   │   └─ ← [Return] 10000 [1e4], 167931308898 [1.679e11], 1781230127 [1.781e9], 1781230127 [1.781e9], 10000 [1e4]
    │   │   │   │   │   │   │   │   │   │   │   │   │   └─ ← [Return] 129127208515966871312 [1.291e20], 167931308898 [1.679e11], 1781230127 [1.781e9], 1781230127 [1.781e9], 129127208515966871312 [1.291e20]
    │   │   │   │   │   │   │   │   │   │   │   │   ├─ [371] EACAggregatorProxy::aggregator() [staticcall]
    │   │   │   │   │   │   │   │   │   │   │   │   │   └─ ← [Return] AccessControlledOCR2Aggregator: [0x7d4E742018fb52E48b08BE73d041C18B21de6Fb5]
    │   │   │   │   │   │   │   │   │   │   │   │   ├─ [263] AccessControlledOCR2Aggregator::maxAnswer() [staticcall]
    │   │   │   │   │   │   │   │   │   │   │   │   │   └─ ← [Return] 3138550867693340381917894711603833208051177722232017256447 [3.138e57]
    │   │   │   │   │   │   │   │   │   │   │   │   ├─ [148] AccessControlledOCR2Aggregator::minAnswer() [staticcall]
    │   │   │   │   │   │   │   │   │   │   │   │   │   └─ ← [Return] 1
    │   │   │   │   │   │   │   │   │   │   │   │   └─ ← [Return] 1679313088980000000000 [1.679e21]
    │   │   │   │   │   │   │   │   │   │   │   └─ ← [Return] 1679313088980000000000 [1.679e21]
    │   │   │   │   │   │   │   │   │   │   └─ ← [Return] 594849659992078 [5.948e14]
    │   │   │   │   │   │   │   │   │   ├─ [18208] ChainlinkOracle::getPriceInEth(FiatTokenProxy: [0xA0b86991c6218b36c1d19D4a2e9Eb0cE3606eB48])
    │   │   │   │   │   │   │   │   │   │   ├─ [3142] EACAggregatorProxy::latestRoundData() [staticcall]
    │   │   │   │   │   │   │   │   │   │   │   ├─ [1409] AccessControlledOCR2Aggregator::latestRoundData() [staticcall]
    │   │   │   │   │   │   │   │   │   │   │   │   └─ ← [Return] 1003, 99977544 [9.997e7], 1781205763 [1.781e9], 1781205779 [1.781e9], 1003
    │   │   │   │   │   │   │   │   │   │   │   └─ ← [Return] 55340232221128655851 [5.534e19], 99977544 [9.997e7], 1781205763 [1.781e9], 1781205779 [1.781e9], 55340232221128655851 [5.534e19]
    │   │   │   │   │   │   │   │   │   │   ├─ [371] EACAggregatorProxy::aggregator() [staticcall]
    │   │   │   │   │   │   │   │   │   │   │   └─ ← [Return] AccessControlledOCR2Aggregator: [0xc9E1a09622afdB659913fefE800fEaE5DBbFe9d7]
    │   │   │   │   │   │   │   │   │   │   ├─ [322] AccessControlledOCR2Aggregator::maxAnswer() [staticcall]
    │   │   │   │   │   │   │   │   │   │   │   └─ ← [Return] 95780971304118053647396689196894323976171195136475135 [9.578e52]
    │   │   │   │   │   │   │   │   │   │   ├─ [300] AccessControlledOCR2Aggregator::minAnswer() [staticcall]
    │   │   │   │   │   │   │   │   │   │   │   └─ ← [Return] 1
    │   │   │   │   │   │   │   │   │   │   ├─ [386] SystemRegistry::rootPriceOracle() [staticcall]
    │   │   │   │   │   │   │   │   │   │   │   └─ ← [Return] RootPriceOracle: [0x61F8BE7FD721e80C0249829eaE6f0DAf21bc2CaC]
    │   │   │   │   │   │   │   │   │   │   ├─ [8425] RootPriceOracle::getPriceInEth(0x4554485F494e5f55534400000000000000000000)
    │   │   │   │   │   │   │   │   │   │   │   ├─ [7331] ChainlinkOracle::getPriceInEth(0x4554485F494e5f55534400000000000000000000)
    │   │   │   │   │   │   │   │   │   │   │   │   ├─ [2337] EACAggregatorProxy::latestRoundData() [staticcall]
    │   │   │   │   │   │   │   │   │   │   │   │   │   ├─ [604] AccessControlledOCR2Aggregator::latestRoundData() [staticcall]
    │   │   │   │   │   │   │   │   │   │   │   │   │   │   └─ ← [Return] 10000 [1e4], 167931308898 [1.679e11], 1781230127 [1.781e9], 1781230127 [1.781e9], 10000 [1e4]
    │   │   │   │   │   │   │   │   │   │   │   │   │   └─ ← [Return] 129127208515966871312 [1.291e20], 167931308898 [1.679e11], 1781230127 [1.781e9], 1781230127 [1.781e9], 129127208515966871312 [1.291e20]
    │   │   │   │   │   │   │   │   │   │   │   │   ├─ [371] EACAggregatorProxy::aggregator() [staticcall]
    │   │   │   │   │   │   │   │   │   │   │   │   │   └─ ← [Return] AccessControlledOCR2Aggregator: [0x7d4E742018fb52E48b08BE73d041C18B21de6Fb5]
    │   │   │   │   │   │   │   │   │   │   │   │   ├─ [263] AccessControlledOCR2Aggregator::maxAnswer() [staticcall]
    │   │   │   │   │   │   │   │   │   │   │   │   │   └─ ← [Return] 3138550867693340381917894711603833208051177722232017256447 [3.138e57]
    │   │   │   │   │   │   │   │   │   │   │   │   ├─ [148] AccessControlledOCR2Aggregator::minAnswer() [staticcall]
    │   │   │   │   │   │   │   │   │   │   │   │   │   └─ ← [Return] 1
    │   │   │   │   │   │   │   │   │   │   │   │   └─ ← [Return] 1679313088980000000000 [1.679e21]
    │   │   │   │   │   │   │   │   │   │   │   └─ ← [Return] 1679313088980000000000 [1.679e21]
    │   │   │   │   │   │   │   │   │   │   └─ ← [Return] 595347851785788 [5.953e14]
    │   │   │   │   │   │   │   │   │   ├─ [643] TransparentUpgradeableProxy::fallback() [staticcall]
    │   │   │   │   │   │   │   │   │   │   ├─ [222] FrxUSD::decimals() [delegatecall]
    │   │   │   │   │   │   │   │   │   │   │   └─ ← [Return] 18
    │   │   │   │   │   │   │   │   │   │   └─ ← [Return] 18
    │   │   │   │   │   │   │   │   │   ├─ [1164] FiatTokenProxy::fallback() [staticcall]
    │   │   │   │   │   │   │   │   │   │   ├─ [381] FiatTokenV2_2::decimals() [delegatecall]
    │   │   │   │   │   │   │   │   │   │   │   └─ ← [Return] 6
    │   │   │   │   │   │   │   │   │   │   └─ ← [Return] 6
    │   │   │   │   │   │   │   │   │   ├─ [18208] ChainlinkOracle::getPriceInEth(TransparentUpgradeableProxy: [0xCAcd6fd266aF91b8AeD52aCCc382b4e165586E29])
    │   │   │   │   │   │   │   │   │   │   ├─ [3142] EACAggregatorProxy::latestRoundData() [staticcall]
    │   │   │   │   │   │   │   │   │   │   │   ├─ [1409] AccessControlledOCR2Aggregator::latestRoundData() [staticcall]
    │   │   │   │   │   │   │   │   │   │   │   │   └─ ← [Return] 431, 99998053 [9.999e7], 1781206659 [1.781e9], 1781206691 [1.781e9], 431
    │   │   │   │   │   │   │   │   │   │   │   └─ ← [Return] 18446744073709552047 [1.844e19], 99998053 [9.999e7], 1781206659 [1.781e9], 1781206691 [1.781e9], 18446744073709552047 [1.844e19]
    │   │   │   │   │   │   │   │   │   │   ├─ [371] EACAggregatorProxy::aggregator() [staticcall]
    │   │   │   │   │   │   │   │   │   │   │   └─ ← [Return] AccessControlledOCR2Aggregator: [0x62a897c3e81d809c7444BB63D7D51E1F2EbB6C3D]
    │   │   │   │   │   │   │   │   │   │   ├─ [322] AccessControlledOCR2Aggregator::maxAnswer() [staticcall]
    │   │   │   │   │   │   │   │   │   │   │   └─ ← [Return] 95780971304118053647396689196894323976171195136475135 [9.578e52]
    │   │   │   │   │   │   │   │   │   │   ├─ [300] AccessControlledOCR2Aggregator::minAnswer() [staticcall]
    │   │   │   │   │   │   │   │   │   │   │   └─ ← [Return] 1
    │   │   │   │   │   │   │   │   │   │   ├─ [386] SystemRegistry::rootPriceOracle() [staticcall]
    │   │   │   │   │   │   │   │   │   │   │   └─ ← [Return] RootPriceOracle: [0x61F8BE7FD721e80C0249829eaE6f0DAf21bc2CaC]
    │   │   │   │   │   │   │   │   │   │   ├─ [8425] RootPriceOracle::getPriceInEth(0x4554485F494e5f55534400000000000000000000)
    │   │   │   │   │   │   │   │   │   │   │   ├─ [7331] ChainlinkOracle::getPriceInEth(0x4554485F494e5f55534400000000000000000000)
    │   │   │   │   │   │   │   │   │   │   │   │   ├─ [2337] EACAggregatorProxy::latestRoundData() [staticcall]
    │   │   │   │   │   │   │   │   │   │   │   │   │   ├─ [604] AccessControlledOCR2Aggregator::latestRoundData() [staticcall]
    │   │   │   │   │   │   │   │   │   │   │   │   │   │   └─ ← [Return] 10000 [1e4], 167931308898 [1.679e11], 1781230127 [1.781e9], 1781230127 [1.781e9], 10000 [1e4]
    │   │   │   │   │   │   │   │   │   │   │   │   │   └─ ← [Return] 129127208515966871312 [1.291e20], 167931308898 [1.679e11], 1781230127 [1.781e9], 1781230127 [1.781e9], 129127208515966871312 [1.291e20]
    │   │   │   │   │   │   │   │   │   │   │   │   ├─ [371] EACAggregatorProxy::aggregator() [staticcall]
    │   │   │   │   │   │   │   │   │   │   │   │   │   └─ ← [Return] AccessControlledOCR2Aggregator: [0x7d4E742018fb52E48b08BE73d041C18B21de6Fb5]
    │   │   │   │   │   │   │   │   │   │   │   │   ├─ [263] AccessControlledOCR2Aggregator::maxAnswer() [staticcall]
    │   │   │   │   │   │   │   │   │   │   │   │   │   └─ ← [Return] 3138550867693340381917894711603833208051177722232017256447 [3.138e57]
    │   │   │   │   │   │   │   │   │   │   │   │   ├─ [148] AccessControlledOCR2Aggregator::minAnswer() [staticcall]
    │   │   │   │   │   │   │   │   │   │   │   │   │   └─ ← [Return] 1
    │   │   │   │   │   │   │   │   │   │   │   │   └─ ← [Return] 1679313088980000000000 [1.679e21]
    │   │   │   │   │   │   │   │   │   │   │   └─ ← [Return] 1679313088980000000000 [1.679e21]
    │   │   │   │   │   │   │   │   │   │   └─ ← [Return] 595469979101621 [5.954e14]
    │   │   │   │   │   │   │   │   │   ├─ [18208] ChainlinkOracle::getPriceInEth(FiatTokenProxy: [0xA0b86991c6218b36c1d19D4a2e9Eb0cE3606eB48])
    │   │   │   │   │   │   │   │   │   │   ├─ [3142] EACAggregatorProxy::latestRoundData() [staticcall]
    │   │   │   │   │   │   │   │   │   │   │   ├─ [1409] AccessControlledOCR2Aggregator::latestRoundData() [staticcall]
    │   │   │   │   │   │   │   │   │   │   │   │   └─ ← [Return] 1003, 99977544 [9.997e7], 1781205763 [1.781e9], 1781205779 [1.781e9], 1003
    │   │   │   │   │   │   │   │   │   │   │   └─ ← [Return] 55340232221128655851 [5.534e19], 99977544 [9.997e7], 1781205763 [1.781e9], 1781205779 [1.781e9], 55340232221128655851 [5.534e19]
    │   │   │   │   │   │   │   │   │   │   ├─ [371] EACAggregatorProxy::aggregator() [staticcall]
    │   │   │   │   │   │   │   │   │   │   │   └─ ← [Return] AccessControlledOCR2Aggregator: [0xc9E1a09622afdB659913fefE800fEaE5DBbFe9d7]
    │   │   │   │   │   │   │   │   │   │   ├─ [322] AccessControlledOCR2Aggregator::maxAnswer() [staticcall]
    │   │   │   │   │   │   │   │   │   │   │   └─ ← [Return] 95780971304118053647396689196894323976171195136475135 [9.578e52]
    │   │   │   │   │   │   │   │   │   │   ├─ [300] AccessControlledOCR2Aggregator::minAnswer() [staticcall]
    │   │   │   │   │   │   │   │   │   │   │   └─ ← [Return] 1
    │   │   │   │   │   │   │   │   │   │   ├─ [386] SystemRegistry::rootPriceOracle() [staticcall]
    │   │   │   │   │   │   │   │   │   │   │   └─ ← [Return] RootPriceOracle: [0x61F8BE7FD721e80C0249829eaE6f0DAf21bc2CaC]
    │   │   │   │   │   │   │   │   │   │   ├─ [8425] RootPriceOracle::getPriceInEth(0x4554485F494e5f55534400000000000000000000)
    │   │   │   │   │   │   │   │   │   │   │   ├─ [7331] ChainlinkOracle::getPriceInEth(0x4554485F494e5f55534400000000000000000000)
    │   │   │   │   │   │   │   │   │   │   │   │   ├─ [2337] EACAggregatorProxy::latestRoundData() [staticcall]
    │   │   │   │   │   │   │   │   │   │   │   │   │   ├─ [604] AccessControlledOCR2Aggregator::latestRoundData() [staticcall]
    │   │   │   │   │   │   │   │   │   │   │   │   │   │   └─ ← [Return] 10000 [1e4], 167931308898 [1.679e11], 1781230127 [1.781e9], 1781230127 [1.781e9], 10000 [1e4]
    │   │   │   │   │   │   │   │   │   │   │   │   │   └─ ← [Return] 129127208515966871312 [1.291e20], 167931308898 [1.679e11], 1781230127 [1.781e9], 1781230127 [1.781e9], 129127208515966871312 [1.291e20]
    │   │   │   │   │   │   │   │   │   │   │   │   ├─ [371] EACAggregatorProxy::aggregator() [staticcall]
    │   │   │   │   │   │   │   │   │   │   │   │   │   └─ ← [Return] AccessControlledOCR2Aggregator: [0x7d4E742018fb52E48b08BE73d041C18B21de6Fb5]
    │   │   │   │   │   │   │   │   │   │   │   │   ├─ [263] AccessControlledOCR2Aggregator::maxAnswer() [staticcall]
    │   │   │   │   │   │   │   │   │   │   │   │   │   └─ ← [Return] 3138550867693340381917894711603833208051177722232017256447 [3.138e57]
    │   │   │   │   │   │   │   │   │   │   │   │   ├─ [148] AccessControlledOCR2Aggregator::minAnswer() [staticcall]
    │   │   │   │   │   │   │   │   │   │   │   │   │   └─ ← [Return] 1
    │   │   │   │   │   │   │   │   │   │   │   │   └─ ← [Return] 1679313088980000000000 [1.679e21]
    │   │   │   │   │   │   │   │   │   │   │   └─ ← [Return] 1679313088980000000000 [1.679e21]
    │   │   │   │   │   │   │   │   │   │   └─ ← [Return] 595347851785788 [5.953e14]
    │   │   │   │   │   │   │   │   │   ├─ [369] crvUSD Stablecoin::decimals() [staticcall]
    │   │   │   │   │   │   │   │   │   │   └─ ← [Return] 18
    │   │   │   │   │   │   │   │   │   └─ ← [Return] 1005100 [1.005e6]
    │   │   │   │   │   │   │   │   └─ ← [Return] 1005100 [1.005e6]
    │   │   │   │   │   │   │   └─ ← [Return] 1005100 [1.005e6]
    │   │   │   │   │   │   ├─ [572] CurveConvexDestinationVaultV2::ONE() [staticcall]
    │   │   │   │   │   │   │   ├─ [406] CurveConvexDestinationVaultV2::ONE() [delegatecall]
    │   │   │   │   │   │   │   │   └─ ← [Return] 1000000000000000000 [1e18]
    │   │   │   │   │   │   │   └─ ← [Return] 1000000000000000000 [1e18]
    │   │   │   │   │   │   ├─ [2449] WithdrawalQueue::e8ca529d(17264fbcd79a365fd3ccff89407ad487986f8b37b9035d6bc8b51cacd583220c000000000000000000000000389ed8bd510bafd4ba867e0393cd9f898f0a5a5c0000000000000000000000000000000000000000000000000000000000000001) [delegatecall]
    │   │   │   │   │   │   │   ├─ [1320] StructuredLinkedList::203afb24(17264fbcd79a365fd3ccff89407ad487986f8b37b9035d6bc8b51cacd583220c000000000000000000000000389ed8bd510bafd4ba867e0393cd9f898f0a5a5c0000000000000000000000000000000000000000000000000000000000000001) [delegatecall]
    │   │   │   │   │   │   │   │   └─ ← [Return] 0x00000000000000000000000000000000000000000000000000000000000000010000000000000000000000009b45d9add679a2eadfc1bf2d92f6a376af36acc9
    │   │   │   │   │   │   │   └─ ← [Return] 0x0000000000000000000000009b45d9add679a2eadfc1bf2d92f6a376af36acc9
    │   │   │   │   │   │   └─ ← [Return] 0x000000000000000000000000000000000000000000000000000006aea677e0cd
    │   │   │   │   │   ├─ [664] AutopoolFees::3906c18f(17264fbcd79a365fd3ccff89407ad487986f8b37b9035d6bc8b51cacd5832200) [delegatecall]
    │   │   │   │   │   │   └─ ← [Return] 0x000000000000000000000000000000000000000000000001a947a93202ec6120
    │   │   │   │   │   ├─ [664] AutopoolFees::3906c18f(17264fbcd79a365fd3ccff89407ad487986f8b37b9035d6bc8b51cacd5832200) [delegatecall]
    │   │   │   │   │   │   └─ ← [Return] 0x000000000000000000000000000000000000000000000001a947a93202ec6120
    │   │   │   │   │   ├─ [16149] FiatTokenProxy::fallback(0x0C2d75165bd5cf7B0e5Dcdc5799Da056a4E56a8a, TransparentUpgradeableProxy: [0xa7569A44f348d3D70d8ad5889e50F78E33d80D35], 27234202 [2.723e7])
    │   │   │   │   │   │   ├─ [15354] FiatTokenV2_2::transferFrom(0x0C2d75165bd5cf7B0e5Dcdc5799Da056a4E56a8a, TransparentUpgradeableProxy: [0xa7569A44f348d3D70d8ad5889e50F78E33d80D35], 27234202 [2.723e7]) [delegatecall]
    │   │   │   │   │   │   │   ├─ emit Transfer(from: 0x0C2d75165bd5cf7B0e5Dcdc5799Da056a4E56a8a, to: TransparentUpgradeableProxy: [0xa7569A44f348d3D70d8ad5889e50F78E33d80D35], value: 27234202 [2.723e7])
    │   │   │   │   │   │   │   └─ ← [Return] true
    │   │   │   │   │   │   └─ ← [Return] true
    │   │   │   │   │   ├─ [27740] AutopoolToken::c67e5151(17264fbcd79a365fd3ccff89407ad487986f8b37b9035d6bc8b51cacd58322000000000000000000000000000c2d75165bd5cf7b0e5dcdc5799da056a4e56a8a0000000000000000000000000000000000000000000000015bbff1636670c9c6) [delegatecall]
    │   │   │   │   │   │   ├─ emit Transfer(from: 0x0000000000000000000000000000000000000000, to: 0x0C2d75165bd5cf7B0e5Dcdc5799Da056a4E56a8a, value: 25058012260935453126 [2.505e19])
    │   │   │   │   │   │   └─ ← [Stop]
    │   │   │   │   │   ├─ emit Deposit(sender: 0x0C2d75165bd5cf7B0e5Dcdc5799Da056a4E56a8a, owner: 0x0C2d75165bd5cf7B0e5Dcdc5799Da056a4E56a8a, assets: 27234202 [2.723e7], shares: 25058012260935453126 [2.505e19])
    │   │   │   │   │   ├─ [664] AutopoolFees::3906c18f(17264fbcd79a365fd3ccff89407ad487986f8b37b9035d6bc8b51cacd5832200) [delegatecall]
    │   │   │   │   │   │   └─ ← [Return] 0x000000000000000000000000000000000000000000000001a947a93202ec6120
    │   │   │   │   │   ├─ emit Nav(idle: 898597655 [8.985e8], debt: 7345158671405 [7.345e12], totalSupply: 6760124020531162803105289 [6.76e24])
    │   │   │   │   │   └─ ← [Return] 0x0000000000000000000000000000000000000000000000015bbff1636670c9c6
    │   │   │   │   ├─ [1393] Autopool4626::totalSupply() [delegatecall]
    │   │   │   │   │   ├─ [664] AutopoolFees::3906c18f(17264fbcd79a365fd3ccff89407ad487986f8b37b9035d6bc8b51cacd5832200) [delegatecall]
    │   │   │   │   │   │   └─ ← [Return] 0x000000000000000000000000000000000000000000000001a947a93202ec6120
    │   │   │   │   │   └─ ← [Return] 6760124020531162803105289 [6.76e24]
    │   │   │   │   ├─ [794] Autopool4626::20bf782e(17264fbcd79a365fd3ccff89407ad487986f8b37b9035d6bc8b51cacd58322210000000000000000000000000000000000000000000000000000000000000001) [delegatecall]
    │   │   │   │   │   └─ ← [Return] 0x000000000000000000000000000000000000000000000000000006ae8720fa0c
    │   │   │   │   └─ ← [Return] 25058012260935453126 [2.505e19]
    │   │   │   └─ ← [Return] 25058012260935453126 [2.505e19]
    │   │   ├─ [4678] TransparentUpgradeableProxy::fallback(25058012260935453126 [2.505e19]) [staticcall]
    │   │   │   ├─ [3889] AutopoolETH::convertToAssets(25058012260935453126 [2.505e19]) [delegatecall]
    │   │   │   │   ├─ [745] Autopool4626::20bf782e(17264fbcd79a365fd3ccff89407ad487986f8b37b9035d6bc8b51cacd58322210000000000000000000000000000000000000000000000000000000000000000) [delegatecall]
    │   │   │   │   │   └─ ← [Return] 0x000000000000000000000000000000000000000000000000000006ae63224f44
    │   │   │   │   ├─ [1393] Autopool4626::totalSupply() [delegatecall]
    │   │   │   │   │   ├─ [664] AutopoolFees::3906c18f(17264fbcd79a365fd3ccff89407ad487986f8b37b9035d6bc8b51cacd5832200) [delegatecall]
    │   │   │   │   │   │   └─ ← [Return] 0x000000000000000000000000000000000000000000000001a947a93202ec6120
    │   │   │   │   │   └─ ← [Return] 6760124020531162803105289 [6.76e24]
    │   │   │   │   └─ ← [Return] 27229913 [2.722e7]
    │   │   │   └─ ← [Return] 27229913 [2.722e7]
    │   │   ├─ emit Deposited(token: FiatTokenProxy: [0xA0b86991c6218b36c1d19D4a2e9Eb0cE3606eB48], depositor: 0xbce8ABC09BaEDCabE93419bF875f6186e182079A, recipient: 0xbce8ABC09BaEDCabE93419bF875f6186e182079A, amount: 27234202 [2.723e7], sharesReceived: 25058012260935453126 [2.505e19])
    │   │   └─ ← [Return] 27229913 [2.722e7]
    │   ├─ emit YieldStrategySet(token: FiatTokenProxy: [0xA0b86991c6218b36c1d19D4a2e9Eb0cE3606eB48], oldStrategy: 0x0000000000000000000000000000000000000000, newStrategy: 0x0C2d75165bd5cf7B0e5Dcdc5799Da056a4E56a8a)
    │   └─ ← [Return]
    ├─ [0] console::log("  setYieldStrategy(USDC, ysUsdcV2) done; idle swept:", 27234202 [2.723e7]) [staticcall]
    │   └─ ← [Stop]
    ├─ [0] console::log("") [staticcall]
    │   └─ ← [Stop]
    ├─ [0] console::log("=== Step 3: setMigrator(migrator2) on both stakers ===") [staticcall]
    │   └─ ← [Stop]
    ├─ [6666] 0xAb510b164e425F055De94C75B5fCcc4669546EC1::setMigrator(0xd263E31873202605bD46E6dDFd82F1bA214DfFfC)
    │   ├─ emit MigratorSet(migrator: 0xd263E31873202605bD46E6dDFd82F1bA214DfFfC)
    │   └─ ← [Return]
    ├─ [0] console::log("  tempStaker.setMigrator(migrator2) done") [staticcall]
    │   └─ ← [Stop]
    ├─ [4666] 0xbce8ABC09BaEDCabE93419bF875f6186e182079A::setMigrator(0xd263E31873202605bD46E6dDFd82F1bA214DfFfC)
    │   ├─ emit MigratorSet(migrator: 0xd263E31873202605bD46E6dDFd82F1bA214DfFfC)
    │   └─ ← [Return]
    ├─ [0] console::log("  original.setMigrator(migrator2) done") [staticcall]
    │   └─ ← [Stop]
    ├─ [0] console::log("") [staticcall]
    │   └─ ← [Stop]
    ├─ [0] VM::stopPrank()
    │   └─ ← [Return]
    ├─ [0] console::log("=== Post-assert ===") [staticcall]
    │   └─ ← [Stop]
    ├─ [1310] 0xc4D5F377c1dD84BF131348a70287AA241588c7c7::principalOf(ERC20: [0x865377367054516e17014CcdED1e7d814EDC9ce4], 0xbce8ABC09BaEDCabE93419bF875f6186e182079A) [staticcall]
    │   └─ ← [Return] 26778181479418247579 [2.677e19]
    ├─ [0] console::log("  ysDolaV2.principalOf(DOLA, original): ", 26778181479418247579 [2.677e19]) [staticcall]
    │   └─ ← [Stop]
    ├─ [1310] 0x0C2d75165bd5cf7B0e5Dcdc5799Da056a4E56a8a::principalOf(FiatTokenProxy: [0xA0b86991c6218b36c1d19D4a2e9Eb0cE3606eB48], 0xbce8ABC09BaEDCabE93419bF875f6186e182079A) [staticcall]
    │   └─ ← [Return] 27229913 [2.722e7]
    ├─ [0] console::log("  ysUsdcV2.principalOf(USDC, original): ", 27229913 [2.722e7]) [staticcall]
    │   └─ ← [Stop]
    ├─ [1338] 0xbce8ABC09BaEDCabE93419bF875f6186e182079A::poolInfo(ERC20: [0x865377367054516e17014CcdED1e7d814EDC9ce4]) [staticcall]
    │   └─ ← [Return] 57870370370370 [5.787e13], 28316980035210948 [2.831e16], 1781230187 [1.781e9], 0
    ├─ [0] console::log("  original DOLA totalStaked: 0 OK") [staticcall]
    │   └─ ← [Stop]
    ├─ [1338] 0xbce8ABC09BaEDCabE93419bF875f6186e182079A::poolInfo(FiatTokenProxy: [0xA0b86991c6218b36c1d19D4a2e9Eb0cE3606eB48]) [staticcall]
    │   └─ ← [Return] 81018518518518 [8.101e13], 11477932709573665998847290253 [1.147e28], 1781230187 [1.781e9], 0
    ├─ [0] console::log("  original USDC totalStaked: 0 OK") [staticcall]
    │   └─ ← [Stop]
    ├─ [2890] 0xc4D5F377c1dD84BF131348a70287AA241588c7c7::setAsideBufferSize(0xbce8ABC09BaEDCabE93419bF875f6186e182079A) [staticcall]
    │   └─ ← [Return] 10
    ├─ [2868] 0xc4D5F377c1dD84BF131348a70287AA241588c7c7::setAsideBufferRecipient() [staticcall]
    │   └─ ← [Return] 0xbce8ABC09BaEDCabE93419bF875f6186e182079A
    ├─ [0] console::log("  ysDolaV2 setAsideBufferSize:", 10) [staticcall]
    │   └─ ← [Stop]
    ├─ [0] console::log("  ysDolaV2 setAsideBufferRecipient:", 0xbce8ABC09BaEDCabE93419bF875f6186e182079A) [staticcall]
    │   └─ ← [Stop]
    ├─ [2890] 0x0C2d75165bd5cf7B0e5Dcdc5799Da056a4E56a8a::setAsideBufferSize(0xbce8ABC09BaEDCabE93419bF875f6186e182079A) [staticcall]
    │   └─ ← [Return] 10
    ├─ [2868] 0x0C2d75165bd5cf7B0e5Dcdc5799Da056a4E56a8a::setAsideBufferRecipient() [staticcall]
    │   └─ ← [Return] 0xbce8ABC09BaEDCabE93419bF875f6186e182079A
    ├─ [0] console::log("  ysUsdcV2 setAsideBufferSize:", 10) [staticcall]
    │   └─ ← [Stop]
    ├─ [0] console::log("  ysUsdcV2 setAsideBufferRecipient:", 0xbce8ABC09BaEDCabE93419bF875f6186e182079A) [staticcall]
    │   └─ ← [Stop]
    ├─ [0] console::log("") [staticcall]
    │   └─ ← [Stop]
    ├─ [0] console::log("==========================================") [staticcall]
    │   └─ ← [Stop]
    ├─ [0] console::log("  SUMMARY (story 060 step 3)") [staticcall]
    │   └─ ← [Stop]
    ├─ [0] console::log("==========================================") [staticcall]
    │   └─ ← [Stop]
    ├─ [0] console::log("ysDolaV2 wired to original: ", 0xc4D5F377c1dD84BF131348a70287AA241588c7c7) [staticcall]
    │   └─ ← [Stop]
    ├─ [0] console::log("ysUsdcV2 wired to original: ", 0x0C2d75165bd5cf7B0e5Dcdc5799Da056a4E56a8a) [staticcall]
    │   └─ ← [Stop]
    ├─ [0] console::log("migrator2 set on both:      ", 0xd263E31873202605bD46E6dDFd82F1bA214DfFfC) [staticcall]
    │   └─ ← [Stop]
    ├─ [0] console::log("") [staticcall]
    │   └─ ← [Stop]
    ├─ [0] console::log("PREVIEW complete. No on-chain state changed.") [staticcall]
    │   └─ ← [Stop]
    ├─ [0] console::log("==========================================") [staticcall]
    │   └─ ← [Stop]
    └─ ← [Return]


Script ran successfully.

== Logs ==
  ==========================================
   ResetAndRewire (story 060, step 3)
  ==========================================
  Chain ID:           1
  Owner (ledger):     0xCad1a7864a108DBFF67F4b8af71fAB0C7A86D0B6
  
  ysDolaV2:     0xc4D5F377c1dD84BF131348a70287AA241588c7c7
  ysUsdcV2:     0x0C2d75165bd5cf7B0e5Dcdc5799Da056a4E56a8a
  tempStaker:   0xAb510b164e425F055De94C75B5fCcc4669546EC1
  migrator2:    0xd263E31873202605bD46E6dDFd82F1bA214DfFfC
  
  Preflight OK
    original DOLA stakers: 0, totalStaked: 0
    original USDC stakers: 0, totalStaked: 0
  *** PREVIEW MODE - impersonating owner, NO broadcast ***
  
  === Step 1: finalizeAndReset ===
    finalizeAndReset(DOLA) done
    finalizeAndReset(USDC) done
  
  === Step 2: setYieldStrategy (V2) ===
    setYieldStrategy(DOLA, ysDolaV2) done; idle swept: 26785198715928544274
    setYieldStrategy(USDC, ysUsdcV2) done; idle swept: 27234202
  
  === Step 3: setMigrator(migrator2) on both stakers ===
    tempStaker.setMigrator(migrator2) done
    original.setMigrator(migrator2) done
  
  === Post-assert ===
    ysDolaV2.principalOf(DOLA, original):  26778181479418247579
    ysUsdcV2.principalOf(USDC, original):  27229913
    original DOLA totalStaked: 0 OK
    original USDC totalStaked: 0 OK
    ysDolaV2 setAsideBufferSize: 10
    ysDolaV2 setAsideBufferRecipient: 0xbce8ABC09BaEDCabE93419bF875f6186e182079A
    ysUsdcV2 setAsideBufferSize: 10
    ysUsdcV2 setAsideBufferRecipient: 0xbce8ABC09BaEDCabE93419bF875f6186e182079A
  
  ==========================================
    SUMMARY (story 060 step 3)
  ==========================================
  ysDolaV2 wired to original:  0xc4D5F377c1dD84BF131348a70287AA241588c7c7
  ysUsdcV2 wired to original:  0x0C2d75165bd5cf7B0e5Dcdc5799Da056a4E56a8a
  migrator2 set on both:       0xd263E31873202605bD46E6dDFd82F1bA214DfFfC
  
  PREVIEW complete. No on-chain state changed.
  ==========================================
