Compiling 1 files with Solc 0.8.30
Solc 0.8.30 finished in 14.58s
Compiler run successful with warnings:
Warning (2018): Function state mutability can be restricted to pure
   --> script/helpers/StableStakerCutoverCore.sol:267:5:
    |
267 |     function _logPlan(address token, PoolPlan memory plan) internal view {
    |     ^ (Relevant source part starts here and spans across multiple lines).


Ran 19 tests for test/audit-run34/CutoverAuditRun34.t.sol:CutoverAuditRun34
[PASS] test_A_stateDiff_liveBlock() (gas: 387542131)
Logs:
  
=== Phase 0: preconditions ===
    token: 0x865377367054516e17014CcdED1e7d814EDC9ce4 DOLA
      V1 poolState / stakerCount / totalStaked: 0 9 1222727602453502485450
      strategy / principalOf(V1): 0x1760E05356Ec1FBBA159C730781dCfB9920524e2 1249626058196412698895
      V1 phusdPerSecond / C (phUSD per day): 10850694444444 937499999999961600
      setAsideBufferSize(V1) %: 10
      setAsideBufferRecipient: 0xbce8ABC09BaEDCabE93419bF875f6186e182079A
      V1 idle token balance (buffer, stays on V1): 6997032072106485771
      PhusdStableMinter registration: strategy 0x1760E05356Ec1FBBA159C730781dCfB9920524e2
    token: 0xA0b86991c6218b36c1d19D4a2e9Eb0cE3606eB48 USDC
      V1 poolState / stakerCount / totalStaked: 0 13 1966476179
      strategy / principalOf(V1): 0xaFDf8DeA96a0F37Aae4869f813901bf73a3eAB83 1993519564
      V1 phusdPerSecond / C (phUSD per day): 15190972222221 1312499999999894400
      setAsideBufferSize(V1) %: 10
      setAsideBufferRecipient: 0xbce8ABC09BaEDCabE93419bF875f6186e182079A
      V1 idle token balance (buffer, stays on V1): 10430694
      PhusdStableMinter registration: strategy 0xaFDf8DeA96a0F37Aae4869f813901bf73a3eAB83
    token: 0x4c9EDD5852cd905f086C759E8383e09bff1E68B3 USDe
      V1 poolState / stakerCount / totalStaked: 0 7 2566815465400000000000
      strategy / principalOf(V1): 0xaC2e5936Eca286eC364d4D5Bcca33145fBe57f95 2566815465400000000000
      V1 phusdPerSecond / C (phUSD per day): 21701388888888 1874999999999923200
      setAsideBufferSize(V1) %: 25
      setAsideBufferRecipient: NONE (pre-story-047 strategy: buffer is paid to each client)
      V1 idle token balance (buffer, stays on V1): 49845539781409382100
      PhusdStableMinter registration: strategy 0xaC2e5936Eca286eC364d4D5Bcca33145fBe57f95
    V1 phUSD mint authorized: true
    phUSD minter baseline (live) mask / mintVersion: 511 0
  
=== Phase 1: retire V1 (pauser OWNER, unregister, pause) ===
    Pauser.unregister(V1) - retired staker removed from the global pause registry
    V1 pauser OWNER, unregistered from Pauser, paused - global Pauser.pause() live again
  
=== Phase 2: Antimatter ===
    Antimatter deployed at: 0x89a643657eF820D816C2A15e7e57E13C89969995
    progress serialised (preview: NOT written); bytes: 450
    Antimatter wired to phUSD + PhusdStableMinter (read back)
  
=== Phase 3: StableStakerV2 ===
    StableStakerV2 deployed at: 0x2F6B5F5D303772e8219c3d86fb2Be6575c8e7Cc0
    progress serialised (preview: NOT written); bytes: 449
    V2 paused (pauser temporarily OWNER)
  
=== Phase 4: V2 pools (from V1 live config) ===
    -- pool 0x865377367054516e17014CcdED1e7d814EDC9ce4 DOLA
      C (V1 phUSD/day) / Antimatter/day (2.1x): 937499999999961600 1968749999999919360
      antimatterPerSecond / setAsideBuffer %: 22786458333332 10
    -- pool 0xA0b86991c6218b36c1d19D4a2e9Eb0cE3606eB48 USDC
      C (V1 phUSD/day) / Antimatter/day (2.1x): 1312499999999894400 2756249999999778240
      antimatterPerSecond / setAsideBuffer %: 31901041666664 10
    -- pool 0x4c9EDD5852cd905f086C759E8383e09bff1E68B3 USDe
      C (V1 phUSD/day) / Antimatter/day (2.1x): 1874999999999923200 3937499999999838720
      antimatterPerSecond / setAsideBuffer %: 45572916666664 25
  
=== Phase 5: mint rights ===
    Antimatter.setApprovedMinter(V2) - VERIFIED by read-back
    phUSD.setMinter(V2) - VERIFIED via phUSDMintAvailable()
    phUSD.setMinter(Antimatter) - VERIFIED at current mintVersion
    phUSD minter delta OK (live mask / V1 revoked): 511 false
  
=== Phase 6: V1 -> V2 migration ===
    CrossVersionMigrator deployed at: 0x2C29215baD32E08297BB1b9D4A1BE55c9B778Dc9
    progress serialised (preview: NOT written); bytes: 448
    -- migrating pool 0x865377367054516e17014CcdED1e7d814EDC9ce4 DOLA
    relinquished V1 principal surplus (token / surplus): 0x865377367054516e17014CcdED1e7d814EDC9ce4 26898455742910213445
    V1 initiateMigration (token / R realized / P snapshot): 0x865377367054516e17014CcdED1e7d814EDC9ce4 1222669637024202235699 1222727602453502485450
    plan (token / migratable / zero-credit): 0x865377367054516e17014CcdED1e7d814EDC9ce4 9 0
    plan stragglers (count / principal total): 0 0
    migrated (token / users / batches): 0x865377367054516e17014CcdED1e7d814EDC9ce4 9 1
    exit realization (token / R realized / P snapshot): 0x865377367054516e17014CcdED1e7d814EDC9ce4 1222669637024202235699 1222727602453502485450
      loss bound bps / V2 totalStaked: 2 1222611470718702162733
    post-migration OK (token / V2 totalStaked / V2 stakers): 0x865377367054516e17014CcdED1e7d814EDC9ce4 1222611470718702162733 9
    -- migrating pool 0xA0b86991c6218b36c1d19D4a2e9Eb0cE3606eB48 USDC
    relinquished V1 principal surplus (token / surplus): 0xA0b86991c6218b36c1d19D4a2e9Eb0cE3606eB48 27043385
    V1 initiateMigration (token / R realized / P snapshot): 0xA0b86991c6218b36c1d19D4a2e9Eb0cE3606eB48 1966404164 1966476179
    plan (token / migratable / zero-credit): 0xA0b86991c6218b36c1d19D4a2e9Eb0cE3606eB48 13 0
    plan stragglers (count / principal total): 0 0
    migrated (token / users / batches): 0xA0b86991c6218b36c1d19D4a2e9Eb0cE3606eB48 13 1
    exit realization (token / R realized / P snapshot): 0xA0b86991c6218b36c1d19D4a2e9Eb0cE3606eB48 1966404164 1966476179
      loss bound bps / V2 totalStaked: 2 1966332129
    post-migration OK (token / V2 totalStaked / V2 stakers): 0xA0b86991c6218b36c1d19D4a2e9Eb0cE3606eB48 1966332129 13
    -- migrating pool 0x4c9EDD5852cd905f086C759E8383e09bff1E68B3 USDe
    market exit pre-quote (shares / quote / minOut): 2056125537638714350140 2565850122745184805918 2559115019003799999999
    V1 initiateMigration (token / R realized / P snapshot): 0x4c9EDD5852cd905f086C759E8383e09bff1E68B3 2565850122745184805919 2566815465400000000000
    plan (token / migratable / zero-credit): 0x4c9EDD5852cd905f086C759E8383e09bff1E68B3 7 0
    plan stragglers (count / principal total): 0 0
    migrated (token / users / batches): 0x4c9EDD5852cd905f086C759E8383e09bff1E68B3 7 1
    exit realization (token / R realized / P snapshot): 0x4c9EDD5852cd905f086C759E8383e09bff1E68B3 2565850122745184805919 2566815465400000000000
      loss bound bps / V2 totalStaked: 61 2558152572376949251495
    post-migration OK (token / V2 totalStaked / V2 stakers): 0x4c9EDD5852cd905f086C759E8383e09bff1E68B3 2558152572376949251495 7
  
=== Phase 7: finalize ===
    setAsideBufferRecipient -> V2 on strategy: 0x1760E05356Ec1FBBA159C730781dCfB9920524e2
    setAsideBufferRecipient -> V2 on strategy: 0xaFDf8DeA96a0F37Aae4869f813901bf73a3eAB83
    phUSD.setMinter(V1, false) - retired staker's mint authority REVOKED
    V1 already unregistered from Pauser - skipped
    V1 already paused - pause step skipped
    V1 pauser -> OWNER, unregistered from Pauser, left paused; V2 unpaused THEN registered; Antimatter registered
  
=== Phase 8: wiring assertions ===
    phUSD minter delta OK (live mask / V1 revoked): 510 true
    pool OK (token / V2 stakers / V1 stragglers): 0x865377367054516e17014CcdED1e7d814EDC9ce4 9 0
    pool OK (token / V2 stakers / V1 stragglers): 0xA0b86991c6218b36c1d19D4a2e9Eb0cE3606eB48 13 0
    pool OK (token / V2 stakers / V1 stragglers): 0x4c9EDD5852cd905f086C759E8383e09bff1E68B3 7 0
    Pauser registrant sweep OK (every registrant unpaused, pauser == Pauser): 27
    all wiring assertions passed
  CREATE|0x89a643657eF820D816C2A15e7e57E13C89969995
  CREATE|0x2F6B5F5D303772e8219c3d86fb2Be6575c8e7Cc0
  CREATE|0x2C29215baD32E08297BB1b9D4A1BE55c9B778Dc9
  WRITES|0x5615dEB798BB3E4dFa0139dFa1b3D433Cc23b72f|19
  WRITES|0xbce8ABC09BaEDCabE93419bF875f6186e182079A|233
  WRITES|0x7c5A8EeF1d836450C019FB036453ac6eC97885a3|14
  WRITES|0x89a643657eF820D816C2A15e7e57E13C89969995|10
  WRITES|0x2F6B5F5D303772e8219c3d86fb2Be6575c8e7Cc0|228
  WRITES|0x1760E05356Ec1FBBA159C730781dCfB9920524e2|49
  WRITES|0x865377367054516e17014CcdED1e7d814EDC9ce4|70
  WRITES|0xaFDf8DeA96a0F37Aae4869f813901bf73a3eAB83|65
  WRITES|0xA0b86991c6218b36c1d19D4a2e9Eb0cE3606eB48|124
  WRITES|0xaC2e5936Eca286eC364d4D5Bcca33145fBe57f95|36
  WRITES|0x4c9EDD5852cd905f086C759E8383e09bff1E68B3|116
  WRITES|0xf3B5B661b92B75C71fA5Aba8Fd95D7514A9CD605|61
  WRITES|0x2C29215baD32E08297BB1b9D4A1BE55c9B778Dc9|1
  WRITES|0x79eB84B5E30Ef2481c8f00fD0Aa7aAd6Ac0AA54d|50
  WRITES|0xa7569A44f348d3D70d8ad5889e50F78E33d80D35|70
  WRITES|0x9D39A5DE30e57443BfF2A8307A4256c8797A3497|38
  WRITES|0x16C6521Dff6baB339122a0FE25a9116693265353|16
  WRITES|0x57064F49Ad7123C92560882a45518374ad982e85|57
  WRITES|0xf939E0A03FB07F59A73314E73794Be0E57ac1b4E|32
  WRITES|0xF55B0f6F2Da5ffDDb104b58a60F2862745960442|57
  EV|0xbce8ABC09BaEDCabE93419bF875f6186e182079A|0x1ff153f4b082245afbf3211a8d2d207da4c5df490e965f9a9ad141b0cd001dda
  EV|0x7c5A8EeF1d836450C019FB036453ac6eC97885a3|0x3475b9891ecf29e996feed01eeb42a860ec225283a439d214ffaeac5e006be7d
  EV|0xbce8ABC09BaEDCabE93419bF875f6186e182079A|0x62e78cea01bee320cd4e420270b5ea74000d11b0c9f74754ebdbfc544b05a258
  EV|0x89a643657eF820D816C2A15e7e57E13C89969995|0x8be0079c531659141344cd1fd0a4f28419497f9722a3daafe3b4186f6b6457e0
  EV|0x89a643657eF820D816C2A15e7e57E13C89969995|0xbf54fdd3f584545cbb1db5156728b08b2dd10d499e70d05a3b2ec17b632906b2
  EV|0x89a643657eF820D816C2A15e7e57E13C89969995|0xe116313250296d64bd28db12242a284eeb5db92d4d3fdb6acbad97cba2d9e424
  EV|0x2F6B5F5D303772e8219c3d86fb2Be6575c8e7Cc0|0x8be0079c531659141344cd1fd0a4f28419497f9722a3daafe3b4186f6b6457e0
  EV|0x2F6B5F5D303772e8219c3d86fb2Be6575c8e7Cc0|0x1ff153f4b082245afbf3211a8d2d207da4c5df490e965f9a9ad141b0cd001dda
  EV|0x2F6B5F5D303772e8219c3d86fb2Be6575c8e7Cc0|0x62e78cea01bee320cd4e420270b5ea74000d11b0c9f74754ebdbfc544b05a258
  EV|0x2F6B5F5D303772e8219c3d86fb2Be6575c8e7Cc0|0x784c8f4dbf0ffedd6e72c76501c545a70f8b203b30a26ce542bf92ba87c248a4
  EV|0x1760E05356Ec1FBBA159C730781dCfB9920524e2|0x50b24d98d3da51f5db279e5872fa50584b172048aa9bfa6c6edb4d0cfbb4dc58
  EV|0x865377367054516e17014CcdED1e7d814EDC9ce4|0x8c5be1e5ebec7d5bd14f71427d1e84f3dd0314c0f7b2291e5b200ac8c7c3b925
  EV|0x2F6B5F5D303772e8219c3d86fb2Be6575c8e7Cc0|0x3516568a649d8b032ca21ab63e0a7648daa892b0f3b8bf042a620ecbabb9b3b3
  EV|0x1760E05356Ec1FBBA159C730781dCfB9920524e2|0x7f5fae2f2ea0d248c289f00cb1738844937f7fe3bd3c11357de14780c9805b9a
  EV|0x2F6B5F5D303772e8219c3d86fb2Be6575c8e7Cc0|0x83e15551372e4d4bb4b7602905b434efa1bd61fd20b4d43d838d913418f5569b
  EV|0x2F6B5F5D303772e8219c3d86fb2Be6575c8e7Cc0|0x784c8f4dbf0ffedd6e72c76501c545a70f8b203b30a26ce542bf92ba87c248a4
  EV|0xaFDf8DeA96a0F37Aae4869f813901bf73a3eAB83|0x50b24d98d3da51f5db279e5872fa50584b172048aa9bfa6c6edb4d0cfbb4dc58
  EV|0xA0b86991c6218b36c1d19D4a2e9Eb0cE3606eB48|0x8c5be1e5ebec7d5bd14f71427d1e84f3dd0314c0f7b2291e5b200ac8c7c3b925
  EV|0x2F6B5F5D303772e8219c3d86fb2Be6575c8e7Cc0|0x3516568a649d8b032ca21ab63e0a7648daa892b0f3b8bf042a620ecbabb9b3b3
  EV|0xaFDf8DeA96a0F37Aae4869f813901bf73a3eAB83|0x7f5fae2f2ea0d248c289f00cb1738844937f7fe3bd3c11357de14780c9805b9a
  EV|0x2F6B5F5D303772e8219c3d86fb2Be6575c8e7Cc0|0x83e15551372e4d4bb4b7602905b434efa1bd61fd20b4d43d838d913418f5569b
  EV|0x2F6B5F5D303772e8219c3d86fb2Be6575c8e7Cc0|0x784c8f4dbf0ffedd6e72c76501c545a70f8b203b30a26ce542bf92ba87c248a4
  EV|0xaC2e5936Eca286eC364d4D5Bcca33145fBe57f95|0x50b24d98d3da51f5db279e5872fa50584b172048aa9bfa6c6edb4d0cfbb4dc58
  EV|0x4c9EDD5852cd905f086C759E8383e09bff1E68B3|0x8c5be1e5ebec7d5bd14f71427d1e84f3dd0314c0f7b2291e5b200ac8c7c3b925
  EV|0x2F6B5F5D303772e8219c3d86fb2Be6575c8e7Cc0|0x3516568a649d8b032ca21ab63e0a7648daa892b0f3b8bf042a620ecbabb9b3b3
  EV|0xaC2e5936Eca286eC364d4D5Bcca33145fBe57f95|0x7f5fae2f2ea0d248c289f00cb1738844937f7fe3bd3c11357de14780c9805b9a
  EV|0x2F6B5F5D303772e8219c3d86fb2Be6575c8e7Cc0|0x83e15551372e4d4bb4b7602905b434efa1bd61fd20b4d43d838d913418f5569b
  EV|0x89a643657eF820D816C2A15e7e57E13C89969995|0x9406f492c0cfa7f9b0ac8f2e3359ca7b774da7260a5c81b3c8f25d20b3c66c82
  EV|0xf3B5B661b92B75C71fA5Aba8Fd95D7514A9CD605|0x34e56df787a7a59706503a81c304ed0ef46ddd2dfcdf1c8c8d1db684f3639fdd
  EV|0xf3B5B661b92B75C71fA5Aba8Fd95D7514A9CD605|0x34e56df787a7a59706503a81c304ed0ef46ddd2dfcdf1c8c8d1db684f3639fdd
  EV|0x2C29215baD32E08297BB1b9D4A1BE55c9B778Dc9|0x8be0079c531659141344cd1fd0a4f28419497f9722a3daafe3b4186f6b6457e0
  EV|0xbce8ABC09BaEDCabE93419bF875f6186e182079A|0x3ba4758949febc607e14523620298f8b5995b1848492ad7aa083372ac886ae07
  EV|0x2F6B5F5D303772e8219c3d86fb2Be6575c8e7Cc0|0x3ba4758949febc607e14523620298f8b5995b1848492ad7aa083372ac886ae07
  EV|0x1760E05356Ec1FBBA159C730781dCfB9920524e2|0x4d885c79cf5fd98092704fa243167fab8e9b91e380bdb7bb5a8c1fead3431843
  EV|0x79eB84B5E30Ef2481c8f00fD0Aa7aAd6Ac0AA54d|0xddf252ad1be2c89b69c2b068fc378daa952ba7f163c4a11628f55a4df523b3ef
  EV|0x79eB84B5E30Ef2481c8f00fD0Aa7aAd6Ac0AA54d|0xfbde797d201c681b91056529119e0b02407c7bb96a4a2c75c01fc9667232c8db
  EV|0x79eB84B5E30Ef2481c8f00fD0Aa7aAd6Ac0AA54d|0xfde591d4268ec544cdd14ce6872b792705c3a22041dda226551134062d3e05e8
  EV|0x865377367054516e17014CcdED1e7d814EDC9ce4|0xddf252ad1be2c89b69c2b068fc378daa952ba7f163c4a11628f55a4df523b3ef
  EV|0x1760E05356Ec1FBBA159C730781dCfB9920524e2|0x144f5f62c08d623a6f383205dc8d5ef825b693748e2977846e18121b6780413a
  EV|0x865377367054516e17014CcdED1e7d814EDC9ce4|0x8c5be1e5ebec7d5bd14f71427d1e84f3dd0314c0f7b2291e5b200ac8c7c3b925
  EV|0xbce8ABC09BaEDCabE93419bF875f6186e182079A|0xa2a75f8a973d2f48e592c963d71dfd27c2d74fcabf86d721a2b68f4430125b29
  EV|0xf3B5B661b92B75C71fA5Aba8Fd95D7514A9CD605|0xddf252ad1be2c89b69c2b068fc378daa952ba7f163c4a11628f55a4df523b3ef
  EV|0xbce8ABC09BaEDCabE93419bF875f6186e182079A|0x8df5f93d7bf3c165bfade24de267a17c16f43a3e2bdbc1f4aa919a19f42056cd
  EV|0xf3B5B661b92B75C71fA5Aba8Fd95D7514A9CD605|0xddf252ad1be2c89b69c2b068fc378daa952ba7f163c4a11628f55a4df523b3ef
  EV|0xbce8ABC09BaEDCabE93419bF875f6186e182079A|0x8df5f93d7bf3c165bfade24de267a17c16f43a3e2bdbc1f4aa919a19f42056cd
  EV|0xf3B5B661b92B75C71fA5Aba8Fd95D7514A9CD605|0xddf252ad1be2c89b69c2b068fc378daa952ba7f163c4a11628f55a4df523b3ef
  EV|0xbce8ABC09BaEDCabE93419bF875f6186e182079A|0x8df5f93d7bf3c165bfade24de267a17c16f43a3e2bdbc1f4aa919a19f42056cd
  EV|0xf3B5B661b92B75C71fA5Aba8Fd95D7514A9CD605|0xddf252ad1be2c89b69c2b068fc378daa952ba7f163c4a11628f55a4df523b3ef
  EV|0xbce8ABC09BaEDCabE93419bF875f6186e182079A|0x8df5f93d7bf3c165bfade24de267a17c16f43a3e2bdbc1f4aa919a19f42056cd
  EV|0xf3B5B661b92B75C71fA5Aba8Fd95D7514A9CD605|0xddf252ad1be2c89b69c2b068fc378daa952ba7f163c4a11628f55a4df523b3ef
  EV|0xbce8ABC09BaEDCabE93419bF875f6186e182079A|0x8df5f93d7bf3c165bfade24de267a17c16f43a3e2bdbc1f4aa919a19f42056cd
  EV|0xf3B5B661b92B75C71fA5Aba8Fd95D7514A9CD605|0xddf252ad1be2c89b69c2b068fc378daa952ba7f163c4a11628f55a4df523b3ef
  EV|0xbce8ABC09BaEDCabE93419bF875f6186e182079A|0x8df5f93d7bf3c165bfade24de267a17c16f43a3e2bdbc1f4aa919a19f42056cd
  EV|0xf3B5B661b92B75C71fA5Aba8Fd95D7514A9CD605|0xddf252ad1be2c89b69c2b068fc378daa952ba7f163c4a11628f55a4df523b3ef
  EV|0xbce8ABC09BaEDCabE93419bF875f6186e182079A|0x8df5f93d7bf3c165bfade24de267a17c16f43a3e2bdbc1f4aa919a19f42056cd
  EV|0xf3B5B661b92B75C71fA5Aba8Fd95D7514A9CD605|0xddf252ad1be2c89b69c2b068fc378daa952ba7f163c4a11628f55a4df523b3ef
  EV|0xbce8ABC09BaEDCabE93419bF875f6186e182079A|0x8df5f93d7bf3c165bfade24de267a17c16f43a3e2bdbc1f4aa919a19f42056cd
  EV|0xf3B5B661b92B75C71fA5Aba8Fd95D7514A9CD605|0xddf252ad1be2c89b69c2b068fc378daa952ba7f163c4a11628f55a4df523b3ef
  EV|0xbce8ABC09BaEDCabE93419bF875f6186e182079A|0x8df5f93d7bf3c165bfade24de267a17c16f43a3e2bdbc1f4aa919a19f42056cd
  EV|0x865377367054516e17014CcdED1e7d814EDC9ce4|0xddf252ad1be2c89b69c2b068fc378daa952ba7f163c4a11628f55a4df523b3ef
  EV|0x865377367054516e17014CcdED1e7d814EDC9ce4|0x8c5be1e5ebec7d5bd14f71427d1e84f3dd0314c0f7b2291e5b200ac8c7c3b925
  EV|0x865377367054516e17014CcdED1e7d814EDC9ce4|0xddf252ad1be2c89b69c2b068fc378daa952ba7f163c4a11628f55a4df523b3ef
  EV|0x865377367054516e17014CcdED1e7d814EDC9ce4|0xddf252ad1be2c89b69c2b068fc378daa952ba7f163c4a11628f55a4df523b3ef
  EV|0x865377367054516e17014CcdED1e7d814EDC9ce4|0xddf252ad1be2c89b69c2b068fc378daa952ba7f163c4a11628f55a4df523b3ef
  EV|0x79eB84B5E30Ef2481c8f00fD0Aa7aAd6Ac0AA54d|0xddf252ad1be2c89b69c2b068fc378daa952ba7f163c4a11628f55a4df523b3ef
  EV|0x79eB84B5E30Ef2481c8f00fD0Aa7aAd6Ac0AA54d|0xdcbc1c05240f31ff3ad067ef1ee35ce4997762752e3a095284754544f4c709d7
  EV|0x79eB84B5E30Ef2481c8f00fD0Aa7aAd6Ac0AA54d|0xfde591d4268ec544cdd14ce6872b792705c3a22041dda226551134062d3e05e8
  EV|0x1760E05356Ec1FBBA159C730781dCfB9920524e2|0xb045190548dadae679cfe9e337437613ca6dd73efdf984f75e56f152ccee22f0
  EV|0x2F6B5F5D303772e8219c3d86fb2Be6575c8e7Cc0|0x11fa725a956e1222d809b94ec211abe46e4218803a3c67d50f6fd9e46ba20a0e
  EV|0x865377367054516e17014CcdED1e7d814EDC9ce4|0xddf252ad1be2c89b69c2b068fc378daa952ba7f163c4a11628f55a4df523b3ef
  EV|0x865377367054516e17014CcdED1e7d814EDC9ce4|0xddf252ad1be2c89b69c2b068fc378daa952ba7f163c4a11628f55a4df523b3ef
  EV|0x865377367054516e17014CcdED1e7d814EDC9ce4|0xddf252ad1be2c89b69c2b068fc378daa952ba7f163c4a11628f55a4df523b3ef
  EV|0x79eB84B5E30Ef2481c8f00fD0Aa7aAd6Ac0AA54d|0xddf252ad1be2c89b69c2b068fc378daa952ba7f163c4a11628f55a4df523b3ef
  EV|0x79eB84B5E30Ef2481c8f00fD0Aa7aAd6Ac0AA54d|0xdcbc1c05240f31ff3ad067ef1ee35ce4997762752e3a095284754544f4c709d7
  EV|0x79eB84B5E30Ef2481c8f00fD0Aa7aAd6Ac0AA54d|0xfde591d4268ec544cdd14ce6872b792705c3a22041dda226551134062d3e05e8
  EV|0x1760E05356Ec1FBBA159C730781dCfB9920524e2|0xb045190548dadae679cfe9e337437613ca6dd73efdf984f75e56f152ccee22f0
  EV|0x2F6B5F5D303772e8219c3d86fb2Be6575c8e7Cc0|0x11fa725a956e1222d809b94ec211abe46e4218803a3c67d50f6fd9e46ba20a0e
  EV|0x865377367054516e17014CcdED1e7d814EDC9ce4|0xddf252ad1be2c89b69c2b068fc378daa952ba7f163c4a11628f55a4df523b3ef
  EV|0x865377367054516e17014CcdED1e7d814EDC9ce4|0xddf252ad1be2c89b69c2b068fc378daa952ba7f163c4a11628f55a4df523b3ef
  EV|0x865377367054516e17014CcdED1e7d814EDC9ce4|0xddf252ad1be2c89b69c2b068fc378daa952ba7f163c4a11628f55a4df523b3ef
  EV|0x79eB84B5E30Ef2481c8f00fD0Aa7aAd6Ac0AA54d|0xddf252ad1be2c89b69c2b068fc378daa952ba7f163c4a11628f55a4df523b3ef
  EV|0x79eB84B5E30Ef2481c8f00fD0Aa7aAd6Ac0AA54d|0xdcbc1c05240f31ff3ad067ef1ee35ce4997762752e3a095284754544f4c709d7
  EV|0x79eB84B5E30Ef2481c8f00fD0Aa7aAd6Ac0AA54d|0xfde591d4268ec544cdd14ce6872b792705c3a22041dda226551134062d3e05e8
  EV|0x1760E05356Ec1FBBA159C730781dCfB9920524e2|0xb045190548dadae679cfe9e337437613ca6dd73efdf984f75e56f152ccee22f0
  EV|0x2F6B5F5D303772e8219c3d86fb2Be6575c8e7Cc0|0x11fa725a956e1222d809b94ec211abe46e4218803a3c67d50f6fd9e46ba20a0e
  EV|0x865377367054516e17014CcdED1e7d814EDC9ce4|0xddf252ad1be2c89b69c2b068fc378daa952ba7f163c4a11628f55a4df523b3ef
  EV|0x865377367054516e17014CcdED1e7d814EDC9ce4|0xddf252ad1be2c89b69c2b068fc378daa952ba7f163c4a11628f55a4df523b3ef
  EV|0x865377367054516e17014CcdED1e7d814EDC9ce4|0xddf252ad1be2c89b69c2b068fc378daa952ba7f163c4a11628f55a4df523b3ef
  EV|0x79eB84B5E30Ef2481c8f00fD0Aa7aAd6Ac0AA54d|0xddf252ad1be2c89b69c2b068fc378daa952ba7f163c4a11628f55a4df523b3ef
  EV|0x79eB84B5E30Ef2481c8f00fD0Aa7aAd6Ac0AA54d|0xdcbc1c05240f31ff3ad067ef1ee35ce4997762752e3a095284754544f4c709d7
  EV|0x79eB84B5E30Ef2481c8f00fD0Aa7aAd6Ac0AA54d|0xfde591d4268ec544cdd14ce6872b792705c3a22041dda226551134062d3e05e8
  EV|0x1760E05356Ec1FBBA159C730781dCfB9920524e2|0xb045190548dadae679cfe9e337437613ca6dd73efdf984f75e56f152ccee22f0
  EV|0x2F6B5F5D303772e8219c3d86fb2Be6575c8e7Cc0|0x11fa725a956e1222d809b94ec211abe46e4218803a3c67d50f6fd9e46ba20a0e
  EV|0x865377367054516e17014CcdED1e7d814EDC9ce4|0xddf252ad1be2c89b69c2b068fc378daa952ba7f163c4a11628f55a4df523b3ef
  EV|0x865377367054516e17014CcdED1e7d814EDC9ce4|0xddf252ad1be2c89b69c2b068fc378daa952ba7f163c4a11628f55a4df523b3ef
  EV|0x865377367054516e17014CcdED1e7d814EDC9ce4|0xddf252ad1be2c89b69c2b068fc378daa952ba7f163c4a11628f55a4df523b3ef
  EV|0x79eB84B5E30Ef2481c8f00fD0Aa7aAd6Ac0AA54d|0xddf252ad1be2c89b69c2b068fc378daa952ba7f163c4a11628f55a4df523b3ef
  EV|0x79eB84B5E30Ef2481c8f00fD0Aa7aAd6Ac0AA54d|0xdcbc1c05240f31ff3ad067ef1ee35ce4997762752e3a095284754544f4c709d7
  EV|0x79eB84B5E30Ef2481c8f00fD0Aa7aAd6Ac0AA54d|0xfde591d4268ec544cdd14ce6872b792705c3a22041dda226551134062d3e05e8
  EV|0x1760E05356Ec1FBBA159C730781dCfB9920524e2|0xb045190548dadae679cfe9e337437613ca6dd73efdf984f75e56f152ccee22f0
  EV|0x2F6B5F5D303772e8219c3d86fb2Be6575c8e7Cc0|0x11fa725a956e1222d809b94ec211abe46e4218803a3c67d50f6fd9e46ba20a0e
  EV|0x865377367054516e17014CcdED1e7d814EDC9ce4|0xddf252ad1be2c89b69c2b068fc378daa952ba7f163c4a11628f55a4df523b3ef
  EV|0x865377367054516e17014CcdED1e7d814EDC9ce4|0xddf252ad1be2c89b69c2b068fc378daa952ba7f163c4a11628f55a4df523b3ef
  EV|0x865377367054516e17014CcdED1e7d814EDC9ce4|0xddf252ad1be2c89b69c2b068fc378daa952ba7f163c4a11628f55a4df523b3ef
  EV|0x79eB84B5E30Ef2481c8f00fD0Aa7aAd6Ac0AA54d|0xddf252ad1be2c89b69c2b068fc378daa952ba7f163c4a11628f55a4df523b3ef
  EV|0x79eB84B5E30Ef2481c8f00fD0Aa7aAd6Ac0AA54d|0xdcbc1c05240f31ff3ad067ef1ee35ce4997762752e3a095284754544f4c709d7
  EV|0x79eB84B5E30Ef2481c8f00fD0Aa7aAd6Ac0AA54d|0xfde591d4268ec544cdd14ce6872b792705c3a22041dda226551134062d3e05e8
  EV|0x1760E05356Ec1FBBA159C730781dCfB9920524e2|0xb045190548dadae679cfe9e337437613ca6dd73efdf984f75e56f152ccee22f0
  EV|0x2F6B5F5D303772e8219c3d86fb2Be6575c8e7Cc0|0x11fa725a956e1222d809b94ec211abe46e4218803a3c67d50f6fd9e46ba20a0e
  EV|0x865377367054516e17014CcdED1e7d814EDC9ce4|0xddf252ad1be2c89b69c2b068fc378daa952ba7f163c4a11628f55a4df523b3ef
  EV|0x865377367054516e17014CcdED1e7d814EDC9ce4|0xddf252ad1be2c89b69c2b068fc378daa952ba7f163c4a11628f55a4df523b3ef
  EV|0x865377367054516e17014CcdED1e7d814EDC9ce4|0xddf252ad1be2c89b69c2b068fc378daa952ba7f163c4a11628f55a4df523b3ef
  EV|0x79eB84B5E30Ef2481c8f00fD0Aa7aAd6Ac0AA54d|0xddf252ad1be2c89b69c2b068fc378daa952ba7f163c4a11628f55a4df523b3ef
  EV|0x79eB84B5E30Ef2481c8f00fD0Aa7aAd6Ac0AA54d|0xdcbc1c05240f31ff3ad067ef1ee35ce4997762752e3a095284754544f4c709d7
  EV|0x79eB84B5E30Ef2481c8f00fD0Aa7aAd6Ac0AA54d|0xfde591d4268ec544cdd14ce6872b792705c3a22041dda226551134062d3e05e8
  EV|0x1760E05356Ec1FBBA159C730781dCfB9920524e2|0xb045190548dadae679cfe9e337437613ca6dd73efdf984f75e56f152ccee22f0
  EV|0x2F6B5F5D303772e8219c3d86fb2Be6575c8e7Cc0|0x11fa725a956e1222d809b94ec211abe46e4218803a3c67d50f6fd9e46ba20a0e
  EV|0x865377367054516e17014CcdED1e7d814EDC9ce4|0xddf252ad1be2c89b69c2b068fc378daa952ba7f163c4a11628f55a4df523b3ef
  EV|0x865377367054516e17014CcdED1e7d814EDC9ce4|0xddf252ad1be2c89b69c2b068fc378daa952ba7f163c4a11628f55a4df523b3ef
  EV|0x865377367054516e17014CcdED1e7d814EDC9ce4|0xddf252ad1be2c89b69c2b068fc378daa952ba7f163c4a11628f55a4df523b3ef
  EV|0x79eB84B5E30Ef2481c8f00fD0Aa7aAd6Ac0AA54d|0xddf252ad1be2c89b69c2b068fc378daa952ba7f163c4a11628f55a4df523b3ef
  EV|0x79eB84B5E30Ef2481c8f00fD0Aa7aAd6Ac0AA54d|0xdcbc1c05240f31ff3ad067ef1ee35ce4997762752e3a095284754544f4c709d7
  EV|0x79eB84B5E30Ef2481c8f00fD0Aa7aAd6Ac0AA54d|0xfde591d4268ec544cdd14ce6872b792705c3a22041dda226551134062d3e05e8
  EV|0x1760E05356Ec1FBBA159C730781dCfB9920524e2|0xb045190548dadae679cfe9e337437613ca6dd73efdf984f75e56f152ccee22f0
  EV|0x2F6B5F5D303772e8219c3d86fb2Be6575c8e7Cc0|0x11fa725a956e1222d809b94ec211abe46e4218803a3c67d50f6fd9e46ba20a0e
  EV|0x865377367054516e17014CcdED1e7d814EDC9ce4|0xddf252ad1be2c89b69c2b068fc378daa952ba7f163c4a11628f55a4df523b3ef
  EV|0x865377367054516e17014CcdED1e7d814EDC9ce4|0xddf252ad1be2c89b69c2b068fc378daa952ba7f163c4a11628f55a4df523b3ef
  EV|0x865377367054516e17014CcdED1e7d814EDC9ce4|0xddf252ad1be2c89b69c2b068fc378daa952ba7f163c4a11628f55a4df523b3ef
  EV|0x79eB84B5E30Ef2481c8f00fD0Aa7aAd6Ac0AA54d|0xddf252ad1be2c89b69c2b068fc378daa952ba7f163c4a11628f55a4df523b3ef
  EV|0x79eB84B5E30Ef2481c8f00fD0Aa7aAd6Ac0AA54d|0xdcbc1c05240f31ff3ad067ef1ee35ce4997762752e3a095284754544f4c709d7
  EV|0x79eB84B5E30Ef2481c8f00fD0Aa7aAd6Ac0AA54d|0xfde591d4268ec544cdd14ce6872b792705c3a22041dda226551134062d3e05e8
  EV|0x1760E05356Ec1FBBA159C730781dCfB9920524e2|0xb045190548dadae679cfe9e337437613ca6dd73efdf984f75e56f152ccee22f0
  EV|0x2F6B5F5D303772e8219c3d86fb2Be6575c8e7Cc0|0x11fa725a956e1222d809b94ec211abe46e4218803a3c67d50f6fd9e46ba20a0e
  EV|0x2C29215baD32E08297BB1b9D4A1BE55c9B778Dc9|0x5afcf86b5218a6ecddd44ab23d9a1caa8546a7b1100ff82c0bcd9c573d176055
  EV|0xaFDf8DeA96a0F37Aae4869f813901bf73a3eAB83|0x4d885c79cf5fd98092704fa243167fab8e9b91e380bdb7bb5a8c1fead3431843
  EV|0xa7569A44f348d3D70d8ad5889e50F78E33d80D35|0xddf252ad1be2c89b69c2b068fc378daa952ba7f163c4a11628f55a4df523b3ef
  EV|0xa7569A44f348d3D70d8ad5889e50F78E33d80D35|0xfbde797d201c681b91056529119e0b02407c7bb96a4a2c75c01fc9667232c8db
  EV|0xa7569A44f348d3D70d8ad5889e50F78E33d80D35|0xfde591d4268ec544cdd14ce6872b792705c3a22041dda226551134062d3e05e8
  EV|0xA0b86991c6218b36c1d19D4a2e9Eb0cE3606eB48|0xddf252ad1be2c89b69c2b068fc378daa952ba7f163c4a11628f55a4df523b3ef
  EV|0xaFDf8DeA96a0F37Aae4869f813901bf73a3eAB83|0x144f5f62c08d623a6f383205dc8d5ef825b693748e2977846e18121b6780413a
  EV|0xA0b86991c6218b36c1d19D4a2e9Eb0cE3606eB48|0x8c5be1e5ebec7d5bd14f71427d1e84f3dd0314c0f7b2291e5b200ac8c7c3b925
  EV|0xbce8ABC09BaEDCabE93419bF875f6186e182079A|0xa2a75f8a973d2f48e592c963d71dfd27c2d74fcabf86d721a2b68f4430125b29
  EV|0xf3B5B661b92B75C71fA5Aba8Fd95D7514A9CD605|0xddf252ad1be2c89b69c2b068fc378daa952ba7f163c4a11628f55a4df523b3ef
  EV|0xbce8ABC09BaEDCabE93419bF875f6186e182079A|0x8df5f93d7bf3c165bfade24de267a17c16f43a3e2bdbc1f4aa919a19f42056cd
  EV|0xf3B5B661b92B75C71fA5Aba8Fd95D7514A9CD605|0xddf252ad1be2c89b69c2b068fc378daa952ba7f163c4a11628f55a4df523b3ef
  EV|0xbce8ABC09BaEDCabE93419bF875f6186e182079A|0x8df5f93d7bf3c165bfade24de267a17c16f43a3e2bdbc1f4aa919a19f42056cd
  EV|0xf3B5B661b92B75C71fA5Aba8Fd95D7514A9CD605|0xddf252ad1be2c89b69c2b068fc378daa952ba7f163c4a11628f55a4df523b3ef
  EV|0xbce8ABC09BaEDCabE93419bF875f6186e182079A|0x8df5f93d7bf3c165bfade24de267a17c16f43a3e2bdbc1f4aa919a19f42056cd
  EV|0xf3B5B661b92B75C71fA5Aba8Fd95D7514A9CD605|0xddf252ad1be2c89b69c2b068fc378daa952ba7f163c4a11628f55a4df523b3ef
  EV|0xbce8ABC09BaEDCabE93419bF875f6186e182079A|0x8df5f93d7bf3c165bfade24de267a17c16f43a3e2bdbc1f4aa919a19f42056cd
  EV|0xf3B5B661b92B75C71fA5Aba8Fd95D7514A9CD605|0xddf252ad1be2c89b69c2b068fc378daa952ba7f163c4a11628f55a4df523b3ef
  EV|0xbce8ABC09BaEDCabE93419bF875f6186e182079A|0x8df5f93d7bf3c165bfade24de267a17c16f43a3e2bdbc1f4aa919a19f42056cd
  EV|0xf3B5B661b92B75C71fA5Aba8Fd95D7514A9CD605|0xddf252ad1be2c89b69c2b068fc378daa952ba7f163c4a11628f55a4df523b3ef
  EV|0xbce8ABC09BaEDCabE93419bF875f6186e182079A|0x8df5f93d7bf3c165bfade24de267a17c16f43a3e2bdbc1f4aa919a19f42056cd
  EV|0xf3B5B661b92B75C71fA5Aba8Fd95D7514A9CD605|0xddf252ad1be2c89b69c2b068fc378daa952ba7f163c4a11628f55a4df523b3ef
  EV|0xbce8ABC09BaEDCabE93419bF875f6186e182079A|0x8df5f93d7bf3c165bfade24de267a17c16f43a3e2bdbc1f4aa919a19f42056cd
  EV|0xf3B5B661b92B75C71fA5Aba8Fd95D7514A9CD605|0xddf252ad1be2c89b69c2b068fc378daa952ba7f163c4a11628f55a4df523b3ef
  EV|0xbce8ABC09BaEDCabE93419bF875f6186e182079A|0x8df5f93d7bf3c165bfade24de267a17c16f43a3e2bdbc1f4aa919a19f42056cd
  EV|0xf3B5B661b92B75C71fA5Aba8Fd95D7514A9CD605|0xddf252ad1be2c89b69c2b068fc378daa952ba7f163c4a11628f55a4df523b3ef
  EV|0xbce8ABC09BaEDCabE93419bF875f6186e182079A|0x8df5f93d7bf3c165bfade24de267a17c16f43a3e2bdbc1f4aa919a19f42056cd
  EV|0xf3B5B661b92B75C71fA5Aba8Fd95D7514A9CD605|0xddf252ad1be2c89b69c2b068fc378daa952ba7f163c4a11628f55a4df523b3ef
  EV|0xbce8ABC09BaEDCabE93419bF875f6186e182079A|0x8df5f93d7bf3c165bfade24de267a17c16f43a3e2bdbc1f4aa919a19f42056cd
  EV|0xf3B5B661b92B75C71fA5Aba8Fd95D7514A9CD605|0xddf252ad1be2c89b69c2b068fc378daa952ba7f163c4a11628f55a4df523b3ef
  EV|0xbce8ABC09BaEDCabE93419bF875f6186e182079A|0x8df5f93d7bf3c165bfade24de267a17c16f43a3e2bdbc1f4aa919a19f42056cd
  EV|0xf3B5B661b92B75C71fA5Aba8Fd95D7514A9CD605|0xddf252ad1be2c89b69c2b068fc378daa952ba7f163c4a11628f55a4df523b3ef
  EV|0xbce8ABC09BaEDCabE93419bF875f6186e182079A|0x8df5f93d7bf3c165bfade24de267a17c16f43a3e2bdbc1f4aa919a19f42056cd
  EV|0xf3B5B661b92B75C71fA5Aba8Fd95D7514A9CD605|0xddf252ad1be2c89b69c2b068fc378daa952ba7f163c4a11628f55a4df523b3ef
  EV|0xbce8ABC09BaEDCabE93419bF875f6186e182079A|0x8df5f93d7bf3c165bfade24de267a17c16f43a3e2bdbc1f4aa919a19f42056cd
  EV|0xA0b86991c6218b36c1d19D4a2e9Eb0cE3606eB48|0xddf252ad1be2c89b69c2b068fc378daa952ba7f163c4a11628f55a4df523b3ef
  EV|0xA0b86991c6218b36c1d19D4a2e9Eb0cE3606eB48|0x8c5be1e5ebec7d5bd14f71427d1e84f3dd0314c0f7b2291e5b200ac8c7c3b925
  EV|0xA0b86991c6218b36c1d19D4a2e9Eb0cE3606eB48|0xddf252ad1be2c89b69c2b068fc378daa952ba7f163c4a11628f55a4df523b3ef
  EV|0xA0b86991c6218b36c1d19D4a2e9Eb0cE3606eB48|0xddf252ad1be2c89b69c2b068fc378daa952ba7f163c4a11628f55a4df523b3ef
  EV|0xA0b86991c6218b36c1d19D4a2e9Eb0cE3606eB48|0xddf252ad1be2c89b69c2b068fc378daa952ba7f163c4a11628f55a4df523b3ef
  EV|0xa7569A44f348d3D70d8ad5889e50F78E33d80D35|0xddf252ad1be2c89b69c2b068fc378daa952ba7f163c4a11628f55a4df523b3ef
  EV|0xa7569A44f348d3D70d8ad5889e50F78E33d80D35|0xdcbc1c05240f31ff3ad067ef1ee35ce4997762752e3a095284754544f4c709d7
  EV|0xa7569A44f348d3D70d8ad5889e50F78E33d80D35|0xfde591d4268ec544cdd14ce6872b792705c3a22041dda226551134062d3e05e8
  EV|0xaFDf8DeA96a0F37Aae4869f813901bf73a3eAB83|0xb045190548dadae679cfe9e337437613ca6dd73efdf984f75e56f152ccee22f0
  EV|0x2F6B5F5D303772e8219c3d86fb2Be6575c8e7Cc0|0x11fa725a956e1222d809b94ec211abe46e4218803a3c67d50f6fd9e46ba20a0e
  EV|0xA0b86991c6218b36c1d19D4a2e9Eb0cE3606eB48|0xddf252ad1be2c89b69c2b068fc378daa952ba7f163c4a11628f55a4df523b3ef
  EV|0xA0b86991c6218b36c1d19D4a2e9Eb0cE3606eB48|0xddf252ad1be2c89b69c2b068fc378daa952ba7f163c4a11628f55a4df523b3ef
  EV|0xA0b86991c6218b36c1d19D4a2e9Eb0cE3606eB48|0xddf252ad1be2c89b69c2b068fc378daa952ba7f163c4a11628f55a4df523b3ef
  EV|0xa7569A44f348d3D70d8ad5889e50F78E33d80D35|0xddf252ad1be2c89b69c2b068fc378daa952ba7f163c4a11628f55a4df523b3ef
  EV|0xa7569A44f348d3D70d8ad5889e50F78E33d80D35|0xdcbc1c05240f31ff3ad067ef1ee35ce4997762752e3a095284754544f4c709d7
  EV|0xa7569A44f348d3D70d8ad5889e50F78E33d80D35|0xfde591d4268ec544cdd14ce6872b792705c3a22041dda226551134062d3e05e8
  EV|0xaFDf8DeA96a0F37Aae4869f813901bf73a3eAB83|0xb045190548dadae679cfe9e337437613ca6dd73efdf984f75e56f152ccee22f0
  EV|0x2F6B5F5D303772e8219c3d86fb2Be6575c8e7Cc0|0x11fa725a956e1222d809b94ec211abe46e4218803a3c67d50f6fd9e46ba20a0e
  EV|0xA0b86991c6218b36c1d19D4a2e9Eb0cE3606eB48|0xddf252ad1be2c89b69c2b068fc378daa952ba7f163c4a11628f55a4df523b3ef
  EV|0xA0b86991c6218b36c1d19D4a2e9Eb0cE3606eB48|0xddf252ad1be2c89b69c2b068fc378daa952ba7f163c4a11628f55a4df523b3ef
  EV|0xA0b86991c6218b36c1d19D4a2e9Eb0cE3606eB48|0xddf252ad1be2c89b69c2b068fc378daa952ba7f163c4a11628f55a4df523b3ef
  EV|0xa7569A44f348d3D70d8ad5889e50F78E33d80D35|0xddf252ad1be2c89b69c2b068fc378daa952ba7f163c4a11628f55a4df523b3ef
  EV|0xa7569A44f348d3D70d8ad5889e50F78E33d80D35|0xdcbc1c05240f31ff3ad067ef1ee35ce4997762752e3a095284754544f4c709d7
  EV|0xa7569A44f348d3D70d8ad5889e50F78E33d80D35|0xfde591d4268ec544cdd14ce6872b792705c3a22041dda226551134062d3e05e8
  EV|0xaFDf8DeA96a0F37Aae4869f813901bf73a3eAB83|0xb045190548dadae679cfe9e337437613ca6dd73efdf984f75e56f152ccee22f0
  EV|0x2F6B5F5D303772e8219c3d86fb2Be6575c8e7Cc0|0x11fa725a956e1222d809b94ec211abe46e4218803a3c67d50f6fd9e46ba20a0e
  EV|0xA0b86991c6218b36c1d19D4a2e9Eb0cE3606eB48|0xddf252ad1be2c89b69c2b068fc378daa952ba7f163c4a11628f55a4df523b3ef
  EV|0xA0b86991c6218b36c1d19D4a2e9Eb0cE3606eB48|0xddf252ad1be2c89b69c2b068fc378daa952ba7f163c4a11628f55a4df523b3ef
  EV|0xA0b86991c6218b36c1d19D4a2e9Eb0cE3606eB48|0xddf252ad1be2c89b69c2b068fc378daa952ba7f163c4a11628f55a4df523b3ef
  EV|0xa7569A44f348d3D70d8ad5889e50F78E33d80D35|0xddf252ad1be2c89b69c2b068fc378daa952ba7f163c4a11628f55a4df523b3ef
  EV|0xa7569A44f348d3D70d8ad5889e50F78E33d80D35|0xdcbc1c05240f31ff3ad067ef1ee35ce4997762752e3a095284754544f4c709d7
  EV|0xa7569A44f348d3D70d8ad5889e50F78E33d80D35|0xfde591d4268ec544cdd14ce6872b792705c3a22041dda226551134062d3e05e8
  EV|0xaFDf8DeA96a0F37Aae4869f813901bf73a3eAB83|0xb045190548dadae679cfe9e337437613ca6dd73efdf984f75e56f152ccee22f0
  EV|0x2F6B5F5D303772e8219c3d86fb2Be6575c8e7Cc0|0x11fa725a956e1222d809b94ec211abe46e4218803a3c67d50f6fd9e46ba20a0e
  EV|0xA0b86991c6218b36c1d19D4a2e9Eb0cE3606eB48|0xddf252ad1be2c89b69c2b068fc378daa952ba7f163c4a11628f55a4df523b3ef
  EV|0xA0b86991c6218b36c1d19D4a2e9Eb0cE3606eB48|0xddf252ad1be2c89b69c2b068fc378daa952ba7f163c4a11628f55a4df523b3ef
  EV|0xA0b86991c6218b36c1d19D4a2e9Eb0cE3606eB48|0xddf252ad1be2c89b69c2b068fc378daa952ba7f163c4a11628f55a4df523b3ef
  EV|0xa7569A44f348d3D70d8ad5889e50F78E33d80D35|0xddf252ad1be2c89b69c2b068fc378daa952ba7f163c4a11628f55a4df523b3ef
  EV|0xa7569A44f348d3D70d8ad5889e50F78E33d80D35|0xdcbc1c05240f31ff3ad067ef1ee35ce4997762752e3a095284754544f4c709d7
  EV|0xa7569A44f348d3D70d8ad5889e50F78E33d80D35|0xfde591d4268ec544cdd14ce6872b792705c3a22041dda226551134062d3e05e8
  EV|0xaFDf8DeA96a0F37Aae4869f813901bf73a3eAB83|0xb045190548dadae679cfe9e337437613ca6dd73efdf984f75e56f152ccee22f0
  EV|0x2F6B5F5D303772e8219c3d86fb2Be6575c8e7Cc0|0x11fa725a956e1222d809b94ec211abe46e4218803a3c67d50f6fd9e46ba20a0e
  EV|0xA0b86991c6218b36c1d19D4a2e9Eb0cE3606eB48|0xddf252ad1be2c89b69c2b068fc378daa952ba7f163c4a11628f55a4df523b3ef
  EV|0xA0b86991c6218b36c1d19D4a2e9Eb0cE3606eB48|0xddf252ad1be2c89b69c2b068fc378daa952ba7f163c4a11628f55a4df523b3ef
  EV|0xA0b86991c6218b36c1d19D4a2e9Eb0cE3606eB48|0xddf252ad1be2c89b69c2b068fc378daa952ba7f163c4a11628f55a4df523b3ef
  EV|0xa7569A44f348d3D70d8ad5889e50F78E33d80D35|0xddf252ad1be2c89b69c2b068fc378daa952ba7f163c4a11628f55a4df523b3ef
  EV|0xa7569A44f348d3D70d8ad5889e50F78E33d80D35|0xdcbc1c05240f31ff3ad067ef1ee35ce4997762752e3a095284754544f4c709d7
  EV|0xa7569A44f348d3D70d8ad5889e50F78E33d80D35|0xfde591d4268ec544cdd14ce6872b792705c3a22041dda226551134062d3e05e8
  EV|0xaFDf8DeA96a0F37Aae4869f813901bf73a3eAB83|0xb045190548dadae679cfe9e337437613ca6dd73efdf984f75e56f152ccee22f0
  EV|0x2F6B5F5D303772e8219c3d86fb2Be6575c8e7Cc0|0x11fa725a956e1222d809b94ec211abe46e4218803a3c67d50f6fd9e46ba20a0e
  EV|0xA0b86991c6218b36c1d19D4a2e9Eb0cE3606eB48|0xddf252ad1be2c89b69c2b068fc378daa952ba7f163c4a11628f55a4df523b3ef
  EV|0xA0b86991c6218b36c1d19D4a2e9Eb0cE3606eB48|0xddf252ad1be2c89b69c2b068fc378daa952ba7f163c4a11628f55a4df523b3ef
  EV|0xA0b86991c6218b36c1d19D4a2e9Eb0cE3606eB48|0xddf252ad1be2c89b69c2b068fc378daa952ba7f163c4a11628f55a4df523b3ef
  EV|0xa7569A44f348d3D70d8ad5889e50F78E33d80D35|0xddf252ad1be2c89b69c2b068fc378daa952ba7f163c4a11628f55a4df523b3ef
  EV|0xa7569A44f348d3D70d8ad5889e50F78E33d80D35|0xdcbc1c05240f31ff3ad067ef1ee35ce4997762752e3a095284754544f4c709d7
  EV|0xa7569A44f348d3D70d8ad5889e50F78E33d80D35|0xfde591d4268ec544cdd14ce6872b792705c3a22041dda226551134062d3e05e8
  EV|0xaFDf8DeA96a0F37Aae4869f813901bf73a3eAB83|0xb045190548dadae679cfe9e337437613ca6dd73efdf984f75e56f152ccee22f0
  EV|0x2F6B5F5D303772e8219c3d86fb2Be6575c8e7Cc0|0x11fa725a956e1222d809b94ec211abe46e4218803a3c67d50f6fd9e46ba20a0e
  EV|0xA0b86991c6218b36c1d19D4a2e9Eb0cE3606eB48|0xddf252ad1be2c89b69c2b068fc378daa952ba7f163c4a11628f55a4df523b3ef
  EV|0xA0b86991c6218b36c1d19D4a2e9Eb0cE3606eB48|0xddf252ad1be2c89b69c2b068fc378daa952ba7f163c4a11628f55a4df523b3ef
  EV|0xA0b86991c6218b36c1d19D4a2e9Eb0cE3606eB48|0xddf252ad1be2c89b69c2b068fc378daa952ba7f163c4a11628f55a4df523b3ef
  EV|0xa7569A44f348d3D70d8ad5889e50F78E33d80D35|0xddf252ad1be2c89b69c2b068fc378daa952ba7f163c4a11628f55a4df523b3ef
  EV|0xa7569A44f348d3D70d8ad5889e50F78E33d80D35|0xdcbc1c05240f31ff3ad067ef1ee35ce4997762752e3a095284754544f4c709d7
  EV|0xa7569A44f348d3D70d8ad5889e50F78E33d80D35|0xfde591d4268ec544cdd14ce6872b792705c3a22041dda226551134062d3e05e8
  EV|0xaFDf8DeA96a0F37Aae4869f813901bf73a3eAB83|0xb045190548dadae679cfe9e337437613ca6dd73efdf984f75e56f152ccee22f0
  EV|0x2F6B5F5D303772e8219c3d86fb2Be6575c8e7Cc0|0x11fa725a956e1222d809b94ec211abe46e4218803a3c67d50f6fd9e46ba20a0e
  EV|0xA0b86991c6218b36c1d19D4a2e9Eb0cE3606eB48|0xddf252ad1be2c89b69c2b068fc378daa952ba7f163c4a11628f55a4df523b3ef
  EV|0xA0b86991c6218b36c1d19D4a2e9Eb0cE3606eB48|0xddf252ad1be2c89b69c2b068fc378daa952ba7f163c4a11628f55a4df523b3ef
  EV|0xA0b86991c6218b36c1d19D4a2e9Eb0cE3606eB48|0xddf252ad1be2c89b69c2b068fc378daa952ba7f163c4a11628f55a4df523b3ef
  EV|0xa7569A44f348d3D70d8ad5889e50F78E33d80D35|0xddf252ad1be2c89b69c2b068fc378daa952ba7f163c4a11628f55a4df523b3ef
  EV|0xa7569A44f348d3D70d8ad5889e50F78E33d80D35|0xdcbc1c05240f31ff3ad067ef1ee35ce4997762752e3a095284754544f4c709d7
  EV|0xa7569A44f348d3D70d8ad5889e50F78E33d80D35|0xfde591d4268ec544cdd14ce6872b792705c3a22041dda226551134062d3e05e8
  EV|0xaFDf8DeA96a0F37Aae4869f813901bf73a3eAB83|0xb045190548dadae679cfe9e337437613ca6dd73efdf984f75e56f152ccee22f0
  EV|0x2F6B5F5D303772e8219c3d86fb2Be6575c8e7Cc0|0x11fa725a956e1222d809b94ec211abe46e4218803a3c67d50f6fd9e46ba20a0e
  EV|0xA0b86991c6218b36c1d19D4a2e9Eb0cE3606eB48|0xddf252ad1be2c89b69c2b068fc378daa952ba7f163c4a11628f55a4df523b3ef
  EV|0xA0b86991c6218b36c1d19D4a2e9Eb0cE3606eB48|0xddf252ad1be2c89b69c2b068fc378daa952ba7f163c4a11628f55a4df523b3ef
  EV|0xA0b86991c6218b36c1d19D4a2e9Eb0cE3606eB48|0xddf252ad1be2c89b69c2b068fc378daa952ba7f163c4a11628f55a4df523b3ef
  EV|0xa7569A44f348d3D70d8ad5889e50F78E33d80D35|0xddf252ad1be2c89b69c2b068fc378daa952ba7f163c4a11628f55a4df523b3ef
  EV|0xa7569A44f348d3D70d8ad5889e50F78E33d80D35|0xdcbc1c05240f31ff3ad067ef1ee35ce4997762752e3a095284754544f4c709d7
  EV|0xa7569A44f348d3D70d8ad5889e50F78E33d80D35|0xfde591d4268ec544cdd14ce6872b792705c3a22041dda226551134062d3e05e8
  EV|0xaFDf8DeA96a0F37Aae4869f813901bf73a3eAB83|0xb045190548dadae679cfe9e337437613ca6dd73efdf984f75e56f152ccee22f0
  EV|0x2F6B5F5D303772e8219c3d86fb2Be6575c8e7Cc0|0x11fa725a956e1222d809b94ec211abe46e4218803a3c67d50f6fd9e46ba20a0e
  EV|0xA0b86991c6218b36c1d19D4a2e9Eb0cE3606eB48|0xddf252ad1be2c89b69c2b068fc378daa952ba7f163c4a11628f55a4df523b3ef
  EV|0xA0b86991c6218b36c1d19D4a2e9Eb0cE3606eB48|0xddf252ad1be2c89b69c2b068fc378daa952ba7f163c4a11628f55a4df523b3ef
  EV|0xA0b86991c6218b36c1d19D4a2e9Eb0cE3606eB48|0xddf252ad1be2c89b69c2b068fc378daa952ba7f163c4a11628f55a4df523b3ef
  EV|0xa7569A44f348d3D70d8ad5889e50F78E33d80D35|0xddf252ad1be2c89b69c2b068fc378daa952ba7f163c4a11628f55a4df523b3ef
  EV|0xa7569A44f348d3D70d8ad5889e50F78E33d80D35|0xdcbc1c05240f31ff3ad067ef1ee35ce4997762752e3a095284754544f4c709d7
  EV|0xa7569A44f348d3D70d8ad5889e50F78E33d80D35|0xfde591d4268ec544cdd14ce6872b792705c3a22041dda226551134062d3e05e8
  EV|0xaFDf8DeA96a0F37Aae4869f813901bf73a3eAB83|0xb045190548dadae679cfe9e337437613ca6dd73efdf984f75e56f152ccee22f0
  EV|0x2F6B5F5D303772e8219c3d86fb2Be6575c8e7Cc0|0x11fa725a956e1222d809b94ec211abe46e4218803a3c67d50f6fd9e46ba20a0e
  EV|0xA0b86991c6218b36c1d19D4a2e9Eb0cE3606eB48|0xddf252ad1be2c89b69c2b068fc378daa952ba7f163c4a11628f55a4df523b3ef
  EV|0xA0b86991c6218b36c1d19D4a2e9Eb0cE3606eB48|0xddf252ad1be2c89b69c2b068fc378daa952ba7f163c4a11628f55a4df523b3ef
  EV|0xA0b86991c6218b36c1d19D4a2e9Eb0cE3606eB48|0xddf252ad1be2c89b69c2b068fc378daa952ba7f163c4a11628f55a4df523b3ef
  EV|0xa7569A44f348d3D70d8ad5889e50F78E33d80D35|0xddf252ad1be2c89b69c2b068fc378daa952ba7f163c4a11628f55a4df523b3ef
  EV|0xa7569A44f348d3D70d8ad5889e50F78E33d80D35|0xdcbc1c05240f31ff3ad067ef1ee35ce4997762752e3a095284754544f4c709d7
  EV|0xa7569A44f348d3D70d8ad5889e50F78E33d80D35|0xfde591d4268ec544cdd14ce6872b792705c3a22041dda226551134062d3e05e8
  EV|0xaFDf8DeA96a0F37Aae4869f813901bf73a3eAB83|0xb045190548dadae679cfe9e337437613ca6dd73efdf984f75e56f152ccee22f0
  EV|0x2F6B5F5D303772e8219c3d86fb2Be6575c8e7Cc0|0x11fa725a956e1222d809b94ec211abe46e4218803a3c67d50f6fd9e46ba20a0e
  EV|0xA0b86991c6218b36c1d19D4a2e9Eb0cE3606eB48|0xddf252ad1be2c89b69c2b068fc378daa952ba7f163c4a11628f55a4df523b3ef
  EV|0xA0b86991c6218b36c1d19D4a2e9Eb0cE3606eB48|0xddf252ad1be2c89b69c2b068fc378daa952ba7f163c4a11628f55a4df523b3ef
  EV|0xA0b86991c6218b36c1d19D4a2e9Eb0cE3606eB48|0xddf252ad1be2c89b69c2b068fc378daa952ba7f163c4a11628f55a4df523b3ef
  EV|0xa7569A44f348d3D70d8ad5889e50F78E33d80D35|0xddf252ad1be2c89b69c2b068fc378daa952ba7f163c4a11628f55a4df523b3ef
  EV|0xa7569A44f348d3D70d8ad5889e50F78E33d80D35|0xdcbc1c05240f31ff3ad067ef1ee35ce4997762752e3a095284754544f4c709d7
  EV|0xa7569A44f348d3D70d8ad5889e50F78E33d80D35|0xfde591d4268ec544cdd14ce6872b792705c3a22041dda226551134062d3e05e8
  EV|0xaFDf8DeA96a0F37Aae4869f813901bf73a3eAB83|0xb045190548dadae679cfe9e337437613ca6dd73efdf984f75e56f152ccee22f0
  EV|0x2F6B5F5D303772e8219c3d86fb2Be6575c8e7Cc0|0x11fa725a956e1222d809b94ec211abe46e4218803a3c67d50f6fd9e46ba20a0e
  EV|0x2C29215baD32E08297BB1b9D4A1BE55c9B778Dc9|0x5afcf86b5218a6ecddd44ab23d9a1caa8546a7b1100ff82c0bcd9c573d176055
  EV|0x9D39A5DE30e57443BfF2A8307A4256c8797A3497|0x8c5be1e5ebec7d5bd14f71427d1e84f3dd0314c0f7b2291e5b200ac8c7c3b925
  EV|0x9D39A5DE30e57443BfF2A8307A4256c8797A3497|0x8c5be1e5ebec7d5bd14f71427d1e84f3dd0314c0f7b2291e5b200ac8c7c3b925
  EV|0x9D39A5DE30e57443BfF2A8307A4256c8797A3497|0xddf252ad1be2c89b69c2b068fc378daa952ba7f163c4a11628f55a4df523b3ef
  EV|0x9D39A5DE30e57443BfF2A8307A4256c8797A3497|0x8c5be1e5ebec7d5bd14f71427d1e84f3dd0314c0f7b2291e5b200ac8c7c3b925
  EV|0x9D39A5DE30e57443BfF2A8307A4256c8797A3497|0x8c5be1e5ebec7d5bd14f71427d1e84f3dd0314c0f7b2291e5b200ac8c7c3b925
  EV|0x9D39A5DE30e57443BfF2A8307A4256c8797A3497|0xddf252ad1be2c89b69c2b068fc378daa952ba7f163c4a11628f55a4df523b3ef
  EV|0x9D39A5DE30e57443BfF2A8307A4256c8797A3497|0xddf252ad1be2c89b69c2b068fc378daa952ba7f163c4a11628f55a4df523b3ef
  EV|0xf939E0A03FB07F59A73314E73794Be0E57ac1b4E|0xddf252ad1be2c89b69c2b068fc378daa952ba7f163c4a11628f55a4df523b3ef
  EV|0x57064F49Ad7123C92560882a45518374ad982e85|0x8b3e96f2b889fa771c53c981b40daf005f63f637f1869f707052d15a3dd97140
  EV|0xf939E0A03FB07F59A73314E73794Be0E57ac1b4E|0xddf252ad1be2c89b69c2b068fc378daa952ba7f163c4a11628f55a4df523b3ef
  EV|0x4c9EDD5852cd905f086C759E8383e09bff1E68B3|0xddf252ad1be2c89b69c2b068fc378daa952ba7f163c4a11628f55a4df523b3ef
  EV|0xF55B0f6F2Da5ffDDb104b58a60F2862745960442|0x8b3e96f2b889fa771c53c981b40daf005f63f637f1869f707052d15a3dd97140
  EV|0x4c9EDD5852cd905f086C759E8383e09bff1E68B3|0xddf252ad1be2c89b69c2b068fc378daa952ba7f163c4a11628f55a4df523b3ef
  EV|0x16C6521Dff6baB339122a0FE25a9116693265353|0x56d0661e240dfb199ef196e16e6f42473990366314f0226ac978f7be3cd9ee83
  EV|0x2D024e0d03Fb6Ead4F8E7Ba1EBECF6db0E755D6f|0xa078c4190abe07940190effc1846be0ccf03ad6007bc9e93f9697d0b460befbb
  EV|0x4c9EDD5852cd905f086C759E8383e09bff1E68B3|0xddf252ad1be2c89b69c2b068fc378daa952ba7f163c4a11628f55a4df523b3ef
  EV|0xaC2e5936Eca286eC364d4D5Bcca33145fBe57f95|0x144f5f62c08d623a6f383205dc8d5ef825b693748e2977846e18121b6780413a
  EV|0x4c9EDD5852cd905f086C759E8383e09bff1E68B3|0x8c5be1e5ebec7d5bd14f71427d1e84f3dd0314c0f7b2291e5b200ac8c7c3b925
  EV|0xbce8ABC09BaEDCabE93419bF875f6186e182079A|0xa2a75f8a973d2f48e592c963d71dfd27c2d74fcabf86d721a2b68f4430125b29
  EV|0xf3B5B661b92B75C71fA5Aba8Fd95D7514A9CD605|0xddf252ad1be2c89b69c2b068fc378daa952ba7f163c4a11628f55a4df523b3ef
  EV|0xbce8ABC09BaEDCabE93419bF875f6186e182079A|0x8df5f93d7bf3c165bfade24de267a17c16f43a3e2bdbc1f4aa919a19f42056cd
  EV|0xf3B5B661b92B75C71fA5Aba8Fd95D7514A9CD605|0xddf252ad1be2c89b69c2b068fc378daa952ba7f163c4a11628f55a4df523b3ef
  EV|0xbce8ABC09BaEDCabE93419bF875f6186e182079A|0x8df5f93d7bf3c165bfade24de267a17c16f43a3e2bdbc1f4aa919a19f42056cd
  EV|0xf3B5B661b92B75C71fA5Aba8Fd95D7514A9CD605|0xddf252ad1be2c89b69c2b068fc378daa952ba7f163c4a11628f55a4df523b3ef
  EV|0xbce8ABC09BaEDCabE93419bF875f6186e182079A|0x8df5f93d7bf3c165bfade24de267a17c16f43a3e2bdbc1f4aa919a19f42056cd
  EV|0xf3B5B661b92B75C71fA5Aba8Fd95D7514A9CD605|0xddf252ad1be2c89b69c2b068fc378daa952ba7f163c4a11628f55a4df523b3ef
  EV|0xbce8ABC09BaEDCabE93419bF875f6186e182079A|0x8df5f93d7bf3c165bfade24de267a17c16f43a3e2bdbc1f4aa919a19f42056cd
  EV|0xf3B5B661b92B75C71fA5Aba8Fd95D7514A9CD605|0xddf252ad1be2c89b69c2b068fc378daa952ba7f163c4a11628f55a4df523b3ef
  EV|0xbce8ABC09BaEDCabE93419bF875f6186e182079A|0x8df5f93d7bf3c165bfade24de267a17c16f43a3e2bdbc1f4aa919a19f42056cd
  EV|0xf3B5B661b92B75C71fA5Aba8Fd95D7514A9CD605|0xddf252ad1be2c89b69c2b068fc378daa952ba7f163c4a11628f55a4df523b3ef
  EV|0xbce8ABC09BaEDCabE93419bF875f6186e182079A|0x8df5f93d7bf3c165bfade24de267a17c16f43a3e2bdbc1f4aa919a19f42056cd
  EV|0xf3B5B661b92B75C71fA5Aba8Fd95D7514A9CD605|0xddf252ad1be2c89b69c2b068fc378daa952ba7f163c4a11628f55a4df523b3ef
  EV|0xbce8ABC09BaEDCabE93419bF875f6186e182079A|0x8df5f93d7bf3c165bfade24de267a17c16f43a3e2bdbc1f4aa919a19f42056cd
  EV|0x4c9EDD5852cd905f086C759E8383e09bff1E68B3|0xddf252ad1be2c89b69c2b068fc378daa952ba7f163c4a11628f55a4df523b3ef
  EV|0x4c9EDD5852cd905f086C759E8383e09bff1E68B3|0x8c5be1e5ebec7d5bd14f71427d1e84f3dd0314c0f7b2291e5b200ac8c7c3b925
  EV|0x4c9EDD5852cd905f086C759E8383e09bff1E68B3|0x8c5be1e5ebec7d5bd14f71427d1e84f3dd0314c0f7b2291e5b200ac8c7c3b925
  EV|0x4c9EDD5852cd905f086C759E8383e09bff1E68B3|0xddf252ad1be2c89b69c2b068fc378daa952ba7f163c4a11628f55a4df523b3ef
  EV|0x4c9EDD5852cd905f086C759E8383e09bff1E68B3|0xddf252ad1be2c89b69c2b068fc378daa952ba7f163c4a11628f55a4df523b3ef
  EV|0x4c9EDD5852cd905f086C759E8383e09bff1E68B3|0x8c5be1e5ebec7d5bd14f71427d1e84f3dd0314c0f7b2291e5b200ac8c7c3b925
  EV|0x4c9EDD5852cd905f086C759E8383e09bff1E68B3|0x8c5be1e5ebec7d5bd14f71427d1e84f3dd0314c0f7b2291e5b200ac8c7c3b925
  EV|0x4c9EDD5852cd905f086C759E8383e09bff1E68B3|0xddf252ad1be2c89b69c2b068fc378daa952ba7f163c4a11628f55a4df523b3ef
  EV|0x4c9EDD5852cd905f086C759E8383e09bff1E68B3|0x8c5be1e5ebec7d5bd14f71427d1e84f3dd0314c0f7b2291e5b200ac8c7c3b925
  EV|0x4c9EDD5852cd905f086C759E8383e09bff1E68B3|0x8c5be1e5ebec7d5bd14f71427d1e84f3dd0314c0f7b2291e5b200ac8c7c3b925
  EV|0x4c9EDD5852cd905f086C759E8383e09bff1E68B3|0xddf252ad1be2c89b69c2b068fc378daa952ba7f163c4a11628f55a4df523b3ef
  EV|0x4c9EDD5852cd905f086C759E8383e09bff1E68B3|0xddf252ad1be2c89b69c2b068fc378daa952ba7f163c4a11628f55a4df523b3ef
  EV|0xf939E0A03FB07F59A73314E73794Be0E57ac1b4E|0xddf252ad1be2c89b69c2b068fc378daa952ba7f163c4a11628f55a4df523b3ef
  EV|0xF55B0f6F2Da5ffDDb104b58a60F2862745960442|0x8b3e96f2b889fa771c53c981b40daf005f63f637f1869f707052d15a3dd97140
  EV|0xf939E0A03FB07F59A73314E73794Be0E57ac1b4E|0xddf252ad1be2c89b69c2b068fc378daa952ba7f163c4a11628f55a4df523b3ef
  EV|0x9D39A5DE30e57443BfF2A8307A4256c8797A3497|0xddf252ad1be2c89b69c2b068fc378daa952ba7f163c4a11628f55a4df523b3ef
  EV|0x57064F49Ad7123C92560882a45518374ad982e85|0x8b3e96f2b889fa771c53c981b40daf005f63f637f1869f707052d15a3dd97140
  EV|0x9D39A5DE30e57443BfF2A8307A4256c8797A3497|0xddf252ad1be2c89b69c2b068fc378daa952ba7f163c4a11628f55a4df523b3ef
  EV|0x16C6521Dff6baB339122a0FE25a9116693265353|0x56d0661e240dfb199ef196e16e6f42473990366314f0226ac978f7be3cd9ee83
  EV|0x2D024e0d03Fb6Ead4F8E7Ba1EBECF6db0E755D6f|0xa078c4190abe07940190effc1846be0ccf03ad6007bc9e93f9697d0b460befbb
  EV|0xaC2e5936Eca286eC364d4D5Bcca33145fBe57f95|0xb045190548dadae679cfe9e337437613ca6dd73efdf984f75e56f152ccee22f0
  EV|0x2F6B5F5D303772e8219c3d86fb2Be6575c8e7Cc0|0x11fa725a956e1222d809b94ec211abe46e4218803a3c67d50f6fd9e46ba20a0e
  EV|0x4c9EDD5852cd905f086C759E8383e09bff1E68B3|0x8c5be1e5ebec7d5bd14f71427d1e84f3dd0314c0f7b2291e5b200ac8c7c3b925
  EV|0x4c9EDD5852cd905f086C759E8383e09bff1E68B3|0xddf252ad1be2c89b69c2b068fc378daa952ba7f163c4a11628f55a4df523b3ef
  EV|0x4c9EDD5852cd905f086C759E8383e09bff1E68B3|0xddf252ad1be2c89b69c2b068fc378daa952ba7f163c4a11628f55a4df523b3ef
  EV|0x4c9EDD5852cd905f086C759E8383e09bff1E68B3|0x8c5be1e5ebec7d5bd14f71427d1e84f3dd0314c0f7b2291e5b200ac8c7c3b925
  EV|0x4c9EDD5852cd905f086C759E8383e09bff1E68B3|0x8c5be1e5ebec7d5bd14f71427d1e84f3dd0314c0f7b2291e5b200ac8c7c3b925
  EV|0x4c9EDD5852cd905f086C759E8383e09bff1E68B3|0xddf252ad1be2c89b69c2b068fc378daa952ba7f163c4a11628f55a4df523b3ef
  EV|0x4c9EDD5852cd905f086C759E8383e09bff1E68B3|0x8c5be1e5ebec7d5bd14f71427d1e84f3dd0314c0f7b2291e5b200ac8c7c3b925
  EV|0x4c9EDD5852cd905f086C759E8383e09bff1E68B3|0x8c5be1e5ebec7d5bd14f71427d1e84f3dd0314c0f7b2291e5b200ac8c7c3b925
  EV|0x4c9EDD5852cd905f086C759E8383e09bff1E68B3|0xddf252ad1be2c89b69c2b068fc378daa952ba7f163c4a11628f55a4df523b3ef
  EV|0x4c9EDD5852cd905f086C759E8383e09bff1E68B3|0xddf252ad1be2c89b69c2b068fc378daa952ba7f163c4a11628f55a4df523b3ef
  EV|0xf939E0A03FB07F59A73314E73794Be0E57ac1b4E|0xddf252ad1be2c89b69c2b068fc378daa952ba7f163c4a11628f55a4df523b3ef
  EV|0xF55B0f6F2Da5ffDDb104b58a60F2862745960442|0x8b3e96f2b889fa771c53c981b40daf005f63f637f1869f707052d15a3dd97140
  EV|0xf939E0A03FB07F59A73314E73794Be0E57ac1b4E|0xddf252ad1be2c89b69c2b068fc378daa952ba7f163c4a11628f55a4df523b3ef
  EV|0x9D39A5DE30e57443BfF2A8307A4256c8797A3497|0xddf252ad1be2c89b69c2b068fc378daa952ba7f163c4a11628f55a4df523b3ef
  EV|0x57064F49Ad7123C92560882a45518374ad982e85|0x8b3e96f2b889fa771c53c981b40daf005f63f637f1869f707052d15a3dd97140
  EV|0x9D39A5DE30e57443BfF2A8307A4256c8797A3497|0xddf252ad1be2c89b69c2b068fc378daa952ba7f163c4a11628f55a4df523b3ef
  EV|0x16C6521Dff6baB339122a0FE25a9116693265353|0x56d0661e240dfb199ef196e16e6f42473990366314f0226ac978f7be3cd9ee83
  EV|0x2D024e0d03Fb6Ead4F8E7Ba1EBECF6db0E755D6f|0xa078c4190abe07940190effc1846be0ccf03ad6007bc9e93f9697d0b460befbb
  EV|0xaC2e5936Eca286eC364d4D5Bcca33145fBe57f95|0xb045190548dadae679cfe9e337437613ca6dd73efdf984f75e56f152ccee22f0
  EV|0x2F6B5F5D303772e8219c3d86fb2Be6575c8e7Cc0|0x11fa725a956e1222d809b94ec211abe46e4218803a3c67d50f6fd9e46ba20a0e
  EV|0x4c9EDD5852cd905f086C759E8383e09bff1E68B3|0x8c5be1e5ebec7d5bd14f71427d1e84f3dd0314c0f7b2291e5b200ac8c7c3b925
  EV|0x4c9EDD5852cd905f086C759E8383e09bff1E68B3|0xddf252ad1be2c89b69c2b068fc378daa952ba7f163c4a11628f55a4df523b3ef
  EV|0x4c9EDD5852cd905f086C759E8383e09bff1E68B3|0xddf252ad1be2c89b69c2b068fc378daa952ba7f163c4a11628f55a4df523b3ef
  EV|0x4c9EDD5852cd905f086C759E8383e09bff1E68B3|0x8c5be1e5ebec7d5bd14f71427d1e84f3dd0314c0f7b2291e5b200ac8c7c3b925
  EV|0x4c9EDD5852cd905f086C759E8383e09bff1E68B3|0x8c5be1e5ebec7d5bd14f71427d1e84f3dd0314c0f7b2291e5b200ac8c7c3b925
  EV|0x4c9EDD5852cd905f086C759E8383e09bff1E68B3|0xddf252ad1be2c89b69c2b068fc378daa952ba7f163c4a11628f55a4df523b3ef
  EV|0x4c9EDD5852cd905f086C759E8383e09bff1E68B3|0x8c5be1e5ebec7d5bd14f71427d1e84f3dd0314c0f7b2291e5b200ac8c7c3b925
  EV|0x4c9EDD5852cd905f086C759E8383e09bff1E68B3|0x8c5be1e5ebec7d5bd14f71427d1e84f3dd0314c0f7b2291e5b200ac8c7c3b925
  EV|0x4c9EDD5852cd905f086C759E8383e09bff1E68B3|0xddf252ad1be2c89b69c2b068fc378daa952ba7f163c4a11628f55a4df523b3ef
  EV|0x4c9EDD5852cd905f086C759E8383e09bff1E68B3|0xddf252ad1be2c89b69c2b068fc378daa952ba7f163c4a11628f55a4df523b3ef
  EV|0xf939E0A03FB07F59A73314E73794Be0E57ac1b4E|0xddf252ad1be2c89b69c2b068fc378daa952ba7f163c4a11628f55a4df523b3ef
  EV|0xF55B0f6F2Da5ffDDb104b58a60F2862745960442|0x8b3e96f2b889fa771c53c981b40daf005f63f637f1869f707052d15a3dd97140
  EV|0xf939E0A03FB07F59A73314E73794Be0E57ac1b4E|0xddf252ad1be2c89b69c2b068fc378daa952ba7f163c4a11628f55a4df523b3ef
  EV|0x9D39A5DE30e57443BfF2A8307A4256c8797A3497|0xddf252ad1be2c89b69c2b068fc378daa952ba7f163c4a11628f55a4df523b3ef
  EV|0x57064F49Ad7123C92560882a45518374ad982e85|0x8b3e96f2b889fa771c53c981b40daf005f63f637f1869f707052d15a3dd97140
  EV|0x9D39A5DE30e57443BfF2A8307A4256c8797A3497|0xddf252ad1be2c89b69c2b068fc378daa952ba7f163c4a11628f55a4df523b3ef
  EV|0x16C6521Dff6baB339122a0FE25a9116693265353|0x56d0661e240dfb199ef196e16e6f42473990366314f0226ac978f7be3cd9ee83
  EV|0x2D024e0d03Fb6Ead4F8E7Ba1EBECF6db0E755D6f|0xa078c4190abe07940190effc1846be0ccf03ad6007bc9e93f9697d0b460befbb
  EV|0xaC2e5936Eca286eC364d4D5Bcca33145fBe57f95|0xb045190548dadae679cfe9e337437613ca6dd73efdf984f75e56f152ccee22f0
  EV|0x2F6B5F5D303772e8219c3d86fb2Be6575c8e7Cc0|0x11fa725a956e1222d809b94ec211abe46e4218803a3c67d50f6fd9e46ba20a0e
  EV|0x4c9EDD5852cd905f086C759E8383e09bff1E68B3|0x8c5be1e5ebec7d5bd14f71427d1e84f3dd0314c0f7b2291e5b200ac8c7c3b925
  EV|0x4c9EDD5852cd905f086C759E8383e09bff1E68B3|0xddf252ad1be2c89b69c2b068fc378daa952ba7f163c4a11628f55a4df523b3ef
  EV|0x4c9EDD5852cd905f086C759E8383e09bff1E68B3|0xddf252ad1be2c89b69c2b068fc378daa952ba7f163c4a11628f55a4df523b3ef
  EV|0x4c9EDD5852cd905f086C759E8383e09bff1E68B3|0x8c5be1e5ebec7d5bd14f71427d1e84f3dd0314c0f7b2291e5b200ac8c7c3b925
  EV|0x4c9EDD5852cd905f086C759E8383e09bff1E68B3|0x8c5be1e5ebec7d5bd14f71427d1e84f3dd0314c0f7b2291e5b200ac8c7c3b925
  EV|0x4c9EDD5852cd905f086C759E8383e09bff1E68B3|0xddf252ad1be2c89b69c2b068fc378daa952ba7f163c4a11628f55a4df523b3ef
  EV|0x4c9EDD5852cd905f086C759E8383e09bff1E68B3|0x8c5be1e5ebec7d5bd14f71427d1e84f3dd0314c0f7b2291e5b200ac8c7c3b925
  EV|0x4c9EDD5852cd905f086C759E8383e09bff1E68B3|0x8c5be1e5ebec7d5bd14f71427d1e84f3dd0314c0f7b2291e5b200ac8c7c3b925
  EV|0x4c9EDD5852cd905f086C759E8383e09bff1E68B3|0xddf252ad1be2c89b69c2b068fc378daa952ba7f163c4a11628f55a4df523b3ef
  EV|0x4c9EDD5852cd905f086C759E8383e09bff1E68B3|0xddf252ad1be2c89b69c2b068fc378daa952ba7f163c4a11628f55a4df523b3ef
  EV|0xf939E0A03FB07F59A73314E73794Be0E57ac1b4E|0xddf252ad1be2c89b69c2b068fc378daa952ba7f163c4a11628f55a4df523b3ef
  EV|0xF55B0f6F2Da5ffDDb104b58a60F2862745960442|0x8b3e96f2b889fa771c53c981b40daf005f63f637f1869f707052d15a3dd97140
  EV|0xf939E0A03FB07F59A73314E73794Be0E57ac1b4E|0xddf252ad1be2c89b69c2b068fc378daa952ba7f163c4a11628f55a4df523b3ef
  EV|0x9D39A5DE30e57443BfF2A8307A4256c8797A3497|0xddf252ad1be2c89b69c2b068fc378daa952ba7f163c4a11628f55a4df523b3ef
  EV|0x57064F49Ad7123C92560882a45518374ad982e85|0x8b3e96f2b889fa771c53c981b40daf005f63f637f1869f707052d15a3dd97140
  EV|0x9D39A5DE30e57443BfF2A8307A4256c8797A3497|0xddf252ad1be2c89b69c2b068fc378daa952ba7f163c4a11628f55a4df523b3ef
  EV|0x16C6521Dff6baB339122a0FE25a9116693265353|0x56d0661e240dfb199ef196e16e6f42473990366314f0226ac978f7be3cd9ee83
  EV|0x2D024e0d03Fb6Ead4F8E7Ba1EBECF6db0E755D6f|0xa078c4190abe07940190effc1846be0ccf03ad6007bc9e93f9697d0b460befbb
  EV|0xaC2e5936Eca286eC364d4D5Bcca33145fBe57f95|0xb045190548dadae679cfe9e337437613ca6dd73efdf984f75e56f152ccee22f0
  EV|0x2F6B5F5D303772e8219c3d86fb2Be6575c8e7Cc0|0x11fa725a956e1222d809b94ec211abe46e4218803a3c67d50f6fd9e46ba20a0e
  EV|0x4c9EDD5852cd905f086C759E8383e09bff1E68B3|0x8c5be1e5ebec7d5bd14f71427d1e84f3dd0314c0f7b2291e5b200ac8c7c3b925
  EV|0x4c9EDD5852cd905f086C759E8383e09bff1E68B3|0xddf252ad1be2c89b69c2b068fc378daa952ba7f163c4a11628f55a4df523b3ef
  EV|0x4c9EDD5852cd905f086C759E8383e09bff1E68B3|0xddf252ad1be2c89b69c2b068fc378daa952ba7f163c4a11628f55a4df523b3ef
  EV|0x4c9EDD5852cd905f086C759E8383e09bff1E68B3|0x8c5be1e5ebec7d5bd14f71427d1e84f3dd0314c0f7b2291e5b200ac8c7c3b925
  EV|0x4c9EDD5852cd905f086C759E8383e09bff1E68B3|0x8c5be1e5ebec7d5bd14f71427d1e84f3dd0314c0f7b2291e5b200ac8c7c3b925
  EV|0x4c9EDD5852cd905f086C759E8383e09bff1E68B3|0xddf252ad1be2c89b69c2b068fc378daa952ba7f163c4a11628f55a4df523b3ef
  EV|0x4c9EDD5852cd905f086C759E8383e09bff1E68B3|0x8c5be1e5ebec7d5bd14f71427d1e84f3dd0314c0f7b2291e5b200ac8c7c3b925
  EV|0x4c9EDD5852cd905f086C759E8383e09bff1E68B3|0x8c5be1e5ebec7d5bd14f71427d1e84f3dd0314c0f7b2291e5b200ac8c7c3b925
  EV|0x4c9EDD5852cd905f086C759E8383e09bff1E68B3|0xddf252ad1be2c89b69c2b068fc378daa952ba7f163c4a11628f55a4df523b3ef
  EV|0x4c9EDD5852cd905f086C759E8383e09bff1E68B3|0xddf252ad1be2c89b69c2b068fc378daa952ba7f163c4a11628f55a4df523b3ef
  EV|0xf939E0A03FB07F59A73314E73794Be0E57ac1b4E|0xddf252ad1be2c89b69c2b068fc378daa952ba7f163c4a11628f55a4df523b3ef
  EV|0xF55B0f6F2Da5ffDDb104b58a60F2862745960442|0x8b3e96f2b889fa771c53c981b40daf005f63f637f1869f707052d15a3dd97140
  EV|0xf939E0A03FB07F59A73314E73794Be0E57ac1b4E|0xddf252ad1be2c89b69c2b068fc378daa952ba7f163c4a11628f55a4df523b3ef
  EV|0x9D39A5DE30e57443BfF2A8307A4256c8797A3497|0xddf252ad1be2c89b69c2b068fc378daa952ba7f163c4a11628f55a4df523b3ef
  EV|0x57064F49Ad7123C92560882a45518374ad982e85|0x8b3e96f2b889fa771c53c981b40daf005f63f637f1869f707052d15a3dd97140
  EV|0x9D39A5DE30e57443BfF2A8307A4256c8797A3497|0xddf252ad1be2c89b69c2b068fc378daa952ba7f163c4a11628f55a4df523b3ef
  EV|0x16C6521Dff6baB339122a0FE25a9116693265353|0x56d0661e240dfb199ef196e16e6f42473990366314f0226ac978f7be3cd9ee83
  EV|0x2D024e0d03Fb6Ead4F8E7Ba1EBECF6db0E755D6f|0xa078c4190abe07940190effc1846be0ccf03ad6007bc9e93f9697d0b460befbb
  EV|0xaC2e5936Eca286eC364d4D5Bcca33145fBe57f95|0xb045190548dadae679cfe9e337437613ca6dd73efdf984f75e56f152ccee22f0
  EV|0x2F6B5F5D303772e8219c3d86fb2Be6575c8e7Cc0|0x11fa725a956e1222d809b94ec211abe46e4218803a3c67d50f6fd9e46ba20a0e
  EV|0x4c9EDD5852cd905f086C759E8383e09bff1E68B3|0x8c5be1e5ebec7d5bd14f71427d1e84f3dd0314c0f7b2291e5b200ac8c7c3b925
  EV|0x4c9EDD5852cd905f086C759E8383e09bff1E68B3|0xddf252ad1be2c89b69c2b068fc378daa952ba7f163c4a11628f55a4df523b3ef
  EV|0x4c9EDD5852cd905f086C759E8383e09bff1E68B3|0xddf252ad1be2c89b69c2b068fc378daa952ba7f163c4a11628f55a4df523b3ef
  EV|0x4c9EDD5852cd905f086C759E8383e09bff1E68B3|0x8c5be1e5ebec7d5bd14f71427d1e84f3dd0314c0f7b2291e5b200ac8c7c3b925
  EV|0x4c9EDD5852cd905f086C759E8383e09bff1E68B3|0x8c5be1e5ebec7d5bd14f71427d1e84f3dd0314c0f7b2291e5b200ac8c7c3b925
  EV|0x4c9EDD5852cd905f086C759E8383e09bff1E68B3|0xddf252ad1be2c89b69c2b068fc378daa952ba7f163c4a11628f55a4df523b3ef
  EV|0x4c9EDD5852cd905f086C759E8383e09bff1E68B3|0x8c5be1e5ebec7d5bd14f71427d1e84f3dd0314c0f7b2291e5b200ac8c7c3b925
  EV|0x4c9EDD5852cd905f086C759E8383e09bff1E68B3|0x8c5be1e5ebec7d5bd14f71427d1e84f3dd0314c0f7b2291e5b200ac8c7c3b925
  EV|0x4c9EDD5852cd905f086C759E8383e09bff1E68B3|0xddf252ad1be2c89b69c2b068fc378daa952ba7f163c4a11628f55a4df523b3ef
  EV|0x4c9EDD5852cd905f086C759E8383e09bff1E68B3|0xddf252ad1be2c89b69c2b068fc378daa952ba7f163c4a11628f55a4df523b3ef
  EV|0xf939E0A03FB07F59A73314E73794Be0E57ac1b4E|0xddf252ad1be2c89b69c2b068fc378daa952ba7f163c4a11628f55a4df523b3ef
  EV|0xF55B0f6F2Da5ffDDb104b58a60F2862745960442|0x8b3e96f2b889fa771c53c981b40daf005f63f637f1869f707052d15a3dd97140
  EV|0xf939E0A03FB07F59A73314E73794Be0E57ac1b4E|0xddf252ad1be2c89b69c2b068fc378daa952ba7f163c4a11628f55a4df523b3ef
  EV|0x9D39A5DE30e57443BfF2A8307A4256c8797A3497|0xddf252ad1be2c89b69c2b068fc378daa952ba7f163c4a11628f55a4df523b3ef
  EV|0x57064F49Ad7123C92560882a45518374ad982e85|0x8b3e96f2b889fa771c53c981b40daf005f63f637f1869f707052d15a3dd97140
  EV|0x9D39A5DE30e57443BfF2A8307A4256c8797A3497|0xddf252ad1be2c89b69c2b068fc378daa952ba7f163c4a11628f55a4df523b3ef
  EV|0x16C6521Dff6baB339122a0FE25a9116693265353|0x56d0661e240dfb199ef196e16e6f42473990366314f0226ac978f7be3cd9ee83
  EV|0x2D024e0d03Fb6Ead4F8E7Ba1EBECF6db0E755D6f|0xa078c4190abe07940190effc1846be0ccf03ad6007bc9e93f9697d0b460befbb
  EV|0xaC2e5936Eca286eC364d4D5Bcca33145fBe57f95|0xb045190548dadae679cfe9e337437613ca6dd73efdf984f75e56f152ccee22f0
  EV|0x2F6B5F5D303772e8219c3d86fb2Be6575c8e7Cc0|0x11fa725a956e1222d809b94ec211abe46e4218803a3c67d50f6fd9e46ba20a0e
  EV|0x4c9EDD5852cd905f086C759E8383e09bff1E68B3|0x8c5be1e5ebec7d5bd14f71427d1e84f3dd0314c0f7b2291e5b200ac8c7c3b925
  EV|0x4c9EDD5852cd905f086C759E8383e09bff1E68B3|0xddf252ad1be2c89b69c2b068fc378daa952ba7f163c4a11628f55a4df523b3ef
  EV|0x4c9EDD5852cd905f086C759E8383e09bff1E68B3|0xddf252ad1be2c89b69c2b068fc378daa952ba7f163c4a11628f55a4df523b3ef
  EV|0x4c9EDD5852cd905f086C759E8383e09bff1E68B3|0x8c5be1e5ebec7d5bd14f71427d1e84f3dd0314c0f7b2291e5b200ac8c7c3b925
  EV|0x4c9EDD5852cd905f086C759E8383e09bff1E68B3|0x8c5be1e5ebec7d5bd14f71427d1e84f3dd0314c0f7b2291e5b200ac8c7c3b925
  EV|0x4c9EDD5852cd905f086C759E8383e09bff1E68B3|0xddf252ad1be2c89b69c2b068fc378daa952ba7f163c4a11628f55a4df523b3ef
  EV|0x4c9EDD5852cd905f086C759E8383e09bff1E68B3|0x8c5be1e5ebec7d5bd14f71427d1e84f3dd0314c0f7b2291e5b200ac8c7c3b925
  EV|0x4c9EDD5852cd905f086C759E8383e09bff1E68B3|0x8c5be1e5ebec7d5bd14f71427d1e84f3dd0314c0f7b2291e5b200ac8c7c3b925
  EV|0x4c9EDD5852cd905f086C759E8383e09bff1E68B3|0xddf252ad1be2c89b69c2b068fc378daa952ba7f163c4a11628f55a4df523b3ef
  EV|0x4c9EDD5852cd905f086C759E8383e09bff1E68B3|0xddf252ad1be2c89b69c2b068fc378daa952ba7f163c4a11628f55a4df523b3ef
  EV|0xf939E0A03FB07F59A73314E73794Be0E57ac1b4E|0xddf252ad1be2c89b69c2b068fc378daa952ba7f163c4a11628f55a4df523b3ef
  EV|0xF55B0f6F2Da5ffDDb104b58a60F2862745960442|0x8b3e96f2b889fa771c53c981b40daf005f63f637f1869f707052d15a3dd97140
  EV|0xf939E0A03FB07F59A73314E73794Be0E57ac1b4E|0xddf252ad1be2c89b69c2b068fc378daa952ba7f163c4a11628f55a4df523b3ef
  EV|0x9D39A5DE30e57443BfF2A8307A4256c8797A3497|0xddf252ad1be2c89b69c2b068fc378daa952ba7f163c4a11628f55a4df523b3ef
  EV|0x57064F49Ad7123C92560882a45518374ad982e85|0x8b3e96f2b889fa771c53c981b40daf005f63f637f1869f707052d15a3dd97140
  EV|0x9D39A5DE30e57443BfF2A8307A4256c8797A3497|0xddf252ad1be2c89b69c2b068fc378daa952ba7f163c4a11628f55a4df523b3ef
  EV|0x16C6521Dff6baB339122a0FE25a9116693265353|0x56d0661e240dfb199ef196e16e6f42473990366314f0226ac978f7be3cd9ee83
  EV|0x2D024e0d03Fb6Ead4F8E7Ba1EBECF6db0E755D6f|0xa078c4190abe07940190effc1846be0ccf03ad6007bc9e93f9697d0b460befbb
  EV|0xaC2e5936Eca286eC364d4D5Bcca33145fBe57f95|0xb045190548dadae679cfe9e337437613ca6dd73efdf984f75e56f152ccee22f0
  EV|0x2F6B5F5D303772e8219c3d86fb2Be6575c8e7Cc0|0x11fa725a956e1222d809b94ec211abe46e4218803a3c67d50f6fd9e46ba20a0e
  EV|0x2C29215baD32E08297BB1b9D4A1BE55c9B778Dc9|0x5afcf86b5218a6ecddd44ab23d9a1caa8546a7b1100ff82c0bcd9c573d176055
  EV|0x1760E05356Ec1FBBA159C730781dCfB9920524e2|0xd65793d120b187e6304e609c707a0b13e374e04f05d255508e46b02d7a796ce3
  EV|0xaFDf8DeA96a0F37Aae4869f813901bf73a3eAB83|0xd65793d120b187e6304e609c707a0b13e374e04f05d255508e46b02d7a796ce3
  EV|0xf3B5B661b92B75C71fA5Aba8Fd95D7514A9CD605|0x34e56df787a7a59706503a81c304ed0ef46ddd2dfcdf1c8c8d1db684f3639fdd
  EV|0x2F6B5F5D303772e8219c3d86fb2Be6575c8e7Cc0|0x1ff153f4b082245afbf3211a8d2d207da4c5df490e965f9a9ad141b0cd001dda
  EV|0x2F6B5F5D303772e8219c3d86fb2Be6575c8e7Cc0|0x5db9ee0a495bf2e6ff9c91a7834c1ba4fdd244a5e8aa4e537bd38aeae4b073aa
  EV|0x7c5A8EeF1d836450C019FB036453ac6eC97885a3|0xc25d1d022102ce7b344c33d14de2893a248fabd34bb630dc982e2fbc20f29543
  EV|0x89a643657eF820D816C2A15e7e57E13C89969995|0x95bb211a5a393c4d30c3edc9a745825fba4e6ad3e3bb949e6bf8ccdfe431a811
  EV|0x7c5A8EeF1d836450C019FB036453ac6eC97885a3|0xc25d1d022102ce7b344c33d14de2893a248fabd34bb630dc982e2fbc20f29543
  PAUSER_REG|before=26|after=27
  MIGRATORS|V1.migrator=0x2C29215baD32E08297BB1b9D4A1BE55c9B778Dc9|V2.migrator=0x2C29215baD32E08297BB1b9D4A1BE55c9B778Dc9
  ADDR|Antimatter=0x89a643657eF820D816C2A15e7e57E13C89969995|V2=0x2F6B5F5D303772e8219c3d86fb2Be6575c8e7Cc0|CVM=0x2C29215baD32E08297BB1b9D4A1BE55c9B778Dc9
  V1|paused=1|pauser=0xCad1a7864a108DBFF67F4b8af71fAB0C7A86D0B6|registered=0

[PASS] test_B_087Block_dolaPerUserLossTable() (gas: 38552054)
Logs:
  
=== Phase 0: preconditions ===
    token: 0x865377367054516e17014CcdED1e7d814EDC9ce4 DOLA
      V1 poolState / stakerCount / totalStaked: 0 9 1222727602453502485450
      strategy / principalOf(V1): 0x1760E05356Ec1FBBA159C730781dCfB9920524e2 1249626058196412698895
      V1 phusdPerSecond / C (phUSD per day): 10850694444444 937499999999961600
      setAsideBufferSize(V1) %: 10
      setAsideBufferRecipient: 0xbce8ABC09BaEDCabE93419bF875f6186e182079A
      V1 idle token balance (buffer, stays on V1): 6997032072106485771
      PhusdStableMinter registration: strategy 0x1760E05356Ec1FBBA159C730781dCfB9920524e2
    token: 0xA0b86991c6218b36c1d19D4a2e9Eb0cE3606eB48 USDC
      V1 poolState / stakerCount / totalStaked: 0 13 1966476179
      strategy / principalOf(V1): 0xaFDf8DeA96a0F37Aae4869f813901bf73a3eAB83 1993519564
      V1 phusdPerSecond / C (phUSD per day): 15190972222221 1312499999999894400
      setAsideBufferSize(V1) %: 10
      setAsideBufferRecipient: 0xbce8ABC09BaEDCabE93419bF875f6186e182079A
      V1 idle token balance (buffer, stays on V1): 10430694
      PhusdStableMinter registration: strategy 0xaFDf8DeA96a0F37Aae4869f813901bf73a3eAB83
    token: 0x4c9EDD5852cd905f086C759E8383e09bff1E68B3 USDe
      V1 poolState / stakerCount / totalStaked: 0 7 2566815465400000000000
      strategy / principalOf(V1): 0xaC2e5936Eca286eC364d4D5Bcca33145fBe57f95 2566815465400000000000
      V1 phusdPerSecond / C (phUSD per day): 21701388888888 1874999999999923200
      setAsideBufferSize(V1) %: 25
      setAsideBufferRecipient: NONE (pre-story-047 strategy: buffer is paid to each client)
      V1 idle token balance (buffer, stays on V1): 49845539781409382100
      PhusdStableMinter registration: strategy 0xaC2e5936Eca286eC364d4D5Bcca33145fBe57f95
    V1 phUSD mint authorized: true
    phUSD minter baseline (live) mask / mintVersion: 511 0
  
=== Phase 1: retire V1 (pauser OWNER, unregister, pause) ===
    Pauser.unregister(V1) - retired staker removed from the global pause registry
    V1 pauser OWNER, unregistered from Pauser, paused - global Pauser.pause() live again
  
=== Phase 2: Antimatter ===
    Antimatter deployed at: 0x89a643657eF820D816C2A15e7e57E13C89969995
    progress serialised (preview: NOT written); bytes: 450
    Antimatter wired to phUSD + PhusdStableMinter (read back)
  
=== Phase 3: StableStakerV2 ===
    StableStakerV2 deployed at: 0x2F6B5F5D303772e8219c3d86fb2Be6575c8e7Cc0
    progress serialised (preview: NOT written); bytes: 449
    V2 paused (pauser temporarily OWNER)
  
=== Phase 4: V2 pools (from V1 live config) ===
    -- pool 0x865377367054516e17014CcdED1e7d814EDC9ce4 DOLA
      C (V1 phUSD/day) / Antimatter/day (2.1x): 937499999999961600 1968749999999919360
      antimatterPerSecond / setAsideBuffer %: 22786458333332 10
    -- pool 0xA0b86991c6218b36c1d19D4a2e9Eb0cE3606eB48 USDC
      C (V1 phUSD/day) / Antimatter/day (2.1x): 1312499999999894400 2756249999999778240
      antimatterPerSecond / setAsideBuffer %: 31901041666664 10
    -- pool 0x4c9EDD5852cd905f086C759E8383e09bff1E68B3 USDe
      C (V1 phUSD/day) / Antimatter/day (2.1x): 1874999999999923200 3937499999999838720
      antimatterPerSecond / setAsideBuffer %: 45572916666664 25
  
=== Phase 5: mint rights ===
    Antimatter.setApprovedMinter(V2) - VERIFIED by read-back
    phUSD.setMinter(V2) - VERIFIED via phUSDMintAvailable()
    phUSD.setMinter(Antimatter) - VERIFIED at current mintVersion
    phUSD minter delta OK (live mask / V1 revoked): 511 false
    relinquished V1 principal surplus (token / surplus): 0x865377367054516e17014CcdED1e7d814EDC9ce4 26898455742910213445
    V1 initiateMigration (token / R realized / P snapshot): 0x865377367054516e17014CcdED1e7d814EDC9ce4 1222601073909172120703 1222727602453502485450
    plan (token / migratable / zero-credit): 0x865377367054516e17014CcdED1e7d814EDC9ce4 9 0
    plan stragglers (count / principal total): 0 0
    migrated (token / users / batches): 0x865377367054516e17014CcdED1e7d814EDC9ce4 9 1
  DOLA_TABLE_087|R=1222601073909172120703|P=1222727602453502485450|boundBps=2|users=9
  DOLA_ROW|user|pre|credit|post|loss(wei)|loss(1e-4bps)|allowed(wei)|breach|nonDust
  DOLA_ROW|0xCad1a7864a108DBFF67F4b8af71fAB0C7A86D0B6|50176872843431|50171680512230|50166371529588|10501313843|20928|10035375568|BREACH|dust
  DOLA_ROW|0x4B75d1CF8A07280249404Bf10aa1B844f0982aBC|24898684566319|24896108036348|24893473621793|5210944526|20928|4979737913|BREACH|dust
  DOLA_ROW|0x25AdA296F30976024d675Cd219f9aAF1F2Ad4eb1|5499869851883238089|5499300722238197865|5498718865821325564|1150986061912525|20927|1099973970377647|BREACH|nonDust
  DOLA_ROW|0x186c77B80Bbfd21b01C7D7FA44bA27031322a77F|6222930532455|6222286580081|6221628227763|1302304692|20927|1244587106|BREACH|dust
  DOLA_ROW|0x70Ac9D66b8b29332948C1972786473A1F050e7BD|95997524272336991567|95987590394193466498|95977452424821374925|20071847515616642|20908|19199504854468398|BREACH|nonDust
  DOLA_ROW|0xC8Fc15bF56259271c24072F5A6b0A6B6dF06D358|121064354905301737211|121051827097337211446|121039070495297631842|25284410004105369|20885|24212870981061347|BREACH|nonDust
  DOLA_ROW|0x0f254C40729C93093DC0D290E716B842a9C4484a|1039836387688|1039728784830|1039619216830|217170858|20885|207968277|BREACH|dust
  DOLA_ROW|0x9Ebb8b14aCbEDd921df6CC336c568B7dCBEf3182|50579704155271|50574470138858|50569140534143|10563621128|20885|10115941831|BREACH|dust
  DOLA_ROW|0xD57e5f043cB3C05be4E8138886cCEF2448a07C66|1000165720505952033419|1000062222791129192543|999958746494094240019|206974011857793400|20693|200033144101191406|BREACH|nonDust
  DOLA_TABLE_087|breaches(all)=9|breaches(nonDust)=4
  DOLA_TABLE_087|nonDustBreaches=4

[PASS] test_B_driftLanding_postBroadcastTools() (gas: 67648624)
Logs:
  
=== Phase 0: preconditions ===
    token: 0x865377367054516e17014CcdED1e7d814EDC9ce4 DOLA
      V1 poolState / stakerCount / totalStaked: 0 9 1222727602453502485450
      strategy / principalOf(V1): 0x1760E05356Ec1FBBA159C730781dCfB9920524e2 1249626058196412698895
      V1 phusdPerSecond / C (phUSD per day): 10850694444444 937499999999961600
      setAsideBufferSize(V1) %: 10
      setAsideBufferRecipient: 0xbce8ABC09BaEDCabE93419bF875f6186e182079A
      V1 idle token balance (buffer, stays on V1): 6997032072106485771
      PhusdStableMinter registration: strategy 0x1760E05356Ec1FBBA159C730781dCfB9920524e2
    token: 0xA0b86991c6218b36c1d19D4a2e9Eb0cE3606eB48 USDC
      V1 poolState / stakerCount / totalStaked: 0 13 1966476179
      strategy / principalOf(V1): 0xaFDf8DeA96a0F37Aae4869f813901bf73a3eAB83 1993519564
      V1 phusdPerSecond / C (phUSD per day): 15190972222221 1312499999999894400
      setAsideBufferSize(V1) %: 10
      setAsideBufferRecipient: 0xbce8ABC09BaEDCabE93419bF875f6186e182079A
      V1 idle token balance (buffer, stays on V1): 10430694
      PhusdStableMinter registration: strategy 0xaFDf8DeA96a0F37Aae4869f813901bf73a3eAB83
    token: 0x4c9EDD5852cd905f086C759E8383e09bff1E68B3 USDe
      V1 poolState / stakerCount / totalStaked: 0 7 2566815465400000000000
      strategy / principalOf(V1): 0xaC2e5936Eca286eC364d4D5Bcca33145fBe57f95 2566815465400000000000
      V1 phusdPerSecond / C (phUSD per day): 21701388888888 1874999999999923200
      setAsideBufferSize(V1) %: 25
      setAsideBufferRecipient: NONE (pre-story-047 strategy: buffer is paid to each client)
      V1 idle token balance (buffer, stays on V1): 49845539781409382100
      PhusdStableMinter registration: strategy 0xaC2e5936Eca286eC364d4D5Bcca33145fBe57f95
    V1 phUSD mint authorized: true
    phUSD minter baseline (live) mask / mintVersion: 511 0
  
=== Phase 1: retire V1 (pauser OWNER, unregister, pause) ===
    Pauser.unregister(V1) - retired staker removed from the global pause registry
    V1 pauser OWNER, unregistered from Pauser, paused - global Pauser.pause() live again
  
=== Phase 2: Antimatter ===
    Antimatter deployed at: 0x89a643657eF820D816C2A15e7e57E13C89969995
    progress serialised (preview: NOT written); bytes: 450
    Antimatter wired to phUSD + PhusdStableMinter (read back)
  
=== Phase 3: StableStakerV2 ===
    StableStakerV2 deployed at: 0x2F6B5F5D303772e8219c3d86fb2Be6575c8e7Cc0
    progress serialised (preview: NOT written); bytes: 449
    V2 paused (pauser temporarily OWNER)
  
=== Phase 4: V2 pools (from V1 live config) ===
    -- pool 0x865377367054516e17014CcdED1e7d814EDC9ce4 DOLA
      C (V1 phUSD/day) / Antimatter/day (2.1x): 937499999999961600 1968749999999919360
      antimatterPerSecond / setAsideBuffer %: 22786458333332 10
    -- pool 0xA0b86991c6218b36c1d19D4a2e9Eb0cE3606eB48 USDC
      C (V1 phUSD/day) / Antimatter/day (2.1x): 1312499999999894400 2756249999999778240
      antimatterPerSecond / setAsideBuffer %: 31901041666664 10
    -- pool 0x4c9EDD5852cd905f086C759E8383e09bff1E68B3 USDe
      C (V1 phUSD/day) / Antimatter/day (2.1x): 1874999999999923200 3937499999999838720
      antimatterPerSecond / setAsideBuffer %: 45572916666664 25
  
=== Phase 5: mint rights ===
    Antimatter.setApprovedMinter(V2) - VERIFIED by read-back
    phUSD.setMinter(V2) - VERIFIED via phUSDMintAvailable()
    phUSD.setMinter(Antimatter) - VERIFIED at current mintVersion
    phUSD minter delta OK (live mask / V1 revoked): 511 false
    relinquished V1 principal surplus (token / surplus): 0x865377367054516e17014CcdED1e7d814EDC9ce4 26898455742910213445
    V1 initiateMigration (token / R realized / P snapshot): 0x865377367054516e17014CcdED1e7d814EDC9ce4 1222601073909172120703 1222727602453502485450
    plan (token / migratable / zero-credit): 0x865377367054516e17014CcdED1e7d814EDC9ce4 9 0
    plan stragglers (count / principal total): 0 0
    migrated (token / users / batches): 0x865377367054516e17014CcdED1e7d814EDC9ce4 9 1
    relinquished V1 principal surplus (token / surplus): 0xA0b86991c6218b36c1d19D4a2e9Eb0cE3606eB48 27043385
    V1 initiateMigration (token / R realized / P snapshot): 0xA0b86991c6218b36c1d19D4a2e9Eb0cE3606eB48 1966404164 1966476179
    plan (token / migratable / zero-credit): 0xA0b86991c6218b36c1d19D4a2e9Eb0cE3606eB48 13 0
    plan stragglers (count / principal total): 0 0
    migrated (token / users / batches): 0xA0b86991c6218b36c1d19D4a2e9Eb0cE3606eB48 13 1
    market exit pre-quote (shares / quote / minOut): 2056239899816042534182 2565617038479851788849 2559115019003799999998
    V1 initiateMigration (token / R realized / P snapshot): 0x4c9EDD5852cd905f086C759E8383e09bff1E68B3 2565617038479851788851 2566815465400000000000
    plan (token / migratable / zero-credit): 0x4c9EDD5852cd905f086C759E8383e09bff1E68B3 7 0
    plan stragglers (count / principal total): 0 0
    migrated (token / users / batches): 0x4c9EDD5852cd905f086C759E8383e09bff1E68B3 7 1
  
=== Phase 7: finalize ===
    setAsideBufferRecipient -> V2 on strategy: 0x1760E05356Ec1FBBA159C730781dCfB9920524e2
    setAsideBufferRecipient -> V2 on strategy: 0xaFDf8DeA96a0F37Aae4869f813901bf73a3eAB83
    phUSD.setMinter(V1, false) - retired staker's mint authority REVOKED
    V1 already unregistered from Pauser - skipped
    V1 already paused - pause step skipped
    V1 pauser -> OWNER, unregistered from Pauser, left paused; V2 unpaused THEN registered; Antimatter registered
  
=== Phase 8: wiring assertions ===
    phUSD minter delta OK (live mask / V1 revoked): 510 true
    pool OK (token / V2 stakers / V1 stragglers): 0x865377367054516e17014CcdED1e7d814EDC9ce4 9 0
    pool OK (token / V2 stakers / V1 stragglers): 0xA0b86991c6218b36c1d19D4a2e9Eb0cE3606eB48 13 0
    pool OK (token / V2 stakers / V1 stragglers): 0x4c9EDD5852cd905f086C759E8383e09bff1E68B3 7 0
    Pauser registrant sweep OK (every registrant unpaused, pauser == Pauser): 27
    all wiring assertions passed
    exit realization (token / R realized / P snapshot): 0x865377367054516e17014CcdED1e7d814EDC9ce4 1222601073909172120703 1222727602453502485450
      loss bound bps / V2 totalStaked: 2 1222474121170267702467
    post-migration OK (token / V2 totalStaked / V2 stakers): 0x865377367054516e17014CcdED1e7d814EDC9ce4 1222474121170267702467 9
  DRIFT|resume-shape Phase 6 assert on DOLA PASSED (drift invisible to resume/preview)
  =================================================
    STABLESTAKER V2 CUTOVER - READ-ONLY VERIFICATION
    (story 086 / audit L-02)
  =================================================
  
=== verify Phase 1: V1 retired ===
    V1 pauser OWNER, unregistered from Pauser, paused
  
=== verify Phase 2: Antimatter ===
    Antimatter: 0x89a643657eF820D816C2A15e7e57E13C89969995
  
=== verify Phase 3: StableStakerV2 ===
    StableStakerV2: 0x2F6B5F5D303772e8219c3d86fb2Be6575c8e7Cc0
  
=== Phase 0: preconditions ===
    token: 0x865377367054516e17014CcdED1e7d814EDC9ce4 DOLA
      V1 poolState / stakerCount / totalStaked: 1 0 0
      strategy / principalOf(V1): 0x1760E05356Ec1FBBA159C730781dCfB9920524e2 0
      V1 phusdPerSecond / C (phUSD per day): 10850694444444 937499999999961600
      setAsideBufferSize(V1) %: 10
      setAsideBufferRecipient: 0x2F6B5F5D303772e8219c3d86fb2Be6575c8e7Cc0
      V1 idle token balance (buffer, stays on V1): 6997032072106485775
      PhusdStableMinter registration: strategy 0x1760E05356Ec1FBBA159C730781dCfB9920524e2
    token: 0xA0b86991c6218b36c1d19D4a2e9Eb0cE3606eB48 USDC
      V1 poolState / stakerCount / totalStaked: 1 0 0
      strategy / principalOf(V1): 0xaFDf8DeA96a0F37Aae4869f813901bf73a3eAB83 0
      V1 phusdPerSecond / C (phUSD per day): 15190972222221 1312499999999894400
      setAsideBufferSize(V1) %: 10
      setAsideBufferRecipient: 0x2F6B5F5D303772e8219c3d86fb2Be6575c8e7Cc0
      V1 idle token balance (buffer, stays on V1): 10430704
      PhusdStableMinter registration: strategy 0xaFDf8DeA96a0F37Aae4869f813901bf73a3eAB83
    token: 0x4c9EDD5852cd905f086C759E8383e09bff1E68B3 USDe
      V1 poolState / stakerCount / totalStaked: 1 0 0
      strategy / principalOf(V1): 0xaC2e5936Eca286eC364d4D5Bcca33145fBe57f95 0
      V1 phusdPerSecond / C (phUSD per day): 21701388888888 1874999999999923200
      setAsideBufferSize(V1) %: 25
      setAsideBufferRecipient: NONE (pre-story-047 strategy: buffer is paid to each client)
      V1 idle token balance (buffer, stays on V1): 49845539781409382104
      PhusdStableMinter registration: strategy 0xaC2e5936Eca286eC364d4D5Bcca33145fBe57f95
    V1 phUSD mint authorized: false
    phUSD minter baseline (from progress file) mask / mintVersion: 511 0
  
=== verify Phase 4: V2 pools ===
    pool configured: 0x865377367054516e17014CcdED1e7d814EDC9ce4 DOLA
    pool configured: 0xA0b86991c6218b36c1d19D4a2e9Eb0cE3606eB48 USDC
    pool configured: 0x4c9EDD5852cd905f086C759E8383e09bff1E68B3 USDe
  
=== verify Phase 5: mint rights ===
    V2 Antimatter + phUSD mint, Antimatter phUSD mint
  
=== verify Phase 6: migration ===
    exit realization (token / R realized / P snapshot): 0x865377367054516e17014CcdED1e7d814EDC9ce4 1222601073909172120703 1222727602453502485450
      loss bound bps / V2 totalStaked: 2 1222474121170267702467
    post-migration OK (token / V2 totalStaked / V2 stakers): 0x865377367054516e17014CcdED1e7d814EDC9ce4 1222474121170267702467 9
    pool migrated (token / V1 stragglers): 0x865377367054516e17014CcdED1e7d814EDC9ce4 0
    exit realization (token / R realized / P snapshot): 0xA0b86991c6218b36c1d19D4a2e9Eb0cE3606eB48 1966404164 1966476179
      loss bound bps / V2 totalStaked: 2 1966332129
    post-migration OK (token / V2 totalStaked / V2 stakers): 0xA0b86991c6218b36c1d19D4a2e9Eb0cE3606eB48 1966332129 13
    pool migrated (token / V1 stragglers): 0xA0b86991c6218b36c1d19D4a2e9Eb0cE3606eB48 0
    exit realization (token / R realized / P snapshot): 0x4c9EDD5852cd905f086C759E8383e09bff1E68B3 2565617038479851788851 2566815465400000000000
      loss bound bps / V2 totalStaked: 61 2557920187364412233478
    post-migration OK (token / V2 totalStaked / V2 stakers): 0x4c9EDD5852cd905f086C759E8383e09bff1E68B3 2557920187364412233478 7
    pool migrated (token / V1 stragglers): 0x4c9EDD5852cd905f086C759E8383e09bff1E68B3 0
  
=== verify Phase 7: finalize ===
    buffer recipients, V1 mint revoked, V2/Antimatter pause wiring, V2 unpaused
  
=== verify per-user credits (MigratedOut -> DepositedFor) ===
    events (MigratedOut / UserMigrated / DepositedFor): 29 0 29
    per-user credits OK (token / users): 0x865377367054516e17014CcdED1e7d814EDC9ce4 9
    aggregate net of self-exits (token / floor / V2 totalStaked): 0x865377367054516e17014CcdED1e7d814EDC9ce4 1222483056933011775952 1222474121170267702467
      P / V1 stragglers / self-exited principal (upper bound): 1222727602453502485450 0 0
  DRIFT|verifier REVERTED|verify: aggregate: V2 booked total 1222474121170267702467 below the principal due net of self-exits (floor 1222483056933011775952) for DOLA

[PASS] test_B_liveBlock_dolaPerUserLossTable() (gas: 38549322)
Logs:
  
=== Phase 0: preconditions ===
    token: 0x865377367054516e17014CcdED1e7d814EDC9ce4 DOLA
      V1 poolState / stakerCount / totalStaked: 0 9 1222727602453502485450
      strategy / principalOf(V1): 0x1760E05356Ec1FBBA159C730781dCfB9920524e2 1249626058196412698895
      V1 phusdPerSecond / C (phUSD per day): 10850694444444 937499999999961600
      setAsideBufferSize(V1) %: 10
      setAsideBufferRecipient: 0xbce8ABC09BaEDCabE93419bF875f6186e182079A
      V1 idle token balance (buffer, stays on V1): 6997032072106485771
      PhusdStableMinter registration: strategy 0x1760E05356Ec1FBBA159C730781dCfB9920524e2
    token: 0xA0b86991c6218b36c1d19D4a2e9Eb0cE3606eB48 USDC
      V1 poolState / stakerCount / totalStaked: 0 13 1966476179
      strategy / principalOf(V1): 0xaFDf8DeA96a0F37Aae4869f813901bf73a3eAB83 1993519564
      V1 phusdPerSecond / C (phUSD per day): 15190972222221 1312499999999894400
      setAsideBufferSize(V1) %: 10
      setAsideBufferRecipient: 0xbce8ABC09BaEDCabE93419bF875f6186e182079A
      V1 idle token balance (buffer, stays on V1): 10430694
      PhusdStableMinter registration: strategy 0xaFDf8DeA96a0F37Aae4869f813901bf73a3eAB83
    token: 0x4c9EDD5852cd905f086C759E8383e09bff1E68B3 USDe
      V1 poolState / stakerCount / totalStaked: 0 7 2566815465400000000000
      strategy / principalOf(V1): 0xaC2e5936Eca286eC364d4D5Bcca33145fBe57f95 2566815465400000000000
      V1 phusdPerSecond / C (phUSD per day): 21701388888888 1874999999999923200
      setAsideBufferSize(V1) %: 25
      setAsideBufferRecipient: NONE (pre-story-047 strategy: buffer is paid to each client)
      V1 idle token balance (buffer, stays on V1): 49845539781409382100
      PhusdStableMinter registration: strategy 0xaC2e5936Eca286eC364d4D5Bcca33145fBe57f95
    V1 phUSD mint authorized: true
    phUSD minter baseline (live) mask / mintVersion: 511 0
  
=== Phase 1: retire V1 (pauser OWNER, unregister, pause) ===
    Pauser.unregister(V1) - retired staker removed from the global pause registry
    V1 pauser OWNER, unregistered from Pauser, paused - global Pauser.pause() live again
  
=== Phase 2: Antimatter ===
    Antimatter deployed at: 0x89a643657eF820D816C2A15e7e57E13C89969995
    progress serialised (preview: NOT written); bytes: 450
    Antimatter wired to phUSD + PhusdStableMinter (read back)
  
=== Phase 3: StableStakerV2 ===
    StableStakerV2 deployed at: 0x2F6B5F5D303772e8219c3d86fb2Be6575c8e7Cc0
    progress serialised (preview: NOT written); bytes: 449
    V2 paused (pauser temporarily OWNER)
  
=== Phase 4: V2 pools (from V1 live config) ===
    -- pool 0x865377367054516e17014CcdED1e7d814EDC9ce4 DOLA
      C (V1 phUSD/day) / Antimatter/day (2.1x): 937499999999961600 1968749999999919360
      antimatterPerSecond / setAsideBuffer %: 22786458333332 10
    -- pool 0xA0b86991c6218b36c1d19D4a2e9Eb0cE3606eB48 USDC
      C (V1 phUSD/day) / Antimatter/day (2.1x): 1312499999999894400 2756249999999778240
      antimatterPerSecond / setAsideBuffer %: 31901041666664 10
    -- pool 0x4c9EDD5852cd905f086C759E8383e09bff1E68B3 USDe
      C (V1 phUSD/day) / Antimatter/day (2.1x): 1874999999999923200 3937499999999838720
      antimatterPerSecond / setAsideBuffer %: 45572916666664 25
  
=== Phase 5: mint rights ===
    Antimatter.setApprovedMinter(V2) - VERIFIED by read-back
    phUSD.setMinter(V2) - VERIFIED via phUSDMintAvailable()
    phUSD.setMinter(Antimatter) - VERIFIED at current mintVersion
    phUSD minter delta OK (live mask / V1 revoked): 511 false
    relinquished V1 principal surplus (token / surplus): 0x865377367054516e17014CcdED1e7d814EDC9ce4 26898455742910213445
    V1 initiateMigration (token / R realized / P snapshot): 0x865377367054516e17014CcdED1e7d814EDC9ce4 1222669637024202235699 1222727602453502485450
    plan (token / migratable / zero-credit): 0x865377367054516e17014CcdED1e7d814EDC9ce4 9 0
    plan stragglers (count / principal total): 0 0
    migrated (token / users / batches): 0x865377367054516e17014CcdED1e7d814EDC9ce4 9 1
  DOLA_TABLE_live|R=1222669637024202235699|P=1222727602453502485450|boundBps=2|users=9
  DOLA_ROW|user|pre|credit|post|loss(wei)|loss(1e-4bps)|allowed(wei)|breach|nonDust
  DOLA_ROW|0xCad1a7864a108DBFF67F4b8af71fAB0C7A86D0B6|50176872843431|50174494125579|50172061688994|4811154437|9588|10035375568|ok|dust
  DOLA_ROW|0x4B75d1CF8A07280249404Bf10aa1B844f0982aBC|24898684566319|24897504202894|24896297183249|2387383070|9588|4979737913|ok|dust
  DOLA_ROW|0x25AdA296F30976024d675Cd219f9aAF1F2Ad4eb1|5499869851883238089|5499609121434019301|5499342530089440014|527321793798075|9587|1099973970377647|ok|nonDust
  DOLA_ROW|0x186c77B80Bbfd21b01C7D7FA44bA27031322a77F|6222930532455|6222635524115|6222333884355|596648100|9587|1244587106|ok|dust
  DOLA_ROW|0x70Ac9D66b8b29332948C1972786473A1F050e7BD|95997524272336991567|95992973350533115166|95988328399779721972|9195872557269595|9579|19199504854468398|ok|nonDust
  DOLA_ROW|0xC8Fc15bF56259271c24072F5A6b0A6B6dF06D358|121064354905301737211|121058615648830416589|121052770910821912837|11583994479824374|9568|24212870981061347|ok|nonDust
  DOLA_ROW|0x0f254C40729C93093DC0D290E716B842a9C4484a|1039836387688|1039787092519|1039736891357|99496331|9568|207968277|ok|dust
  DOLA_ROW|0x9Ebb8b14aCbEDd921df6CC336c568B7dCBEf3182|50579704155271|50577306340533|50574864456467|4839698804|9568|10115941831|ok|dust
  DOLA_ROW|0xD57e5f043cB3C05be4E8138886cCEF2448a07C66|1000165720505952033419|1000118305991677398997|1000070895972716983488|94824533235049931|9480|200033144101191406|ok|nonDust
  DOLA_TABLE_live|breaches(all)=0|breaches(nonDust)=0

[PASS] test_B_liveLoss_atLiveBlock() (gas: 44880930)
Logs:
  BLOCK|25988932|autoDOLA convertToAssets(1e18)=1190273937417168684
  
=== Phase 0: preconditions ===
    token: 0x865377367054516e17014CcdED1e7d814EDC9ce4 DOLA
      V1 poolState / stakerCount / totalStaked: 0 9 1222727602453502485450
      strategy / principalOf(V1): 0x1760E05356Ec1FBBA159C730781dCfB9920524e2 1249626058196412698895
      V1 phusdPerSecond / C (phUSD per day): 10850694444444 937499999999961600
      setAsideBufferSize(V1) %: 10
      setAsideBufferRecipient: 0xbce8ABC09BaEDCabE93419bF875f6186e182079A
      V1 idle token balance (buffer, stays on V1): 6997032072106485771
      PhusdStableMinter registration: strategy 0x1760E05356Ec1FBBA159C730781dCfB9920524e2
    token: 0xA0b86991c6218b36c1d19D4a2e9Eb0cE3606eB48 USDC
      V1 poolState / stakerCount / totalStaked: 0 13 1966476179
      strategy / principalOf(V1): 0xaFDf8DeA96a0F37Aae4869f813901bf73a3eAB83 1993519564
      V1 phusdPerSecond / C (phUSD per day): 15190972222221 1312499999999894400
      setAsideBufferSize(V1) %: 10
      setAsideBufferRecipient: 0xbce8ABC09BaEDCabE93419bF875f6186e182079A
      V1 idle token balance (buffer, stays on V1): 10430694
      PhusdStableMinter registration: strategy 0xaFDf8DeA96a0F37Aae4869f813901bf73a3eAB83
    token: 0x4c9EDD5852cd905f086C759E8383e09bff1E68B3 USDe
      V1 poolState / stakerCount / totalStaked: 0 7 2566815465400000000000
      strategy / principalOf(V1): 0xaC2e5936Eca286eC364d4D5Bcca33145fBe57f95 2566815465400000000000
      V1 phusdPerSecond / C (phUSD per day): 21701388888888 1874999999999923200
      setAsideBufferSize(V1) %: 25
      setAsideBufferRecipient: NONE (pre-story-047 strategy: buffer is paid to each client)
      V1 idle token balance (buffer, stays on V1): 49845539781409382100
      PhusdStableMinter registration: strategy 0xaC2e5936Eca286eC364d4D5Bcca33145fBe57f95
    V1 phUSD mint authorized: true
    phUSD minter baseline (live) mask / mintVersion: 511 0
  
=== Phase 1: retire V1 (pauser OWNER, unregister, pause) ===
    Pauser.unregister(V1) - retired staker removed from the global pause registry
    V1 pauser OWNER, unregistered from Pauser, paused - global Pauser.pause() live again
  
=== Phase 2: Antimatter ===
    Antimatter deployed at: 0x89a643657eF820D816C2A15e7e57E13C89969995
    progress serialised (preview: NOT written); bytes: 450
    Antimatter wired to phUSD + PhusdStableMinter (read back)
  
=== Phase 3: StableStakerV2 ===
    StableStakerV2 deployed at: 0x2F6B5F5D303772e8219c3d86fb2Be6575c8e7Cc0
    progress serialised (preview: NOT written); bytes: 449
    V2 paused (pauser temporarily OWNER)
  
=== Phase 4: V2 pools (from V1 live config) ===
    -- pool 0x865377367054516e17014CcdED1e7d814EDC9ce4 DOLA
      C (V1 phUSD/day) / Antimatter/day (2.1x): 937499999999961600 1968749999999919360
      antimatterPerSecond / setAsideBuffer %: 22786458333332 10
    -- pool 0xA0b86991c6218b36c1d19D4a2e9Eb0cE3606eB48 USDC
      C (V1 phUSD/day) / Antimatter/day (2.1x): 1312499999999894400 2756249999999778240
      antimatterPerSecond / setAsideBuffer %: 31901041666664 10
    -- pool 0x4c9EDD5852cd905f086C759E8383e09bff1E68B3 USDe
      C (V1 phUSD/day) / Antimatter/day (2.1x): 1874999999999923200 3937499999999838720
      antimatterPerSecond / setAsideBuffer %: 45572916666664 25
  
=== Phase 5: mint rights ===
    Antimatter.setApprovedMinter(V2) - VERIFIED by read-back
    phUSD.setMinter(V2) - VERIFIED via phUSDMintAvailable()
    phUSD.setMinter(Antimatter) - VERIFIED at current mintVersion
    phUSD minter delta OK (live mask / V1 revoked): 511 false
    relinquished V1 principal surplus (token / surplus): 0x865377367054516e17014CcdED1e7d814EDC9ce4 26898455742910213445
    V1 initiateMigration (token / R realized / P snapshot): 0x865377367054516e17014CcdED1e7d814EDC9ce4 1222669637024202235699 1222727602453502485450
    plan (token / migratable / zero-credit): 0x865377367054516e17014CcdED1e7d814EDC9ce4 9 0
    plan stragglers (count / principal total): 0 0
    migrated (token / users / batches): 0x865377367054516e17014CcdED1e7d814EDC9ce4 9 1
  LIVE|0x865377367054516e17014CcdED1e7d814EDC9ce4|R=1222669637024202235699|P=1222727602453502485450|exitLoss(1e-4bps)=4740|worstUserTotal(1e-4bps)=9588|worstDepositLeg(1e-4bps)=4847|boundBps=2|users=9|failing=0
    relinquished V1 principal surplus (token / surplus): 0xA0b86991c6218b36c1d19D4a2e9Eb0cE3606eB48 27043385
    V1 initiateMigration (token / R realized / P snapshot): 0xA0b86991c6218b36c1d19D4a2e9Eb0cE3606eB48 1966404164 1966476179
    plan (token / migratable / zero-credit): 0xA0b86991c6218b36c1d19D4a2e9Eb0cE3606eB48 13 0
    plan stragglers (count / principal total): 0 0
    migrated (token / users / batches): 0xA0b86991c6218b36c1d19D4a2e9Eb0cE3606eB48 13 1
  LIVE|0xA0b86991c6218b36c1d19D4a2e9Eb0cE3606eB48|R=1966404164|P=1966476179|exitLoss(1e-4bps)=3662|worstUserTotal(1e-4bps)=16666666|worstDepositLeg(1e-4bps)=9090909|boundBps=2|users=13|failing=0
    market exit pre-quote (shares / quote / minOut): 2056125537638714350140 2565850122745184805918 2559115019003799999999
    V1 initiateMigration (token / R realized / P snapshot): 0x4c9EDD5852cd905f086C759E8383e09bff1E68B3 2565850122745184805919 2566815465400000000000
    plan (token / migratable / zero-credit): 0x4c9EDD5852cd905f086C759E8383e09bff1E68B3 7 0
    plan stragglers (count / principal total): 0 0
    migrated (token / users / batches): 0x4c9EDD5852cd905f086C759E8383e09bff1E68B3 7 1
  LIVE|0x4c9EDD5852cd905f086C759E8383e09bff1E68B3|R=2565850122745184805919|P=2566815465400000000000|exitLoss(1e-4bps)=37608|worstUserTotal(1e-4bps)=337495|worstDepositLeg(1e-4bps)=300000|boundBps=61|users=7|failing=0

[PASS] test_B_liveLoss_atRun33Block() (gas: 44839232)
Logs:
  BLOCK|25981150|autoDOLA convertToAssets(1e18)=1189952108752976237
  
=== Phase 0: preconditions ===
    token: 0x865377367054516e17014CcdED1e7d814EDC9ce4 DOLA
      V1 poolState / stakerCount / totalStaked: 0 9 1222727602453502485450
      strategy / principalOf(V1): 0x1760E05356Ec1FBBA159C730781dCfB9920524e2 1249626058196412698895
      V1 phusdPerSecond / C (phUSD per day): 10850694444444 937499999999961600
      setAsideBufferSize(V1) %: 10
      setAsideBufferRecipient: 0xbce8ABC09BaEDCabE93419bF875f6186e182079A
      V1 idle token balance (buffer, stays on V1): 6997032072106485771
      PhusdStableMinter registration: strategy 0x1760E05356Ec1FBBA159C730781dCfB9920524e2
    token: 0xA0b86991c6218b36c1d19D4a2e9Eb0cE3606eB48 USDC
      V1 poolState / stakerCount / totalStaked: 0 13 1968476179
      strategy / principalOf(V1): 0xaFDf8DeA96a0F37Aae4869f813901bf73a3eAB83 1995519564
      V1 phusdPerSecond / C (phUSD per day): 15190972222221 1312499999999894400
      setAsideBufferSize(V1) %: 10
      setAsideBufferRecipient: 0xbce8ABC09BaEDCabE93419bF875f6186e182079A
      V1 idle token balance (buffer, stays on V1): 10430694
      PhusdStableMinter registration: strategy 0xaFDf8DeA96a0F37Aae4869f813901bf73a3eAB83
    token: 0x4c9EDD5852cd905f086C759E8383e09bff1E68B3 USDe
      V1 poolState / stakerCount / totalStaked: 0 7 2566815465400000000000
      strategy / principalOf(V1): 0xaC2e5936Eca286eC364d4D5Bcca33145fBe57f95 2566815465400000000000
      V1 phusdPerSecond / C (phUSD per day): 21701388888888 1874999999999923200
      setAsideBufferSize(V1) %: 25
      setAsideBufferRecipient: NONE (pre-story-047 strategy: buffer is paid to each client)
      V1 idle token balance (buffer, stays on V1): 49845539781409382100
      PhusdStableMinter registration: strategy 0xaC2e5936Eca286eC364d4D5Bcca33145fBe57f95
    V1 phUSD mint authorized: true
    phUSD minter baseline (live) mask / mintVersion: 511 0
  
=== Phase 1: retire V1 (pauser OWNER, unregister, pause) ===
    Pauser.unregister(V1) - retired staker removed from the global pause registry
    V1 pauser OWNER, unregistered from Pauser, paused - global Pauser.pause() live again
  
=== Phase 2: Antimatter ===
    Antimatter deployed at: 0x7Bf5434fC6deFef17AF7C4866DE1fEF212000A5F
    progress serialised (preview: NOT written); bytes: 450
    Antimatter wired to phUSD + PhusdStableMinter (read back)
  
=== Phase 3: StableStakerV2 ===
    StableStakerV2 deployed at: 0x5582060396E38c9D83BEF379386Ed98853348161
    progress serialised (preview: NOT written); bytes: 449
    V2 paused (pauser temporarily OWNER)
  
=== Phase 4: V2 pools (from V1 live config) ===
    -- pool 0x865377367054516e17014CcdED1e7d814EDC9ce4 DOLA
      C (V1 phUSD/day) / Antimatter/day (2.1x): 937499999999961600 1968749999999919360
      antimatterPerSecond / setAsideBuffer %: 22786458333332 10
    -- pool 0xA0b86991c6218b36c1d19D4a2e9Eb0cE3606eB48 USDC
      C (V1 phUSD/day) / Antimatter/day (2.1x): 1312499999999894400 2756249999999778240
      antimatterPerSecond / setAsideBuffer %: 31901041666664 10
    -- pool 0x4c9EDD5852cd905f086C759E8383e09bff1E68B3 USDe
      C (V1 phUSD/day) / Antimatter/day (2.1x): 1874999999999923200 3937499999999838720
      antimatterPerSecond / setAsideBuffer %: 45572916666664 25
  
=== Phase 5: mint rights ===
    Antimatter.setApprovedMinter(V2) - VERIFIED by read-back
    phUSD.setMinter(V2) - VERIFIED via phUSDMintAvailable()
    phUSD.setMinter(Antimatter) - VERIFIED at current mintVersion
    phUSD minter delta OK (live mask / V1 revoked): 511 false
    relinquished V1 principal surplus (token / surplus): 0x865377367054516e17014CcdED1e7d814EDC9ce4 26898455742910213445
    V1 initiateMigration (token / R realized / P snapshot): 0x865377367054516e17014CcdED1e7d814EDC9ce4 1222725528651424783078 1222727602453502485450
    plan (token / migratable / zero-credit): 0x865377367054516e17014CcdED1e7d814EDC9ce4 9 0
    plan stragglers (count / principal total): 0 0
    migrated (token / users / batches): 0x865377367054516e17014CcdED1e7d814EDC9ce4 9 1
  LIVE|0x865377367054516e17014CcdED1e7d814EDC9ce4|R=1222725528651424783078|P=1222727602453502485450|exitLoss(1e-4bps)=169|worstUserTotal(1e-4bps)=343|worstDepositLeg(1e-4bps)=173|boundBps=2|users=9|failing=0
    relinquished V1 principal surplus (token / surplus): 0xA0b86991c6218b36c1d19D4a2e9Eb0cE3606eB48 27043385
    V1 initiateMigration (token / R realized / P snapshot): 0xA0b86991c6218b36c1d19D4a2e9Eb0cE3606eB48 1968391065 1968476179
    plan (token / migratable / zero-credit): 0xA0b86991c6218b36c1d19D4a2e9Eb0cE3606eB48 13 0
    plan stragglers (count / principal total): 0 0
    migrated (token / users / batches): 0xA0b86991c6218b36c1d19D4a2e9Eb0cE3606eB48 13 1
  LIVE|0xA0b86991c6218b36c1d19D4a2e9Eb0cE3606eB48|R=1968391065|P=1968476179|exitLoss(1e-4bps)=4323|worstUserTotal(1e-4bps)=16666666|worstDepositLeg(1e-4bps)=9090909|boundBps=2|users=13|failing=0
    market exit pre-quote (shares / quote / minOut): 2056424606891643416703 2565317525727214516833 2559115019003799999999
    V1 initiateMigration (token / R realized / P snapshot): 0x4c9EDD5852cd905f086C759E8383e09bff1E68B3 2565317525727214516835 2566815465400000000000
    plan (token / migratable / zero-credit): 0x4c9EDD5852cd905f086C759E8383e09bff1E68B3 7 0
    plan stragglers (count / principal total): 0 0
    migrated (token / users / batches): 0x4c9EDD5852cd905f086C759E8383e09bff1E68B3 7 1
  LIVE|0x4c9EDD5852cd905f086C759E8383e09bff1E68B3|R=2565317525727214516835|P=2566815465400000000000|exitLoss(1e-4bps)=58357|worstUserTotal(1e-4bps)=358182|worstDepositLeg(1e-4bps)=300000|boundBps=61|users=7|failing=0

[PASS] test_B_liveLoss_atStory087Block() (gas: 44904566)
Logs:
  BLOCK|25985945|autoDOLA convertToAssets(1e18)=1190163442730925954
  
=== Phase 0: preconditions ===
    token: 0x865377367054516e17014CcdED1e7d814EDC9ce4 DOLA
      V1 poolState / stakerCount / totalStaked: 0 9 1222727602453502485450
      strategy / principalOf(V1): 0x1760E05356Ec1FBBA159C730781dCfB9920524e2 1249626058196412698895
      V1 phusdPerSecond / C (phUSD per day): 10850694444444 937499999999961600
      setAsideBufferSize(V1) %: 10
      setAsideBufferRecipient: 0xbce8ABC09BaEDCabE93419bF875f6186e182079A
      V1 idle token balance (buffer, stays on V1): 6997032072106485771
      PhusdStableMinter registration: strategy 0x1760E05356Ec1FBBA159C730781dCfB9920524e2
    token: 0xA0b86991c6218b36c1d19D4a2e9Eb0cE3606eB48 USDC
      V1 poolState / stakerCount / totalStaked: 0 13 1966476179
      strategy / principalOf(V1): 0xaFDf8DeA96a0F37Aae4869f813901bf73a3eAB83 1993519564
      V1 phusdPerSecond / C (phUSD per day): 15190972222221 1312499999999894400
      setAsideBufferSize(V1) %: 10
      setAsideBufferRecipient: 0xbce8ABC09BaEDCabE93419bF875f6186e182079A
      V1 idle token balance (buffer, stays on V1): 10430694
      PhusdStableMinter registration: strategy 0xaFDf8DeA96a0F37Aae4869f813901bf73a3eAB83
    token: 0x4c9EDD5852cd905f086C759E8383e09bff1E68B3 USDe
      V1 poolState / stakerCount / totalStaked: 0 7 2566815465400000000000
      strategy / principalOf(V1): 0xaC2e5936Eca286eC364d4D5Bcca33145fBe57f95 2566815465400000000000
      V1 phusdPerSecond / C (phUSD per day): 21701388888888 1874999999999923200
      setAsideBufferSize(V1) %: 25
      setAsideBufferRecipient: NONE (pre-story-047 strategy: buffer is paid to each client)
      V1 idle token balance (buffer, stays on V1): 49845539781409382100
      PhusdStableMinter registration: strategy 0xaC2e5936Eca286eC364d4D5Bcca33145fBe57f95
    V1 phUSD mint authorized: true
    phUSD minter baseline (live) mask / mintVersion: 511 0
  
=== Phase 1: retire V1 (pauser OWNER, unregister, pause) ===
    Pauser.unregister(V1) - retired staker removed from the global pause registry
    V1 pauser OWNER, unregistered from Pauser, paused - global Pauser.pause() live again
  
=== Phase 2: Antimatter ===
    Antimatter deployed at: 0x89a643657eF820D816C2A15e7e57E13C89969995
    progress serialised (preview: NOT written); bytes: 450
    Antimatter wired to phUSD + PhusdStableMinter (read back)
  
=== Phase 3: StableStakerV2 ===
    StableStakerV2 deployed at: 0x2F6B5F5D303772e8219c3d86fb2Be6575c8e7Cc0
    progress serialised (preview: NOT written); bytes: 449
    V2 paused (pauser temporarily OWNER)
  
=== Phase 4: V2 pools (from V1 live config) ===
    -- pool 0x865377367054516e17014CcdED1e7d814EDC9ce4 DOLA
      C (V1 phUSD/day) / Antimatter/day (2.1x): 937499999999961600 1968749999999919360
      antimatterPerSecond / setAsideBuffer %: 22786458333332 10
    -- pool 0xA0b86991c6218b36c1d19D4a2e9Eb0cE3606eB48 USDC
      C (V1 phUSD/day) / Antimatter/day (2.1x): 1312499999999894400 2756249999999778240
      antimatterPerSecond / setAsideBuffer %: 31901041666664 10
    -- pool 0x4c9EDD5852cd905f086C759E8383e09bff1E68B3 USDe
      C (V1 phUSD/day) / Antimatter/day (2.1x): 1874999999999923200 3937499999999838720
      antimatterPerSecond / setAsideBuffer %: 45572916666664 25
  
=== Phase 5: mint rights ===
    Antimatter.setApprovedMinter(V2) - VERIFIED by read-back
    phUSD.setMinter(V2) - VERIFIED via phUSDMintAvailable()
    phUSD.setMinter(Antimatter) - VERIFIED at current mintVersion
    phUSD minter delta OK (live mask / V1 revoked): 511 false
    relinquished V1 principal surplus (token / surplus): 0x865377367054516e17014CcdED1e7d814EDC9ce4 26898455742910213445
    V1 initiateMigration (token / R realized / P snapshot): 0x865377367054516e17014CcdED1e7d814EDC9ce4 1222601073909172120703 1222727602453502485450
    plan (token / migratable / zero-credit): 0x865377367054516e17014CcdED1e7d814EDC9ce4 9 0
    plan stragglers (count / principal total): 0 0
    migrated (token / users / batches): 0x865377367054516e17014CcdED1e7d814EDC9ce4 9 1
  LIVE_FAIL|0x865377367054516e17014CcdED1e7d814EDC9ce4|user=0xCad1a7864a108DBFF67F4b8af71fAB0C7A86D0B6|pre=50176872843431|credit=50171680512230|post=50166371529588|loss(1e-4bps)=20928
  LIVE_FAIL|0x865377367054516e17014CcdED1e7d814EDC9ce4|user=0x4B75d1CF8A07280249404Bf10aa1B844f0982aBC|pre=24898684566319|credit=24896108036348|post=24893473621793|loss(1e-4bps)=20928
  LIVE_FAIL|0x865377367054516e17014CcdED1e7d814EDC9ce4|user=0x25AdA296F30976024d675Cd219f9aAF1F2Ad4eb1|pre=5499869851883238089|credit=5499300722238197865|post=5498718865821325564|loss(1e-4bps)=20927
  LIVE_FAIL|0x865377367054516e17014CcdED1e7d814EDC9ce4|user=0x186c77B80Bbfd21b01C7D7FA44bA27031322a77F|pre=6222930532455|credit=6222286580081|post=6221628227763|loss(1e-4bps)=20927
  LIVE_FAIL|0x865377367054516e17014CcdED1e7d814EDC9ce4|user=0x70Ac9D66b8b29332948C1972786473A1F050e7BD|pre=95997524272336991567|credit=95987590394193466498|post=95977452424821374925|loss(1e-4bps)=20908
  LIVE_FAIL|0x865377367054516e17014CcdED1e7d814EDC9ce4|user=0xC8Fc15bF56259271c24072F5A6b0A6B6dF06D358|pre=121064354905301737211|credit=121051827097337211446|post=121039070495297631842|loss(1e-4bps)=20885
  LIVE_FAIL|0x865377367054516e17014CcdED1e7d814EDC9ce4|user=0x0f254C40729C93093DC0D290E716B842a9C4484a|pre=1039836387688|credit=1039728784830|post=1039619216830|loss(1e-4bps)=20885
  LIVE_FAIL|0x865377367054516e17014CcdED1e7d814EDC9ce4|user=0x9Ebb8b14aCbEDd921df6CC336c568B7dCBEf3182|pre=50579704155271|credit=50574470138858|post=50569140534143|loss(1e-4bps)=20885
  LIVE_FAIL|0x865377367054516e17014CcdED1e7d814EDC9ce4|user=0xD57e5f043cB3C05be4E8138886cCEF2448a07C66|pre=1000165720505952033419|credit=1000062222791129192543|post=999958746494094240019|loss(1e-4bps)=20693
  LIVE|0x865377367054516e17014CcdED1e7d814EDC9ce4|R=1222601073909172120703|P=1222727602453502485450|exitLoss(1e-4bps)=10348|worstUserTotal(1e-4bps)=20928|worstDepositLeg(1e-4bps)=10581|boundBps=2|users=9|failing=9
    relinquished V1 principal surplus (token / surplus): 0xA0b86991c6218b36c1d19D4a2e9Eb0cE3606eB48 27043385
    V1 initiateMigration (token / R realized / P snapshot): 0xA0b86991c6218b36c1d19D4a2e9Eb0cE3606eB48 1966404164 1966476179
    plan (token / migratable / zero-credit): 0xA0b86991c6218b36c1d19D4a2e9Eb0cE3606eB48 13 0
    plan stragglers (count / principal total): 0 0
    migrated (token / users / batches): 0xA0b86991c6218b36c1d19D4a2e9Eb0cE3606eB48 13 1
  LIVE|0xA0b86991c6218b36c1d19D4a2e9Eb0cE3606eB48|R=1966404164|P=1966476179|exitLoss(1e-4bps)=3662|worstUserTotal(1e-4bps)=16666666|worstDepositLeg(1e-4bps)=9090909|boundBps=2|users=13|failing=0
    market exit pre-quote (shares / quote / minOut): 2056239899816042534182 2565617038479851788849 2559115019003799999998
    V1 initiateMigration (token / R realized / P snapshot): 0x4c9EDD5852cd905f086C759E8383e09bff1E68B3 2565617038479851788851 2566815465400000000000
    plan (token / migratable / zero-credit): 0x4c9EDD5852cd905f086C759E8383e09bff1E68B3 7 0
    plan stragglers (count / principal total): 0 0
    migrated (token / users / batches): 0x4c9EDD5852cd905f086C759E8383e09bff1E68B3 7 1
  LIVE|0x4c9EDD5852cd905f086C759E8383e09bff1E68B3|R=2565617038479851788851|P=2566815465400000000000|exitLoss(1e-4bps)=46689|worstUserTotal(1e-4bps)=346549|worstDepositLeg(1e-4bps)=300000|boundBps=61|users=7|failing=0

[PASS] test_B_previewRun_atCurrentBlockPasses() (gas: 53256193)
Logs:
  =================================================
    MAINNET STABLESTAKER V1 -> V2 CUTOVER (story 082)
  =================================================
  No progress file - starting fresh
  
=== Phase 0: preconditions ===
    token: 0x865377367054516e17014CcdED1e7d814EDC9ce4 DOLA
      V1 poolState / stakerCount / totalStaked: 0 9 1222727602453502485450
      strategy / principalOf(V1): 0x1760E05356Ec1FBBA159C730781dCfB9920524e2 1249626058196412698895
      V1 phusdPerSecond / C (phUSD per day): 10850694444444 937499999999961600
      setAsideBufferSize(V1) %: 10
      setAsideBufferRecipient: 0xbce8ABC09BaEDCabE93419bF875f6186e182079A
      V1 idle token balance (buffer, stays on V1): 6997032072106485771
      PhusdStableMinter registration: strategy 0x1760E05356Ec1FBBA159C730781dCfB9920524e2
    token: 0xA0b86991c6218b36c1d19D4a2e9Eb0cE3606eB48 USDC
      V1 poolState / stakerCount / totalStaked: 0 13 1966476179
      strategy / principalOf(V1): 0xaFDf8DeA96a0F37Aae4869f813901bf73a3eAB83 1993519564
      V1 phusdPerSecond / C (phUSD per day): 15190972222221 1312499999999894400
      setAsideBufferSize(V1) %: 10
      setAsideBufferRecipient: 0xbce8ABC09BaEDCabE93419bF875f6186e182079A
      V1 idle token balance (buffer, stays on V1): 10430694
      PhusdStableMinter registration: strategy 0xaFDf8DeA96a0F37Aae4869f813901bf73a3eAB83
    token: 0x4c9EDD5852cd905f086C759E8383e09bff1E68B3 USDe
      V1 poolState / stakerCount / totalStaked: 0 7 2566815465400000000000
      strategy / principalOf(V1): 0xaC2e5936Eca286eC364d4D5Bcca33145fBe57f95 2566815465400000000000
      V1 phusdPerSecond / C (phUSD per day): 21701388888888 1874999999999923200
      setAsideBufferSize(V1) %: 25
      setAsideBufferRecipient: NONE (pre-story-047 strategy: buffer is paid to each client)
      V1 idle token balance (buffer, stays on V1): 49845539781409382100
      PhusdStableMinter registration: strategy 0xaC2e5936Eca286eC364d4D5Bcca33145fBe57f95
    V1 phUSD mint authorized: true
    phUSD minter baseline (live) mask / mintVersion: 511 0
  GLOBAL_PAUSE|phase0|SUCCEEDED|registered=26
    ETH_BUDGET|gasBudget / gasPriceWei / requiredWei: 22000000 300000000 7920000000000000
    ETH_BUDGET|SHORTFALL|OWNER balance / shortfall wei (TOP UP BEFORE :broadcast): 6424919451687286 1495080548312714
  
  *** PREVIEW MODE - impersonating OWNER, nothing signed, nothing broadcast ***
  *** Progress file is READ if present, NEVER written ***
  
=== Phase 1: retire V1 (pauser OWNER, unregister, pause) ===
    Pauser.unregister(V1) - retired staker removed from the global pause registry
    V1 pauser OWNER, unregistered from Pauser, paused - global Pauser.pause() live again
  GLOBAL_PAUSE|after-phase1|SUCCEEDED|registered=25
  
=== Phase 2: Antimatter ===
    Antimatter deployed at: 0x89a643657eF820D816C2A15e7e57E13C89969995
    progress serialised (preview: NOT written); bytes: 450
    Antimatter wired to phUSD + PhusdStableMinter (read back)
  GLOBAL_PAUSE|after-phase2|SUCCEEDED|registered=25
  
=== Phase 3: StableStakerV2 ===
    StableStakerV2 deployed at: 0x2F6B5F5D303772e8219c3d86fb2Be6575c8e7Cc0
    progress serialised (preview: NOT written); bytes: 449
    V2 paused (pauser temporarily OWNER)
  GLOBAL_PAUSE|after-phase3|SUCCEEDED|registered=25
  
=== Phase 4: V2 pools (from V1 live config) ===
    -- pool 0x865377367054516e17014CcdED1e7d814EDC9ce4 DOLA
      C (V1 phUSD/day) / Antimatter/day (2.1x): 937499999999961600 1968749999999919360
      antimatterPerSecond / setAsideBuffer %: 22786458333332 10
    -- pool 0xA0b86991c6218b36c1d19D4a2e9Eb0cE3606eB48 USDC
      C (V1 phUSD/day) / Antimatter/day (2.1x): 1312499999999894400 2756249999999778240
      antimatterPerSecond / setAsideBuffer %: 31901041666664 10
    -- pool 0x4c9EDD5852cd905f086C759E8383e09bff1E68B3 USDe
      C (V1 phUSD/day) / Antimatter/day (2.1x): 1874999999999923200 3937499999999838720
      antimatterPerSecond / setAsideBuffer %: 45572916666664 25
  GLOBAL_PAUSE|after-phase4|SUCCEEDED|registered=25
  
=== Phase 5: mint rights ===
    Antimatter.setApprovedMinter(V2) - VERIFIED by read-back
    phUSD.setMinter(V2) - VERIFIED via phUSDMintAvailable()
    phUSD.setMinter(Antimatter) - VERIFIED at current mintVersion
    phUSD minter delta OK (live mask / V1 revoked): 511 false
  GLOBAL_PAUSE|after-phase5|SUCCEEDED|registered=25
  
=== Phase 6: V1 -> V2 migration ===
    CrossVersionMigrator deployed at: 0x2C29215baD32E08297BB1b9D4A1BE55c9B778Dc9
    progress serialised (preview: NOT written); bytes: 448
    -- migrating pool 0x865377367054516e17014CcdED1e7d814EDC9ce4 DOLA
    relinquished V1 principal surplus (token / surplus): 0x865377367054516e17014CcdED1e7d814EDC9ce4 26898455742910213445
    V1 initiateMigration (token / R realized / P snapshot): 0x865377367054516e17014CcdED1e7d814EDC9ce4 1222669637024202235699 1222727602453502485450
    plan (token / migratable / zero-credit): 0x865377367054516e17014CcdED1e7d814EDC9ce4 9 0
    plan stragglers (count / principal total): 0 0
    migrated (token / users / batches): 0x865377367054516e17014CcdED1e7d814EDC9ce4 9 1
    exit realization (token / R realized / P snapshot): 0x865377367054516e17014CcdED1e7d814EDC9ce4 1222669637024202235699 1222727602453502485450
      loss bound bps / V2 totalStaked: 2 1222611470718702162733
    post-migration OK (token / V2 totalStaked / V2 stakers): 0x865377367054516e17014CcdED1e7d814EDC9ce4 1222611470718702162733 9
    -- migrating pool 0xA0b86991c6218b36c1d19D4a2e9Eb0cE3606eB48 USDC
    relinquished V1 principal surplus (token / surplus): 0xA0b86991c6218b36c1d19D4a2e9Eb0cE3606eB48 27043385
    V1 initiateMigration (token / R realized / P snapshot): 0xA0b86991c6218b36c1d19D4a2e9Eb0cE3606eB48 1966404164 1966476179
    plan (token / migratable / zero-credit): 0xA0b86991c6218b36c1d19D4a2e9Eb0cE3606eB48 13 0
    plan stragglers (count / principal total): 0 0
    migrated (token / users / batches): 0xA0b86991c6218b36c1d19D4a2e9Eb0cE3606eB48 13 1
    exit realization (token / R realized / P snapshot): 0xA0b86991c6218b36c1d19D4a2e9Eb0cE3606eB48 1966404164 1966476179
      loss bound bps / V2 totalStaked: 2 1966332129
    post-migration OK (token / V2 totalStaked / V2 stakers): 0xA0b86991c6218b36c1d19D4a2e9Eb0cE3606eB48 1966332129 13
    -- migrating pool 0x4c9EDD5852cd905f086C759E8383e09bff1E68B3 USDe
    market exit pre-quote (shares / quote / minOut): 2056125537638714350140 2565850122745184805918 2559115019003799999999
    V1 initiateMigration (token / R realized / P snapshot): 0x4c9EDD5852cd905f086C759E8383e09bff1E68B3 2565850122745184805919 2566815465400000000000
    plan (token / migratable / zero-credit): 0x4c9EDD5852cd905f086C759E8383e09bff1E68B3 7 0
    plan stragglers (count / principal total): 0 0
    migrated (token / users / batches): 0x4c9EDD5852cd905f086C759E8383e09bff1E68B3 7 1
    exit realization (token / R realized / P snapshot): 0x4c9EDD5852cd905f086C759E8383e09bff1E68B3 2565850122745184805919 2566815465400000000000
      loss bound bps / V2 totalStaked: 61 2558152572376949251495
    post-migration OK (token / V2 totalStaked / V2 stakers): 0x4c9EDD5852cd905f086C759E8383e09bff1E68B3 2558152572376949251495 7
  GLOBAL_PAUSE|after-phase6|SUCCEEDED|registered=25
  
=== Phase 7: finalize ===
    setAsideBufferRecipient -> V2 on strategy: 0x1760E05356Ec1FBBA159C730781dCfB9920524e2
    setAsideBufferRecipient -> V2 on strategy: 0xaFDf8DeA96a0F37Aae4869f813901bf73a3eAB83
    phUSD.setMinter(V1, false) - retired staker's mint authority REVOKED
    V1 already unregistered from Pauser - skipped
    V1 already paused - pause step skipped
    V1 pauser -> OWNER, unregistered from Pauser, left paused; V2 unpaused THEN registered; Antimatter registered
  GLOBAL_PAUSE|after-phase7|SUCCEEDED|registered=27
  
=== Phase 8: wiring assertions ===
    phUSD minter delta OK (live mask / V1 revoked): 510 true
    pool OK (token / V2 stakers / V1 stragglers): 0x865377367054516e17014CcdED1e7d814EDC9ce4 9 0
    pool OK (token / V2 stakers / V1 stragglers): 0xA0b86991c6218b36c1d19D4a2e9Eb0cE3606eB48 13 0
    pool OK (token / V2 stakers / V1 stragglers): 0x4c9EDD5852cd905f086C759E8383e09bff1E68B3 7 0
    Pauser registrant sweep OK (every registrant unpaused, pauser == Pauser): 27
    all wiring assertions passed
  
  PREVIEW: progress file NOT written (by design).
  GLOBAL_PAUSE|after-phase8|SUCCEEDED|registered=27
  
=== Preview smoke tests ===
    Antimatter: throwaway approved -> minted -> revoked -> mint REVERTS
    Antimatter: V2 revoked -> mint REVERTS -> V2 re-approved
    V2 stake/withdraw OK (token / credited / returned): 0x865377367054516e17014CcdED1e7d814EDC9ce4 99995268141673495056 99990536283346990111
    V2 stake/withdraw OK (token / credited / returned): 0xA0b86991c6218b36c1d19D4a2e9Eb0cE3606eB48 99996338 99992676
    V2 stake/withdraw OK (token / credited / returned): 0x4c9EDD5852cd905f086C759E8383e09bff1E68B3 99700000000000000000 99669224301561154205
    autoAnnihilate OK (Antimatter owed / phUSD paid): 6151108735856431 12302217471712862
    all smoke tests passed
  
  =================================================
          STABLESTAKER V2 CUTOVER SUMMARY
  =================================================
  Antimatter:            0x89a643657eF820D816C2A15e7e57E13C89969995
  StableStakerV2:        0x2F6B5F5D303772e8219c3d86fb2Be6575c8e7Cc0
  CrossVersionMigrator:  0x2C29215baD32E08297BB1b9D4A1BE55c9B778Dc9 (transient, no address-book key)
  Mode:                  PREVIEW
  B_LIVEBLOCK|preview run() PASSED at 25988932

[PASS] test_B_previewRun_atStory087Block() (gas: 43317363)
Logs:
  =================================================
    MAINNET STABLESTAKER V1 -> V2 CUTOVER (story 082)
  =================================================
  No progress file - starting fresh
  
=== Phase 0: preconditions ===
    token: 0x865377367054516e17014CcdED1e7d814EDC9ce4 DOLA
      V1 poolState / stakerCount / totalStaked: 0 9 1222727602453502485450
      strategy / principalOf(V1): 0x1760E05356Ec1FBBA159C730781dCfB9920524e2 1249626058196412698895
      V1 phusdPerSecond / C (phUSD per day): 10850694444444 937499999999961600
      setAsideBufferSize(V1) %: 10
      setAsideBufferRecipient: 0xbce8ABC09BaEDCabE93419bF875f6186e182079A
      V1 idle token balance (buffer, stays on V1): 6997032072106485771
      PhusdStableMinter registration: strategy 0x1760E05356Ec1FBBA159C730781dCfB9920524e2
    token: 0xA0b86991c6218b36c1d19D4a2e9Eb0cE3606eB48 USDC
      V1 poolState / stakerCount / totalStaked: 0 13 1966476179
      strategy / principalOf(V1): 0xaFDf8DeA96a0F37Aae4869f813901bf73a3eAB83 1993519564
      V1 phusdPerSecond / C (phUSD per day): 15190972222221 1312499999999894400
      setAsideBufferSize(V1) %: 10
      setAsideBufferRecipient: 0xbce8ABC09BaEDCabE93419bF875f6186e182079A
      V1 idle token balance (buffer, stays on V1): 10430694
      PhusdStableMinter registration: strategy 0xaFDf8DeA96a0F37Aae4869f813901bf73a3eAB83
    token: 0x4c9EDD5852cd905f086C759E8383e09bff1E68B3 USDe
      V1 poolState / stakerCount / totalStaked: 0 7 2566815465400000000000
      strategy / principalOf(V1): 0xaC2e5936Eca286eC364d4D5Bcca33145fBe57f95 2566815465400000000000
      V1 phusdPerSecond / C (phUSD per day): 21701388888888 1874999999999923200
      setAsideBufferSize(V1) %: 25
      setAsideBufferRecipient: NONE (pre-story-047 strategy: buffer is paid to each client)
      V1 idle token balance (buffer, stays on V1): 49845539781409382100
      PhusdStableMinter registration: strategy 0xaC2e5936Eca286eC364d4D5Bcca33145fBe57f95
    V1 phUSD mint authorized: true
    phUSD minter baseline (live) mask / mintVersion: 511 0
  GLOBAL_PAUSE|phase0|SUCCEEDED|registered=26
    ETH_BUDGET|gasBudget / gasPriceWei / requiredWei: 22000000 300000000 7920000000000000
    ETH_BUDGET|SHORTFALL|OWNER balance / shortfall wei (TOP UP BEFORE :broadcast): 6424919451687286 1495080548312714
  
  *** PREVIEW MODE - impersonating OWNER, nothing signed, nothing broadcast ***
  *** Progress file is READ if present, NEVER written ***
  
=== Phase 1: retire V1 (pauser OWNER, unregister, pause) ===
    Pauser.unregister(V1) - retired staker removed from the global pause registry
    V1 pauser OWNER, unregistered from Pauser, paused - global Pauser.pause() live again
  GLOBAL_PAUSE|after-phase1|SUCCEEDED|registered=25
  
=== Phase 2: Antimatter ===
    Antimatter deployed at: 0x89a643657eF820D816C2A15e7e57E13C89969995
    progress serialised (preview: NOT written); bytes: 450
    Antimatter wired to phUSD + PhusdStableMinter (read back)
  GLOBAL_PAUSE|after-phase2|SUCCEEDED|registered=25
  
=== Phase 3: StableStakerV2 ===
    StableStakerV2 deployed at: 0x2F6B5F5D303772e8219c3d86fb2Be6575c8e7Cc0
    progress serialised (preview: NOT written); bytes: 449
    V2 paused (pauser temporarily OWNER)
  GLOBAL_PAUSE|after-phase3|SUCCEEDED|registered=25
  
=== Phase 4: V2 pools (from V1 live config) ===
    -- pool 0x865377367054516e17014CcdED1e7d814EDC9ce4 DOLA
      C (V1 phUSD/day) / Antimatter/day (2.1x): 937499999999961600 1968749999999919360
      antimatterPerSecond / setAsideBuffer %: 22786458333332 10
    -- pool 0xA0b86991c6218b36c1d19D4a2e9Eb0cE3606eB48 USDC
      C (V1 phUSD/day) / Antimatter/day (2.1x): 1312499999999894400 2756249999999778240
      antimatterPerSecond / setAsideBuffer %: 31901041666664 10
    -- pool 0x4c9EDD5852cd905f086C759E8383e09bff1E68B3 USDe
      C (V1 phUSD/day) / Antimatter/day (2.1x): 1874999999999923200 3937499999999838720
      antimatterPerSecond / setAsideBuffer %: 45572916666664 25
  GLOBAL_PAUSE|after-phase4|SUCCEEDED|registered=25
  
=== Phase 5: mint rights ===
    Antimatter.setApprovedMinter(V2) - VERIFIED by read-back
    phUSD.setMinter(V2) - VERIFIED via phUSDMintAvailable()
    phUSD.setMinter(Antimatter) - VERIFIED at current mintVersion
    phUSD minter delta OK (live mask / V1 revoked): 511 false
  GLOBAL_PAUSE|after-phase5|SUCCEEDED|registered=25
  
=== Phase 6: V1 -> V2 migration ===
    CrossVersionMigrator deployed at: 0x2C29215baD32E08297BB1b9D4A1BE55c9B778Dc9
    progress serialised (preview: NOT written); bytes: 448
    -- migrating pool 0x865377367054516e17014CcdED1e7d814EDC9ce4 DOLA
    relinquished V1 principal surplus (token / surplus): 0x865377367054516e17014CcdED1e7d814EDC9ce4 26898455742910213445
    V1 initiateMigration (token / R realized / P snapshot): 0x865377367054516e17014CcdED1e7d814EDC9ce4 1222601073909172120703 1222727602453502485450
    plan (token / migratable / zero-credit): 0x865377367054516e17014CcdED1e7d814EDC9ce4 9 0
    plan stragglers (count / principal total): 0 0
    migrated (token / users / batches): 0x865377367054516e17014CcdED1e7d814EDC9ce4 9 1
  B_087BLOCK|preview run() REVERTED Error(string)|cutover-post: cutover lost more principal than the strategy can explain

[PASS] test_F01_boundarySweep_resumeShape() (gas: 43045577)
Logs:
  
=== Phase 0: preconditions ===
    token: 0x865377367054516e17014CcdED1e7d814EDC9ce4 DOLA
      V1 poolState / stakerCount / totalStaked: 0 9 1222727602453502485450
      strategy / principalOf(V1): 0x1760E05356Ec1FBBA159C730781dCfB9920524e2 1249626058196412698895
      V1 phusdPerSecond / C (phUSD per day): 10850694444444 937499999999961600
      setAsideBufferSize(V1) %: 10
      setAsideBufferRecipient: 0xbce8ABC09BaEDCabE93419bF875f6186e182079A
      V1 idle token balance (buffer, stays on V1): 6997032072106485771
      PhusdStableMinter registration: strategy 0x1760E05356Ec1FBBA159C730781dCfB9920524e2
    token: 0xA0b86991c6218b36c1d19D4a2e9Eb0cE3606eB48 USDC
      V1 poolState / stakerCount / totalStaked: 0 13 1968476179
      strategy / principalOf(V1): 0xaFDf8DeA96a0F37Aae4869f813901bf73a3eAB83 1995519564
      V1 phusdPerSecond / C (phUSD per day): 15190972222221 1312499999999894400
      setAsideBufferSize(V1) %: 10
      setAsideBufferRecipient: 0xbce8ABC09BaEDCabE93419bF875f6186e182079A
      V1 idle token balance (buffer, stays on V1): 10430694
      PhusdStableMinter registration: strategy 0xaFDf8DeA96a0F37Aae4869f813901bf73a3eAB83
    token: 0x4c9EDD5852cd905f086C759E8383e09bff1E68B3 USDe
      V1 poolState / stakerCount / totalStaked: 0 7 2566815465400000000000
      strategy / principalOf(V1): 0xaC2e5936Eca286eC364d4D5Bcca33145fBe57f95 2566815465400000000000
      V1 phusdPerSecond / C (phUSD per day): 21701388888888 1874999999999923200
      setAsideBufferSize(V1) %: 25
      setAsideBufferRecipient: NONE (pre-story-047 strategy: buffer is paid to each client)
      V1 idle token balance (buffer, stays on V1): 49845539781409382100
      PhusdStableMinter registration: strategy 0xaC2e5936Eca286eC364d4D5Bcca33145fBe57f95
    V1 phUSD mint authorized: true
    phUSD minter baseline (live) mask / mintVersion: 511 0
  
=== Phase 1: retire V1 (pauser OWNER, unregister, pause) ===
    Pauser.unregister(V1) - retired staker removed from the global pause registry
    V1 pauser OWNER, unregistered from Pauser, paused - global Pauser.pause() live again
  
=== Phase 2: Antimatter ===
    Antimatter deployed at: 0x7Bf5434fC6deFef17AF7C4866DE1fEF212000A5F
    progress serialised (preview: NOT written); bytes: 450
    Antimatter wired to phUSD + PhusdStableMinter (read back)
  
=== Phase 3: StableStakerV2 ===
    StableStakerV2 deployed at: 0x5582060396E38c9D83BEF379386Ed98853348161
    progress serialised (preview: NOT written); bytes: 449
    V2 paused (pauser temporarily OWNER)
  
=== Phase 4: V2 pools (from V1 live config) ===
    -- pool 0x865377367054516e17014CcdED1e7d814EDC9ce4 DOLA
      C (V1 phUSD/day) / Antimatter/day (2.1x): 937499999999961600 1968749999999919360
      antimatterPerSecond / setAsideBuffer %: 22786458333332 10
    -- pool 0xA0b86991c6218b36c1d19D4a2e9Eb0cE3606eB48 USDC
      C (V1 phUSD/day) / Antimatter/day (2.1x): 1312499999999894400 2756249999999778240
      antimatterPerSecond / setAsideBuffer %: 31901041666664 10
    -- pool 0x4c9EDD5852cd905f086C759E8383e09bff1E68B3 USDe
      C (V1 phUSD/day) / Antimatter/day (2.1x): 1874999999999923200 3937499999999838720
      antimatterPerSecond / setAsideBuffer %: 45572916666664 25
  
=== Phase 5: mint rights ===
    Antimatter.setApprovedMinter(V2) - VERIFIED by read-back
    phUSD.setMinter(V2) - VERIFIED via phUSDMintAvailable()
    phUSD.setMinter(Antimatter) - VERIFIED at current mintVersion
    phUSD minter delta OK (live mask / V1 revoked): 511 false
    relinquished V1 principal surplus (token / surplus): 0x865377367054516e17014CcdED1e7d814EDC9ce4 26898455742910213445
    V1 initiateMigration (token / R realized / P snapshot): 0x865377367054516e17014CcdED1e7d814EDC9ce4 1222603256098559640599 1222727602453502485450
    plan (token / migratable / zero-credit): 0x865377367054516e17014CcdED1e7d814EDC9ce4 9 0
    plan stragglers (count / principal total): 0 0
    migrated (token / users / batches): 0x865377367054516e17014CcdED1e7d814EDC9ce4 9 1
    exit realization (token / R realized / P snapshot): 0x865377367054516e17014CcdED1e7d814EDC9ce4 1222603256098559640599 1222727602453502485450
      loss bound bps / V2 totalStaked: 2 1222601175125620067258
    post-migration OK (token / V2 totalStaked / V2 stakers): 0x865377367054516e17014CcdED1e7d814EDC9ce4 1222601175125620067258 9
  F01_SWEEP|haircut(0.1bps)=10|exitLoss(1e-4bps)=10169|resumeShape=PASS
    relinquished V1 principal surplus (token / surplus): 0x865377367054516e17014CcdED1e7d814EDC9ce4 26898455742910213445
    V1 initiateMigration (token / R realized / P snapshot): 0x865377367054516e17014CcdED1e7d814EDC9ce4 1222493210800981012369 1222727602453502485450
    plan (token / migratable / zero-credit): 0x865377367054516e17014CcdED1e7d814EDC9ce4 9 0
    plan stragglers (count / principal total): 0 0
    migrated (token / users / batches): 0x865377367054516e17014CcdED1e7d814EDC9ce4 9 1
    exit realization (token / R realized / P snapshot): 0x865377367054516e17014CcdED1e7d814EDC9ce4 1222493210800981012369 1222727602453502485450
      loss bound bps / V2 totalStaked: 2 1222491130016025470719
    post-migration OK (token / V2 totalStaked / V2 stakers): 0x865377367054516e17014CcdED1e7d814EDC9ce4 1222491130016025470719 9
  F01_SWEEP|haircut(0.1bps)=19|exitLoss(1e-4bps)=19169|resumeShape=PASS
    relinquished V1 principal surplus (token / surplus): 0x865377367054516e17014CcdED1e7d814EDC9ce4 26898455742910213445
    V1 initiateMigration (token / R realized / P snapshot): 0x865377367054516e17014CcdED1e7d814EDC9ce4 1222468756290407983874 1222727602453502485450
    plan (token / migratable / zero-credit): 0x865377367054516e17014CcdED1e7d814EDC9ce4 9 0
    plan stragglers (count / principal total): 0 0
    migrated (token / users / batches): 0x865377367054516e17014CcdED1e7d814EDC9ce4 9 1
    exit realization (token / R realized / P snapshot): 0x865377367054516e17014CcdED1e7d814EDC9ce4 1222468756290407983874 1222727602453502485450
      loss bound bps / V2 totalStaked: 2 1222466675547226654591
  F01_SWEEP|haircut(0.1bps)=21|exitLoss(1e-4bps)=21169|resumeShape=FAIL

[PASS] test_F01_haircut5bps_failsClosedBothShapes() (gas: 38597609)
Logs:
  
=== Phase 0: preconditions ===
    token: 0x865377367054516e17014CcdED1e7d814EDC9ce4 DOLA
      V1 poolState / stakerCount / totalStaked: 0 9 1222727602453502485450
      strategy / principalOf(V1): 0x1760E05356Ec1FBBA159C730781dCfB9920524e2 1249626058196412698895
      V1 phusdPerSecond / C (phUSD per day): 10850694444444 937499999999961600
      setAsideBufferSize(V1) %: 10
      setAsideBufferRecipient: 0xbce8ABC09BaEDCabE93419bF875f6186e182079A
      V1 idle token balance (buffer, stays on V1): 6997032072106485771
      PhusdStableMinter registration: strategy 0x1760E05356Ec1FBBA159C730781dCfB9920524e2
    token: 0xA0b86991c6218b36c1d19D4a2e9Eb0cE3606eB48 USDC
      V1 poolState / stakerCount / totalStaked: 0 13 1968476179
      strategy / principalOf(V1): 0xaFDf8DeA96a0F37Aae4869f813901bf73a3eAB83 1995519564
      V1 phusdPerSecond / C (phUSD per day): 15190972222221 1312499999999894400
      setAsideBufferSize(V1) %: 10
      setAsideBufferRecipient: 0xbce8ABC09BaEDCabE93419bF875f6186e182079A
      V1 idle token balance (buffer, stays on V1): 10430694
      PhusdStableMinter registration: strategy 0xaFDf8DeA96a0F37Aae4869f813901bf73a3eAB83
    token: 0x4c9EDD5852cd905f086C759E8383e09bff1E68B3 USDe
      V1 poolState / stakerCount / totalStaked: 0 7 2566815465400000000000
      strategy / principalOf(V1): 0xaC2e5936Eca286eC364d4D5Bcca33145fBe57f95 2566815465400000000000
      V1 phusdPerSecond / C (phUSD per day): 21701388888888 1874999999999923200
      setAsideBufferSize(V1) %: 25
      setAsideBufferRecipient: NONE (pre-story-047 strategy: buffer is paid to each client)
      V1 idle token balance (buffer, stays on V1): 49845539781409382100
      PhusdStableMinter registration: strategy 0xaC2e5936Eca286eC364d4D5Bcca33145fBe57f95
    V1 phUSD mint authorized: true
    phUSD minter baseline (live) mask / mintVersion: 511 0
  
=== Phase 1: retire V1 (pauser OWNER, unregister, pause) ===
    Pauser.unregister(V1) - retired staker removed from the global pause registry
    V1 pauser OWNER, unregistered from Pauser, paused - global Pauser.pause() live again
  
=== Phase 2: Antimatter ===
    Antimatter deployed at: 0x7Bf5434fC6deFef17AF7C4866DE1fEF212000A5F
    progress serialised (preview: NOT written); bytes: 450
    Antimatter wired to phUSD + PhusdStableMinter (read back)
  
=== Phase 3: StableStakerV2 ===
    StableStakerV2 deployed at: 0x5582060396E38c9D83BEF379386Ed98853348161
    progress serialised (preview: NOT written); bytes: 449
    V2 paused (pauser temporarily OWNER)
  
=== Phase 4: V2 pools (from V1 live config) ===
    -- pool 0x865377367054516e17014CcdED1e7d814EDC9ce4 DOLA
      C (V1 phUSD/day) / Antimatter/day (2.1x): 937499999999961600 1968749999999919360
      antimatterPerSecond / setAsideBuffer %: 22786458333332 10
    -- pool 0xA0b86991c6218b36c1d19D4a2e9Eb0cE3606eB48 USDC
      C (V1 phUSD/day) / Antimatter/day (2.1x): 1312499999999894400 2756249999999778240
      antimatterPerSecond / setAsideBuffer %: 31901041666664 10
    -- pool 0x4c9EDD5852cd905f086C759E8383e09bff1E68B3 USDe
      C (V1 phUSD/day) / Antimatter/day (2.1x): 1874999999999923200 3937499999999838720
      antimatterPerSecond / setAsideBuffer %: 45572916666664 25
  
=== Phase 5: mint rights ===
    Antimatter.setApprovedMinter(V2) - VERIFIED by read-back
    phUSD.setMinter(V2) - VERIFIED via phUSDMintAvailable()
    phUSD.setMinter(Antimatter) - VERIFIED at current mintVersion
    phUSD minter delta OK (live mask / V1 revoked): 511 false
    relinquished V1 principal surplus (token / surplus): 0x865377367054516e17014CcdED1e7d814EDC9ce4 26898455742910213445
    V1 initiateMigration (token / R realized / P snapshot): 0x865377367054516e17014CcdED1e7d814EDC9ce4 1222114165887099070687 1222727602453502485450
    plan (token / migratable / zero-credit): 0x865377367054516e17014CcdED1e7d814EDC9ce4 9 0
    plan stragglers (count / principal total): 0 0
    migrated (token / users / batches): 0x865377367054516e17014CcdED1e7d814EDC9ce4 9 1
  F01|5bps|single-leg|cutover-post: cutover lost more principal than the strategy can explain
    exit realization (token / R realized / P snapshot): 0x865377367054516e17014CcdED1e7d814EDC9ce4 1222114165887099070687 1222727602453502485450
      loss bound bps / V2 totalStaked: 2 1222112085749643130352
  F01|5bps|resume-leg|cutover-post: V1 exit realization below loss bound

[PASS] test_L07_ownerEthReader() (gas: 27397299)
Logs:
  L07|eth_getBalance(latest)=6424919451687286|inEVM(fork@live)=6424919451687286|required@0.3gwei=7920000000000000

[PASS] test_P7_antimatterPausedRequire_unreachable() (gas: 46651586)
Logs:
  
=== Phase 0: preconditions ===
    token: 0x865377367054516e17014CcdED1e7d814EDC9ce4 DOLA
      V1 poolState / stakerCount / totalStaked: 0 9 1222727602453502485450
      strategy / principalOf(V1): 0x1760E05356Ec1FBBA159C730781dCfB9920524e2 1249626058196412698895
      V1 phusdPerSecond / C (phUSD per day): 10850694444444 937499999999961600
      setAsideBufferSize(V1) %: 10
      setAsideBufferRecipient: 0xbce8ABC09BaEDCabE93419bF875f6186e182079A
      V1 idle token balance (buffer, stays on V1): 6997032072106485771
      PhusdStableMinter registration: strategy 0x1760E05356Ec1FBBA159C730781dCfB9920524e2
    token: 0xA0b86991c6218b36c1d19D4a2e9Eb0cE3606eB48 USDC
      V1 poolState / stakerCount / totalStaked: 0 13 1968476179
      strategy / principalOf(V1): 0xaFDf8DeA96a0F37Aae4869f813901bf73a3eAB83 1995519564
      V1 phusdPerSecond / C (phUSD per day): 15190972222221 1312499999999894400
      setAsideBufferSize(V1) %: 10
      setAsideBufferRecipient: 0xbce8ABC09BaEDCabE93419bF875f6186e182079A
      V1 idle token balance (buffer, stays on V1): 10430694
      PhusdStableMinter registration: strategy 0xaFDf8DeA96a0F37Aae4869f813901bf73a3eAB83
    token: 0x4c9EDD5852cd905f086C759E8383e09bff1E68B3 USDe
      V1 poolState / stakerCount / totalStaked: 0 7 2566815465400000000000
      strategy / principalOf(V1): 0xaC2e5936Eca286eC364d4D5Bcca33145fBe57f95 2566815465400000000000
      V1 phusdPerSecond / C (phUSD per day): 21701388888888 1874999999999923200
      setAsideBufferSize(V1) %: 25
      setAsideBufferRecipient: NONE (pre-story-047 strategy: buffer is paid to each client)
      V1 idle token balance (buffer, stays on V1): 49845539781409382100
      PhusdStableMinter registration: strategy 0xaC2e5936Eca286eC364d4D5Bcca33145fBe57f95
    V1 phUSD mint authorized: true
    phUSD minter baseline (live) mask / mintVersion: 511 0
  
=== Phase 1: retire V1 (pauser OWNER, unregister, pause) ===
    Pauser.unregister(V1) - retired staker removed from the global pause registry
    V1 pauser OWNER, unregistered from Pauser, paused - global Pauser.pause() live again
  
=== Phase 2: Antimatter ===
    Antimatter deployed at: 0x7Bf5434fC6deFef17AF7C4866DE1fEF212000A5F
    progress serialised (preview: NOT written); bytes: 450
    Antimatter wired to phUSD + PhusdStableMinter (read back)
  
=== Phase 3: StableStakerV2 ===
    StableStakerV2 deployed at: 0x5582060396E38c9D83BEF379386Ed98853348161
    progress serialised (preview: NOT written); bytes: 449
    V2 paused (pauser temporarily OWNER)
  
=== Phase 4: V2 pools (from V1 live config) ===
    -- pool 0x865377367054516e17014CcdED1e7d814EDC9ce4 DOLA
      C (V1 phUSD/day) / Antimatter/day (2.1x): 937499999999961600 1968749999999919360
      antimatterPerSecond / setAsideBuffer %: 22786458333332 10
    -- pool 0xA0b86991c6218b36c1d19D4a2e9Eb0cE3606eB48 USDC
      C (V1 phUSD/day) / Antimatter/day (2.1x): 1312499999999894400 2756249999999778240
      antimatterPerSecond / setAsideBuffer %: 31901041666664 10
    -- pool 0x4c9EDD5852cd905f086C759E8383e09bff1E68B3 USDe
      C (V1 phUSD/day) / Antimatter/day (2.1x): 1874999999999923200 3937499999999838720
      antimatterPerSecond / setAsideBuffer %: 45572916666664 25
  
=== Phase 5: mint rights ===
    Antimatter.setApprovedMinter(V2) - VERIFIED by read-back
    phUSD.setMinter(V2) - VERIFIED via phUSDMintAvailable()
    phUSD.setMinter(Antimatter) - VERIFIED at current mintVersion
    phUSD minter delta OK (live mask / V1 revoked): 511 false
  
=== Phase 6: V1 -> V2 migration ===
    CrossVersionMigrator deployed at: 0x7068159Bb4a24a6421dB42f6e9AFDa43Dd9911f6
    progress serialised (preview: NOT written); bytes: 448
    -- migrating pool 0x865377367054516e17014CcdED1e7d814EDC9ce4 DOLA
    relinquished V1 principal surplus (token / surplus): 0x865377367054516e17014CcdED1e7d814EDC9ce4 26898455742910213445
    V1 initiateMigration (token / R realized / P snapshot): 0x865377367054516e17014CcdED1e7d814EDC9ce4 1222725528651424783078 1222727602453502485450
    plan (token / migratable / zero-credit): 0x865377367054516e17014CcdED1e7d814EDC9ce4 9 0
    plan stragglers (count / principal total): 0 0
    migrated (token / users / batches): 0x865377367054516e17014CcdED1e7d814EDC9ce4 9 1
    exit realization (token / R realized / P snapshot): 0x865377367054516e17014CcdED1e7d814EDC9ce4 1222725528651424783078 1222727602453502485450
      loss bound bps / V2 totalStaked: 2 1222723447469613917494
    post-migration OK (token / V2 totalStaked / V2 stakers): 0x865377367054516e17014CcdED1e7d814EDC9ce4 1222723447469613917494 9
    -- migrating pool 0xA0b86991c6218b36c1d19D4a2e9Eb0cE3606eB48 USDC
    relinquished V1 principal surplus (token / surplus): 0xA0b86991c6218b36c1d19D4a2e9Eb0cE3606eB48 27043385
    V1 initiateMigration (token / R realized / P snapshot): 0xA0b86991c6218b36c1d19D4a2e9Eb0cE3606eB48 1968391065 1968476179
    plan (token / migratable / zero-credit): 0xA0b86991c6218b36c1d19D4a2e9Eb0cE3606eB48 13 0
    plan stragglers (count / principal total): 0 0
    migrated (token / users / batches): 0xA0b86991c6218b36c1d19D4a2e9Eb0cE3606eB48 13 1
    exit realization (token / R realized / P snapshot): 0xA0b86991c6218b36c1d19D4a2e9Eb0cE3606eB48 1968391065 1968476179
      loss bound bps / V2 totalStaked: 2 1968305934
    post-migration OK (token / V2 totalStaked / V2 stakers): 0xA0b86991c6218b36c1d19D4a2e9Eb0cE3606eB48 1968305934 13
    -- migrating pool 0x4c9EDD5852cd905f086C759E8383e09bff1E68B3 USDe
    market exit pre-quote (shares / quote / minOut): 2056424606891643416703 2565317525727214516833 2559115019003799999999
    V1 initiateMigration (token / R realized / P snapshot): 0x4c9EDD5852cd905f086C759E8383e09bff1E68B3 2565317525727214516835 2566815465400000000000
    plan (token / migratable / zero-credit): 0x4c9EDD5852cd905f086C759E8383e09bff1E68B3 7 0
    plan stragglers (count / principal total): 0 0
    migrated (token / users / batches): 0x4c9EDD5852cd905f086C759E8383e09bff1E68B3 7 1
    exit realization (token / R realized / P snapshot): 0x4c9EDD5852cd905f086C759E8383e09bff1E68B3 2565317525727214516835 2566815465400000000000
      loss bound bps / V2 totalStaked: 61 2557621573150032873280
    post-migration OK (token / V2 totalStaked / V2 stakers): 0x4c9EDD5852cd905f086C759E8383e09bff1E68B3 2557621573150032873280 7
  AM_REQUIRE|antimatter.paused() after committed global pause: false
  
=== Phase 0: preconditions ===
  EMERGENCY_RESUME|p0 REVERTED (resume refuses while suite is globally paused)|Phase0: strategy paused - its withdraw/deposit are whenNotPaused

[PASS] test_P7_everyHaltPoint_breakerLive_resumeConverges() (gas: 65820225)
Logs:
  
=== Phase 0: preconditions ===
    token: 0x865377367054516e17014CcdED1e7d814EDC9ce4 DOLA
      V1 poolState / stakerCount / totalStaked: 0 9 1222727602453502485450
      strategy / principalOf(V1): 0x1760E05356Ec1FBBA159C730781dCfB9920524e2 1249626058196412698895
      V1 phusdPerSecond / C (phUSD per day): 10850694444444 937499999999961600
      setAsideBufferSize(V1) %: 10
      setAsideBufferRecipient: 0xbce8ABC09BaEDCabE93419bF875f6186e182079A
      V1 idle token balance (buffer, stays on V1): 6997032072106485771
      PhusdStableMinter registration: strategy 0x1760E05356Ec1FBBA159C730781dCfB9920524e2
    token: 0xA0b86991c6218b36c1d19D4a2e9Eb0cE3606eB48 USDC
      V1 poolState / stakerCount / totalStaked: 0 13 1968476179
      strategy / principalOf(V1): 0xaFDf8DeA96a0F37Aae4869f813901bf73a3eAB83 1995519564
      V1 phusdPerSecond / C (phUSD per day): 15190972222221 1312499999999894400
      setAsideBufferSize(V1) %: 10
      setAsideBufferRecipient: 0xbce8ABC09BaEDCabE93419bF875f6186e182079A
      V1 idle token balance (buffer, stays on V1): 10430694
      PhusdStableMinter registration: strategy 0xaFDf8DeA96a0F37Aae4869f813901bf73a3eAB83
    token: 0x4c9EDD5852cd905f086C759E8383e09bff1E68B3 USDe
      V1 poolState / stakerCount / totalStaked: 0 7 2566815465400000000000
      strategy / principalOf(V1): 0xaC2e5936Eca286eC364d4D5Bcca33145fBe57f95 2566815465400000000000
      V1 phusdPerSecond / C (phUSD per day): 21701388888888 1874999999999923200
      setAsideBufferSize(V1) %: 25
      setAsideBufferRecipient: NONE (pre-story-047 strategy: buffer is paid to each client)
      V1 idle token balance (buffer, stays on V1): 49845539781409382100
      PhusdStableMinter registration: strategy 0xaC2e5936Eca286eC364d4D5Bcca33145fBe57f95
    V1 phUSD mint authorized: true
    phUSD minter baseline (live) mask / mintVersion: 511 0
  
=== Phase 1: retire V1 (pauser OWNER, unregister, pause) ===
    Pauser.unregister(V1) - retired staker removed from the global pause registry
    V1 pauser OWNER, unregistered from Pauser, paused - global Pauser.pause() live again
  
=== Phase 2: Antimatter ===
    Antimatter deployed at: 0x7Bf5434fC6deFef17AF7C4866DE1fEF212000A5F
    progress serialised (preview: NOT written); bytes: 450
    Antimatter wired to phUSD + PhusdStableMinter (read back)
  
=== Phase 3: StableStakerV2 ===
    StableStakerV2 deployed at: 0x5582060396E38c9D83BEF379386Ed98853348161
    progress serialised (preview: NOT written); bytes: 449
    V2 paused (pauser temporarily OWNER)
  
=== Phase 4: V2 pools (from V1 live config) ===
    -- pool 0x865377367054516e17014CcdED1e7d814EDC9ce4 DOLA
      C (V1 phUSD/day) / Antimatter/day (2.1x): 937499999999961600 1968749999999919360
      antimatterPerSecond / setAsideBuffer %: 22786458333332 10
    -- pool 0xA0b86991c6218b36c1d19D4a2e9Eb0cE3606eB48 USDC
      C (V1 phUSD/day) / Antimatter/day (2.1x): 1312499999999894400 2756249999999778240
      antimatterPerSecond / setAsideBuffer %: 31901041666664 10
    -- pool 0x4c9EDD5852cd905f086C759E8383e09bff1E68B3 USDe
      C (V1 phUSD/day) / Antimatter/day (2.1x): 1874999999999923200 3937499999999838720
      antimatterPerSecond / setAsideBuffer %: 45572916666664 25
  
=== Phase 5: mint rights ===
    Antimatter.setApprovedMinter(V2) - VERIFIED by read-back
    phUSD.setMinter(V2) - VERIFIED via phUSDMintAvailable()
    phUSD.setMinter(Antimatter) - VERIFIED at current mintVersion
    phUSD minter delta OK (live mask / V1 revoked): 511 false
  
=== Phase 6: V1 -> V2 migration ===
    CrossVersionMigrator deployed at: 0x7068159Bb4a24a6421dB42f6e9AFDa43Dd9911f6
    progress serialised (preview: NOT written); bytes: 448
    -- migrating pool 0x865377367054516e17014CcdED1e7d814EDC9ce4 DOLA
    relinquished V1 principal surplus (token / surplus): 0x865377367054516e17014CcdED1e7d814EDC9ce4 26898455742910213445
    V1 initiateMigration (token / R realized / P snapshot): 0x865377367054516e17014CcdED1e7d814EDC9ce4 1222725528651424783078 1222727602453502485450
    plan (token / migratable / zero-credit): 0x865377367054516e17014CcdED1e7d814EDC9ce4 9 0
    plan stragglers (count / principal total): 0 0
    migrated (token / users / batches): 0x865377367054516e17014CcdED1e7d814EDC9ce4 9 1
    exit realization (token / R realized / P snapshot): 0x865377367054516e17014CcdED1e7d814EDC9ce4 1222725528651424783078 1222727602453502485450
      loss bound bps / V2 totalStaked: 2 1222723447469613917494
    post-migration OK (token / V2 totalStaked / V2 stakers): 0x865377367054516e17014CcdED1e7d814EDC9ce4 1222723447469613917494 9
    -- migrating pool 0xA0b86991c6218b36c1d19D4a2e9Eb0cE3606eB48 USDC
    relinquished V1 principal surplus (token / surplus): 0xA0b86991c6218b36c1d19D4a2e9Eb0cE3606eB48 27043385
    V1 initiateMigration (token / R realized / P snapshot): 0xA0b86991c6218b36c1d19D4a2e9Eb0cE3606eB48 1968391065 1968476179
    plan (token / migratable / zero-credit): 0xA0b86991c6218b36c1d19D4a2e9Eb0cE3606eB48 13 0
    plan stragglers (count / principal total): 0 0
    migrated (token / users / batches): 0xA0b86991c6218b36c1d19D4a2e9Eb0cE3606eB48 13 1
    exit realization (token / R realized / P snapshot): 0xA0b86991c6218b36c1d19D4a2e9Eb0cE3606eB48 1968391065 1968476179
      loss bound bps / V2 totalStaked: 2 1968305934
    post-migration OK (token / V2 totalStaked / V2 stakers): 0xA0b86991c6218b36c1d19D4a2e9Eb0cE3606eB48 1968305934 13
    -- migrating pool 0x4c9EDD5852cd905f086C759E8383e09bff1E68B3 USDe
    market exit pre-quote (shares / quote / minOut): 2056424606891643416703 2565317525727214516833 2559115019003799999999
    V1 initiateMigration (token / R realized / P snapshot): 0x4c9EDD5852cd905f086C759E8383e09bff1E68B3 2565317525727214516835 2566815465400000000000
    plan (token / migratable / zero-credit): 0x4c9EDD5852cd905f086C759E8383e09bff1E68B3 7 0
    plan stragglers (count / principal total): 0 0
    migrated (token / users / batches): 0x4c9EDD5852cd905f086C759E8383e09bff1E68B3 7 1
    exit realization (token / R realized / P snapshot): 0x4c9EDD5852cd905f086C759E8383e09bff1E68B3 2565317525727214516835 2566815465400000000000
      loss bound bps / V2 totalStaked: 61 2557621573150032873280
    post-migration OK (token / V2 totalStaked / V2 stakers): 0x4c9EDD5852cd905f086C759E8383e09bff1E68B3 2557621573150032873280 7
  GLOBAL_PAUSE|P7-halt-after-step-0|LIVE
  
=== Phase 0: preconditions ===
    token: 0x865377367054516e17014CcdED1e7d814EDC9ce4 DOLA
      V1 poolState / stakerCount / totalStaked: 1 0 0
      strategy / principalOf(V1): 0x1760E05356Ec1FBBA159C730781dCfB9920524e2 0
      V1 phusdPerSecond / C (phUSD per day): 10850694444444 937499999999961600
      setAsideBufferSize(V1) %: 10
      setAsideBufferRecipient: 0xbce8ABC09BaEDCabE93419bF875f6186e182079A
      V1 idle token balance (buffer, stays on V1): 6997032072106485775
      PhusdStableMinter registration: strategy 0x1760E05356Ec1FBBA159C730781dCfB9920524e2
    token: 0xA0b86991c6218b36c1d19D4a2e9Eb0cE3606eB48 USDC
      V1 poolState / stakerCount / totalStaked: 1 0 0
      strategy / principalOf(V1): 0xaFDf8DeA96a0F37Aae4869f813901bf73a3eAB83 0
      V1 phusdPerSecond / C (phUSD per day): 15190972222221 1312499999999894400
      setAsideBufferSize(V1) %: 10
      setAsideBufferRecipient: 0xbce8ABC09BaEDCabE93419bF875f6186e182079A
      V1 idle token balance (buffer, stays on V1): 10430702
      PhusdStableMinter registration: strategy 0xaFDf8DeA96a0F37Aae4869f813901bf73a3eAB83
    token: 0x4c9EDD5852cd905f086C759E8383e09bff1E68B3 USDe
      V1 poolState / stakerCount / totalStaked: 1 0 0
      strategy / principalOf(V1): 0xaC2e5936Eca286eC364d4D5Bcca33145fBe57f95 0
      V1 phusdPerSecond / C (phUSD per day): 21701388888888 1874999999999923200
      setAsideBufferSize(V1) %: 25
      setAsideBufferRecipient: NONE (pre-story-047 strategy: buffer is paid to each client)
      V1 idle token balance (buffer, stays on V1): 49845539781409382102
      PhusdStableMinter registration: strategy 0xaC2e5936Eca286eC364d4D5Bcca33145fBe57f95
    V1 phUSD mint authorized: true
    phUSD minter baseline (from progress file) mask / mintVersion: 511 0
  
=== Phase 1: retire V1 (pauser OWNER, unregister, pause) ===
    V1 already unregistered from Pauser - skipped
    V1 already paused - pause step skipped
    V1 pauser OWNER, unregistered from Pauser, paused - global Pauser.pause() live again
  
=== Phase 2: Antimatter ===
    Antimatter loaded from progress file: 0x7Bf5434fC6deFef17AF7C4866DE1fEF212000A5F
    Antimatter wired to phUSD + PhusdStableMinter (read back)
  
=== Phase 3: StableStakerV2 ===
    StableStakerV2 loaded from progress file: 0x5582060396E38c9D83BEF379386Ed98853348161
    V2 paused (pauser temporarily OWNER)
  
=== Phase 4: V2 pools (from V1 live config) ===
    -- pool 0x865377367054516e17014CcdED1e7d814EDC9ce4 DOLA
      C (V1 phUSD/day) / Antimatter/day (2.1x): 937499999999961600 1968749999999919360
      antimatterPerSecond / setAsideBuffer %: 22786458333332 10
    -- pool 0xA0b86991c6218b36c1d19D4a2e9Eb0cE3606eB48 USDC
      C (V1 phUSD/day) / Antimatter/day (2.1x): 1312499999999894400 2756249999999778240
      antimatterPerSecond / setAsideBuffer %: 31901041666664 10
    -- pool 0x4c9EDD5852cd905f086C759E8383e09bff1E68B3 USDe
      C (V1 phUSD/day) / Antimatter/day (2.1x): 1874999999999923200 3937499999999838720
      antimatterPerSecond / setAsideBuffer %: 45572916666664 25
  
=== Phase 5: mint rights ===
    Antimatter.setApprovedMinter(V2) - VERIFIED by read-back
    phUSD.setMinter(V2) - VERIFIED via phUSDMintAvailable()
    phUSD.setMinter(Antimatter) - VERIFIED at current mintVersion
    phUSD minter delta OK (live mask / V1 revoked): 511 false
  
=== Phase 6: V1 -> V2 migration ===
    CrossVersionMigrator loaded from progress file: 0x7068159Bb4a24a6421dB42f6e9AFDa43Dd9911f6
    -- migrating pool 0x865377367054516e17014CcdED1e7d814EDC9ce4 DOLA
    V1 pool already Migrating - initiate skipped (token / R / P): 0x865377367054516e17014CcdED1e7d814EDC9ce4 1222725528651424783078 1222727602453502485450
    plan (token / migratable / zero-credit): 0x865377367054516e17014CcdED1e7d814EDC9ce4 0 0
    plan stragglers (count / principal total): 0 0
    migrated (token / users / batches): 0x865377367054516e17014CcdED1e7d814EDC9ce4 0 0
    exit realization (token / R realized / P snapshot): 0x865377367054516e17014CcdED1e7d814EDC9ce4 1222725528651424783078 1222727602453502485450
      loss bound bps / V2 totalStaked: 2 1222723447469613917494
    post-migration OK (token / V2 totalStaked / V2 stakers): 0x865377367054516e17014CcdED1e7d814EDC9ce4 1222723447469613917494 9
    -- migrating pool 0xA0b86991c6218b36c1d19D4a2e9Eb0cE3606eB48 USDC
    V1 pool already Migrating - initiate skipped (token / R / P): 0xA0b86991c6218b36c1d19D4a2e9Eb0cE3606eB48 1968391065 1968476179
    plan (token / migratable / zero-credit): 0xA0b86991c6218b36c1d19D4a2e9Eb0cE3606eB48 0 0
    plan stragglers (count / principal total): 0 0
    migrated (token / users / batches): 0xA0b86991c6218b36c1d19D4a2e9Eb0cE3606eB48 0 0
    exit realization (token / R realized / P snapshot): 0xA0b86991c6218b36c1d19D4a2e9Eb0cE3606eB48 1968391065 1968476179
      loss bound bps / V2 totalStaked: 2 1968305934
    post-migration OK (token / V2 totalStaked / V2 stakers): 0xA0b86991c6218b36c1d19D4a2e9Eb0cE3606eB48 1968305934 13
    -- migrating pool 0x4c9EDD5852cd905f086C759E8383e09bff1E68B3 USDe
    V1 pool already Migrating - initiate skipped (token / R / P): 0x4c9EDD5852cd905f086C759E8383e09bff1E68B3 2565317525727214516835 2566815465400000000000
    plan (token / migratable / zero-credit): 0x4c9EDD5852cd905f086C759E8383e09bff1E68B3 0 0
    plan stragglers (count / principal total): 0 0
    migrated (token / users / batches): 0x4c9EDD5852cd905f086C759E8383e09bff1E68B3 0 0
    exit realization (token / R realized / P snapshot): 0x4c9EDD5852cd905f086C759E8383e09bff1E68B3 2565317525727214516835 2566815465400000000000
      loss bound bps / V2 totalStaked: 61 2557621573150032873280
    post-migration OK (token / V2 totalStaked / V2 stakers): 0x4c9EDD5852cd905f086C759E8383e09bff1E68B3 2557621573150032873280 7
  
=== Phase 7: finalize ===
    setAsideBufferRecipient -> V2 on strategy: 0x1760E05356Ec1FBBA159C730781dCfB9920524e2
    setAsideBufferRecipient -> V2 on strategy: 0xaFDf8DeA96a0F37Aae4869f813901bf73a3eAB83
    phUSD.setMinter(V1, false) - retired staker's mint authority REVOKED
    V1 already unregistered from Pauser - skipped
    V1 already paused - pause step skipped
    V1 pauser -> OWNER, unregistered from Pauser, left paused; V2 unpaused THEN registered; Antimatter registered
  
=== Phase 8: wiring assertions ===
    phUSD minter delta OK (live mask / V1 revoked): 510 true
    pool OK (token / V2 stakers / V1 stragglers): 0x865377367054516e17014CcdED1e7d814EDC9ce4 9 0
    pool OK (token / V2 stakers / V1 stragglers): 0xA0b86991c6218b36c1d19D4a2e9Eb0cE3606eB48 13 0
    pool OK (token / V2 stakers / V1 stragglers): 0x4c9EDD5852cd905f086C759E8383e09bff1E68B3 7 0
    Pauser registrant sweep OK (every registrant unpaused, pauser == Pauser): 27
    all wiring assertions passed
  GLOBAL_PAUSE|P7-halt-0-resumed|LIVE
  P7_RESUME|halt-after-step-0|CONVERGED
  GLOBAL_PAUSE|P7-halt-after-step-1|LIVE
  
=== Phase 0: preconditions ===
    token: 0x865377367054516e17014CcdED1e7d814EDC9ce4 DOLA
      V1 poolState / stakerCount / totalStaked: 1 0 0
      strategy / principalOf(V1): 0x1760E05356Ec1FBBA159C730781dCfB9920524e2 0
      V1 phusdPerSecond / C (phUSD per day): 10850694444444 937499999999961600
      setAsideBufferSize(V1) %: 10
      setAsideBufferRecipient: 0x5582060396E38c9D83BEF379386Ed98853348161
      V1 idle token balance (buffer, stays on V1): 6997032072106485775
      PhusdStableMinter registration: strategy 0x1760E05356Ec1FBBA159C730781dCfB9920524e2
    token: 0xA0b86991c6218b36c1d19D4a2e9Eb0cE3606eB48 USDC
      V1 poolState / stakerCount / totalStaked: 1 0 0
      strategy / principalOf(V1): 0xaFDf8DeA96a0F37Aae4869f813901bf73a3eAB83 0
      V1 phusdPerSecond / C (phUSD per day): 15190972222221 1312499999999894400
      setAsideBufferSize(V1) %: 10
      setAsideBufferRecipient: 0xbce8ABC09BaEDCabE93419bF875f6186e182079A
      V1 idle token balance (buffer, stays on V1): 10430702
      PhusdStableMinter registration: strategy 0xaFDf8DeA96a0F37Aae4869f813901bf73a3eAB83
    token: 0x4c9EDD5852cd905f086C759E8383e09bff1E68B3 USDe
      V1 poolState / stakerCount / totalStaked: 1 0 0
      strategy / principalOf(V1): 0xaC2e5936Eca286eC364d4D5Bcca33145fBe57f95 0
      V1 phusdPerSecond / C (phUSD per day): 21701388888888 1874999999999923200
      setAsideBufferSize(V1) %: 25
      setAsideBufferRecipient: NONE (pre-story-047 strategy: buffer is paid to each client)
      V1 idle token balance (buffer, stays on V1): 49845539781409382102
      PhusdStableMinter registration: strategy 0xaC2e5936Eca286eC364d4D5Bcca33145fBe57f95
    V1 phUSD mint authorized: true
    phUSD minter baseline (from progress file) mask / mintVersion: 511 0
  
=== Phase 1: retire V1 (pauser OWNER, unregister, pause) ===
    V1 already unregistered from Pauser - skipped
    V1 already paused - pause step skipped
    V1 pauser OWNER, unregistered from Pauser, paused - global Pauser.pause() live again
  
=== Phase 2: Antimatter ===
    Antimatter loaded from progress file: 0x7Bf5434fC6deFef17AF7C4866DE1fEF212000A5F
    Antimatter wired to phUSD + PhusdStableMinter (read back)
  
=== Phase 3: StableStakerV2 ===
    StableStakerV2 loaded from progress file: 0x5582060396E38c9D83BEF379386Ed98853348161
    V2 paused (pauser temporarily OWNER)
  
=== Phase 4: V2 pools (from V1 live config) ===
    -- pool 0x865377367054516e17014CcdED1e7d814EDC9ce4 DOLA
      C (V1 phUSD/day) / Antimatter/day (2.1x): 937499999999961600 1968749999999919360
      antimatterPerSecond / setAsideBuffer %: 22786458333332 10
    -- pool 0xA0b86991c6218b36c1d19D4a2e9Eb0cE3606eB48 USDC
      C (V1 phUSD/day) / Antimatter/day (2.1x): 1312499999999894400 2756249999999778240
      antimatterPerSecond / setAsideBuffer %: 31901041666664 10
    -- pool 0x4c9EDD5852cd905f086C759E8383e09bff1E68B3 USDe
      C (V1 phUSD/day) / Antimatter/day (2.1x): 1874999999999923200 3937499999999838720
      antimatterPerSecond / setAsideBuffer %: 45572916666664 25
  
=== Phase 5: mint rights ===
    Antimatter.setApprovedMinter(V2) - VERIFIED by read-back
    phUSD.setMinter(V2) - VERIFIED via phUSDMintAvailable()
    phUSD.setMinter(Antimatter) - VERIFIED at current mintVersion
    phUSD minter delta OK (live mask / V1 revoked): 511 false
  
=== Phase 6: V1 -> V2 migration ===
    CrossVersionMigrator loaded from progress file: 0x7068159Bb4a24a6421dB42f6e9AFDa43Dd9911f6
    -- migrating pool 0x865377367054516e17014CcdED1e7d814EDC9ce4 DOLA
    V1 pool already Migrating - initiate skipped (token / R / P): 0x865377367054516e17014CcdED1e7d814EDC9ce4 1222725528651424783078 1222727602453502485450
    plan (token / migratable / zero-credit): 0x865377367054516e17014CcdED1e7d814EDC9ce4 0 0
    plan stragglers (count / principal total): 0 0
    migrated (token / users / batches): 0x865377367054516e17014CcdED1e7d814EDC9ce4 0 0
    exit realization (token / R realized / P snapshot): 0x865377367054516e17014CcdED1e7d814EDC9ce4 1222725528651424783078 1222727602453502485450
      loss bound bps / V2 totalStaked: 2 1222723447469613917494
    post-migration OK (token / V2 totalStaked / V2 stakers): 0x865377367054516e17014CcdED1e7d814EDC9ce4 1222723447469613917494 9
    -- migrating pool 0xA0b86991c6218b36c1d19D4a2e9Eb0cE3606eB48 USDC
    V1 pool already Migrating - initiate skipped (token / R / P): 0xA0b86991c6218b36c1d19D4a2e9Eb0cE3606eB48 1968391065 1968476179
    plan (token / migratable / zero-credit): 0xA0b86991c6218b36c1d19D4a2e9Eb0cE3606eB48 0 0
    plan stragglers (count / principal total): 0 0
    migrated (token / users / batches): 0xA0b86991c6218b36c1d19D4a2e9Eb0cE3606eB48 0 0
    exit realization (token / R realized / P snapshot): 0xA0b86991c6218b36c1d19D4a2e9Eb0cE3606eB48 1968391065 1968476179
      loss bound bps / V2 totalStaked: 2 1968305934
    post-migration OK (token / V2 totalStaked / V2 stakers): 0xA0b86991c6218b36c1d19D4a2e9Eb0cE3606eB48 1968305934 13
    -- migrating pool 0x4c9EDD5852cd905f086C759E8383e09bff1E68B3 USDe
    V1 pool already Migrating - initiate skipped (token / R / P): 0x4c9EDD5852cd905f086C759E8383e09bff1E68B3 2565317525727214516835 2566815465400000000000
    plan (token / migratable / zero-credit): 0x4c9EDD5852cd905f086C759E8383e09bff1E68B3 0 0
    plan stragglers (count / principal total): 0 0
    migrated (token / users / batches): 0x4c9EDD5852cd905f086C759E8383e09bff1E68B3 0 0
    exit realization (token / R realized / P snapshot): 0x4c9EDD5852cd905f086C759E8383e09bff1E68B3 2565317525727214516835 2566815465400000000000
      loss bound bps / V2 totalStaked: 61 2557621573150032873280
    post-migration OK (token / V2 totalStaked / V2 stakers): 0x4c9EDD5852cd905f086C759E8383e09bff1E68B3 2557621573150032873280 7
  
=== Phase 7: finalize ===
    setAsideBufferRecipient -> V2 on strategy: 0xaFDf8DeA96a0F37Aae4869f813901bf73a3eAB83
    phUSD.setMinter(V1, false) - retired staker's mint authority REVOKED
    V1 already unregistered from Pauser - skipped
    V1 already paused - pause step skipped
    V1 pauser -> OWNER, unregistered from Pauser, left paused; V2 unpaused THEN registered; Antimatter registered
  
=== Phase 8: wiring assertions ===
    phUSD minter delta OK (live mask / V1 revoked): 510 true
    pool OK (token / V2 stakers / V1 stragglers): 0x865377367054516e17014CcdED1e7d814EDC9ce4 9 0
    pool OK (token / V2 stakers / V1 stragglers): 0xA0b86991c6218b36c1d19D4a2e9Eb0cE3606eB48 13 0
    pool OK (token / V2 stakers / V1 stragglers): 0x4c9EDD5852cd905f086C759E8383e09bff1E68B3 7 0
    Pauser registrant sweep OK (every registrant unpaused, pauser == Pauser): 27
    all wiring assertions passed
  GLOBAL_PAUSE|P7-halt-1-resumed|LIVE
  P7_RESUME|halt-after-step-1|CONVERGED
  GLOBAL_PAUSE|P7-halt-after-step-2|LIVE
  
=== Phase 0: preconditions ===
    token: 0x865377367054516e17014CcdED1e7d814EDC9ce4 DOLA
      V1 poolState / stakerCount / totalStaked: 1 0 0
      strategy / principalOf(V1): 0x1760E05356Ec1FBBA159C730781dCfB9920524e2 0
      V1 phusdPerSecond / C (phUSD per day): 10850694444444 937499999999961600
      setAsideBufferSize(V1) %: 10
      setAsideBufferRecipient: 0x5582060396E38c9D83BEF379386Ed98853348161
      V1 idle token balance (buffer, stays on V1): 6997032072106485775
      PhusdStableMinter registration: strategy 0x1760E05356Ec1FBBA159C730781dCfB9920524e2
    token: 0xA0b86991c6218b36c1d19D4a2e9Eb0cE3606eB48 USDC
      V1 poolState / stakerCount / totalStaked: 1 0 0
      strategy / principalOf(V1): 0xaFDf8DeA96a0F37Aae4869f813901bf73a3eAB83 0
      V1 phusdPerSecond / C (phUSD per day): 15190972222221 1312499999999894400
      setAsideBufferSize(V1) %: 10
      setAsideBufferRecipient: 0x5582060396E38c9D83BEF379386Ed98853348161
      V1 idle token balance (buffer, stays on V1): 10430702
      PhusdStableMinter registration: strategy 0xaFDf8DeA96a0F37Aae4869f813901bf73a3eAB83
    token: 0x4c9EDD5852cd905f086C759E8383e09bff1E68B3 USDe
      V1 poolState / stakerCount / totalStaked: 1 0 0
      strategy / principalOf(V1): 0xaC2e5936Eca286eC364d4D5Bcca33145fBe57f95 0
      V1 phusdPerSecond / C (phUSD per day): 21701388888888 1874999999999923200
      setAsideBufferSize(V1) %: 25
      setAsideBufferRecipient: NONE (pre-story-047 strategy: buffer is paid to each client)
      V1 idle token balance (buffer, stays on V1): 49845539781409382102
      PhusdStableMinter registration: strategy 0xaC2e5936Eca286eC364d4D5Bcca33145fBe57f95
    V1 phUSD mint authorized: true
    phUSD minter baseline (from progress file) mask / mintVersion: 511 0
  
=== Phase 1: retire V1 (pauser OWNER, unregister, pause) ===
    V1 already unregistered from Pauser - skipped
    V1 already paused - pause step skipped
    V1 pauser OWNER, unregistered from Pauser, paused - global Pauser.pause() live again
  
=== Phase 2: Antimatter ===
    Antimatter loaded from progress file: 0x7Bf5434fC6deFef17AF7C4866DE1fEF212000A5F
    Antimatter wired to phUSD + PhusdStableMinter (read back)
  
=== Phase 3: StableStakerV2 ===
    StableStakerV2 loaded from progress file: 0x5582060396E38c9D83BEF379386Ed98853348161
    V2 paused (pauser temporarily OWNER)
  
=== Phase 4: V2 pools (from V1 live config) ===
    -- pool 0x865377367054516e17014CcdED1e7d814EDC9ce4 DOLA
      C (V1 phUSD/day) / Antimatter/day (2.1x): 937499999999961600 1968749999999919360
      antimatterPerSecond / setAsideBuffer %: 22786458333332 10
    -- pool 0xA0b86991c6218b36c1d19D4a2e9Eb0cE3606eB48 USDC
      C (V1 phUSD/day) / Antimatter/day (2.1x): 1312499999999894400 2756249999999778240
      antimatterPerSecond / setAsideBuffer %: 31901041666664 10
    -- pool 0x4c9EDD5852cd905f086C759E8383e09bff1E68B3 USDe
      C (V1 phUSD/day) / Antimatter/day (2.1x): 1874999999999923200 3937499999999838720
      antimatterPerSecond / setAsideBuffer %: 45572916666664 25
  
=== Phase 5: mint rights ===
    Antimatter.setApprovedMinter(V2) - VERIFIED by read-back
    phUSD.setMinter(V2) - VERIFIED via phUSDMintAvailable()
    phUSD.setMinter(Antimatter) - VERIFIED at current mintVersion
    phUSD minter delta OK (live mask / V1 revoked): 511 false
  
=== Phase 6: V1 -> V2 migration ===
    CrossVersionMigrator loaded from progress file: 0x7068159Bb4a24a6421dB42f6e9AFDa43Dd9911f6
    -- migrating pool 0x865377367054516e17014CcdED1e7d814EDC9ce4 DOLA
    V1 pool already Migrating - initiate skipped (token / R / P): 0x865377367054516e17014CcdED1e7d814EDC9ce4 1222725528651424783078 1222727602453502485450
    plan (token / migratable / zero-credit): 0x865377367054516e17014CcdED1e7d814EDC9ce4 0 0
    plan stragglers (count / principal total): 0 0
    migrated (token / users / batches): 0x865377367054516e17014CcdED1e7d814EDC9ce4 0 0
    exit realization (token / R realized / P snapshot): 0x865377367054516e17014CcdED1e7d814EDC9ce4 1222725528651424783078 1222727602453502485450
      loss bound bps / V2 totalStaked: 2 1222723447469613917494
    post-migration OK (token / V2 totalStaked / V2 stakers): 0x865377367054516e17014CcdED1e7d814EDC9ce4 1222723447469613917494 9
    -- migrating pool 0xA0b86991c6218b36c1d19D4a2e9Eb0cE3606eB48 USDC
    V1 pool already Migrating - initiate skipped (token / R / P): 0xA0b86991c6218b36c1d19D4a2e9Eb0cE3606eB48 1968391065 1968476179
    plan (token / migratable / zero-credit): 0xA0b86991c6218b36c1d19D4a2e9Eb0cE3606eB48 0 0
    plan stragglers (count / principal total): 0 0
    migrated (token / users / batches): 0xA0b86991c6218b36c1d19D4a2e9Eb0cE3606eB48 0 0
    exit realization (token / R realized / P snapshot): 0xA0b86991c6218b36c1d19D4a2e9Eb0cE3606eB48 1968391065 1968476179
      loss bound bps / V2 totalStaked: 2 1968305934
    post-migration OK (token / V2 totalStaked / V2 stakers): 0xA0b86991c6218b36c1d19D4a2e9Eb0cE3606eB48 1968305934 13
    -- migrating pool 0x4c9EDD5852cd905f086C759E8383e09bff1E68B3 USDe
    V1 pool already Migrating - initiate skipped (token / R / P): 0x4c9EDD5852cd905f086C759E8383e09bff1E68B3 2565317525727214516835 2566815465400000000000
    plan (token / migratable / zero-credit): 0x4c9EDD5852cd905f086C759E8383e09bff1E68B3 0 0
    plan stragglers (count / principal total): 0 0
    migrated (token / users / batches): 0x4c9EDD5852cd905f086C759E8383e09bff1E68B3 0 0
    exit realization (token / R realized / P snapshot): 0x4c9EDD5852cd905f086C759E8383e09bff1E68B3 2565317525727214516835 2566815465400000000000
      loss bound bps / V2 totalStaked: 61 2557621573150032873280
    post-migration OK (token / V2 totalStaked / V2 stakers): 0x4c9EDD5852cd905f086C759E8383e09bff1E68B3 2557621573150032873280 7
  
=== Phase 7: finalize ===
    phUSD.setMinter(V1, false) - retired staker's mint authority REVOKED
    V1 already unregistered from Pauser - skipped
    V1 already paused - pause step skipped
    V1 pauser -> OWNER, unregistered from Pauser, left paused; V2 unpaused THEN registered; Antimatter registered
  
=== Phase 8: wiring assertions ===
    phUSD minter delta OK (live mask / V1 revoked): 510 true
    pool OK (token / V2 stakers / V1 stragglers): 0x865377367054516e17014CcdED1e7d814EDC9ce4 9 0
    pool OK (token / V2 stakers / V1 stragglers): 0xA0b86991c6218b36c1d19D4a2e9Eb0cE3606eB48 13 0
    pool OK (token / V2 stakers / V1 stragglers): 0x4c9EDD5852cd905f086C759E8383e09bff1E68B3 7 0
    Pauser registrant sweep OK (every registrant unpaused, pauser == Pauser): 27
    all wiring assertions passed
  GLOBAL_PAUSE|P7-halt-2-resumed|LIVE
  P7_RESUME|halt-after-step-2|CONVERGED
  GLOBAL_PAUSE|P7-halt-after-step-3|LIVE
  
=== Phase 0: preconditions ===
    token: 0x865377367054516e17014CcdED1e7d814EDC9ce4 DOLA
      V1 poolState / stakerCount / totalStaked: 1 0 0
      strategy / principalOf(V1): 0x1760E05356Ec1FBBA159C730781dCfB9920524e2 0
      V1 phusdPerSecond / C (phUSD per day): 10850694444444 937499999999961600
      setAsideBufferSize(V1) %: 10
      setAsideBufferRecipient: 0x5582060396E38c9D83BEF379386Ed98853348161
      V1 idle token balance (buffer, stays on V1): 6997032072106485775
      PhusdStableMinter registration: strategy 0x1760E05356Ec1FBBA159C730781dCfB9920524e2
    token: 0xA0b86991c6218b36c1d19D4a2e9Eb0cE3606eB48 USDC
      V1 poolState / stakerCount / totalStaked: 1 0 0
      strategy / principalOf(V1): 0xaFDf8DeA96a0F37Aae4869f813901bf73a3eAB83 0
      V1 phusdPerSecond / C (phUSD per day): 15190972222221 1312499999999894400
      setAsideBufferSize(V1) %: 10
      setAsideBufferRecipient: 0x5582060396E38c9D83BEF379386Ed98853348161
      V1 idle token balance (buffer, stays on V1): 10430702
      PhusdStableMinter registration: strategy 0xaFDf8DeA96a0F37Aae4869f813901bf73a3eAB83
    token: 0x4c9EDD5852cd905f086C759E8383e09bff1E68B3 USDe
      V1 poolState / stakerCount / totalStaked: 1 0 0
      strategy / principalOf(V1): 0xaC2e5936Eca286eC364d4D5Bcca33145fBe57f95 0
      V1 phusdPerSecond / C (phUSD per day): 21701388888888 1874999999999923200
      setAsideBufferSize(V1) %: 25
      setAsideBufferRecipient: NONE (pre-story-047 strategy: buffer is paid to each client)
      V1 idle token balance (buffer, stays on V1): 49845539781409382102
      PhusdStableMinter registration: strategy 0xaC2e5936Eca286eC364d4D5Bcca33145fBe57f95
    V1 phUSD mint authorized: false
    phUSD minter baseline (from progress file) mask / mintVersion: 511 0
  
=== Phase 1: retire V1 (pauser OWNER, unregister, pause) ===
    V1 already unregistered from Pauser - skipped
    V1 already paused - pause step skipped
    V1 pauser OWNER, unregistered from Pauser, paused - global Pauser.pause() live again
  
=== Phase 2: Antimatter ===
    Antimatter loaded from progress file: 0x7Bf5434fC6deFef17AF7C4866DE1fEF212000A5F
    Antimatter wired to phUSD + PhusdStableMinter (read back)
  
=== Phase 3: StableStakerV2 ===
    StableStakerV2 loaded from progress file: 0x5582060396E38c9D83BEF379386Ed98853348161
    V2 paused (pauser temporarily OWNER)
  
=== Phase 4: V2 pools (from V1 live config) ===
    -- pool 0x865377367054516e17014CcdED1e7d814EDC9ce4 DOLA
      C (V1 phUSD/day) / Antimatter/day (2.1x): 937499999999961600 1968749999999919360
      antimatterPerSecond / setAsideBuffer %: 22786458333332 10
    -- pool 0xA0b86991c6218b36c1d19D4a2e9Eb0cE3606eB48 USDC
      C (V1 phUSD/day) / Antimatter/day (2.1x): 1312499999999894400 2756249999999778240
      antimatterPerSecond / setAsideBuffer %: 31901041666664 10
    -- pool 0x4c9EDD5852cd905f086C759E8383e09bff1E68B3 USDe
      C (V1 phUSD/day) / Antimatter/day (2.1x): 1874999999999923200 3937499999999838720
      antimatterPerSecond / setAsideBuffer %: 45572916666664 25
  
=== Phase 5: mint rights ===
    Antimatter.setApprovedMinter(V2) - VERIFIED by read-back
    phUSD.setMinter(V2) - VERIFIED via phUSDMintAvailable()
    phUSD.setMinter(Antimatter) - VERIFIED at current mintVersion
    phUSD minter delta OK (live mask / V1 revoked): 510 true
  
=== Phase 6: V1 -> V2 migration ===
    CrossVersionMigrator loaded from progress file: 0x7068159Bb4a24a6421dB42f6e9AFDa43Dd9911f6
    -- migrating pool 0x865377367054516e17014CcdED1e7d814EDC9ce4 DOLA
    V1 pool already Migrating - initiate skipped (token / R / P): 0x865377367054516e17014CcdED1e7d814EDC9ce4 1222725528651424783078 1222727602453502485450
    plan (token / migratable / zero-credit): 0x865377367054516e17014CcdED1e7d814EDC9ce4 0 0
    plan stragglers (count / principal total): 0 0
    migrated (token / users / batches): 0x865377367054516e17014CcdED1e7d814EDC9ce4 0 0
    exit realization (token / R realized / P snapshot): 0x865377367054516e17014CcdED1e7d814EDC9ce4 1222725528651424783078 1222727602453502485450
      loss bound bps / V2 totalStaked: 2 1222723447469613917494
    post-migration OK (token / V2 totalStaked / V2 stakers): 0x865377367054516e17014CcdED1e7d814EDC9ce4 1222723447469613917494 9
    -- migrating pool 0xA0b86991c6218b36c1d19D4a2e9Eb0cE3606eB48 USDC
    V1 pool already Migrating - initiate skipped (token / R / P): 0xA0b86991c6218b36c1d19D4a2e9Eb0cE3606eB48 1968391065 1968476179
    plan (token / migratable / zero-credit): 0xA0b86991c6218b36c1d19D4a2e9Eb0cE3606eB48 0 0
    plan stragglers (count / principal total): 0 0
    migrated (token / users / batches): 0xA0b86991c6218b36c1d19D4a2e9Eb0cE3606eB48 0 0
    exit realization (token / R realized / P snapshot): 0xA0b86991c6218b36c1d19D4a2e9Eb0cE3606eB48 1968391065 1968476179
      loss bound bps / V2 totalStaked: 2 1968305934
    post-migration OK (token / V2 totalStaked / V2 stakers): 0xA0b86991c6218b36c1d19D4a2e9Eb0cE3606eB48 1968305934 13
    -- migrating pool 0x4c9EDD5852cd905f086C759E8383e09bff1E68B3 USDe
    V1 pool already Migrating - initiate skipped (token / R / P): 0x4c9EDD5852cd905f086C759E8383e09bff1E68B3 2565317525727214516835 2566815465400000000000
    plan (token / migratable / zero-credit): 0x4c9EDD5852cd905f086C759E8383e09bff1E68B3 0 0
    plan stragglers (count / principal total): 0 0
    migrated (token / users / batches): 0x4c9EDD5852cd905f086C759E8383e09bff1E68B3 0 0
    exit realization (token / R realized / P snapshot): 0x4c9EDD5852cd905f086C759E8383e09bff1E68B3 2565317525727214516835 2566815465400000000000
      loss bound bps / V2 totalStaked: 61 2557621573150032873280
    post-migration OK (token / V2 totalStaked / V2 stakers): 0x4c9EDD5852cd905f086C759E8383e09bff1E68B3 2557621573150032873280 7
  
=== Phase 7: finalize ===
    V1 phUSD mint already revoked - skipped
    V1 already unregistered from Pauser - skipped
    V1 already paused - pause step skipped
    V1 pauser -> OWNER, unregistered from Pauser, left paused; V2 unpaused THEN registered; Antimatter registered
  
=== Phase 8: wiring assertions ===
    phUSD minter delta OK (live mask / V1 revoked): 510 true
    pool OK (token / V2 stakers / V1 stragglers): 0x865377367054516e17014CcdED1e7d814EDC9ce4 9 0
    pool OK (token / V2 stakers / V1 stragglers): 0xA0b86991c6218b36c1d19D4a2e9Eb0cE3606eB48 13 0
    pool OK (token / V2 stakers / V1 stragglers): 0x4c9EDD5852cd905f086C759E8383e09bff1E68B3 7 0
    Pauser registrant sweep OK (every registrant unpaused, pauser == Pauser): 27
    all wiring assertions passed
  GLOBAL_PAUSE|P7-halt-3-resumed|LIVE
  P7_RESUME|halt-after-step-3|CONVERGED
  GLOBAL_PAUSE|P7-halt-after-step-4|LIVE
  
=== Phase 0: preconditions ===
    token: 0x865377367054516e17014CcdED1e7d814EDC9ce4 DOLA
      V1 poolState / stakerCount / totalStaked: 1 0 0
      strategy / principalOf(V1): 0x1760E05356Ec1FBBA159C730781dCfB9920524e2 0
      V1 phusdPerSecond / C (phUSD per day): 10850694444444 937499999999961600
      setAsideBufferSize(V1) %: 10
      setAsideBufferRecipient: 0x5582060396E38c9D83BEF379386Ed98853348161
      V1 idle token balance (buffer, stays on V1): 6997032072106485775
      PhusdStableMinter registration: strategy 0x1760E05356Ec1FBBA159C730781dCfB9920524e2
    token: 0xA0b86991c6218b36c1d19D4a2e9Eb0cE3606eB48 USDC
      V1 poolState / stakerCount / totalStaked: 1 0 0
      strategy / principalOf(V1): 0xaFDf8DeA96a0F37Aae4869f813901bf73a3eAB83 0
      V1 phusdPerSecond / C (phUSD per day): 15190972222221 1312499999999894400
      setAsideBufferSize(V1) %: 10
      setAsideBufferRecipient: 0x5582060396E38c9D83BEF379386Ed98853348161
      V1 idle token balance (buffer, stays on V1): 10430702
      PhusdStableMinter registration: strategy 0xaFDf8DeA96a0F37Aae4869f813901bf73a3eAB83
    token: 0x4c9EDD5852cd905f086C759E8383e09bff1E68B3 USDe
      V1 poolState / stakerCount / totalStaked: 1 0 0
      strategy / principalOf(V1): 0xaC2e5936Eca286eC364d4D5Bcca33145fBe57f95 0
      V1 phusdPerSecond / C (phUSD per day): 21701388888888 1874999999999923200
      setAsideBufferSize(V1) %: 25
      setAsideBufferRecipient: NONE (pre-story-047 strategy: buffer is paid to each client)
      V1 idle token balance (buffer, stays on V1): 49845539781409382102
      PhusdStableMinter registration: strategy 0xaC2e5936Eca286eC364d4D5Bcca33145fBe57f95
    V1 phUSD mint authorized: false
    phUSD minter baseline (from progress file) mask / mintVersion: 511 0
  
=== Phase 1: retire V1 (pauser OWNER, unregister, pause) ===
    cutover already finalized (V2 pauser == Pauser) - V1 retirement skipped (Phase 7/8 assert it)
  
=== Phase 2: Antimatter ===
    Antimatter loaded from progress file: 0x7Bf5434fC6deFef17AF7C4866DE1fEF212000A5F
    Antimatter wired to phUSD + PhusdStableMinter (read back)
  
=== Phase 3: StableStakerV2 ===
    StableStakerV2 loaded from progress file: 0x5582060396E38c9D83BEF379386Ed98853348161
    V2 already finalized (pauser == Pauser) - pause step skipped
  
=== Phase 4: V2 pools (from V1 live config) ===
    -- pool 0x865377367054516e17014CcdED1e7d814EDC9ce4 DOLA
      C (V1 phUSD/day) / Antimatter/day (2.1x): 937499999999961600 1968749999999919360
      antimatterPerSecond / setAsideBuffer %: 22786458333332 10
    -- pool 0xA0b86991c6218b36c1d19D4a2e9Eb0cE3606eB48 USDC
      C (V1 phUSD/day) / Antimatter/day (2.1x): 1312499999999894400 2756249999999778240
      antimatterPerSecond / setAsideBuffer %: 31901041666664 10
    -- pool 0x4c9EDD5852cd905f086C759E8383e09bff1E68B3 USDe
      C (V1 phUSD/day) / Antimatter/day (2.1x): 1874999999999923200 3937499999999838720
      antimatterPerSecond / setAsideBuffer %: 45572916666664 25
  
=== Phase 5: mint rights ===
    Antimatter.setApprovedMinter(V2) - VERIFIED by read-back
    phUSD.setMinter(V2) - VERIFIED via phUSDMintAvailable()
    phUSD.setMinter(Antimatter) - VERIFIED at current mintVersion
    phUSD minter delta OK (live mask / V1 revoked): 510 true
  
=== Phase 6: V1 -> V2 migration ===
    CrossVersionMigrator loaded from progress file: 0x7068159Bb4a24a6421dB42f6e9AFDa43Dd9911f6
    -- migrating pool 0x865377367054516e17014CcdED1e7d814EDC9ce4 DOLA
    V1 pool already Migrating - initiate skipped (token / R / P): 0x865377367054516e17014CcdED1e7d814EDC9ce4 1222725528651424783078 1222727602453502485450
    plan (token / migratable / zero-credit): 0x865377367054516e17014CcdED1e7d814EDC9ce4 0 0
    plan stragglers (count / principal total): 0 0
    migrated (token / users / batches): 0x865377367054516e17014CcdED1e7d814EDC9ce4 0 0
    exit realization (token / R realized / P snapshot): 0x865377367054516e17014CcdED1e7d814EDC9ce4 1222725528651424783078 1222727602453502485450
      loss bound bps / V2 totalStaked: 2 1222723447469613917494
    post-migration OK (token / V2 totalStaked / V2 stakers): 0x865377367054516e17014CcdED1e7d814EDC9ce4 1222723447469613917494 9
    -- migrating pool 0xA0b86991c6218b36c1d19D4a2e9Eb0cE3606eB48 USDC
    V1 pool already Migrating - initiate skipped (token / R / P): 0xA0b86991c6218b36c1d19D4a2e9Eb0cE3606eB48 1968391065 1968476179
    plan (token / migratable / zero-credit): 0xA0b86991c6218b36c1d19D4a2e9Eb0cE3606eB48 0 0
    plan stragglers (count / principal total): 0 0
    migrated (token / users / batches): 0xA0b86991c6218b36c1d19D4a2e9Eb0cE3606eB48 0 0
    exit realization (token / R realized / P snapshot): 0xA0b86991c6218b36c1d19D4a2e9Eb0cE3606eB48 1968391065 1968476179
      loss bound bps / V2 totalStaked: 2 1968305934
    post-migration OK (token / V2 totalStaked / V2 stakers): 0xA0b86991c6218b36c1d19D4a2e9Eb0cE3606eB48 1968305934 13
    -- migrating pool 0x4c9EDD5852cd905f086C759E8383e09bff1E68B3 USDe
    V1 pool already Migrating - initiate skipped (token / R / P): 0x4c9EDD5852cd905f086C759E8383e09bff1E68B3 2565317525727214516835 2566815465400000000000
    plan (token / migratable / zero-credit): 0x4c9EDD5852cd905f086C759E8383e09bff1E68B3 0 0
    plan stragglers (count / principal total): 0 0
    migrated (token / users / batches): 0x4c9EDD5852cd905f086C759E8383e09bff1E68B3 0 0
    exit realization (token / R realized / P snapshot): 0x4c9EDD5852cd905f086C759E8383e09bff1E68B3 2565317525727214516835 2566815465400000000000
      loss bound bps / V2 totalStaked: 61 2557621573150032873280
    post-migration OK (token / V2 totalStaked / V2 stakers): 0x4c9EDD5852cd905f086C759E8383e09bff1E68B3 2557621573150032873280 7
  
=== Phase 7: finalize ===
    V1 phUSD mint already revoked - skipped
    V1 already unregistered from Pauser - skipped
    V1 already paused - pause step skipped
    V1 pauser -> OWNER, unregistered from Pauser, left paused; V2 unpaused THEN registered; Antimatter registered
  
=== Phase 8: wiring assertions ===
    phUSD minter delta OK (live mask / V1 revoked): 510 true
    pool OK (token / V2 stakers / V1 stragglers): 0x865377367054516e17014CcdED1e7d814EDC9ce4 9 0
    pool OK (token / V2 stakers / V1 stragglers): 0xA0b86991c6218b36c1d19D4a2e9Eb0cE3606eB48 13 0
    pool OK (token / V2 stakers / V1 stragglers): 0x4c9EDD5852cd905f086C759E8383e09bff1E68B3 7 0
    Pauser registrant sweep OK (every registrant unpaused, pauser == Pauser): 27
    all wiring assertions passed
  GLOBAL_PAUSE|P7-halt-4-resumed|LIVE
  P7_RESUME|halt-after-step-4|CONVERGED
  GLOBAL_PAUSE|P7-halt-after-step-5|LIVE
  
=== Phase 0: preconditions ===
    token: 0x865377367054516e17014CcdED1e7d814EDC9ce4 DOLA
      V1 poolState / stakerCount / totalStaked: 1 0 0
      strategy / principalOf(V1): 0x1760E05356Ec1FBBA159C730781dCfB9920524e2 0
      V1 phusdPerSecond / C (phUSD per day): 10850694444444 937499999999961600
      setAsideBufferSize(V1) %: 10
      setAsideBufferRecipient: 0x5582060396E38c9D83BEF379386Ed98853348161
      V1 idle token balance (buffer, stays on V1): 6997032072106485775
      PhusdStableMinter registration: strategy 0x1760E05356Ec1FBBA159C730781dCfB9920524e2
    token: 0xA0b86991c6218b36c1d19D4a2e9Eb0cE3606eB48 USDC
      V1 poolState / stakerCount / totalStaked: 1 0 0
      strategy / principalOf(V1): 0xaFDf8DeA96a0F37Aae4869f813901bf73a3eAB83 0
      V1 phusdPerSecond / C (phUSD per day): 15190972222221 1312499999999894400
      setAsideBufferSize(V1) %: 10
      setAsideBufferRecipient: 0x5582060396E38c9D83BEF379386Ed98853348161
      V1 idle token balance (buffer, stays on V1): 10430702
      PhusdStableMinter registration: strategy 0xaFDf8DeA96a0F37Aae4869f813901bf73a3eAB83
    token: 0x4c9EDD5852cd905f086C759E8383e09bff1E68B3 USDe
      V1 poolState / stakerCount / totalStaked: 1 0 0
      strategy / principalOf(V1): 0xaC2e5936Eca286eC364d4D5Bcca33145fBe57f95 0
      V1 phusdPerSecond / C (phUSD per day): 21701388888888 1874999999999923200
      setAsideBufferSize(V1) %: 25
      setAsideBufferRecipient: NONE (pre-story-047 strategy: buffer is paid to each client)
      V1 idle token balance (buffer, stays on V1): 49845539781409382102
      PhusdStableMinter registration: strategy 0xaC2e5936Eca286eC364d4D5Bcca33145fBe57f95
    V1 phUSD mint authorized: false
    phUSD minter baseline (from progress file) mask / mintVersion: 511 0
  
=== Phase 1: retire V1 (pauser OWNER, unregister, pause) ===
    cutover already finalized (V2 pauser == Pauser) - V1 retirement skipped (Phase 7/8 assert it)
  
=== Phase 2: Antimatter ===
    Antimatter loaded from progress file: 0x7Bf5434fC6deFef17AF7C4866DE1fEF212000A5F
    Antimatter wired to phUSD + PhusdStableMinter (read back)
  
=== Phase 3: StableStakerV2 ===
    StableStakerV2 loaded from progress file: 0x5582060396E38c9D83BEF379386Ed98853348161
    V2 already finalized (pauser == Pauser) - pause step skipped
  
=== Phase 4: V2 pools (from V1 live config) ===
    -- pool 0x865377367054516e17014CcdED1e7d814EDC9ce4 DOLA
      C (V1 phUSD/day) / Antimatter/day (2.1x): 937499999999961600 1968749999999919360
      antimatterPerSecond / setAsideBuffer %: 22786458333332 10
    -- pool 0xA0b86991c6218b36c1d19D4a2e9Eb0cE3606eB48 USDC
      C (V1 phUSD/day) / Antimatter/day (2.1x): 1312499999999894400 2756249999999778240
      antimatterPerSecond / setAsideBuffer %: 31901041666664 10
    -- pool 0x4c9EDD5852cd905f086C759E8383e09bff1E68B3 USDe
      C (V1 phUSD/day) / Antimatter/day (2.1x): 1874999999999923200 3937499999999838720
      antimatterPerSecond / setAsideBuffer %: 45572916666664 25
  
=== Phase 5: mint rights ===
    Antimatter.setApprovedMinter(V2) - VERIFIED by read-back
    phUSD.setMinter(V2) - VERIFIED via phUSDMintAvailable()
    phUSD.setMinter(Antimatter) - VERIFIED at current mintVersion
    phUSD minter delta OK (live mask / V1 revoked): 510 true
  
=== Phase 6: V1 -> V2 migration ===
    CrossVersionMigrator loaded from progress file: 0x7068159Bb4a24a6421dB42f6e9AFDa43Dd9911f6
    -- migrating pool 0x865377367054516e17014CcdED1e7d814EDC9ce4 DOLA
    V1 pool already Migrating - initiate skipped (token / R / P): 0x865377367054516e17014CcdED1e7d814EDC9ce4 1222725528651424783078 1222727602453502485450
    plan (token / migratable / zero-credit): 0x865377367054516e17014CcdED1e7d814EDC9ce4 0 0
    plan stragglers (count / principal total): 0 0
    migrated (token / users / batches): 0x865377367054516e17014CcdED1e7d814EDC9ce4 0 0
    exit realization (token / R realized / P snapshot): 0x865377367054516e17014CcdED1e7d814EDC9ce4 1222725528651424783078 1222727602453502485450
      loss bound bps / V2 totalStaked: 2 1222723447469613917494
    post-migration OK (token / V2 totalStaked / V2 stakers): 0x865377367054516e17014CcdED1e7d814EDC9ce4 1222723447469613917494 9
    -- migrating pool 0xA0b86991c6218b36c1d19D4a2e9Eb0cE3606eB48 USDC
    V1 pool already Migrating - initiate skipped (token / R / P): 0xA0b86991c6218b36c1d19D4a2e9Eb0cE3606eB48 1968391065 1968476179
    plan (token / migratable / zero-credit): 0xA0b86991c6218b36c1d19D4a2e9Eb0cE3606eB48 0 0
    plan stragglers (count / principal total): 0 0
    migrated (token / users / batches): 0xA0b86991c6218b36c1d19D4a2e9Eb0cE3606eB48 0 0
    exit realization (token / R realized / P snapshot): 0xA0b86991c6218b36c1d19D4a2e9Eb0cE3606eB48 1968391065 1968476179
      loss bound bps / V2 totalStaked: 2 1968305934
    post-migration OK (token / V2 totalStaked / V2 stakers): 0xA0b86991c6218b36c1d19D4a2e9Eb0cE3606eB48 1968305934 13
    -- migrating pool 0x4c9EDD5852cd905f086C759E8383e09bff1E68B3 USDe
    V1 pool already Migrating - initiate skipped (token / R / P): 0x4c9EDD5852cd905f086C759E8383e09bff1E68B3 2565317525727214516835 2566815465400000000000
    plan (token / migratable / zero-credit): 0x4c9EDD5852cd905f086C759E8383e09bff1E68B3 0 0
    plan stragglers (count / principal total): 0 0
    migrated (token / users / batches): 0x4c9EDD5852cd905f086C759E8383e09bff1E68B3 0 0
    exit realization (token / R realized / P snapshot): 0x4c9EDD5852cd905f086C759E8383e09bff1E68B3 2565317525727214516835 2566815465400000000000
      loss bound bps / V2 totalStaked: 61 2557621573150032873280
    post-migration OK (token / V2 totalStaked / V2 stakers): 0x4c9EDD5852cd905f086C759E8383e09bff1E68B3 2557621573150032873280 7
  
=== Phase 7: finalize ===
    V1 phUSD mint already revoked - skipped
    V1 already unregistered from Pauser - skipped
    V1 already paused - pause step skipped
    V1 pauser -> OWNER, unregistered from Pauser, left paused; V2 unpaused THEN registered; Antimatter registered
  
=== Phase 8: wiring assertions ===
    phUSD minter delta OK (live mask / V1 revoked): 510 true
    pool OK (token / V2 stakers / V1 stragglers): 0x865377367054516e17014CcdED1e7d814EDC9ce4 9 0
    pool OK (token / V2 stakers / V1 stragglers): 0xA0b86991c6218b36c1d19D4a2e9Eb0cE3606eB48 13 0
    pool OK (token / V2 stakers / V1 stragglers): 0x4c9EDD5852cd905f086C759E8383e09bff1E68B3 7 0
    Pauser registrant sweep OK (every registrant unpaused, pauser == Pauser): 27
    all wiring assertions passed
  GLOBAL_PAUSE|P7-halt-5-resumed|LIVE
  P7_RESUME|halt-after-step-5|CONVERGED
  GLOBAL_PAUSE|P7-halt-after-step-6|LIVE
  
=== Phase 0: preconditions ===
    token: 0x865377367054516e17014CcdED1e7d814EDC9ce4 DOLA
      V1 poolState / stakerCount / totalStaked: 1 0 0
      strategy / principalOf(V1): 0x1760E05356Ec1FBBA159C730781dCfB9920524e2 0
      V1 phusdPerSecond / C (phUSD per day): 10850694444444 937499999999961600
      setAsideBufferSize(V1) %: 10
      setAsideBufferRecipient: 0x5582060396E38c9D83BEF379386Ed98853348161
      V1 idle token balance (buffer, stays on V1): 6997032072106485775
      PhusdStableMinter registration: strategy 0x1760E05356Ec1FBBA159C730781dCfB9920524e2
    token: 0xA0b86991c6218b36c1d19D4a2e9Eb0cE3606eB48 USDC
      V1 poolState / stakerCount / totalStaked: 1 0 0
      strategy / principalOf(V1): 0xaFDf8DeA96a0F37Aae4869f813901bf73a3eAB83 0
      V1 phusdPerSecond / C (phUSD per day): 15190972222221 1312499999999894400
      setAsideBufferSize(V1) %: 10
      setAsideBufferRecipient: 0x5582060396E38c9D83BEF379386Ed98853348161
      V1 idle token balance (buffer, stays on V1): 10430702
      PhusdStableMinter registration: strategy 0xaFDf8DeA96a0F37Aae4869f813901bf73a3eAB83
    token: 0x4c9EDD5852cd905f086C759E8383e09bff1E68B3 USDe
      V1 poolState / stakerCount / totalStaked: 1 0 0
      strategy / principalOf(V1): 0xaC2e5936Eca286eC364d4D5Bcca33145fBe57f95 0
      V1 phusdPerSecond / C (phUSD per day): 21701388888888 1874999999999923200
      setAsideBufferSize(V1) %: 25
      setAsideBufferRecipient: NONE (pre-story-047 strategy: buffer is paid to each client)
      V1 idle token balance (buffer, stays on V1): 49845539781409382102
      PhusdStableMinter registration: strategy 0xaC2e5936Eca286eC364d4D5Bcca33145fBe57f95
    V1 phUSD mint authorized: false
    phUSD minter baseline (from progress file) mask / mintVersion: 511 0
  
=== Phase 1: retire V1 (pauser OWNER, unregister, pause) ===
    cutover already finalized (V2 pauser == Pauser) - V1 retirement skipped (Phase 7/8 assert it)
  
=== Phase 2: Antimatter ===
    Antimatter loaded from progress file: 0x7Bf5434fC6deFef17AF7C4866DE1fEF212000A5F
    Antimatter wired to phUSD + PhusdStableMinter (read back)
  
=== Phase 3: StableStakerV2 ===
    StableStakerV2 loaded from progress file: 0x5582060396E38c9D83BEF379386Ed98853348161
    V2 already finalized (pauser == Pauser) - pause step skipped
  
=== Phase 4: V2 pools (from V1 live config) ===
    -- pool 0x865377367054516e17014CcdED1e7d814EDC9ce4 DOLA
      C (V1 phUSD/day) / Antimatter/day (2.1x): 937499999999961600 1968749999999919360
      antimatterPerSecond / setAsideBuffer %: 22786458333332 10
    -- pool 0xA0b86991c6218b36c1d19D4a2e9Eb0cE3606eB48 USDC
      C (V1 phUSD/day) / Antimatter/day (2.1x): 1312499999999894400 2756249999999778240
      antimatterPerSecond / setAsideBuffer %: 31901041666664 10
    -- pool 0x4c9EDD5852cd905f086C759E8383e09bff1E68B3 USDe
      C (V1 phUSD/day) / Antimatter/day (2.1x): 1874999999999923200 3937499999999838720
      antimatterPerSecond / setAsideBuffer %: 45572916666664 25
  
=== Phase 5: mint rights ===
    Antimatter.setApprovedMinter(V2) - VERIFIED by read-back
    phUSD.setMinter(V2) - VERIFIED via phUSDMintAvailable()
    phUSD.setMinter(Antimatter) - VERIFIED at current mintVersion
    phUSD minter delta OK (live mask / V1 revoked): 510 true
  
=== Phase 6: V1 -> V2 migration ===
    CrossVersionMigrator loaded from progress file: 0x7068159Bb4a24a6421dB42f6e9AFDa43Dd9911f6
    -- migrating pool 0x865377367054516e17014CcdED1e7d814EDC9ce4 DOLA
    V1 pool already Migrating - initiate skipped (token / R / P): 0x865377367054516e17014CcdED1e7d814EDC9ce4 1222725528651424783078 1222727602453502485450
    plan (token / migratable / zero-credit): 0x865377367054516e17014CcdED1e7d814EDC9ce4 0 0
    plan stragglers (count / principal total): 0 0
    migrated (token / users / batches): 0x865377367054516e17014CcdED1e7d814EDC9ce4 0 0
    exit realization (token / R realized / P snapshot): 0x865377367054516e17014CcdED1e7d814EDC9ce4 1222725528651424783078 1222727602453502485450
      loss bound bps / V2 totalStaked: 2 1222723447469613917494
    post-migration OK (token / V2 totalStaked / V2 stakers): 0x865377367054516e17014CcdED1e7d814EDC9ce4 1222723447469613917494 9
    -- migrating pool 0xA0b86991c6218b36c1d19D4a2e9Eb0cE3606eB48 USDC
    V1 pool already Migrating - initiate skipped (token / R / P): 0xA0b86991c6218b36c1d19D4a2e9Eb0cE3606eB48 1968391065 1968476179
    plan (token / migratable / zero-credit): 0xA0b86991c6218b36c1d19D4a2e9Eb0cE3606eB48 0 0
    plan stragglers (count / principal total): 0 0
    migrated (token / users / batches): 0xA0b86991c6218b36c1d19D4a2e9Eb0cE3606eB48 0 0
    exit realization (token / R realized / P snapshot): 0xA0b86991c6218b36c1d19D4a2e9Eb0cE3606eB48 1968391065 1968476179
      loss bound bps / V2 totalStaked: 2 1968305934
    post-migration OK (token / V2 totalStaked / V2 stakers): 0xA0b86991c6218b36c1d19D4a2e9Eb0cE3606eB48 1968305934 13
    -- migrating pool 0x4c9EDD5852cd905f086C759E8383e09bff1E68B3 USDe
    V1 pool already Migrating - initiate skipped (token / R / P): 0x4c9EDD5852cd905f086C759E8383e09bff1E68B3 2565317525727214516835 2566815465400000000000
    plan (token / migratable / zero-credit): 0x4c9EDD5852cd905f086C759E8383e09bff1E68B3 0 0
    plan stragglers (count / principal total): 0 0
    migrated (token / users / batches): 0x4c9EDD5852cd905f086C759E8383e09bff1E68B3 0 0
    exit realization (token / R realized / P snapshot): 0x4c9EDD5852cd905f086C759E8383e09bff1E68B3 2565317525727214516835 2566815465400000000000
      loss bound bps / V2 totalStaked: 61 2557621573150032873280
    post-migration OK (token / V2 totalStaked / V2 stakers): 0x4c9EDD5852cd905f086C759E8383e09bff1E68B3 2557621573150032873280 7
  
=== Phase 7: finalize ===
    V1 phUSD mint already revoked - skipped
    V1 already unregistered from Pauser - skipped
    V1 already paused - pause step skipped
    V1 pauser -> OWNER, unregistered from Pauser, left paused; V2 unpaused THEN registered; Antimatter registered
  
=== Phase 8: wiring assertions ===
    phUSD minter delta OK (live mask / V1 revoked): 510 true
    pool OK (token / V2 stakers / V1 stragglers): 0x865377367054516e17014CcdED1e7d814EDC9ce4 9 0
    pool OK (token / V2 stakers / V1 stragglers): 0xA0b86991c6218b36c1d19D4a2e9Eb0cE3606eB48 13 0
    pool OK (token / V2 stakers / V1 stragglers): 0x4c9EDD5852cd905f086C759E8383e09bff1E68B3 7 0
    Pauser registrant sweep OK (every registrant unpaused, pauser == Pauser): 27
    all wiring assertions passed
  GLOBAL_PAUSE|P7-halt-6-resumed|LIVE
  P7_RESUME|halt-after-step-6|CONVERGED
  GLOBAL_PAUSE|P7-halt-after-step-7|LIVE
  
=== Phase 0: preconditions ===
    token: 0x865377367054516e17014CcdED1e7d814EDC9ce4 DOLA
      V1 poolState / stakerCount / totalStaked: 1 0 0
      strategy / principalOf(V1): 0x1760E05356Ec1FBBA159C730781dCfB9920524e2 0
      V1 phusdPerSecond / C (phUSD per day): 10850694444444 937499999999961600
      setAsideBufferSize(V1) %: 10
      setAsideBufferRecipient: 0x5582060396E38c9D83BEF379386Ed98853348161
      V1 idle token balance (buffer, stays on V1): 6997032072106485775
      PhusdStableMinter registration: strategy 0x1760E05356Ec1FBBA159C730781dCfB9920524e2
    token: 0xA0b86991c6218b36c1d19D4a2e9Eb0cE3606eB48 USDC
      V1 poolState / stakerCount / totalStaked: 1 0 0
      strategy / principalOf(V1): 0xaFDf8DeA96a0F37Aae4869f813901bf73a3eAB83 0
      V1 phusdPerSecond / C (phUSD per day): 15190972222221 1312499999999894400
      setAsideBufferSize(V1) %: 10
      setAsideBufferRecipient: 0x5582060396E38c9D83BEF379386Ed98853348161
      V1 idle token balance (buffer, stays on V1): 10430702
      PhusdStableMinter registration: strategy 0xaFDf8DeA96a0F37Aae4869f813901bf73a3eAB83
    token: 0x4c9EDD5852cd905f086C759E8383e09bff1E68B3 USDe
      V1 poolState / stakerCount / totalStaked: 1 0 0
      strategy / principalOf(V1): 0xaC2e5936Eca286eC364d4D5Bcca33145fBe57f95 0
      V1 phusdPerSecond / C (phUSD per day): 21701388888888 1874999999999923200
      setAsideBufferSize(V1) %: 25
      setAsideBufferRecipient: NONE (pre-story-047 strategy: buffer is paid to each client)
      V1 idle token balance (buffer, stays on V1): 49845539781409382102
      PhusdStableMinter registration: strategy 0xaC2e5936Eca286eC364d4D5Bcca33145fBe57f95
    V1 phUSD mint authorized: false
    phUSD minter baseline (from progress file) mask / mintVersion: 511 0
  
=== Phase 1: retire V1 (pauser OWNER, unregister, pause) ===
    cutover already finalized (V2 pauser == Pauser) - V1 retirement skipped (Phase 7/8 assert it)
  
=== Phase 2: Antimatter ===
    Antimatter loaded from progress file: 0x7Bf5434fC6deFef17AF7C4866DE1fEF212000A5F
    Antimatter wired to phUSD + PhusdStableMinter (read back)
  
=== Phase 3: StableStakerV2 ===
    StableStakerV2 loaded from progress file: 0x5582060396E38c9D83BEF379386Ed98853348161
    V2 already finalized (pauser == Pauser) - pause step skipped
  
=== Phase 4: V2 pools (from V1 live config) ===
    -- pool 0x865377367054516e17014CcdED1e7d814EDC9ce4 DOLA
      C (V1 phUSD/day) / Antimatter/day (2.1x): 937499999999961600 1968749999999919360
      antimatterPerSecond / setAsideBuffer %: 22786458333332 10
    -- pool 0xA0b86991c6218b36c1d19D4a2e9Eb0cE3606eB48 USDC
      C (V1 phUSD/day) / Antimatter/day (2.1x): 1312499999999894400 2756249999999778240
      antimatterPerSecond / setAsideBuffer %: 31901041666664 10
    -- pool 0x4c9EDD5852cd905f086C759E8383e09bff1E68B3 USDe
      C (V1 phUSD/day) / Antimatter/day (2.1x): 1874999999999923200 3937499999999838720
      antimatterPerSecond / setAsideBuffer %: 45572916666664 25
  
=== Phase 5: mint rights ===
    Antimatter.setApprovedMinter(V2) - VERIFIED by read-back
    phUSD.setMinter(V2) - VERIFIED via phUSDMintAvailable()
    phUSD.setMinter(Antimatter) - VERIFIED at current mintVersion
    phUSD minter delta OK (live mask / V1 revoked): 510 true
  
=== Phase 6: V1 -> V2 migration ===
    CrossVersionMigrator loaded from progress file: 0x7068159Bb4a24a6421dB42f6e9AFDa43Dd9911f6
    -- migrating pool 0x865377367054516e17014CcdED1e7d814EDC9ce4 DOLA
    V1 pool already Migrating - initiate skipped (token / R / P): 0x865377367054516e17014CcdED1e7d814EDC9ce4 1222725528651424783078 1222727602453502485450
    plan (token / migratable / zero-credit): 0x865377367054516e17014CcdED1e7d814EDC9ce4 0 0
    plan stragglers (count / principal total): 0 0
    migrated (token / users / batches): 0x865377367054516e17014CcdED1e7d814EDC9ce4 0 0
    exit realization (token / R realized / P snapshot): 0x865377367054516e17014CcdED1e7d814EDC9ce4 1222725528651424783078 1222727602453502485450
      loss bound bps / V2 totalStaked: 2 1222723447469613917494
    post-migration OK (token / V2 totalStaked / V2 stakers): 0x865377367054516e17014CcdED1e7d814EDC9ce4 1222723447469613917494 9
    -- migrating pool 0xA0b86991c6218b36c1d19D4a2e9Eb0cE3606eB48 USDC
    V1 pool already Migrating - initiate skipped (token / R / P): 0xA0b86991c6218b36c1d19D4a2e9Eb0cE3606eB48 1968391065 1968476179
    plan (token / migratable / zero-credit): 0xA0b86991c6218b36c1d19D4a2e9Eb0cE3606eB48 0 0
    plan stragglers (count / principal total): 0 0
    migrated (token / users / batches): 0xA0b86991c6218b36c1d19D4a2e9Eb0cE3606eB48 0 0
    exit realization (token / R realized / P snapshot): 0xA0b86991c6218b36c1d19D4a2e9Eb0cE3606eB48 1968391065 1968476179
      loss bound bps / V2 totalStaked: 2 1968305934
    post-migration OK (token / V2 totalStaked / V2 stakers): 0xA0b86991c6218b36c1d19D4a2e9Eb0cE3606eB48 1968305934 13
    -- migrating pool 0x4c9EDD5852cd905f086C759E8383e09bff1E68B3 USDe
    V1 pool already Migrating - initiate skipped (token / R / P): 0x4c9EDD5852cd905f086C759E8383e09bff1E68B3 2565317525727214516835 2566815465400000000000
    plan (token / migratable / zero-credit): 0x4c9EDD5852cd905f086C759E8383e09bff1E68B3 0 0
    plan stragglers (count / principal total): 0 0
    migrated (token / users / batches): 0x4c9EDD5852cd905f086C759E8383e09bff1E68B3 0 0
    exit realization (token / R realized / P snapshot): 0x4c9EDD5852cd905f086C759E8383e09bff1E68B3 2565317525727214516835 2566815465400000000000
      loss bound bps / V2 totalStaked: 61 2557621573150032873280
    post-migration OK (token / V2 totalStaked / V2 stakers): 0x4c9EDD5852cd905f086C759E8383e09bff1E68B3 2557621573150032873280 7
  
=== Phase 7: finalize ===
    V1 phUSD mint already revoked - skipped
    V1 already unregistered from Pauser - skipped
    V1 already paused - pause step skipped
    V1 pauser -> OWNER, unregistered from Pauser, left paused; V2 unpaused THEN registered; Antimatter registered
  
=== Phase 8: wiring assertions ===
    phUSD minter delta OK (live mask / V1 revoked): 510 true
    pool OK (token / V2 stakers / V1 stragglers): 0x865377367054516e17014CcdED1e7d814EDC9ce4 9 0
    pool OK (token / V2 stakers / V1 stragglers): 0xA0b86991c6218b36c1d19D4a2e9Eb0cE3606eB48 13 0
    pool OK (token / V2 stakers / V1 stragglers): 0x4c9EDD5852cd905f086C759E8383e09bff1E68B3 7 0
    Pauser registrant sweep OK (every registrant unpaused, pauser == Pauser): 27
    all wiring assertions passed
  GLOBAL_PAUSE|P7-halt-7-resumed|LIVE
  P7_RESUME|halt-after-step-7|CONVERGED
  GLOBAL_PAUSE|P7-halt-after-step-8|LIVE
  
=== Phase 0: preconditions ===
    token: 0x865377367054516e17014CcdED1e7d814EDC9ce4 DOLA
      V1 poolState / stakerCount / totalStaked: 1 0 0
      strategy / principalOf(V1): 0x1760E05356Ec1FBBA159C730781dCfB9920524e2 0
      V1 phusdPerSecond / C (phUSD per day): 10850694444444 937499999999961600
      setAsideBufferSize(V1) %: 10
      setAsideBufferRecipient: 0x5582060396E38c9D83BEF379386Ed98853348161
      V1 idle token balance (buffer, stays on V1): 6997032072106485775
      PhusdStableMinter registration: strategy 0x1760E05356Ec1FBBA159C730781dCfB9920524e2
    token: 0xA0b86991c6218b36c1d19D4a2e9Eb0cE3606eB48 USDC
      V1 poolState / stakerCount / totalStaked: 1 0 0
      strategy / principalOf(V1): 0xaFDf8DeA96a0F37Aae4869f813901bf73a3eAB83 0
      V1 phusdPerSecond / C (phUSD per day): 15190972222221 1312499999999894400
      setAsideBufferSize(V1) %: 10
      setAsideBufferRecipient: 0x5582060396E38c9D83BEF379386Ed98853348161
      V1 idle token balance (buffer, stays on V1): 10430702
      PhusdStableMinter registration: strategy 0xaFDf8DeA96a0F37Aae4869f813901bf73a3eAB83
    token: 0x4c9EDD5852cd905f086C759E8383e09bff1E68B3 USDe
      V1 poolState / stakerCount / totalStaked: 1 0 0
      strategy / principalOf(V1): 0xaC2e5936Eca286eC364d4D5Bcca33145fBe57f95 0
      V1 phusdPerSecond / C (phUSD per day): 21701388888888 1874999999999923200
      setAsideBufferSize(V1) %: 25
      setAsideBufferRecipient: NONE (pre-story-047 strategy: buffer is paid to each client)
      V1 idle token balance (buffer, stays on V1): 49845539781409382102
      PhusdStableMinter registration: strategy 0xaC2e5936Eca286eC364d4D5Bcca33145fBe57f95
    V1 phUSD mint authorized: false
    phUSD minter baseline (from progress file) mask / mintVersion: 511 0
  
=== Phase 1: retire V1 (pauser OWNER, unregister, pause) ===
    cutover already finalized (V2 pauser == Pauser) - V1 retirement skipped (Phase 7/8 assert it)
  
=== Phase 2: Antimatter ===
    Antimatter loaded from progress file: 0x7Bf5434fC6deFef17AF7C4866DE1fEF212000A5F
    Antimatter wired to phUSD + PhusdStableMinter (read back)
  
=== Phase 3: StableStakerV2 ===
    StableStakerV2 loaded from progress file: 0x5582060396E38c9D83BEF379386Ed98853348161
    V2 already finalized (pauser == Pauser) - pause step skipped
  
=== Phase 4: V2 pools (from V1 live config) ===
    -- pool 0x865377367054516e17014CcdED1e7d814EDC9ce4 DOLA
      C (V1 phUSD/day) / Antimatter/day (2.1x): 937499999999961600 1968749999999919360
      antimatterPerSecond / setAsideBuffer %: 22786458333332 10
    -- pool 0xA0b86991c6218b36c1d19D4a2e9Eb0cE3606eB48 USDC
      C (V1 phUSD/day) / Antimatter/day (2.1x): 1312499999999894400 2756249999999778240
      antimatterPerSecond / setAsideBuffer %: 31901041666664 10
    -- pool 0x4c9EDD5852cd905f086C759E8383e09bff1E68B3 USDe
      C (V1 phUSD/day) / Antimatter/day (2.1x): 1874999999999923200 3937499999999838720
      antimatterPerSecond / setAsideBuffer %: 45572916666664 25
  
=== Phase 5: mint rights ===
    Antimatter.setApprovedMinter(V2) - VERIFIED by read-back
    phUSD.setMinter(V2) - VERIFIED via phUSDMintAvailable()
    phUSD.setMinter(Antimatter) - VERIFIED at current mintVersion
    phUSD minter delta OK (live mask / V1 revoked): 510 true
  
=== Phase 6: V1 -> V2 migration ===
    CrossVersionMigrator loaded from progress file: 0x7068159Bb4a24a6421dB42f6e9AFDa43Dd9911f6
    -- migrating pool 0x865377367054516e17014CcdED1e7d814EDC9ce4 DOLA
    V1 pool already Migrating - initiate skipped (token / R / P): 0x865377367054516e17014CcdED1e7d814EDC9ce4 1222725528651424783078 1222727602453502485450
    plan (token / migratable / zero-credit): 0x865377367054516e17014CcdED1e7d814EDC9ce4 0 0
    plan stragglers (count / principal total): 0 0
    migrated (token / users / batches): 0x865377367054516e17014CcdED1e7d814EDC9ce4 0 0
    exit realization (token / R realized / P snapshot): 0x865377367054516e17014CcdED1e7d814EDC9ce4 1222725528651424783078 1222727602453502485450
      loss bound bps / V2 totalStaked: 2 1222723447469613917494
    post-migration OK (token / V2 totalStaked / V2 stakers): 0x865377367054516e17014CcdED1e7d814EDC9ce4 1222723447469613917494 9
    -- migrating pool 0xA0b86991c6218b36c1d19D4a2e9Eb0cE3606eB48 USDC
    V1 pool already Migrating - initiate skipped (token / R / P): 0xA0b86991c6218b36c1d19D4a2e9Eb0cE3606eB48 1968391065 1968476179
    plan (token / migratable / zero-credit): 0xA0b86991c6218b36c1d19D4a2e9Eb0cE3606eB48 0 0
    plan stragglers (count / principal total): 0 0
    migrated (token / users / batches): 0xA0b86991c6218b36c1d19D4a2e9Eb0cE3606eB48 0 0
    exit realization (token / R realized / P snapshot): 0xA0b86991c6218b36c1d19D4a2e9Eb0cE3606eB48 1968391065 1968476179
      loss bound bps / V2 totalStaked: 2 1968305934
    post-migration OK (token / V2 totalStaked / V2 stakers): 0xA0b86991c6218b36c1d19D4a2e9Eb0cE3606eB48 1968305934 13
    -- migrating pool 0x4c9EDD5852cd905f086C759E8383e09bff1E68B3 USDe
    V1 pool already Migrating - initiate skipped (token / R / P): 0x4c9EDD5852cd905f086C759E8383e09bff1E68B3 2565317525727214516835 2566815465400000000000
    plan (token / migratable / zero-credit): 0x4c9EDD5852cd905f086C759E8383e09bff1E68B3 0 0
    plan stragglers (count / principal total): 0 0
    migrated (token / users / batches): 0x4c9EDD5852cd905f086C759E8383e09bff1E68B3 0 0
    exit realization (token / R realized / P snapshot): 0x4c9EDD5852cd905f086C759E8383e09bff1E68B3 2565317525727214516835 2566815465400000000000
      loss bound bps / V2 totalStaked: 61 2557621573150032873280
    post-migration OK (token / V2 totalStaked / V2 stakers): 0x4c9EDD5852cd905f086C759E8383e09bff1E68B3 2557621573150032873280 7
  
=== Phase 7: finalize ===
    V1 phUSD mint already revoked - skipped
    V1 already unregistered from Pauser - skipped
    V1 already paused - pause step skipped
    V1 pauser -> OWNER, unregistered from Pauser, left paused; V2 unpaused THEN registered; Antimatter registered
  
=== Phase 8: wiring assertions ===
    phUSD minter delta OK (live mask / V1 revoked): 510 true
    pool OK (token / V2 stakers / V1 stragglers): 0x865377367054516e17014CcdED1e7d814EDC9ce4 9 0
    pool OK (token / V2 stakers / V1 stragglers): 0xA0b86991c6218b36c1d19D4a2e9Eb0cE3606eB48 13 0
    pool OK (token / V2 stakers / V1 stragglers): 0x4c9EDD5852cd905f086C759E8383e09bff1E68B3 7 0
    Pauser registrant sweep OK (every registrant unpaused, pauser == Pauser): 27
    all wiring assertions passed
  GLOBAL_PAUSE|P7-halt-8-resumed|LIVE
  P7_RESUME|halt-after-step-8|CONVERGED

[PASS] test_P7_halt5_globalPauseCannotReachV2() (gas: 49437588)
Logs:
  
=== Phase 0: preconditions ===
    token: 0x865377367054516e17014CcdED1e7d814EDC9ce4 DOLA
      V1 poolState / stakerCount / totalStaked: 0 9 1222727602453502485450
      strategy / principalOf(V1): 0x1760E05356Ec1FBBA159C730781dCfB9920524e2 1249626058196412698895
      V1 phusdPerSecond / C (phUSD per day): 10850694444444 937499999999961600
      setAsideBufferSize(V1) %: 10
      setAsideBufferRecipient: 0xbce8ABC09BaEDCabE93419bF875f6186e182079A
      V1 idle token balance (buffer, stays on V1): 6997032072106485771
      PhusdStableMinter registration: strategy 0x1760E05356Ec1FBBA159C730781dCfB9920524e2
    token: 0xA0b86991c6218b36c1d19D4a2e9Eb0cE3606eB48 USDC
      V1 poolState / stakerCount / totalStaked: 0 13 1968476179
      strategy / principalOf(V1): 0xaFDf8DeA96a0F37Aae4869f813901bf73a3eAB83 1995519564
      V1 phusdPerSecond / C (phUSD per day): 15190972222221 1312499999999894400
      setAsideBufferSize(V1) %: 10
      setAsideBufferRecipient: 0xbce8ABC09BaEDCabE93419bF875f6186e182079A
      V1 idle token balance (buffer, stays on V1): 10430694
      PhusdStableMinter registration: strategy 0xaFDf8DeA96a0F37Aae4869f813901bf73a3eAB83
    token: 0x4c9EDD5852cd905f086C759E8383e09bff1E68B3 USDe
      V1 poolState / stakerCount / totalStaked: 0 7 2566815465400000000000
      strategy / principalOf(V1): 0xaC2e5936Eca286eC364d4D5Bcca33145fBe57f95 2566815465400000000000
      V1 phusdPerSecond / C (phUSD per day): 21701388888888 1874999999999923200
      setAsideBufferSize(V1) %: 25
      setAsideBufferRecipient: NONE (pre-story-047 strategy: buffer is paid to each client)
      V1 idle token balance (buffer, stays on V1): 49845539781409382100
      PhusdStableMinter registration: strategy 0xaC2e5936Eca286eC364d4D5Bcca33145fBe57f95
    V1 phUSD mint authorized: true
    phUSD minter baseline (live) mask / mintVersion: 511 0
  
=== Phase 1: retire V1 (pauser OWNER, unregister, pause) ===
    Pauser.unregister(V1) - retired staker removed from the global pause registry
    V1 pauser OWNER, unregistered from Pauser, paused - global Pauser.pause() live again
  
=== Phase 2: Antimatter ===
    Antimatter deployed at: 0x7Bf5434fC6deFef17AF7C4866DE1fEF212000A5F
    progress serialised (preview: NOT written); bytes: 450
    Antimatter wired to phUSD + PhusdStableMinter (read back)
  
=== Phase 3: StableStakerV2 ===
    StableStakerV2 deployed at: 0x5582060396E38c9D83BEF379386Ed98853348161
    progress serialised (preview: NOT written); bytes: 449
    V2 paused (pauser temporarily OWNER)
  
=== Phase 4: V2 pools (from V1 live config) ===
    -- pool 0x865377367054516e17014CcdED1e7d814EDC9ce4 DOLA
      C (V1 phUSD/day) / Antimatter/day (2.1x): 937499999999961600 1968749999999919360
      antimatterPerSecond / setAsideBuffer %: 22786458333332 10
    -- pool 0xA0b86991c6218b36c1d19D4a2e9Eb0cE3606eB48 USDC
      C (V1 phUSD/day) / Antimatter/day (2.1x): 1312499999999894400 2756249999999778240
      antimatterPerSecond / setAsideBuffer %: 31901041666664 10
    -- pool 0x4c9EDD5852cd905f086C759E8383e09bff1E68B3 USDe
      C (V1 phUSD/day) / Antimatter/day (2.1x): 1874999999999923200 3937499999999838720
      antimatterPerSecond / setAsideBuffer %: 45572916666664 25
  
=== Phase 5: mint rights ===
    Antimatter.setApprovedMinter(V2) - VERIFIED by read-back
    phUSD.setMinter(V2) - VERIFIED via phUSDMintAvailable()
    phUSD.setMinter(Antimatter) - VERIFIED at current mintVersion
    phUSD minter delta OK (live mask / V1 revoked): 511 false
  
=== Phase 6: V1 -> V2 migration ===
    CrossVersionMigrator deployed at: 0x7068159Bb4a24a6421dB42f6e9AFDa43Dd9911f6
    progress serialised (preview: NOT written); bytes: 448
    -- migrating pool 0x865377367054516e17014CcdED1e7d814EDC9ce4 DOLA
    relinquished V1 principal surplus (token / surplus): 0x865377367054516e17014CcdED1e7d814EDC9ce4 26898455742910213445
    V1 initiateMigration (token / R realized / P snapshot): 0x865377367054516e17014CcdED1e7d814EDC9ce4 1222725528651424783078 1222727602453502485450
    plan (token / migratable / zero-credit): 0x865377367054516e17014CcdED1e7d814EDC9ce4 9 0
    plan stragglers (count / principal total): 0 0
    migrated (token / users / batches): 0x865377367054516e17014CcdED1e7d814EDC9ce4 9 1
    exit realization (token / R realized / P snapshot): 0x865377367054516e17014CcdED1e7d814EDC9ce4 1222725528651424783078 1222727602453502485450
      loss bound bps / V2 totalStaked: 2 1222723447469613917494
    post-migration OK (token / V2 totalStaked / V2 stakers): 0x865377367054516e17014CcdED1e7d814EDC9ce4 1222723447469613917494 9
    -- migrating pool 0xA0b86991c6218b36c1d19D4a2e9Eb0cE3606eB48 USDC
    relinquished V1 principal surplus (token / surplus): 0xA0b86991c6218b36c1d19D4a2e9Eb0cE3606eB48 27043385
    V1 initiateMigration (token / R realized / P snapshot): 0xA0b86991c6218b36c1d19D4a2e9Eb0cE3606eB48 1968391065 1968476179
    plan (token / migratable / zero-credit): 0xA0b86991c6218b36c1d19D4a2e9Eb0cE3606eB48 13 0
    plan stragglers (count / principal total): 0 0
    migrated (token / users / batches): 0xA0b86991c6218b36c1d19D4a2e9Eb0cE3606eB48 13 1
    exit realization (token / R realized / P snapshot): 0xA0b86991c6218b36c1d19D4a2e9Eb0cE3606eB48 1968391065 1968476179
      loss bound bps / V2 totalStaked: 2 1968305934
    post-migration OK (token / V2 totalStaked / V2 stakers): 0xA0b86991c6218b36c1d19D4a2e9Eb0cE3606eB48 1968305934 13
    -- migrating pool 0x4c9EDD5852cd905f086C759E8383e09bff1E68B3 USDe
    market exit pre-quote (shares / quote / minOut): 2056424606891643416703 2565317525727214516833 2559115019003799999999
    V1 initiateMigration (token / R realized / P snapshot): 0x4c9EDD5852cd905f086C759E8383e09bff1E68B3 2565317525727214516835 2566815465400000000000
    plan (token / migratable / zero-credit): 0x4c9EDD5852cd905f086C759E8383e09bff1E68B3 7 0
    plan stragglers (count / principal total): 0 0
    migrated (token / users / batches): 0x4c9EDD5852cd905f086C759E8383e09bff1E68B3 7 1
    exit realization (token / R realized / P snapshot): 0x4c9EDD5852cd905f086C759E8383e09bff1E68B3 2565317525727214516835 2566815465400000000000
      loss bound bps / V2 totalStaked: 61 2557621573150032873280
    post-migration OK (token / V2 totalStaked / V2 stakers): 0x4c9EDD5852cd905f086C759E8383e09bff1E68B3 2557621573150032873280 7
  HALT5|V2=0x5582060396E38c9D83BEF379386Ed98853348161|pauser=0x7c5A8EeF1d836450C019FB036453ac6eC97885a3|registered=0|paused=0|OWNER codesize=0
  HALT5|committed Pauser.pause() OK|V2.paused()=false
  HALT5_POOL|DOLA|strategy=0x1760E05356Ec1FBBA159C730781dCfB9920524e2|strategyRegistered=1|strategyPaused=1
  HALT5_SURFACE|DOLA|stake(new user)|REVERTS|0xd93c0665
  HALT5_SURFACE|DOLA|withdraw(migrated user, full)|REVERTS|0xd93c0665
  HALT5_SURFACE|DOLA|claim(+1d)|REVERTS|StableStaker: claim disabled
  HALT5_SURFACE|DOLA|autoAnnihilate(+1d)|REVERTS|0xd93c0665
  HALT5_POOL|USDC|strategy=0xaFDf8DeA96a0F37Aae4869f813901bf73a3eAB83|strategyRegistered=1|strategyPaused=1
  HALT5_SURFACE|USDC|stake(new user)|REVERTS|0xd93c0665
  HALT5_SURFACE|USDC|withdraw(migrated user, full)|REVERTS|0xd93c0665
  HALT5_SURFACE|USDC|claim(+1d)|REVERTS|StableStaker: claim disabled
  HALT5_SURFACE|USDC|autoAnnihilate(+1d)|REVERTS|0xd93c0665
  HALT5_POOL|USDe|strategy=0xaC2e5936Eca286eC364d4D5Bcca33145fBe57f95|strategyRegistered=1|strategyPaused=1
  HALT5_SURFACE|USDe|stake(new user)|REVERTS|0xd93c0665
  HALT5_SURFACE|USDe|withdraw(migrated user, full)|REVERTS|0xd93c0665
  HALT5_SURFACE|USDe|claim(+1d)|REVERTS|StableStaker: claim disabled
  HALT5_SURFACE|USDe|autoAnnihilate(+1d)|REVERTS|0xd93c0665
  HALT5|user entry points that SUCCEED with V2 unreached=0
  HALT5_REMEDY|R1 OWNER V2.pause() direct|REVERTS (onlyPauser)
  HALT5_REMEDY|R2 OWNER setPauser(OWNER) + pause()|WORKS (2 txs, OWNER is EOA)
  HALT5_REMEDY|R3 OWNER register(V2) + second global pause|REVERTS|V2.paused=0|err=0xd93c0665
  HALT5_REMEDY|R4 step Pauser.unpause() by OWNER|OK
  
=== Phase 0: preconditions ===
    token: 0x865377367054516e17014CcdED1e7d814EDC9ce4 DOLA
      V1 poolState / stakerCount / totalStaked: 1 0 0
      strategy / principalOf(V1): 0x1760E05356Ec1FBBA159C730781dCfB9920524e2 0
      V1 phusdPerSecond / C (phUSD per day): 10850694444444 937499999999961600
      setAsideBufferSize(V1) %: 10
      setAsideBufferRecipient: 0x5582060396E38c9D83BEF379386Ed98853348161
      V1 idle token balance (buffer, stays on V1): 6997032072106485775
      PhusdStableMinter registration: strategy 0x1760E05356Ec1FBBA159C730781dCfB9920524e2
    token: 0xA0b86991c6218b36c1d19D4a2e9Eb0cE3606eB48 USDC
      V1 poolState / stakerCount / totalStaked: 1 0 0
      strategy / principalOf(V1): 0xaFDf8DeA96a0F37Aae4869f813901bf73a3eAB83 0
      V1 phusdPerSecond / C (phUSD per day): 15190972222221 1312499999999894400
      setAsideBufferSize(V1) %: 10
      setAsideBufferRecipient: 0x5582060396E38c9D83BEF379386Ed98853348161
      V1 idle token balance (buffer, stays on V1): 10430702
      PhusdStableMinter registration: strategy 0xaFDf8DeA96a0F37Aae4869f813901bf73a3eAB83
    token: 0x4c9EDD5852cd905f086C759E8383e09bff1E68B3 USDe
      V1 poolState / stakerCount / totalStaked: 1 0 0
      strategy / principalOf(V1): 0xaC2e5936Eca286eC364d4D5Bcca33145fBe57f95 0
      V1 phusdPerSecond / C (phUSD per day): 21701388888888 1874999999999923200
      setAsideBufferSize(V1) %: 25
      setAsideBufferRecipient: NONE (pre-story-047 strategy: buffer is paid to each client)
      V1 idle token balance (buffer, stays on V1): 49845539781409382102
      PhusdStableMinter registration: strategy 0xaC2e5936Eca286eC364d4D5Bcca33145fBe57f95
    V1 phUSD mint authorized: false
    phUSD minter baseline (from progress file) mask / mintVersion: 511 0
  
=== Phase 1: retire V1 (pauser OWNER, unregister, pause) ===
    cutover already finalized (V2 pauser == Pauser) - V1 retirement skipped (Phase 7/8 assert it)
  
=== Phase 2: Antimatter ===
    Antimatter loaded from progress file: 0x7Bf5434fC6deFef17AF7C4866DE1fEF212000A5F
    Antimatter wired to phUSD + PhusdStableMinter (read back)
  
=== Phase 3: StableStakerV2 ===
    StableStakerV2 loaded from progress file: 0x5582060396E38c9D83BEF379386Ed98853348161
    V2 already finalized (pauser == Pauser) - pause step skipped
  
=== Phase 4: V2 pools (from V1 live config) ===
    -- pool 0x865377367054516e17014CcdED1e7d814EDC9ce4 DOLA
      C (V1 phUSD/day) / Antimatter/day (2.1x): 937499999999961600 1968749999999919360
      antimatterPerSecond / setAsideBuffer %: 22786458333332 10
    -- pool 0xA0b86991c6218b36c1d19D4a2e9Eb0cE3606eB48 USDC
      C (V1 phUSD/day) / Antimatter/day (2.1x): 1312499999999894400 2756249999999778240
      antimatterPerSecond / setAsideBuffer %: 31901041666664 10
    -- pool 0x4c9EDD5852cd905f086C759E8383e09bff1E68B3 USDe
      C (V1 phUSD/day) / Antimatter/day (2.1x): 1874999999999923200 3937499999999838720
      antimatterPerSecond / setAsideBuffer %: 45572916666664 25
  
=== Phase 5: mint rights ===
    Antimatter.setApprovedMinter(V2) - VERIFIED by read-back
    phUSD.setMinter(V2) - VERIFIED via phUSDMintAvailable()
    phUSD.setMinter(Antimatter) - VERIFIED at current mintVersion
    phUSD minter delta OK (live mask / V1 revoked): 510 true
  
=== Phase 6: V1 -> V2 migration ===
    CrossVersionMigrator loaded from progress file: 0x7068159Bb4a24a6421dB42f6e9AFDa43Dd9911f6
    -- migrating pool 0x865377367054516e17014CcdED1e7d814EDC9ce4 DOLA
    V1 pool already Migrating - initiate skipped (token / R / P): 0x865377367054516e17014CcdED1e7d814EDC9ce4 1222725528651424783078 1222727602453502485450
    plan (token / migratable / zero-credit): 0x865377367054516e17014CcdED1e7d814EDC9ce4 0 0
    plan stragglers (count / principal total): 0 0
    migrated (token / users / batches): 0x865377367054516e17014CcdED1e7d814EDC9ce4 0 0
    exit realization (token / R realized / P snapshot): 0x865377367054516e17014CcdED1e7d814EDC9ce4 1222725528651424783078 1222727602453502485450
      loss bound bps / V2 totalStaked: 2 1222723447469613917494
    post-migration OK (token / V2 totalStaked / V2 stakers): 0x865377367054516e17014CcdED1e7d814EDC9ce4 1222723447469613917494 9
    -- migrating pool 0xA0b86991c6218b36c1d19D4a2e9Eb0cE3606eB48 USDC
    V1 pool already Migrating - initiate skipped (token / R / P): 0xA0b86991c6218b36c1d19D4a2e9Eb0cE3606eB48 1968391065 1968476179
    plan (token / migratable / zero-credit): 0xA0b86991c6218b36c1d19D4a2e9Eb0cE3606eB48 0 0
    plan stragglers (count / principal total): 0 0
    migrated (token / users / batches): 0xA0b86991c6218b36c1d19D4a2e9Eb0cE3606eB48 0 0
    exit realization (token / R realized / P snapshot): 0xA0b86991c6218b36c1d19D4a2e9Eb0cE3606eB48 1968391065 1968476179
      loss bound bps / V2 totalStaked: 2 1968305934
    post-migration OK (token / V2 totalStaked / V2 stakers): 0xA0b86991c6218b36c1d19D4a2e9Eb0cE3606eB48 1968305934 13
    -- migrating pool 0x4c9EDD5852cd905f086C759E8383e09bff1E68B3 USDe
    V1 pool already Migrating - initiate skipped (token / R / P): 0x4c9EDD5852cd905f086C759E8383e09bff1E68B3 2565317525727214516835 2566815465400000000000
    plan (token / migratable / zero-credit): 0x4c9EDD5852cd905f086C759E8383e09bff1E68B3 0 0
    plan stragglers (count / principal total): 0 0
    migrated (token / users / batches): 0x4c9EDD5852cd905f086C759E8383e09bff1E68B3 0 0
    exit realization (token / R realized / P snapshot): 0x4c9EDD5852cd905f086C759E8383e09bff1E68B3 2565317525727214516835 2566815465400000000000
      loss bound bps / V2 totalStaked: 61 2557621573150032873280
    post-migration OK (token / V2 totalStaked / V2 stakers): 0x4c9EDD5852cd905f086C759E8383e09bff1E68B3 2557621573150032873280 7
  
=== Phase 7: finalize ===
    V1 phUSD mint already revoked - skipped
    V1 already unregistered from Pauser - skipped
    V1 already paused - pause step skipped
    V1 pauser -> OWNER, unregistered from Pauser, left paused; V2 unpaused THEN registered; Antimatter registered
  
=== Phase 8: wiring assertions ===
    phUSD minter delta OK (live mask / V1 revoked): 510 true
    pool OK (token / V2 stakers / V1 stragglers): 0x865377367054516e17014CcdED1e7d814EDC9ce4 9 0
    pool OK (token / V2 stakers / V1 stragglers): 0xA0b86991c6218b36c1d19D4a2e9Eb0cE3606eB48 13 0
    pool OK (token / V2 stakers / V1 stragglers): 0x4c9EDD5852cd905f086C759E8383e09bff1E68B3 7 0
    Pauser registrant sweep OK (every registrant unpaused, pauser == Pauser): 27
    all wiring assertions passed
  HALT5|resume converged|registered=1|committed global pause reaches V2

[PASS] test_P7_haltAfterAntimatterSetPauser_previewRunPasses() (gas: 54223623)
Logs:
  
=== Phase 0: preconditions ===
    token: 0x865377367054516e17014CcdED1e7d814EDC9ce4 DOLA
      V1 poolState / stakerCount / totalStaked: 0 9 1222727602453502485450
      strategy / principalOf(V1): 0x1760E05356Ec1FBBA159C730781dCfB9920524e2 1249626058196412698895
      V1 phusdPerSecond / C (phUSD per day): 10850694444444 937499999999961600
      setAsideBufferSize(V1) %: 10
      setAsideBufferRecipient: 0xbce8ABC09BaEDCabE93419bF875f6186e182079A
      V1 idle token balance (buffer, stays on V1): 6997032072106485771
      PhusdStableMinter registration: strategy 0x1760E05356Ec1FBBA159C730781dCfB9920524e2
    token: 0xA0b86991c6218b36c1d19D4a2e9Eb0cE3606eB48 USDC
      V1 poolState / stakerCount / totalStaked: 0 13 1968476179
      strategy / principalOf(V1): 0xaFDf8DeA96a0F37Aae4869f813901bf73a3eAB83 1995519564
      V1 phusdPerSecond / C (phUSD per day): 15190972222221 1312499999999894400
      setAsideBufferSize(V1) %: 10
      setAsideBufferRecipient: 0xbce8ABC09BaEDCabE93419bF875f6186e182079A
      V1 idle token balance (buffer, stays on V1): 10430694
      PhusdStableMinter registration: strategy 0xaFDf8DeA96a0F37Aae4869f813901bf73a3eAB83
    token: 0x4c9EDD5852cd905f086C759E8383e09bff1E68B3 USDe
      V1 poolState / stakerCount / totalStaked: 0 7 2566815465400000000000
      strategy / principalOf(V1): 0xaC2e5936Eca286eC364d4D5Bcca33145fBe57f95 2566815465400000000000
      V1 phusdPerSecond / C (phUSD per day): 21701388888888 1874999999999923200
      setAsideBufferSize(V1) %: 25
      setAsideBufferRecipient: NONE (pre-story-047 strategy: buffer is paid to each client)
      V1 idle token balance (buffer, stays on V1): 49845539781409382100
      PhusdStableMinter registration: strategy 0xaC2e5936Eca286eC364d4D5Bcca33145fBe57f95
    V1 phUSD mint authorized: true
    phUSD minter baseline (live) mask / mintVersion: 511 0
  
=== Phase 1: retire V1 (pauser OWNER, unregister, pause) ===
    Pauser.unregister(V1) - retired staker removed from the global pause registry
    V1 pauser OWNER, unregistered from Pauser, paused - global Pauser.pause() live again
  
=== Phase 2: Antimatter ===
    Antimatter deployed at: 0x7Bf5434fC6deFef17AF7C4866DE1fEF212000A5F
    progress serialised (preview: NOT written); bytes: 450
    Antimatter wired to phUSD + PhusdStableMinter (read back)
  
=== Phase 3: StableStakerV2 ===
    StableStakerV2 deployed at: 0x5582060396E38c9D83BEF379386Ed98853348161
    progress serialised (preview: NOT written); bytes: 449
    V2 paused (pauser temporarily OWNER)
  
=== Phase 4: V2 pools (from V1 live config) ===
    -- pool 0x865377367054516e17014CcdED1e7d814EDC9ce4 DOLA
      C (V1 phUSD/day) / Antimatter/day (2.1x): 937499999999961600 1968749999999919360
      antimatterPerSecond / setAsideBuffer %: 22786458333332 10
    -- pool 0xA0b86991c6218b36c1d19D4a2e9Eb0cE3606eB48 USDC
      C (V1 phUSD/day) / Antimatter/day (2.1x): 1312499999999894400 2756249999999778240
      antimatterPerSecond / setAsideBuffer %: 31901041666664 10
    -- pool 0x4c9EDD5852cd905f086C759E8383e09bff1E68B3 USDe
      C (V1 phUSD/day) / Antimatter/day (2.1x): 1874999999999923200 3937499999999838720
      antimatterPerSecond / setAsideBuffer %: 45572916666664 25
  
=== Phase 5: mint rights ===
    Antimatter.setApprovedMinter(V2) - VERIFIED by read-back
    phUSD.setMinter(V2) - VERIFIED via phUSDMintAvailable()
    phUSD.setMinter(Antimatter) - VERIFIED at current mintVersion
    phUSD minter delta OK (live mask / V1 revoked): 511 false
  
=== Phase 6: V1 -> V2 migration ===
    CrossVersionMigrator deployed at: 0x7068159Bb4a24a6421dB42f6e9AFDa43Dd9911f6
    progress serialised (preview: NOT written); bytes: 448
    -- migrating pool 0x865377367054516e17014CcdED1e7d814EDC9ce4 DOLA
    relinquished V1 principal surplus (token / surplus): 0x865377367054516e17014CcdED1e7d814EDC9ce4 26898455742910213445
    V1 initiateMigration (token / R realized / P snapshot): 0x865377367054516e17014CcdED1e7d814EDC9ce4 1222725528651424783078 1222727602453502485450
    plan (token / migratable / zero-credit): 0x865377367054516e17014CcdED1e7d814EDC9ce4 9 0
    plan stragglers (count / principal total): 0 0
    migrated (token / users / batches): 0x865377367054516e17014CcdED1e7d814EDC9ce4 9 1
    exit realization (token / R realized / P snapshot): 0x865377367054516e17014CcdED1e7d814EDC9ce4 1222725528651424783078 1222727602453502485450
      loss bound bps / V2 totalStaked: 2 1222723447469613917494
    post-migration OK (token / V2 totalStaked / V2 stakers): 0x865377367054516e17014CcdED1e7d814EDC9ce4 1222723447469613917494 9
    -- migrating pool 0xA0b86991c6218b36c1d19D4a2e9Eb0cE3606eB48 USDC
    relinquished V1 principal surplus (token / surplus): 0xA0b86991c6218b36c1d19D4a2e9Eb0cE3606eB48 27043385
    V1 initiateMigration (token / R realized / P snapshot): 0xA0b86991c6218b36c1d19D4a2e9Eb0cE3606eB48 1968391065 1968476179
    plan (token / migratable / zero-credit): 0xA0b86991c6218b36c1d19D4a2e9Eb0cE3606eB48 13 0
    plan stragglers (count / principal total): 0 0
    migrated (token / users / batches): 0xA0b86991c6218b36c1d19D4a2e9Eb0cE3606eB48 13 1
    exit realization (token / R realized / P snapshot): 0xA0b86991c6218b36c1d19D4a2e9Eb0cE3606eB48 1968391065 1968476179
      loss bound bps / V2 totalStaked: 2 1968305934
    post-migration OK (token / V2 totalStaked / V2 stakers): 0xA0b86991c6218b36c1d19D4a2e9Eb0cE3606eB48 1968305934 13
    -- migrating pool 0x4c9EDD5852cd905f086C759E8383e09bff1E68B3 USDe
    market exit pre-quote (shares / quote / minOut): 2056424606891643416703 2565317525727214516833 2559115019003799999999
    V1 initiateMigration (token / R realized / P snapshot): 0x4c9EDD5852cd905f086C759E8383e09bff1E68B3 2565317525727214516835 2566815465400000000000
    plan (token / migratable / zero-credit): 0x4c9EDD5852cd905f086C759E8383e09bff1E68B3 7 0
    plan stragglers (count / principal total): 0 0
    migrated (token / users / batches): 0x4c9EDD5852cd905f086C759E8383e09bff1E68B3 7 1
    exit realization (token / R realized / P snapshot): 0x4c9EDD5852cd905f086C759E8383e09bff1E68B3 2565317525727214516835 2566815465400000000000
      loss bound bps / V2 totalStaked: 61 2557621573150032873280
    post-migration OK (token / V2 totalStaked / V2 stakers): 0x4c9EDD5852cd905f086C759E8383e09bff1E68B3 2557621573150032873280 7
  GLOBAL_PAUSE|P7-halt-after-AM.setPauser|LIVE
  =================================================
    MAINNET STABLESTAKER V1 -> V2 CUTOVER (story 082)
  =================================================
  No progress file - starting fresh
  
=== Phase 0: preconditions ===
    token: 0x865377367054516e17014CcdED1e7d814EDC9ce4 DOLA
      V1 poolState / stakerCount / totalStaked: 1 0 0
      strategy / principalOf(V1): 0x1760E05356Ec1FBBA159C730781dCfB9920524e2 0
      V1 phusdPerSecond / C (phUSD per day): 10850694444444 937499999999961600
      setAsideBufferSize(V1) %: 10
      setAsideBufferRecipient: 0x5582060396E38c9D83BEF379386Ed98853348161
      V1 idle token balance (buffer, stays on V1): 6997032072106485775
      PhusdStableMinter registration: strategy 0x1760E05356Ec1FBBA159C730781dCfB9920524e2
    token: 0xA0b86991c6218b36c1d19D4a2e9Eb0cE3606eB48 USDC
      V1 poolState / stakerCount / totalStaked: 1 0 0
      strategy / principalOf(V1): 0xaFDf8DeA96a0F37Aae4869f813901bf73a3eAB83 0
      V1 phusdPerSecond / C (phUSD per day): 15190972222221 1312499999999894400
      setAsideBufferSize(V1) %: 10
      setAsideBufferRecipient: 0x5582060396E38c9D83BEF379386Ed98853348161
      V1 idle token balance (buffer, stays on V1): 10430702
      PhusdStableMinter registration: strategy 0xaFDf8DeA96a0F37Aae4869f813901bf73a3eAB83
    token: 0x4c9EDD5852cd905f086C759E8383e09bff1E68B3 USDe
      V1 poolState / stakerCount / totalStaked: 1 0 0
      strategy / principalOf(V1): 0xaC2e5936Eca286eC364d4D5Bcca33145fBe57f95 0
      V1 phusdPerSecond / C (phUSD per day): 21701388888888 1874999999999923200
      setAsideBufferSize(V1) %: 25
      setAsideBufferRecipient: NONE (pre-story-047 strategy: buffer is paid to each client)
      V1 idle token balance (buffer, stays on V1): 49845539781409382102
      PhusdStableMinter registration: strategy 0xaC2e5936Eca286eC364d4D5Bcca33145fBe57f95
    V1 phUSD mint authorized: false
    phUSD minter baseline (from progress file) mask / mintVersion: 511 0
  GLOBAL_PAUSE|phase0|SUCCEEDED|registered=26
    ETH_BUDGET|gasBudget / gasPriceWei / requiredWei: 22000000 300000000 7920000000000000
    ETH_BUDGET|SHORTFALL|OWNER balance / shortfall wei (TOP UP BEFORE :broadcast): 6424919451687286 1495080548312714
  
  *** PREVIEW MODE - impersonating OWNER, nothing signed, nothing broadcast ***
  *** Progress file is READ if present, NEVER written ***
  
=== Phase 1: retire V1 (pauser OWNER, unregister, pause) ===
    cutover already finalized (V2 pauser == Pauser) - V1 retirement skipped (Phase 7/8 assert it)
  GLOBAL_PAUSE|after-phase1|SUCCEEDED|registered=26
  
=== Phase 2: Antimatter ===
    Antimatter loaded from progress file: 0x7Bf5434fC6deFef17AF7C4866DE1fEF212000A5F
    Antimatter wired to phUSD + PhusdStableMinter (read back)
  GLOBAL_PAUSE|after-phase2|SUCCEEDED|registered=26
  
=== Phase 3: StableStakerV2 ===
    StableStakerV2 loaded from progress file: 0x5582060396E38c9D83BEF379386Ed98853348161
    V2 already finalized (pauser == Pauser) - pause step skipped
  GLOBAL_PAUSE|after-phase3|SUCCEEDED|registered=26
  
=== Phase 4: V2 pools (from V1 live config) ===
    -- pool 0x865377367054516e17014CcdED1e7d814EDC9ce4 DOLA
      C (V1 phUSD/day) / Antimatter/day (2.1x): 937499999999961600 1968749999999919360
      antimatterPerSecond / setAsideBuffer %: 22786458333332 10
    -- pool 0xA0b86991c6218b36c1d19D4a2e9Eb0cE3606eB48 USDC
      C (V1 phUSD/day) / Antimatter/day (2.1x): 1312499999999894400 2756249999999778240
      antimatterPerSecond / setAsideBuffer %: 31901041666664 10
    -- pool 0x4c9EDD5852cd905f086C759E8383e09bff1E68B3 USDe
      C (V1 phUSD/day) / Antimatter/day (2.1x): 1874999999999923200 3937499999999838720
      antimatterPerSecond / setAsideBuffer %: 45572916666664 25
  GLOBAL_PAUSE|after-phase4|SUCCEEDED|registered=26
  
=== Phase 5: mint rights ===
    Antimatter.setApprovedMinter(V2) - VERIFIED by read-back
    phUSD.setMinter(V2) - VERIFIED via phUSDMintAvailable()
    phUSD.setMinter(Antimatter) - VERIFIED at current mintVersion
    phUSD minter delta OK (live mask / V1 revoked): 510 true
  GLOBAL_PAUSE|after-phase5|SUCCEEDED|registered=26
  
=== Phase 6: V1 -> V2 migration ===
    CrossVersionMigrator loaded from progress file: 0x7068159Bb4a24a6421dB42f6e9AFDa43Dd9911f6
    -- migrating pool 0x865377367054516e17014CcdED1e7d814EDC9ce4 DOLA
    V1 pool already Migrating - initiate skipped (token / R / P): 0x865377367054516e17014CcdED1e7d814EDC9ce4 1222725528651424783078 1222727602453502485450
    plan (token / migratable / zero-credit): 0x865377367054516e17014CcdED1e7d814EDC9ce4 0 0
    plan stragglers (count / principal total): 0 0
    migrated (token / users / batches): 0x865377367054516e17014CcdED1e7d814EDC9ce4 0 0
    exit realization (token / R realized / P snapshot): 0x865377367054516e17014CcdED1e7d814EDC9ce4 1222725528651424783078 1222727602453502485450
      loss bound bps / V2 totalStaked: 2 1222723447469613917494
    post-migration OK (token / V2 totalStaked / V2 stakers): 0x865377367054516e17014CcdED1e7d814EDC9ce4 1222723447469613917494 9
    -- migrating pool 0xA0b86991c6218b36c1d19D4a2e9Eb0cE3606eB48 USDC
    V1 pool already Migrating - initiate skipped (token / R / P): 0xA0b86991c6218b36c1d19D4a2e9Eb0cE3606eB48 1968391065 1968476179
    plan (token / migratable / zero-credit): 0xA0b86991c6218b36c1d19D4a2e9Eb0cE3606eB48 0 0
    plan stragglers (count / principal total): 0 0
    migrated (token / users / batches): 0xA0b86991c6218b36c1d19D4a2e9Eb0cE3606eB48 0 0
    exit realization (token / R realized / P snapshot): 0xA0b86991c6218b36c1d19D4a2e9Eb0cE3606eB48 1968391065 1968476179
      loss bound bps / V2 totalStaked: 2 1968305934
    post-migration OK (token / V2 totalStaked / V2 stakers): 0xA0b86991c6218b36c1d19D4a2e9Eb0cE3606eB48 1968305934 13
    -- migrating pool 0x4c9EDD5852cd905f086C759E8383e09bff1E68B3 USDe
    V1 pool already Migrating - initiate skipped (token / R / P): 0x4c9EDD5852cd905f086C759E8383e09bff1E68B3 2565317525727214516835 2566815465400000000000
    plan (token / migratable / zero-credit): 0x4c9EDD5852cd905f086C759E8383e09bff1E68B3 0 0
    plan stragglers (count / principal total): 0 0
    migrated (token / users / batches): 0x4c9EDD5852cd905f086C759E8383e09bff1E68B3 0 0
    exit realization (token / R realized / P snapshot): 0x4c9EDD5852cd905f086C759E8383e09bff1E68B3 2565317525727214516835 2566815465400000000000
      loss bound bps / V2 totalStaked: 61 2557621573150032873280
    post-migration OK (token / V2 totalStaked / V2 stakers): 0x4c9EDD5852cd905f086C759E8383e09bff1E68B3 2557621573150032873280 7
  GLOBAL_PAUSE|after-phase6|SUCCEEDED|registered=26
  
=== Phase 7: finalize ===
    V1 phUSD mint already revoked - skipped
    V1 already unregistered from Pauser - skipped
    V1 already paused - pause step skipped
    V1 pauser -> OWNER, unregistered from Pauser, left paused; V2 unpaused THEN registered; Antimatter registered
  GLOBAL_PAUSE|after-phase7|SUCCEEDED|registered=27
  
=== Phase 8: wiring assertions ===
    phUSD minter delta OK (live mask / V1 revoked): 510 true
    pool OK (token / V2 stakers / V1 stragglers): 0x865377367054516e17014CcdED1e7d814EDC9ce4 9 0
    pool OK (token / V2 stakers / V1 stragglers): 0xA0b86991c6218b36c1d19D4a2e9Eb0cE3606eB48 13 0
    pool OK (token / V2 stakers / V1 stragglers): 0x4c9EDD5852cd905f086C759E8383e09bff1E68B3 7 0
    Pauser registrant sweep OK (every registrant unpaused, pauser == Pauser): 27
    all wiring assertions passed
  
  PREVIEW: progress file NOT written (by design).
  GLOBAL_PAUSE|after-phase8|SUCCEEDED|registered=27
  
=== Preview smoke tests ===
    Antimatter: throwaway approved -> minted -> revoked -> mint REVERTS
    Antimatter: V2 revoked -> mint REVERTS -> V2 re-approved
    V2 stake/withdraw OK (token / credited / returned): 0x865377367054516e17014CcdED1e7d814EDC9ce4 99999830702878419294 99999661405756838588
    V2 stake/withdraw OK (token / credited / returned): 0xA0b86991c6218b36c1d19D4a2e9Eb0cE3606eB48 99995676 99991352
    V2 stake/withdraw OK (token / credited / returned): 0x4c9EDD5852cd905f086C759E8383e09bff1E68B3 99700000000000000000 99648360435178887920
    autoAnnihilate OK (Antimatter owed / phUSD paid): 6150950756861164 12301901513722328
    all smoke tests passed
  
  =================================================
          STABLESTAKER V2 CUTOVER SUMMARY
  =================================================
  Antimatter:            0x7Bf5434fC6deFef17AF7C4866DE1fEF212000A5F
  StableStakerV2:        0x5582060396E38c9D83BEF379386Ed98853348161
  CrossVersionMigrator:  0x7068159Bb4a24a6421dB42f6e9AFDa43Dd9911f6 (transient, no address-book key)
  Mode:                  PREVIEW
  P7_HALT7|preview run() PASSED

[PASS] test_SX_inverse_haircutPlusSelfExit_verifierStillFails() (gas: 66512306)
Logs:
  
=== Phase 0: preconditions ===
    token: 0x865377367054516e17014CcdED1e7d814EDC9ce4 DOLA
      V1 poolState / stakerCount / totalStaked: 0 9 1222727602453502485450
      strategy / principalOf(V1): 0x1760E05356Ec1FBBA159C730781dCfB9920524e2 1249626058196412698895
      V1 phusdPerSecond / C (phUSD per day): 10850694444444 937499999999961600
      setAsideBufferSize(V1) %: 10
      setAsideBufferRecipient: 0xbce8ABC09BaEDCabE93419bF875f6186e182079A
      V1 idle token balance (buffer, stays on V1): 6997032072106485771
      PhusdStableMinter registration: strategy 0x1760E05356Ec1FBBA159C730781dCfB9920524e2
    token: 0xA0b86991c6218b36c1d19D4a2e9Eb0cE3606eB48 USDC
      V1 poolState / stakerCount / totalStaked: 0 13 1968476179
      strategy / principalOf(V1): 0xaFDf8DeA96a0F37Aae4869f813901bf73a3eAB83 1995519564
      V1 phusdPerSecond / C (phUSD per day): 15190972222221 1312499999999894400
      setAsideBufferSize(V1) %: 10
      setAsideBufferRecipient: 0xbce8ABC09BaEDCabE93419bF875f6186e182079A
      V1 idle token balance (buffer, stays on V1): 10430694
      PhusdStableMinter registration: strategy 0xaFDf8DeA96a0F37Aae4869f813901bf73a3eAB83
    token: 0x4c9EDD5852cd905f086C759E8383e09bff1E68B3 USDe
      V1 poolState / stakerCount / totalStaked: 0 7 2566815465400000000000
      strategy / principalOf(V1): 0xaC2e5936Eca286eC364d4D5Bcca33145fBe57f95 2566815465400000000000
      V1 phusdPerSecond / C (phUSD per day): 21701388888888 1874999999999923200
      setAsideBufferSize(V1) %: 25
      setAsideBufferRecipient: NONE (pre-story-047 strategy: buffer is paid to each client)
      V1 idle token balance (buffer, stays on V1): 49845539781409382100
      PhusdStableMinter registration: strategy 0xaC2e5936Eca286eC364d4D5Bcca33145fBe57f95
    V1 phUSD mint authorized: true
    phUSD minter baseline (live) mask / mintVersion: 511 0
  
=== Phase 1: retire V1 (pauser OWNER, unregister, pause) ===
    Pauser.unregister(V1) - retired staker removed from the global pause registry
    V1 pauser OWNER, unregistered from Pauser, paused - global Pauser.pause() live again
  
=== Phase 2: Antimatter ===
    Antimatter deployed at: 0x7Bf5434fC6deFef17AF7C4866DE1fEF212000A5F
    progress serialised (preview: NOT written); bytes: 450
    Antimatter wired to phUSD + PhusdStableMinter (read back)
  
=== Phase 3: StableStakerV2 ===
    StableStakerV2 deployed at: 0x5582060396E38c9D83BEF379386Ed98853348161
    progress serialised (preview: NOT written); bytes: 449
    V2 paused (pauser temporarily OWNER)
  
=== Phase 4: V2 pools (from V1 live config) ===
    -- pool 0x865377367054516e17014CcdED1e7d814EDC9ce4 DOLA
      C (V1 phUSD/day) / Antimatter/day (2.1x): 937499999999961600 1968749999999919360
      antimatterPerSecond / setAsideBuffer %: 22786458333332 10
    -- pool 0xA0b86991c6218b36c1d19D4a2e9Eb0cE3606eB48 USDC
      C (V1 phUSD/day) / Antimatter/day (2.1x): 1312499999999894400 2756249999999778240
      antimatterPerSecond / setAsideBuffer %: 31901041666664 10
    -- pool 0x4c9EDD5852cd905f086C759E8383e09bff1E68B3 USDe
      C (V1 phUSD/day) / Antimatter/day (2.1x): 1874999999999923200 3937499999999838720
      antimatterPerSecond / setAsideBuffer %: 45572916666664 25
  
=== Phase 5: mint rights ===
    Antimatter.setApprovedMinter(V2) - VERIFIED by read-back
    phUSD.setMinter(V2) - VERIFIED via phUSDMintAvailable()
    phUSD.setMinter(Antimatter) - VERIFIED at current mintVersion
    phUSD minter delta OK (live mask / V1 revoked): 511 false
    relinquished V1 principal surplus (token / surplus): 0x865377367054516e17014CcdED1e7d814EDC9ce4 26898455742910213445
    V1 initiateMigration (token / R realized / P snapshot): 0x865377367054516e17014CcdED1e7d814EDC9ce4 1222114165887099070687 1222727602453502485450
  DOLA|haircut(0.1bps)=50|R=1222114165887099070687|P=1222727602453502485450
  SELF_EXIT|user=0x25AdA296F30976024d675Cd219f9aAF1F2Ad4eb1|V1principal=5499869851883238089
    relinquished V1 principal surplus (token / surplus): 0xA0b86991c6218b36c1d19D4a2e9Eb0cE3606eB48 27043385
    V1 initiateMigration (token / R realized / P snapshot): 0xA0b86991c6218b36c1d19D4a2e9Eb0cE3606eB48 1968391065 1968476179
    plan (token / migratable / zero-credit): 0xA0b86991c6218b36c1d19D4a2e9Eb0cE3606eB48 13 0
    plan stragglers (count / principal total): 0 0
    migrated (token / users / batches): 0xA0b86991c6218b36c1d19D4a2e9Eb0cE3606eB48 13 1
    exit realization (token / R realized / P snapshot): 0xA0b86991c6218b36c1d19D4a2e9Eb0cE3606eB48 1968391065 1968476179
      loss bound bps / V2 totalStaked: 2 1968305934
    post-migration OK (token / V2 totalStaked / V2 stakers): 0xA0b86991c6218b36c1d19D4a2e9Eb0cE3606eB48 1968305934 13
    market exit pre-quote (shares / quote / minOut): 2056424606891643416703 2565317525727214516833 2559115019003799999999
    V1 initiateMigration (token / R realized / P snapshot): 0x4c9EDD5852cd905f086C759E8383e09bff1E68B3 2565317525727214516835 2566815465400000000000
    plan (token / migratable / zero-credit): 0x4c9EDD5852cd905f086C759E8383e09bff1E68B3 7 0
    plan stragglers (count / principal total): 0 0
    migrated (token / users / batches): 0x4c9EDD5852cd905f086C759E8383e09bff1E68B3 7 1
    exit realization (token / R realized / P snapshot): 0x4c9EDD5852cd905f086C759E8383e09bff1E68B3 2565317525727214516835 2566815465400000000000
      loss bound bps / V2 totalStaked: 61 2557621573150032873280
    post-migration OK (token / V2 totalStaked / V2 stakers): 0x4c9EDD5852cd905f086C759E8383e09bff1E68B3 2557621573150032873280 7
  
=== Phase 7: finalize ===
    setAsideBufferRecipient -> V2 on strategy: 0x1760E05356Ec1FBBA159C730781dCfB9920524e2
    setAsideBufferRecipient -> V2 on strategy: 0xaFDf8DeA96a0F37Aae4869f813901bf73a3eAB83
    phUSD.setMinter(V1, false) - retired staker's mint authority REVOKED
    V1 already unregistered from Pauser - skipped
    V1 already paused - pause step skipped
    V1 pauser -> OWNER, unregistered from Pauser, left paused; V2 unpaused THEN registered; Antimatter registered
  
=== Phase 8: wiring assertions ===
    phUSD minter delta OK (live mask / V1 revoked): 510 true
    pool OK (token / V2 stakers / V1 stragglers): 0x865377367054516e17014CcdED1e7d814EDC9ce4 8 0
    pool OK (token / V2 stakers / V1 stragglers): 0xA0b86991c6218b36c1d19D4a2e9Eb0cE3606eB48 13 0
    pool OK (token / V2 stakers / V1 stragglers): 0x4c9EDD5852cd905f086C759E8383e09bff1E68B3 7 0
    Pauser registrant sweep OK (every registrant unpaused, pauser == Pauser): 27
    all wiring assertions passed
  =================================================
    STABLESTAKER V2 CUTOVER - READ-ONLY VERIFICATION
    (story 086 / audit L-02)
  =================================================
  
=== verify Phase 1: V1 retired ===
    V1 pauser OWNER, unregistered from Pauser, paused
  
=== verify Phase 2: Antimatter ===
    Antimatter: 0x7Bf5434fC6deFef17AF7C4866DE1fEF212000A5F
  
=== verify Phase 3: StableStakerV2 ===
    StableStakerV2: 0x5582060396E38c9D83BEF379386Ed98853348161
  
=== Phase 0: preconditions ===
    token: 0x865377367054516e17014CcdED1e7d814EDC9ce4 DOLA
      V1 poolState / stakerCount / totalStaked: 1 0 0
      strategy / principalOf(V1): 0x1760E05356Ec1FBBA159C730781dCfB9920524e2 0
      V1 phusdPerSecond / C (phUSD per day): 10850694444444 937499999999961600
      setAsideBufferSize(V1) %: 10
      setAsideBufferRecipient: 0x5582060396E38c9D83BEF379386Ed98853348161
      V1 idle token balance (buffer, stays on V1): 6997032072106485775
      PhusdStableMinter registration: strategy 0x1760E05356Ec1FBBA159C730781dCfB9920524e2
    token: 0xA0b86991c6218b36c1d19D4a2e9Eb0cE3606eB48 USDC
      V1 poolState / stakerCount / totalStaked: 1 0 0
      strategy / principalOf(V1): 0xaFDf8DeA96a0F37Aae4869f813901bf73a3eAB83 0
      V1 phusdPerSecond / C (phUSD per day): 15190972222221 1312499999999894400
      setAsideBufferSize(V1) %: 10
      setAsideBufferRecipient: 0x5582060396E38c9D83BEF379386Ed98853348161
      V1 idle token balance (buffer, stays on V1): 10430702
      PhusdStableMinter registration: strategy 0xaFDf8DeA96a0F37Aae4869f813901bf73a3eAB83
    token: 0x4c9EDD5852cd905f086C759E8383e09bff1E68B3 USDe
      V1 poolState / stakerCount / totalStaked: 1 0 0
      strategy / principalOf(V1): 0xaC2e5936Eca286eC364d4D5Bcca33145fBe57f95 0
      V1 phusdPerSecond / C (phUSD per day): 21701388888888 1874999999999923200
      setAsideBufferSize(V1) %: 25
      setAsideBufferRecipient: NONE (pre-story-047 strategy: buffer is paid to each client)
      V1 idle token balance (buffer, stays on V1): 49845539781409382102
      PhusdStableMinter registration: strategy 0xaC2e5936Eca286eC364d4D5Bcca33145fBe57f95
    V1 phUSD mint authorized: false
    phUSD minter baseline (from progress file) mask / mintVersion: 511 0
  
=== verify Phase 4: V2 pools ===
    pool configured: 0x865377367054516e17014CcdED1e7d814EDC9ce4 DOLA
    pool configured: 0xA0b86991c6218b36c1d19D4a2e9Eb0cE3606eB48 USDC
    pool configured: 0x4c9EDD5852cd905f086C759E8383e09bff1E68B3 USDe
  
=== verify Phase 5: mint rights ===
    V2 Antimatter + phUSD mint, Antimatter phUSD mint
  
=== verify Phase 6: migration ===
    exit realization (token / R realized / P snapshot): 0x865377367054516e17014CcdED1e7d814EDC9ce4 1222114165887099070687 1222727602453502485450
      loss bound bps / V2 totalStaked: 2 1216614984482569963616
  SX_INVERSE|verifier|cutover-post: V1 exit realization below loss bound

[PASS] test_SX_selfExitBetweenTxs_verifierPasses() (gas: 68330563)
Logs:
  
=== Phase 0: preconditions ===
    token: 0x865377367054516e17014CcdED1e7d814EDC9ce4 DOLA
      V1 poolState / stakerCount / totalStaked: 0 9 1222727602453502485450
      strategy / principalOf(V1): 0x1760E05356Ec1FBBA159C730781dCfB9920524e2 1249626058196412698895
      V1 phusdPerSecond / C (phUSD per day): 10850694444444 937499999999961600
      setAsideBufferSize(V1) %: 10
      setAsideBufferRecipient: 0xbce8ABC09BaEDCabE93419bF875f6186e182079A
      V1 idle token balance (buffer, stays on V1): 6997032072106485771
      PhusdStableMinter registration: strategy 0x1760E05356Ec1FBBA159C730781dCfB9920524e2
    token: 0xA0b86991c6218b36c1d19D4a2e9Eb0cE3606eB48 USDC
      V1 poolState / stakerCount / totalStaked: 0 13 1968476179
      strategy / principalOf(V1): 0xaFDf8DeA96a0F37Aae4869f813901bf73a3eAB83 1995519564
      V1 phusdPerSecond / C (phUSD per day): 15190972222221 1312499999999894400
      setAsideBufferSize(V1) %: 10
      setAsideBufferRecipient: 0xbce8ABC09BaEDCabE93419bF875f6186e182079A
      V1 idle token balance (buffer, stays on V1): 10430694
      PhusdStableMinter registration: strategy 0xaFDf8DeA96a0F37Aae4869f813901bf73a3eAB83
    token: 0x4c9EDD5852cd905f086C759E8383e09bff1E68B3 USDe
      V1 poolState / stakerCount / totalStaked: 0 7 2566815465400000000000
      strategy / principalOf(V1): 0xaC2e5936Eca286eC364d4D5Bcca33145fBe57f95 2566815465400000000000
      V1 phusdPerSecond / C (phUSD per day): 21701388888888 1874999999999923200
      setAsideBufferSize(V1) %: 25
      setAsideBufferRecipient: NONE (pre-story-047 strategy: buffer is paid to each client)
      V1 idle token balance (buffer, stays on V1): 49845539781409382100
      PhusdStableMinter registration: strategy 0xaC2e5936Eca286eC364d4D5Bcca33145fBe57f95
    V1 phUSD mint authorized: true
    phUSD minter baseline (live) mask / mintVersion: 511 0
  
=== Phase 1: retire V1 (pauser OWNER, unregister, pause) ===
    Pauser.unregister(V1) - retired staker removed from the global pause registry
    V1 pauser OWNER, unregistered from Pauser, paused - global Pauser.pause() live again
  
=== Phase 2: Antimatter ===
    Antimatter deployed at: 0x7Bf5434fC6deFef17AF7C4866DE1fEF212000A5F
    progress serialised (preview: NOT written); bytes: 450
    Antimatter wired to phUSD + PhusdStableMinter (read back)
  
=== Phase 3: StableStakerV2 ===
    StableStakerV2 deployed at: 0x5582060396E38c9D83BEF379386Ed98853348161
    progress serialised (preview: NOT written); bytes: 449
    V2 paused (pauser temporarily OWNER)
  
=== Phase 4: V2 pools (from V1 live config) ===
    -- pool 0x865377367054516e17014CcdED1e7d814EDC9ce4 DOLA
      C (V1 phUSD/day) / Antimatter/day (2.1x): 937499999999961600 1968749999999919360
      antimatterPerSecond / setAsideBuffer %: 22786458333332 10
    -- pool 0xA0b86991c6218b36c1d19D4a2e9Eb0cE3606eB48 USDC
      C (V1 phUSD/day) / Antimatter/day (2.1x): 1312499999999894400 2756249999999778240
      antimatterPerSecond / setAsideBuffer %: 31901041666664 10
    -- pool 0x4c9EDD5852cd905f086C759E8383e09bff1E68B3 USDe
      C (V1 phUSD/day) / Antimatter/day (2.1x): 1874999999999923200 3937499999999838720
      antimatterPerSecond / setAsideBuffer %: 45572916666664 25
  
=== Phase 5: mint rights ===
    Antimatter.setApprovedMinter(V2) - VERIFIED by read-back
    phUSD.setMinter(V2) - VERIFIED via phUSDMintAvailable()
    phUSD.setMinter(Antimatter) - VERIFIED at current mintVersion
    phUSD minter delta OK (live mask / V1 revoked): 511 false
    relinquished V1 principal surplus (token / surplus): 0x865377367054516e17014CcdED1e7d814EDC9ce4 26898455742910213445
    V1 initiateMigration (token / R realized / P snapshot): 0x865377367054516e17014CcdED1e7d814EDC9ce4 1222725528651424783078 1222727602453502485450
  DOLA|haircut(0.1bps)=0|R=1222725528651424783078|P=1222727602453502485450
  SELF_EXIT|user=0x25AdA296F30976024d675Cd219f9aAF1F2Ad4eb1|V1principal=5499869851883238089
    exit realization (token / R realized / P snapshot): 0x865377367054516e17014CcdED1e7d814EDC9ce4 1222725528651424783078 1222727602453502485450
      loss bound bps / V2 totalStaked: 2 1217223596276947632021
    post-migration OK (token / V2 totalStaked / V2 stakers): 0x865377367054516e17014CcdED1e7d814EDC9ce4 1217223596276947632021 8
    relinquished V1 principal surplus (token / surplus): 0xA0b86991c6218b36c1d19D4a2e9Eb0cE3606eB48 27043385
    V1 initiateMigration (token / R realized / P snapshot): 0xA0b86991c6218b36c1d19D4a2e9Eb0cE3606eB48 1968391065 1968476179
    plan (token / migratable / zero-credit): 0xA0b86991c6218b36c1d19D4a2e9Eb0cE3606eB48 13 0
    plan stragglers (count / principal total): 0 0
    migrated (token / users / batches): 0xA0b86991c6218b36c1d19D4a2e9Eb0cE3606eB48 13 1
    exit realization (token / R realized / P snapshot): 0xA0b86991c6218b36c1d19D4a2e9Eb0cE3606eB48 1968391065 1968476179
      loss bound bps / V2 totalStaked: 2 1968305934
    post-migration OK (token / V2 totalStaked / V2 stakers): 0xA0b86991c6218b36c1d19D4a2e9Eb0cE3606eB48 1968305934 13
    market exit pre-quote (shares / quote / minOut): 2056424606891643416703 2565317525727214516833 2559115019003799999999
    V1 initiateMigration (token / R realized / P snapshot): 0x4c9EDD5852cd905f086C759E8383e09bff1E68B3 2565317525727214516835 2566815465400000000000
    plan (token / migratable / zero-credit): 0x4c9EDD5852cd905f086C759E8383e09bff1E68B3 7 0
    plan stragglers (count / principal total): 0 0
    migrated (token / users / batches): 0x4c9EDD5852cd905f086C759E8383e09bff1E68B3 7 1
    exit realization (token / R realized / P snapshot): 0x4c9EDD5852cd905f086C759E8383e09bff1E68B3 2565317525727214516835 2566815465400000000000
      loss bound bps / V2 totalStaked: 61 2557621573150032873280
    post-migration OK (token / V2 totalStaked / V2 stakers): 0x4c9EDD5852cd905f086C759E8383e09bff1E68B3 2557621573150032873280 7
  
=== Phase 7: finalize ===
    setAsideBufferRecipient -> V2 on strategy: 0x1760E05356Ec1FBBA159C730781dCfB9920524e2
    setAsideBufferRecipient -> V2 on strategy: 0xaFDf8DeA96a0F37Aae4869f813901bf73a3eAB83
    phUSD.setMinter(V1, false) - retired staker's mint authority REVOKED
    V1 already unregistered from Pauser - skipped
    V1 already paused - pause step skipped
    V1 pauser -> OWNER, unregistered from Pauser, left paused; V2 unpaused THEN registered; Antimatter registered
  
=== Phase 8: wiring assertions ===
    phUSD minter delta OK (live mask / V1 revoked): 510 true
    pool OK (token / V2 stakers / V1 stragglers): 0x865377367054516e17014CcdED1e7d814EDC9ce4 8 0
    pool OK (token / V2 stakers / V1 stragglers): 0xA0b86991c6218b36c1d19D4a2e9Eb0cE3606eB48 13 0
    pool OK (token / V2 stakers / V1 stragglers): 0x4c9EDD5852cd905f086C759E8383e09bff1E68B3 7 0
    Pauser registrant sweep OK (every registrant unpaused, pauser == Pauser): 27
    all wiring assertions passed
  =================================================
    STABLESTAKER V2 CUTOVER - READ-ONLY VERIFICATION
    (story 086 / audit L-02)
  =================================================
  
=== verify Phase 1: V1 retired ===
    V1 pauser OWNER, unregistered from Pauser, paused
  
=== verify Phase 2: Antimatter ===
    Antimatter: 0x7Bf5434fC6deFef17AF7C4866DE1fEF212000A5F
  
=== verify Phase 3: StableStakerV2 ===
    StableStakerV2: 0x5582060396E38c9D83BEF379386Ed98853348161
  
=== Phase 0: preconditions ===
    token: 0x865377367054516e17014CcdED1e7d814EDC9ce4 DOLA
      V1 poolState / stakerCount / totalStaked: 1 0 0
      strategy / principalOf(V1): 0x1760E05356Ec1FBBA159C730781dCfB9920524e2 0
      V1 phusdPerSecond / C (phUSD per day): 10850694444444 937499999999961600
      setAsideBufferSize(V1) %: 10
      setAsideBufferRecipient: 0x5582060396E38c9D83BEF379386Ed98853348161
      V1 idle token balance (buffer, stays on V1): 6997032072106485775
      PhusdStableMinter registration: strategy 0x1760E05356Ec1FBBA159C730781dCfB9920524e2
    token: 0xA0b86991c6218b36c1d19D4a2e9Eb0cE3606eB48 USDC
      V1 poolState / stakerCount / totalStaked: 1 0 0
      strategy / principalOf(V1): 0xaFDf8DeA96a0F37Aae4869f813901bf73a3eAB83 0
      V1 phusdPerSecond / C (phUSD per day): 15190972222221 1312499999999894400
      setAsideBufferSize(V1) %: 10
      setAsideBufferRecipient: 0x5582060396E38c9D83BEF379386Ed98853348161
      V1 idle token balance (buffer, stays on V1): 10430702
      PhusdStableMinter registration: strategy 0xaFDf8DeA96a0F37Aae4869f813901bf73a3eAB83
    token: 0x4c9EDD5852cd905f086C759E8383e09bff1E68B3 USDe
      V1 poolState / stakerCount / totalStaked: 1 0 0
      strategy / principalOf(V1): 0xaC2e5936Eca286eC364d4D5Bcca33145fBe57f95 0
      V1 phusdPerSecond / C (phUSD per day): 21701388888888 1874999999999923200
      setAsideBufferSize(V1) %: 25
      setAsideBufferRecipient: NONE (pre-story-047 strategy: buffer is paid to each client)
      V1 idle token balance (buffer, stays on V1): 49845539781409382102
      PhusdStableMinter registration: strategy 0xaC2e5936Eca286eC364d4D5Bcca33145fBe57f95
    V1 phUSD mint authorized: false
    phUSD minter baseline (from progress file) mask / mintVersion: 511 0
  
=== verify Phase 4: V2 pools ===
    pool configured: 0x865377367054516e17014CcdED1e7d814EDC9ce4 DOLA
    pool configured: 0xA0b86991c6218b36c1d19D4a2e9Eb0cE3606eB48 USDC
    pool configured: 0x4c9EDD5852cd905f086C759E8383e09bff1E68B3 USDe
  
=== verify Phase 5: mint rights ===
    V2 Antimatter + phUSD mint, Antimatter phUSD mint
  
=== verify Phase 6: migration ===
    exit realization (token / R realized / P snapshot): 0x865377367054516e17014CcdED1e7d814EDC9ce4 1222725528651424783078 1222727602453502485450
      loss bound bps / V2 totalStaked: 2 1217223596276947632021
    post-migration OK (token / V2 totalStaked / V2 stakers): 0x865377367054516e17014CcdED1e7d814EDC9ce4 1217223596276947632021 8
    pool migrated (token / V1 stragglers): 0x865377367054516e17014CcdED1e7d814EDC9ce4 0
    exit realization (token / R realized / P snapshot): 0xA0b86991c6218b36c1d19D4a2e9Eb0cE3606eB48 1968391065 1968476179
      loss bound bps / V2 totalStaked: 2 1968305934
    post-migration OK (token / V2 totalStaked / V2 stakers): 0xA0b86991c6218b36c1d19D4a2e9Eb0cE3606eB48 1968305934 13
    pool migrated (token / V1 stragglers): 0xA0b86991c6218b36c1d19D4a2e9Eb0cE3606eB48 0
    exit realization (token / R realized / P snapshot): 0x4c9EDD5852cd905f086C759E8383e09bff1E68B3 2565317525727214516835 2566815465400000000000
      loss bound bps / V2 totalStaked: 61 2557621573150032873280
    post-migration OK (token / V2 totalStaked / V2 stakers): 0x4c9EDD5852cd905f086C759E8383e09bff1E68B3 2557621573150032873280 7
    pool migrated (token / V1 stragglers): 0x4c9EDD5852cd905f086C759E8383e09bff1E68B3 0
  
=== verify Phase 7: finalize ===
    buffer recipients, V1 mint revoked, V2/Antimatter pause wiring, V2 unpaused
  
=== verify per-user credits (MigratedOut -> DepositedFor) ===
    events (MigratedOut / UserMigrated / DepositedFor): 29 1 28
    per-user credits OK (token / users): 0x865377367054516e17014CcdED1e7d814EDC9ce4 8
    aggregate net of self-exits (token / floor / V2 totalStaked): 0x865377367054516e17014CcdED1e7d814EDC9ce4 1216984287055098915510 1217223596276947632021
      P / V1 stragglers / self-exited principal (upper bound): 1222727602453502485450 0 5499869851883238090
    per-user credits OK (token / users): 0xA0b86991c6218b36c1d19D4a2e9Eb0cE3606eB48 13
    aggregate net of self-exits (token / floor / V2 totalStaked): 0xA0b86991c6218b36c1d19D4a2e9Eb0cE3606eB48 1968069483 1968305934
      P / V1 stragglers / self-exited principal (upper bound): 1968476179 0 0
    per-user credits OK (token / users): 0x4c9EDD5852cd905f086C759E8383e09bff1E68B3 7
    aggregate net of self-exits (token / floor / V2 totalStaked): 0x4c9EDD5852cd905f086C759E8383e09bff1E68B3 2551157891061059993000 2557621573150032873280
      P / V1 stragglers / self-exited principal (upper bound): 2566815465400000000000 0 0
  
=== Phase 8: wiring assertions ===
    phUSD minter delta OK (live mask / V1 revoked): 510 true
    pool OK (token / V2 stakers / V1 stragglers): 0x865377367054516e17014CcdED1e7d814EDC9ce4 8 0
    pool OK (token / V2 stakers / V1 stragglers): 0xA0b86991c6218b36c1d19D4a2e9Eb0cE3606eB48 13 0
    pool OK (token / V2 stakers / V1 stragglers): 0x4c9EDD5852cd905f086C759E8383e09bff1E68B3 7 0
    Pauser registrant sweep OK (every registrant unpaused, pauser == Pauser): 27
    all wiring assertions passed
  
  =================================================
    CUTOVER VERIFIED ON CHAIN: every phase 1-7 done-condition holds
  =================================================
  Antimatter:            0x7Bf5434fC6deFef17AF7C4866DE1fEF212000A5F
  StableStakerV2:        0x5582060396E38c9D83BEF379386Ed98853348161
  CrossVersionMigrator:  0x7068159Bb4a24a6421dB42f6e9AFDa43Dd9911f6
  Per-user credits re-checked: 28
  SX|self-exit|verifier PASSED|users re-checked 28

[PASS] test_SX_selfExitThenHalt_resumeCompletes_verifierPasses() (gas: 69679761)
Logs:
  
=== Phase 0: preconditions ===
    token: 0x865377367054516e17014CcdED1e7d814EDC9ce4 DOLA
      V1 poolState / stakerCount / totalStaked: 0 9 1222727602453502485450
      strategy / principalOf(V1): 0x1760E05356Ec1FBBA159C730781dCfB9920524e2 1249626058196412698895
      V1 phusdPerSecond / C (phUSD per day): 10850694444444 937499999999961600
      setAsideBufferSize(V1) %: 10
      setAsideBufferRecipient: 0xbce8ABC09BaEDCabE93419bF875f6186e182079A
      V1 idle token balance (buffer, stays on V1): 6997032072106485771
      PhusdStableMinter registration: strategy 0x1760E05356Ec1FBBA159C730781dCfB9920524e2
    token: 0xA0b86991c6218b36c1d19D4a2e9Eb0cE3606eB48 USDC
      V1 poolState / stakerCount / totalStaked: 0 13 1968476179
      strategy / principalOf(V1): 0xaFDf8DeA96a0F37Aae4869f813901bf73a3eAB83 1995519564
      V1 phusdPerSecond / C (phUSD per day): 15190972222221 1312499999999894400
      setAsideBufferSize(V1) %: 10
      setAsideBufferRecipient: 0xbce8ABC09BaEDCabE93419bF875f6186e182079A
      V1 idle token balance (buffer, stays on V1): 10430694
      PhusdStableMinter registration: strategy 0xaFDf8DeA96a0F37Aae4869f813901bf73a3eAB83
    token: 0x4c9EDD5852cd905f086C759E8383e09bff1E68B3 USDe
      V1 poolState / stakerCount / totalStaked: 0 7 2566815465400000000000
      strategy / principalOf(V1): 0xaC2e5936Eca286eC364d4D5Bcca33145fBe57f95 2566815465400000000000
      V1 phusdPerSecond / C (phUSD per day): 21701388888888 1874999999999923200
      setAsideBufferSize(V1) %: 25
      setAsideBufferRecipient: NONE (pre-story-047 strategy: buffer is paid to each client)
      V1 idle token balance (buffer, stays on V1): 49845539781409382100
      PhusdStableMinter registration: strategy 0xaC2e5936Eca286eC364d4D5Bcca33145fBe57f95
    V1 phUSD mint authorized: true
    phUSD minter baseline (live) mask / mintVersion: 511 0
  
=== Phase 1: retire V1 (pauser OWNER, unregister, pause) ===
    Pauser.unregister(V1) - retired staker removed from the global pause registry
    V1 pauser OWNER, unregistered from Pauser, paused - global Pauser.pause() live again
  
=== Phase 2: Antimatter ===
    Antimatter deployed at: 0x7Bf5434fC6deFef17AF7C4866DE1fEF212000A5F
    progress serialised (preview: NOT written); bytes: 450
    Antimatter wired to phUSD + PhusdStableMinter (read back)
  
=== Phase 3: StableStakerV2 ===
    StableStakerV2 deployed at: 0x5582060396E38c9D83BEF379386Ed98853348161
    progress serialised (preview: NOT written); bytes: 449
    V2 paused (pauser temporarily OWNER)
  
=== Phase 4: V2 pools (from V1 live config) ===
    -- pool 0x865377367054516e17014CcdED1e7d814EDC9ce4 DOLA
      C (V1 phUSD/day) / Antimatter/day (2.1x): 937499999999961600 1968749999999919360
      antimatterPerSecond / setAsideBuffer %: 22786458333332 10
    -- pool 0xA0b86991c6218b36c1d19D4a2e9Eb0cE3606eB48 USDC
      C (V1 phUSD/day) / Antimatter/day (2.1x): 1312499999999894400 2756249999999778240
      antimatterPerSecond / setAsideBuffer %: 31901041666664 10
    -- pool 0x4c9EDD5852cd905f086C759E8383e09bff1E68B3 USDe
      C (V1 phUSD/day) / Antimatter/day (2.1x): 1874999999999923200 3937499999999838720
      antimatterPerSecond / setAsideBuffer %: 45572916666664 25
  
=== Phase 5: mint rights ===
    Antimatter.setApprovedMinter(V2) - VERIFIED by read-back
    phUSD.setMinter(V2) - VERIFIED via phUSDMintAvailable()
    phUSD.setMinter(Antimatter) - VERIFIED at current mintVersion
    phUSD minter delta OK (live mask / V1 revoked): 511 false
    relinquished V1 principal surplus (token / surplus): 0x865377367054516e17014CcdED1e7d814EDC9ce4 26898455742910213445
    V1 initiateMigration (token / R realized / P snapshot): 0x865377367054516e17014CcdED1e7d814EDC9ce4 1222725528651424783078 1222727602453502485450
  
=== Phase 0: preconditions ===
    token: 0x865377367054516e17014CcdED1e7d814EDC9ce4 DOLA
      V1 poolState / stakerCount / totalStaked: 1 0 0
      strategy / principalOf(V1): 0x1760E05356Ec1FBBA159C730781dCfB9920524e2 0
      V1 phusdPerSecond / C (phUSD per day): 10850694444444 937499999999961600
      setAsideBufferSize(V1) %: 10
      setAsideBufferRecipient: 0xbce8ABC09BaEDCabE93419bF875f6186e182079A
      V1 idle token balance (buffer, stays on V1): 6997032072106485775
      PhusdStableMinter registration: strategy 0x1760E05356Ec1FBBA159C730781dCfB9920524e2
    token: 0xA0b86991c6218b36c1d19D4a2e9Eb0cE3606eB48 USDC
      V1 poolState / stakerCount / totalStaked: 0 13 1968476179
      strategy / principalOf(V1): 0xaFDf8DeA96a0F37Aae4869f813901bf73a3eAB83 1995519564
      V1 phusdPerSecond / C (phUSD per day): 15190972222221 1312499999999894400
      setAsideBufferSize(V1) %: 10
      setAsideBufferRecipient: 0xbce8ABC09BaEDCabE93419bF875f6186e182079A
      V1 idle token balance (buffer, stays on V1): 10430694
      PhusdStableMinter registration: strategy 0xaFDf8DeA96a0F37Aae4869f813901bf73a3eAB83
    token: 0x4c9EDD5852cd905f086C759E8383e09bff1E68B3 USDe
      V1 poolState / stakerCount / totalStaked: 0 7 2566815465400000000000
      strategy / principalOf(V1): 0xaC2e5936Eca286eC364d4D5Bcca33145fBe57f95 2566815465400000000000
      V1 phusdPerSecond / C (phUSD per day): 21701388888888 1874999999999923200
      setAsideBufferSize(V1) %: 25
      setAsideBufferRecipient: NONE (pre-story-047 strategy: buffer is paid to each client)
      V1 idle token balance (buffer, stays on V1): 49845539781409382100
      PhusdStableMinter registration: strategy 0xaC2e5936Eca286eC364d4D5Bcca33145fBe57f95
    V1 phUSD mint authorized: true
    phUSD minter baseline (from progress file) mask / mintVersion: 511 0
  
=== Phase 1: retire V1 (pauser OWNER, unregister, pause) ===
    V1 already unregistered from Pauser - skipped
    V1 already paused - pause step skipped
    V1 pauser OWNER, unregistered from Pauser, paused - global Pauser.pause() live again
  
=== Phase 2: Antimatter ===
    Antimatter loaded from progress file: 0x7Bf5434fC6deFef17AF7C4866DE1fEF212000A5F
    Antimatter wired to phUSD + PhusdStableMinter (read back)
  
=== Phase 3: StableStakerV2 ===
    StableStakerV2 loaded from progress file: 0x5582060396E38c9D83BEF379386Ed98853348161
    V2 paused (pauser temporarily OWNER)
  
=== Phase 4: V2 pools (from V1 live config) ===
    -- pool 0x865377367054516e17014CcdED1e7d814EDC9ce4 DOLA
      C (V1 phUSD/day) / Antimatter/day (2.1x): 937499999999961600 1968749999999919360
      antimatterPerSecond / setAsideBuffer %: 22786458333332 10
    -- pool 0xA0b86991c6218b36c1d19D4a2e9Eb0cE3606eB48 USDC
      C (V1 phUSD/day) / Antimatter/day (2.1x): 1312499999999894400 2756249999999778240
      antimatterPerSecond / setAsideBuffer %: 31901041666664 10
    -- pool 0x4c9EDD5852cd905f086C759E8383e09bff1E68B3 USDe
      C (V1 phUSD/day) / Antimatter/day (2.1x): 1874999999999923200 3937499999999838720
      antimatterPerSecond / setAsideBuffer %: 45572916666664 25
  
=== Phase 5: mint rights ===
    Antimatter.setApprovedMinter(V2) - VERIFIED by read-back
    phUSD.setMinter(V2) - VERIFIED via phUSDMintAvailable()
    phUSD.setMinter(Antimatter) - VERIFIED at current mintVersion
    phUSD minter delta OK (live mask / V1 revoked): 511 false
  
=== Phase 6: V1 -> V2 migration ===
    CrossVersionMigrator loaded from progress file: 0x7068159Bb4a24a6421dB42f6e9AFDa43Dd9911f6
    -- migrating pool 0x865377367054516e17014CcdED1e7d814EDC9ce4 DOLA
    V1 pool already Migrating - initiate skipped (token / R / P): 0x865377367054516e17014CcdED1e7d814EDC9ce4 1222725528651424783078 1222727602453502485450
    plan (token / migratable / zero-credit): 0x865377367054516e17014CcdED1e7d814EDC9ce4 0 0
    plan stragglers (count / principal total): 0 0
    migrated (token / users / batches): 0x865377367054516e17014CcdED1e7d814EDC9ce4 0 0
    exit realization (token / R realized / P snapshot): 0x865377367054516e17014CcdED1e7d814EDC9ce4 1222725528651424783078 1222727602453502485450
      loss bound bps / V2 totalStaked: 2 1217223596276947632021
    post-migration OK (token / V2 totalStaked / V2 stakers): 0x865377367054516e17014CcdED1e7d814EDC9ce4 1217223596276947632021 8
    -- migrating pool 0xA0b86991c6218b36c1d19D4a2e9Eb0cE3606eB48 USDC
    relinquished V1 principal surplus (token / surplus): 0xA0b86991c6218b36c1d19D4a2e9Eb0cE3606eB48 27043385
    V1 initiateMigration (token / R realized / P snapshot): 0xA0b86991c6218b36c1d19D4a2e9Eb0cE3606eB48 1968391065 1968476179
    plan (token / migratable / zero-credit): 0xA0b86991c6218b36c1d19D4a2e9Eb0cE3606eB48 13 0
    plan stragglers (count / principal total): 0 0
    migrated (token / users / batches): 0xA0b86991c6218b36c1d19D4a2e9Eb0cE3606eB48 13 1
    exit realization (token / R realized / P snapshot): 0xA0b86991c6218b36c1d19D4a2e9Eb0cE3606eB48 1968391065 1968476179
      loss bound bps / V2 totalStaked: 2 1968305934
    post-migration OK (token / V2 totalStaked / V2 stakers): 0xA0b86991c6218b36c1d19D4a2e9Eb0cE3606eB48 1968305934 13
    -- migrating pool 0x4c9EDD5852cd905f086C759E8383e09bff1E68B3 USDe
    market exit pre-quote (shares / quote / minOut): 2056424606891643416703 2565317525727214516833 2559115019003799999999
    V1 initiateMigration (token / R realized / P snapshot): 0x4c9EDD5852cd905f086C759E8383e09bff1E68B3 2565317525727214516835 2566815465400000000000
    plan (token / migratable / zero-credit): 0x4c9EDD5852cd905f086C759E8383e09bff1E68B3 7 0
    plan stragglers (count / principal total): 0 0
    migrated (token / users / batches): 0x4c9EDD5852cd905f086C759E8383e09bff1E68B3 7 1
    exit realization (token / R realized / P snapshot): 0x4c9EDD5852cd905f086C759E8383e09bff1E68B3 2565317525727214516835 2566815465400000000000
      loss bound bps / V2 totalStaked: 61 2557621573150032873280
    post-migration OK (token / V2 totalStaked / V2 stakers): 0x4c9EDD5852cd905f086C759E8383e09bff1E68B3 2557621573150032873280 7
  
=== Phase 7: finalize ===
    setAsideBufferRecipient -> V2 on strategy: 0x1760E05356Ec1FBBA159C730781dCfB9920524e2
    setAsideBufferRecipient -> V2 on strategy: 0xaFDf8DeA96a0F37Aae4869f813901bf73a3eAB83
    phUSD.setMinter(V1, false) - retired staker's mint authority REVOKED
    V1 already unregistered from Pauser - skipped
    V1 already paused - pause step skipped
    V1 pauser -> OWNER, unregistered from Pauser, left paused; V2 unpaused THEN registered; Antimatter registered
  
=== Phase 8: wiring assertions ===
    phUSD minter delta OK (live mask / V1 revoked): 510 true
    pool OK (token / V2 stakers / V1 stragglers): 0x865377367054516e17014CcdED1e7d814EDC9ce4 8 0
    pool OK (token / V2 stakers / V1 stragglers): 0xA0b86991c6218b36c1d19D4a2e9Eb0cE3606eB48 13 0
    pool OK (token / V2 stakers / V1 stragglers): 0x4c9EDD5852cd905f086C759E8383e09bff1E68B3 7 0
    Pauser registrant sweep OK (every registrant unpaused, pauser == Pauser): 27
    all wiring assertions passed
  =================================================
    STABLESTAKER V2 CUTOVER - READ-ONLY VERIFICATION
    (story 086 / audit L-02)
  =================================================
  
=== verify Phase 1: V1 retired ===
    V1 pauser OWNER, unregistered from Pauser, paused
  
=== verify Phase 2: Antimatter ===
    Antimatter: 0x7Bf5434fC6deFef17AF7C4866DE1fEF212000A5F
  
=== verify Phase 3: StableStakerV2 ===
    StableStakerV2: 0x5582060396E38c9D83BEF379386Ed98853348161
  
=== Phase 0: preconditions ===
    token: 0x865377367054516e17014CcdED1e7d814EDC9ce4 DOLA
      V1 poolState / stakerCount / totalStaked: 1 0 0
      strategy / principalOf(V1): 0x1760E05356Ec1FBBA159C730781dCfB9920524e2 0
      V1 phusdPerSecond / C (phUSD per day): 10850694444444 937499999999961600
      setAsideBufferSize(V1) %: 10
      setAsideBufferRecipient: 0x5582060396E38c9D83BEF379386Ed98853348161
      V1 idle token balance (buffer, stays on V1): 6997032072106485775
      PhusdStableMinter registration: strategy 0x1760E05356Ec1FBBA159C730781dCfB9920524e2
    token: 0xA0b86991c6218b36c1d19D4a2e9Eb0cE3606eB48 USDC
      V1 poolState / stakerCount / totalStaked: 1 0 0
      strategy / principalOf(V1): 0xaFDf8DeA96a0F37Aae4869f813901bf73a3eAB83 0
      V1 phusdPerSecond / C (phUSD per day): 15190972222221 1312499999999894400
      setAsideBufferSize(V1) %: 10
      setAsideBufferRecipient: 0x5582060396E38c9D83BEF379386Ed98853348161
      V1 idle token balance (buffer, stays on V1): 10430702
      PhusdStableMinter registration: strategy 0xaFDf8DeA96a0F37Aae4869f813901bf73a3eAB83
    token: 0x4c9EDD5852cd905f086C759E8383e09bff1E68B3 USDe
      V1 poolState / stakerCount / totalStaked: 1 0 0
      strategy / principalOf(V1): 0xaC2e5936Eca286eC364d4D5Bcca33145fBe57f95 0
      V1 phusdPerSecond / C (phUSD per day): 21701388888888 1874999999999923200
      setAsideBufferSize(V1) %: 25
      setAsideBufferRecipient: NONE (pre-story-047 strategy: buffer is paid to each client)
      V1 idle token balance (buffer, stays on V1): 49845539781409382102
      PhusdStableMinter registration: strategy 0xaC2e5936Eca286eC364d4D5Bcca33145fBe57f95
    V1 phUSD mint authorized: false
    phUSD minter baseline (from progress file) mask / mintVersion: 511 0
  
=== verify Phase 4: V2 pools ===
    pool configured: 0x865377367054516e17014CcdED1e7d814EDC9ce4 DOLA
    pool configured: 0xA0b86991c6218b36c1d19D4a2e9Eb0cE3606eB48 USDC
    pool configured: 0x4c9EDD5852cd905f086C759E8383e09bff1E68B3 USDe
  
=== verify Phase 5: mint rights ===
    V2 Antimatter + phUSD mint, Antimatter phUSD mint
  
=== verify Phase 6: migration ===
    exit realization (token / R realized / P snapshot): 0x865377367054516e17014CcdED1e7d814EDC9ce4 1222725528651424783078 1222727602453502485450
      loss bound bps / V2 totalStaked: 2 1217223596276947632021
    post-migration OK (token / V2 totalStaked / V2 stakers): 0x865377367054516e17014CcdED1e7d814EDC9ce4 1217223596276947632021 8
    pool migrated (token / V1 stragglers): 0x865377367054516e17014CcdED1e7d814EDC9ce4 0
    exit realization (token / R realized / P snapshot): 0xA0b86991c6218b36c1d19D4a2e9Eb0cE3606eB48 1968391065 1968476179
      loss bound bps / V2 totalStaked: 2 1968305934
    post-migration OK (token / V2 totalStaked / V2 stakers): 0xA0b86991c6218b36c1d19D4a2e9Eb0cE3606eB48 1968305934 13
    pool migrated (token / V1 stragglers): 0xA0b86991c6218b36c1d19D4a2e9Eb0cE3606eB48 0
    exit realization (token / R realized / P snapshot): 0x4c9EDD5852cd905f086C759E8383e09bff1E68B3 2565317525727214516835 2566815465400000000000
      loss bound bps / V2 totalStaked: 61 2557621573150032873280
    post-migration OK (token / V2 totalStaked / V2 stakers): 0x4c9EDD5852cd905f086C759E8383e09bff1E68B3 2557621573150032873280 7
    pool migrated (token / V1 stragglers): 0x4c9EDD5852cd905f086C759E8383e09bff1E68B3 0
  
=== verify Phase 7: finalize ===
    buffer recipients, V1 mint revoked, V2/Antimatter pause wiring, V2 unpaused
  
=== verify per-user credits (MigratedOut -> DepositedFor) ===
    events (MigratedOut / UserMigrated / DepositedFor): 29 1 28
    per-user credits OK (token / users): 0x865377367054516e17014CcdED1e7d814EDC9ce4 8
    aggregate net of self-exits (token / floor / V2 totalStaked): 0x865377367054516e17014CcdED1e7d814EDC9ce4 1216984287055098915510 1217223596276947632021
      P / V1 stragglers / self-exited principal (upper bound): 1222727602453502485450 0 5499869851883238090
    per-user credits OK (token / users): 0xA0b86991c6218b36c1d19D4a2e9Eb0cE3606eB48 13
    aggregate net of self-exits (token / floor / V2 totalStaked): 0xA0b86991c6218b36c1d19D4a2e9Eb0cE3606eB48 1968069483 1968305934
      P / V1 stragglers / self-exited principal (upper bound): 1968476179 0 0
    per-user credits OK (token / users): 0x4c9EDD5852cd905f086C759E8383e09bff1E68B3 7
    aggregate net of self-exits (token / floor / V2 totalStaked): 0x4c9EDD5852cd905f086C759E8383e09bff1E68B3 2551157891061059993000 2557621573150032873280
      P / V1 stragglers / self-exited principal (upper bound): 2566815465400000000000 0 0
  
=== Phase 8: wiring assertions ===
    phUSD minter delta OK (live mask / V1 revoked): 510 true
    pool OK (token / V2 stakers / V1 stragglers): 0x865377367054516e17014CcdED1e7d814EDC9ce4 8 0
    pool OK (token / V2 stakers / V1 stragglers): 0xA0b86991c6218b36c1d19D4a2e9Eb0cE3606eB48 13 0
    pool OK (token / V2 stakers / V1 stragglers): 0x4c9EDD5852cd905f086C759E8383e09bff1E68B3 7 0
    Pauser registrant sweep OK (every registrant unpaused, pauser == Pauser): 27
    all wiring assertions passed
  
  =================================================
    CUTOVER VERIFIED ON CHAIN: every phase 1-7 done-condition holds
  =================================================
  Antimatter:            0x7Bf5434fC6deFef17AF7C4866DE1fEF212000A5F
  StableStakerV2:        0x5582060396E38c9D83BEF379386Ed98853348161
  CrossVersionMigrator:  0x7068159Bb4a24a6421dB42f6e9AFDa43Dd9911f6
  Per-user credits re-checked: 28
  SX|halt+resume|verifier PASSED|users re-checked 28

Suite result: ok. 19 passed; 0 failed; 0 skipped; finished in 12.95s (37.93s CPU time)

Ran 1 test suite in 12.95s (12.95s CPU time): 19 tests passed, 0 failed, 0 skipped (19 total tests)
