No files changed, compilation skipped
Traces:
  [17265893] → new VerifyStableStakerV2Cutover@0x9f7cF1d1F558E57ef88a59ac3D47214eF25B6A06
    └─ ← [Return] 86067 bytes of code

  [176] VerifyStableStakerV2Cutover::setUp()
    └─ ← [Stop]

  [3403250] VerifyStableStakerV2Cutover::run()
    ├─ [0] console::log("=================================================") [staticcall]
    │   └─ ← [Stop]
    ├─ [0] console::log("  STABLESTAKER V2 CUTOVER - READ-ONLY VERIFICATION") [staticcall]
    │   └─ ← [Stop]
    ├─ [0] console::log("  (story 086 / audit L-02)") [staticcall]
    │   └─ ← [Stop]
    ├─ [0] console::log("=================================================") [staticcall]
    │   └─ ← [Stop]
    ├─ [0] VM::envOr("PREVIEW_MODE", false) [staticcall]
    │   └─ ← [Return] <env var value>
    ├─ [0] VM::readFile("server/deployments/progress.stable-staker-v2-cutover.1.json") [staticcall]
    │   └─ ← [Return] <file>
    ├─ [0] console::log("Found progress file, loading:", "server/deployments/progress.stable-staker-v2-cutover.1.json") [staticcall]
    │   └─ ← [Stop]
    ├─ [0] VM::keyExistsJson("<JSON file>", ".contracts.Antimatter.address") [staticcall]
    │   └─ ← [Return] true
    ├─ [0] VM::parseJsonAddress("<stringified JSON>", ".contracts.Antimatter.address") [staticcall]
    │   └─ ← [Return] 0xA025801D81aCFd9E35Bfb05346116e5A3fBAa79F
    ├─ [0] console::log("  loaded", "Antimatter", 0xA025801D81aCFd9E35Bfb05346116e5A3fBAa79F) [staticcall]
    │   └─ ← [Stop]
    ├─ [0] VM::keyExistsJson("<JSON file>", ".contracts.StableStakerV2.address") [staticcall]
    │   └─ ← [Return] true
    ├─ [0] VM::parseJsonAddress("<stringified JSON>", ".contracts.StableStakerV2.address") [staticcall]
    │   └─ ← [Return] 0x8B9482a3ff055d24183B40Dd8BB70fFe3edD4c83
    ├─ [0] console::log("  loaded", "StableStakerV2", 0x8B9482a3ff055d24183B40Dd8BB70fFe3edD4c83) [staticcall]
    │   └─ ← [Stop]
    ├─ [0] VM::keyExistsJson("<JSON file>", ".contracts.CrossVersionMigrator.address") [staticcall]
    │   └─ ← [Return] true
    ├─ [0] VM::parseJsonAddress("<stringified JSON>", ".contracts.CrossVersionMigrator.address") [staticcall]
    │   └─ ← [Return] 0xA6d3fc83C91B8319D219cEB12B46e3dfF064B58F
    ├─ [0] console::log("  loaded", "CrossVersionMigrator", 0xA6d3fc83C91B8319D219cEB12B46e3dfF064B58F) [staticcall]
    │   └─ ← [Stop]
    ├─ [0] VM::keyExistsJson("<JSON file>", ".contracts.ERC4626YieldStrategySDOLA.address") [staticcall]
    │   └─ ← [Return] true
    ├─ [0] VM::parseJsonAddress("<stringified JSON>", ".contracts.ERC4626YieldStrategySDOLA.address") [staticcall]
    │   └─ ← [Return] 0x55BcE9b12953d6a8468c57a811E6642289A99764
    ├─ [0] console::log("  loaded", "ERC4626YieldStrategySDOLA", 0x55BcE9b12953d6a8468c57a811E6642289A99764) [staticcall]
    │   └─ ← [Stop]
    ├─ [0] VM::keyExistsJson("<JSON file>", ".baselines.cutoverStartBlock") [staticcall]
    │   └─ ← [Return] true
    ├─ [0] VM::parseJsonString("<stringified JSON>", ".baselines.cutoverStartBlock") [staticcall]
    │   └─ ← [Return] "25994910"
    ├─ [0] VM::parseUint("25994910") [staticcall]
    │   └─ ← [Return] 25994910 [2.599e7]
    ├─ [0] VM::keyExistsJson("<JSON file>", ".baselines.phusdMinterMask") [staticcall]
    │   └─ ← [Return] true
    ├─ [0] VM::parseJsonString("<stringified JSON>", ".baselines.phusdMinterMask") [staticcall]
    │   └─ ← [Return] "511"
    ├─ [0] VM::parseUint("511") [staticcall]
    │   └─ ← [Return] 511
    ├─ [0] VM::parseJsonString("<stringified JSON>", ".baselines.phusdMintVersion") [staticcall]
    │   └─ ← [Return] "0"
    ├─ [0] VM::parseUint("0") [staticcall]
    │   └─ ← [Return] 0
    ├─ [0] VM::keyExistsJson("<JSON file>", ".minterMove.configRecorded") [staticcall]
    │   └─ ← [Return] true
    ├─ [0] VM::parseJsonString("<stringified JSON>", ".minterMove.configRecorded") [staticcall]
    │   └─ ← [Return] "true"
    ├─ [0] VM::parseJsonString("<stringified JSON>", ".minterMove.prevExchangeRate") [staticcall]
    │   └─ ← [Return] "1000000000000000000"
    ├─ [0] VM::parseUint("1000000000000000000") [staticcall]
    │   └─ ← [Return] 1000000000000000000 [1e18]
    ├─ [0] VM::parseJsonString("<stringified JSON>", ".minterMove.prevDecimals") [staticcall]
    │   └─ ← [Return] "18"
    ├─ [0] VM::parseUint("18") [staticcall]
    │   └─ ← [Return] 18
    ├─ [0] VM::parseJsonString("<stringified JSON>", ".minterMove.prevEnabled") [staticcall]
    │   └─ ← [Return] "true"
    ├─ [0] VM::parseJsonString("<stringified JSON>", ".minterMove.prevMaxMintPerDay") [staticcall]
    │   └─ ← [Return] "4000000000000000000000"
    ├─ [0] VM::parseUint("4000000000000000000000") [staticcall]
    │   └─ ← [Return] 4000000000000000000000 [4e21]
    ├─ [0] VM::keyExistsJson("<JSON file>", ".minterMove.execRecorded") [staticcall]
    │   └─ ← [Return] true
    ├─ [0] VM::parseJsonString("<stringified JSON>", ".minterMove.execRecorded") [staticcall]
    │   └─ ← [Return] "true"
    ├─ [0] VM::parseJsonString("<stringified JSON>", ".minterMove.principalBeforeExec") [staticcall]
    │   └─ ← [Return] "14594562039048160037533"
    ├─ [0] VM::parseUint("14594562039048160037533") [staticcall]
    │   └─ ← [Return] 14594562039048160037533 [1.459e22]
    ├─ [0] VM::parseJsonString("<stringified JSON>", ".minterMove.ownerDolaBeforeExec") [staticcall]
    │   └─ ← [Return] "0"
    ├─ [0] VM::parseUint("0") [staticcall]
    │   └─ ← [Return] 0
    ├─ [0] VM::keyExistsJson("<JSON file>", ".minterMove.recoveredRecorded") [staticcall]
    │   └─ ← [Return] true
    ├─ [0] VM::parseJsonString("<stringified JSON>", ".minterMove.recoveredRecorded") [staticcall]
    │   └─ ← [Return] "true"
    ├─ [0] VM::parseJsonString("<stringified JSON>", ".minterMove.recovered") [staticcall]
    │   └─ ← [Return] "14620768227061483950489"
    ├─ [0] VM::parseUint("14620768227061483950489") [staticcall]
    │   └─ ← [Return] 14620768227061483950489 [1.462e22]
    ├─ [0] VM::keyExistsJson("<JSON file>", ".minterMove.v2LiveBeforeMinterMove") [staticcall]
    │   └─ ← [Return] true
    ├─ [0] VM::parseJsonString("<stringified JSON>", ".minterMove.v2LiveBeforeMinterMove") [staticcall]
    │   └─ ← [Return] "true"
    ├─ [0] VM::envOr("CUTOVER_START_BLOCK", 0) [staticcall]
    │   └─ ← [Return] <env var value>
    ├─ [0] console::log("\n=== verify Phase 1: V1 retired ===") [staticcall]
    │   └─ ← [Stop]
    ├─ [2865] 0xbce8ABC09BaEDCabE93419bF875f6186e182079A::pauser() [staticcall]
    │   └─ ← [Return] 0xCad1a7864a108DBFF67F4b8af71fAB0C7A86D0B6
    ├─ [2899] Pauser::isRegistered(0xbce8ABC09BaEDCabE93419bF875f6186e182079A) [staticcall]
    │   └─ ← [Return] false
    ├─ [2557] 0xbce8ABC09BaEDCabE93419bF875f6186e182079A::paused() [staticcall]
    │   └─ ← [Return] true
    ├─ [0] console::log("  V1 pauser OWNER, unregistered from Pauser, paused") [staticcall]
    │   └─ ← [Stop]
    ├─ [0] console::log("\n=== verify Phase 2: Antimatter ===") [staticcall]
    │   └─ ← [Stop]
    ├─ [2726] 0xA025801D81aCFd9E35Bfb05346116e5A3fBAa79F::name() [staticcall]
    │   └─ ← [Return] "Antimatter"
    ├─ [3170] 0xA025801D81aCFd9E35Bfb05346116e5A3fBAa79F::symbol() [staticcall]
    │   └─ ← [Return] "AM"
    ├─ [2656] 0xA025801D81aCFd9E35Bfb05346116e5A3fBAa79F::owner() [staticcall]
    │   └─ ← [Return] 0xCad1a7864a108DBFF67F4b8af71fAB0C7A86D0B6
    ├─ [2345] 0xA025801D81aCFd9E35Bfb05346116e5A3fBAa79F::phUSD() [staticcall]
    │   └─ ← [Return] FlaxToken: [0xf3B5B661b92B75C71fA5Aba8Fd95D7514A9CD605]
    ├─ [345] 0xA025801D81aCFd9E35Bfb05346116e5A3fBAa79F::phUSD() [staticcall]
    │   └─ ← [Return] FlaxToken: [0xf3B5B661b92B75C71fA5Aba8Fd95D7514A9CD605]
    ├─ [2915] 0xA025801D81aCFd9E35Bfb05346116e5A3fBAa79F::phUSDMinter() [staticcall]
    │   └─ ← [Return] 0x94855ACA13952D81507C92D3CdBb2e25D3bbE60C
    ├─ [0] console::log("  Antimatter:", 0xA025801D81aCFd9E35Bfb05346116e5A3fBAa79F) [staticcall]
    │   └─ ← [Stop]
    ├─ [0] console::log("\n=== verify Phase 3: StableStakerV2 ===") [staticcall]
    │   └─ ← [Stop]
    ├─ [810] 0x8B9482a3ff055d24183B40Dd8BB70fFe3edD4c83::STAKER_VERSION() [staticcall]
    │   └─ ← [Return] 2
    ├─ [520] 0x8B9482a3ff055d24183B40Dd8BB70fFe3edD4c83::antimatter() [staticcall]
    │   └─ ← [Return] 0xA025801D81aCFd9E35Bfb05346116e5A3fBAa79F
    ├─ [2887] 0x8B9482a3ff055d24183B40Dd8BB70fFe3edD4c83::owner() [staticcall]
    │   └─ ← [Return] 0xCad1a7864a108DBFF67F4b8af71fAB0C7A86D0B6
    ├─ [0] console::log("  StableStakerV2:", 0x8B9482a3ff055d24183B40Dd8BB70fFe3edD4c83) [staticcall]
    │   └─ ← [Stop]
    ├─ [0] console::log("\n=== verify Phase 3b: sDOLA destination strategy ===") [staticcall]
    │   └─ ← [Stop]
    ├─ [2889] 0x55BcE9b12953d6a8468c57a811E6642289A99764::owner() [staticcall]
    │   └─ ← [Return] 0xCad1a7864a108DBFF67F4b8af71fAB0C7A86D0B6
    ├─ [237] 0x55BcE9b12953d6a8468c57a811E6642289A99764::underlyingToken() [staticcall]
    │   └─ ← [Return] ERC20: [0x865377367054516e17014CcdED1e7d814EDC9ce4]
    ├─ [1048] 0x55BcE9b12953d6a8468c57a811E6642289A99764::vault() [staticcall]
    │   └─ ← [Return] 0xb45ad160634c528Cc3D2926d9807104FA3157305
    ├─ [2934] 0x55BcE9b12953d6a8468c57a811E6642289A99764::pauser() [staticcall]
    │   └─ ← [Return] Pauser: [0x7c5A8EeF1d836450C019FB036453ac6eC97885a3]
    ├─ [2899] Pauser::isRegistered(0x55BcE9b12953d6a8468c57a811E6642289A99764) [staticcall]
    │   └─ ← [Return] true
    ├─ [2616] 0x55BcE9b12953d6a8468c57a811E6642289A99764::authorizedWithdrawers(0x0cD353bfda674D04823B2826ffafB83B560D21B6) [staticcall]
    │   └─ ← [Return] true
    ├─ [0] console::log("  sDOLA strategy:", 0x55BcE9b12953d6a8468c57a811E6642289A99764) [staticcall]
    │   └─ ← [Stop]
    ├─ [0] console::log("\n=== Phase 0: preconditions ===") [staticcall]
    │   └─ ← [Stop]
    ├─ [777] 0xbce8ABC09BaEDCabE93419bF875f6186e182079A::owner() [staticcall]
    │   └─ ← [Return] 0xCad1a7864a108DBFF67F4b8af71fAB0C7A86D0B6
    ├─ [2698] FlaxToken::owner() [staticcall]
    │   └─ ← [Return] 0xCad1a7864a108DBFF67F4b8af71fAB0C7A86D0B6
    ├─ [2558] Pauser::owner() [staticcall]
    │   └─ ← [Return] 0xCad1a7864a108DBFF67F4b8af71fAB0C7A86D0B6
    ├─ [2523] 0x94855ACA13952D81507C92D3CdBb2e25D3bbE60C::owner() [staticcall]
    │   └─ ← [Return] 0xCad1a7864a108DBFF67F4b8af71fAB0C7A86D0B6
    ├─ [2755] 0x0cD353bfda674D04823B2826ffafB83B560D21B6::owner() [staticcall]
    │   └─ ← [Return] 0xCad1a7864a108DBFF67F4b8af71fAB0C7A86D0B6
    ├─ [865] 0xbce8ABC09BaEDCabE93419bF875f6186e182079A::pauser() [staticcall]
    │   └─ ← [Return] 0xCad1a7864a108DBFF67F4b8af71fAB0C7A86D0B6
    ├─ [593] 0x1760E05356Ec1FBBA159C730781dCfB9920524e2::WAITING_PERIOD() [staticcall]
    │   └─ ← [Return] 21600 [2.16e4]
    ├─ [307] 0x1760E05356Ec1FBBA159C730781dCfB9920524e2::EXECUTION_WINDOW() [staticcall]
    │   └─ ← [Return] 259200 [2.592e5]
    ├─ [9433] 0xbce8ABC09BaEDCabE93419bF875f6186e182079A::getStakedTokens() [staticcall]
    │   └─ ← [Return] [0x865377367054516e17014CcdED1e7d814EDC9ce4, 0xA0b86991c6218b36c1d19D4a2e9Eb0cE3606eB48, 0x4c9EDD5852cd905f086C759E8383e09bff1E68B3]
    ├─ [2889] 0x1760E05356Ec1FBBA159C730781dCfB9920524e2::owner() [staticcall]
    │   └─ ← [Return] 0xCad1a7864a108DBFF67F4b8af71fAB0C7A86D0B6
    ├─ [2807] 0x1760E05356Ec1FBBA159C730781dCfB9920524e2::authorizedClients(0xbce8ABC09BaEDCabE93419bF875f6186e182079A) [staticcall]
    │   └─ ← [Return] true
    ├─ [625] 0x1760E05356Ec1FBBA159C730781dCfB9920524e2::paused() [staticcall]
    │   └─ ← [Return] false
    ├─ [2899] Pauser::isRegistered(0x1760E05356Ec1FBBA159C730781dCfB9920524e2) [staticcall]
    │   └─ ← [Return] true
    ├─ [2934] 0x1760E05356Ec1FBBA159C730781dCfB9920524e2::pauser() [staticcall]
    │   └─ ← [Return] Pauser: [0x7c5A8EeF1d836450C019FB036453ac6eC97885a3]
    ├─ [9338] 0xbce8ABC09BaEDCabE93419bF875f6186e182079A::poolInfo(ERC20: [0x865377367054516e17014CcdED1e7d814EDC9ce4]) [staticcall]
    │   └─ ← [Return] 10850694444444 [1.085e13], 224084379875988348 [2.24e17], 1789620925 [1.789e9], 0
    ├─ [2968] 0xbce8ABC09BaEDCabE93419bF875f6186e182079A::poolState(ERC20: [0x865377367054516e17014CcdED1e7d814EDC9ce4]) [staticcall]
    │   └─ ← [Return] 1
    ├─ [2890] 0x1760E05356Ec1FBBA159C730781dCfB9920524e2::setAsideBufferSize(0xbce8ABC09BaEDCabE93419bF875f6186e182079A) [staticcall]
    │   └─ ← [Return] 10
    ├─ [13349] 0x94855ACA13952D81507C92D3CdBb2e25D3bbE60C::stablecoinConfigs(ERC20: [0x865377367054516e17014CcdED1e7d814EDC9ce4]) [staticcall]
    │   └─ ← [Return] 0x1760E05356Ec1FBBA159C730781dCfB9920524e2, 1000000000000000000 [1e18], 18, false, 4000000000000000000000 [4e21], 367552829881885674091 [3.675e20], 1785619631 [1.785e9]
    ├─ [2380] ERC20::decimals() [staticcall]
    │   └─ ← [Return] 18
    ├─ [3083] ERC20::symbol() [staticcall]
    │   └─ ← [Return] "DOLA"
    ├─ [0] console::log("  token:", ERC20: [0x865377367054516e17014CcdED1e7d814EDC9ce4], "DOLA") [staticcall]
    │   └─ ← [Stop]
    ├─ [2558] 0xbce8ABC09BaEDCabE93419bF875f6186e182079A::stakerCount(ERC20: [0x865377367054516e17014CcdED1e7d814EDC9ce4]) [staticcall]
    │   └─ ← [Return] 0
    ├─ [0] console::log("    V1 poolState / stakerCount / totalStaked:", 1, 0, 0) [staticcall]
    │   └─ ← [Stop]
    ├─ [3310] 0x1760E05356Ec1FBBA159C730781dCfB9920524e2::principalOf(ERC20: [0x865377367054516e17014CcdED1e7d814EDC9ce4], 0xbce8ABC09BaEDCabE93419bF875f6186e182079A) [staticcall]
    │   └─ ← [Return] 0
    ├─ [0] console::log("    strategy / principalOf(V1):", 0x1760E05356Ec1FBBA159C730781dCfB9920524e2, 0) [staticcall]
    │   └─ ← [Stop]
    ├─ [0] console::log("    V1 phusdPerSecond / C (phUSD per day):", 10850694444444 [1.085e13], 937499999999961600 [9.374e17]) [staticcall]
    │   └─ ← [Stop]
    ├─ [0] console::log("    setAsideBufferSize(V1) %:", 10) [staticcall]
    │   └─ ← [Stop]
    ├─ [2868] 0x1760E05356Ec1FBBA159C730781dCfB9920524e2::setAsideBufferRecipient() [staticcall]
    │   └─ ← [Return] 0xbce8ABC09BaEDCabE93419bF875f6186e182079A
    ├─ [0] console::log("    setAsideBufferRecipient:", 0xbce8ABC09BaEDCabE93419bF875f6186e182079A) [staticcall]
    │   └─ ← [Stop]
    ├─ [2469] ERC20::balanceOf(0xbce8ABC09BaEDCabE93419bF875f6186e182079A) [staticcall]
    │   └─ ← [Return] 7095707750554785666 [7.095e18]
    ├─ [0] console::log("    V1 idle token balance (buffer, stays on V1):", 7095707750554785666 [7.095e18]) [staticcall]
    │   └─ ← [Stop]
    ├─ [0] console::log("    PhusdStableMinter registration: strategy", 0x1760E05356Ec1FBBA159C730781dCfB9920524e2) [staticcall]
    │   └─ ← [Stop]
    ├─ [2889] 0xaFDf8DeA96a0F37Aae4869f813901bf73a3eAB83::owner() [staticcall]
    │   └─ ← [Return] 0xCad1a7864a108DBFF67F4b8af71fAB0C7A86D0B6
    ├─ [625] 0xaFDf8DeA96a0F37Aae4869f813901bf73a3eAB83::paused() [staticcall]
    │   └─ ← [Return] false
    ├─ [2899] Pauser::isRegistered(0xaFDf8DeA96a0F37Aae4869f813901bf73a3eAB83) [staticcall]
    │   └─ ← [Return] true
    ├─ [2934] 0xaFDf8DeA96a0F37Aae4869f813901bf73a3eAB83::pauser() [staticcall]
    │   └─ ← [Return] Pauser: [0x7c5A8EeF1d836450C019FB036453ac6eC97885a3]
    ├─ [9338] 0xbce8ABC09BaEDCabE93419bF875f6186e182079A::poolInfo(FiatTokenProxy: [0xA0b86991c6218b36c1d19D4a2e9Eb0cE3606eB48]) [staticcall]
    │   └─ ← [Return] 15190972222221 [1.519e13], 162193612175871516117217910032 [1.621e29], 1789620926 [1.789e9], 0
    ├─ [2968] 0xbce8ABC09BaEDCabE93419bF875f6186e182079A::poolState(FiatTokenProxy: [0xA0b86991c6218b36c1d19D4a2e9Eb0cE3606eB48]) [staticcall]
    │   └─ ← [Return] 1
    ├─ [2890] 0xaFDf8DeA96a0F37Aae4869f813901bf73a3eAB83::setAsideBufferSize(0xbce8ABC09BaEDCabE93419bF875f6186e182079A) [staticcall]
    │   └─ ← [Return] 10
    ├─ [13349] 0x94855ACA13952D81507C92D3CdBb2e25D3bbE60C::stablecoinConfigs(FiatTokenProxy: [0xA0b86991c6218b36c1d19D4a2e9Eb0cE3606eB48]) [staticcall]
    │   └─ ← [Return] 0xaFDf8DeA96a0F37Aae4869f813901bf73a3eAB83, 1000000000000000000 [1e18], 6, true, 4000000000000000000000 [4e21], 339113200000000000000 [3.391e20], 1784594171 [1.784e9]
    ├─ [9664] FiatTokenProxy::fallback() [staticcall]
    │   ├─ [2381] FiatTokenV2_2::decimals() [delegatecall]
    │   │   └─ ← [Return] 6
    │   └─ ← [Return] 6
    ├─ [3870] FiatTokenProxy::fallback() [staticcall]
    │   ├─ [3081] FiatTokenV2_2::symbol() [delegatecall]
    │   │   └─ ← [Return] "USDC"
    │   └─ ← [Return] "USDC"
    ├─ [0] console::log("  token:", FiatTokenProxy: [0xA0b86991c6218b36c1d19D4a2e9Eb0cE3606eB48], "USDC") [staticcall]
    │   └─ ← [Stop]
    ├─ [2558] 0xbce8ABC09BaEDCabE93419bF875f6186e182079A::stakerCount(FiatTokenProxy: [0xA0b86991c6218b36c1d19D4a2e9Eb0cE3606eB48]) [staticcall]
    │   └─ ← [Return] 0
    ├─ [0] console::log("    V1 poolState / stakerCount / totalStaked:", 1, 0, 0) [staticcall]
    │   └─ ← [Stop]
    ├─ [3310] 0xaFDf8DeA96a0F37Aae4869f813901bf73a3eAB83::principalOf(FiatTokenProxy: [0xA0b86991c6218b36c1d19D4a2e9Eb0cE3606eB48], 0xbce8ABC09BaEDCabE93419bF875f6186e182079A) [staticcall]
    │   └─ ← [Return] 0
    ├─ [0] console::log("    strategy / principalOf(V1):", 0xaFDf8DeA96a0F37Aae4869f813901bf73a3eAB83, 0) [staticcall]
    │   └─ ← [Stop]
    ├─ [0] console::log("    V1 phusdPerSecond / C (phUSD per day):", 15190972222221 [1.519e13], 1312499999999894400 [1.312e18]) [staticcall]
    │   └─ ← [Stop]
    ├─ [0] console::log("    setAsideBufferSize(V1) %:", 10) [staticcall]
    │   └─ ← [Stop]
    ├─ [2868] 0xaFDf8DeA96a0F37Aae4869f813901bf73a3eAB83::setAsideBufferRecipient() [staticcall]
    │   └─ ← [Return] 0x8B9482a3ff055d24183B40Dd8BB70fFe3edD4c83
    ├─ [0] console::log("    setAsideBufferRecipient:", 0x8B9482a3ff055d24183B40Dd8BB70fFe3edD4c83) [staticcall]
    │   └─ ← [Stop]
    ├─ [3339] FiatTokenProxy::fallback(0xbce8ABC09BaEDCabE93419bF875f6186e182079A) [staticcall]
    │   ├─ [2553] FiatTokenV2_2::balanceOf(0xbce8ABC09BaEDCabE93419bF875f6186e182079A) [delegatecall]
    │   │   └─ ← [Return] 10598645 [1.059e7]
    │   └─ ← [Return] 10598645 [1.059e7]
    ├─ [0] console::log("    V1 idle token balance (buffer, stays on V1):", 10598645 [1.059e7]) [staticcall]
    │   └─ ← [Stop]
    ├─ [0] console::log("    PhusdStableMinter registration: strategy", 0xaFDf8DeA96a0F37Aae4869f813901bf73a3eAB83) [staticcall]
    │   └─ ← [Stop]
    ├─ [2867] 0xaC2e5936Eca286eC364d4D5Bcca33145fBe57f95::owner() [staticcall]
    │   └─ ← [Return] 0xCad1a7864a108DBFF67F4b8af71fAB0C7A86D0B6
    ├─ [625] 0xaC2e5936Eca286eC364d4D5Bcca33145fBe57f95::paused() [staticcall]
    │   └─ ← [Return] false
    ├─ [2899] Pauser::isRegistered(0xaC2e5936Eca286eC364d4D5Bcca33145fBe57f95) [staticcall]
    │   └─ ← [Return] true
    ├─ [2934] 0xaC2e5936Eca286eC364d4D5Bcca33145fBe57f95::pauser() [staticcall]
    │   └─ ← [Return] Pauser: [0x7c5A8EeF1d836450C019FB036453ac6eC97885a3]
    ├─ [9338] 0xbce8ABC09BaEDCabE93419bF875f6186e182079A::poolInfo(USDe: [0x4c9EDD5852cd905f086C759E8383e09bff1E68B3]) [staticcall]
    │   └─ ← [Return] 21701388888888 [2.17e13], 231733476019585781 [2.317e17], 1789620927 [1.789e9], 0
    ├─ [2968] 0xbce8ABC09BaEDCabE93419bF875f6186e182079A::poolState(USDe: [0x4c9EDD5852cd905f086C759E8383e09bff1E68B3]) [staticcall]
    │   └─ ← [Return] 1
    ├─ [2890] 0xaC2e5936Eca286eC364d4D5Bcca33145fBe57f95::setAsideBufferSize(0xbce8ABC09BaEDCabE93419bF875f6186e182079A) [staticcall]
    │   └─ ← [Return] 25
    ├─ [13349] 0x94855ACA13952D81507C92D3CdBb2e25D3bbE60C::stablecoinConfigs(USDe: [0x4c9EDD5852cd905f086C759E8383e09bff1E68B3]) [staticcall]
    │   └─ ← [Return] 0xaC2e5936Eca286eC364d4D5Bcca33145fBe57f95, 1000000000000000000 [1e18], 18, true, 4000000000000000000000 [4e21], 10063700000000000000 [1.006e19], 1784594195 [1.784e9]
    ├─ [267] USDe::decimals() [staticcall]
    │   └─ ← [Return] 18
    ├─ [3303] USDe::symbol() [staticcall]
    │   └─ ← [Return] "USDe"
    ├─ [0] console::log("  token:", USDe: [0x4c9EDD5852cd905f086C759E8383e09bff1E68B3], "USDe") [staticcall]
    │   └─ ← [Stop]
    ├─ [2558] 0xbce8ABC09BaEDCabE93419bF875f6186e182079A::stakerCount(USDe: [0x4c9EDD5852cd905f086C759E8383e09bff1E68B3]) [staticcall]
    │   └─ ← [Return] 0
    ├─ [0] console::log("    V1 poolState / stakerCount / totalStaked:", 1, 0, 0) [staticcall]
    │   └─ ← [Stop]
    ├─ [3310] 0xaC2e5936Eca286eC364d4D5Bcca33145fBe57f95::principalOf(USDe: [0x4c9EDD5852cd905f086C759E8383e09bff1E68B3], 0xbce8ABC09BaEDCabE93419bF875f6186e182079A) [staticcall]
    │   └─ ← [Return] 0
    ├─ [0] console::log("    strategy / principalOf(V1):", 0xaC2e5936Eca286eC364d4D5Bcca33145fBe57f95, 0) [staticcall]
    │   └─ ← [Stop]
    ├─ [0] console::log("    V1 phusdPerSecond / C (phUSD per day):", 21701388888888 [2.17e13], 1874999999999923200 [1.874e18]) [staticcall]
    │   └─ ← [Stop]
    ├─ [0] console::log("    setAsideBufferSize(V1) %:", 25) [staticcall]
    │   └─ ← [Stop]
    ├─ [966] 0xaC2e5936Eca286eC364d4D5Bcca33145fBe57f95::setAsideBufferRecipient() [staticcall]
    │   └─ ← [Revert] EvmError: Revert
    ├─ [0] console::log("    setAsideBufferRecipient: NONE (pre-story-047 strategy: buffer is paid to each client)") [staticcall]
    │   └─ ← [Stop]
    ├─ [2580] USDe::balanceOf(0xbce8ABC09BaEDCabE93419bF875f6186e182079A) [staticcall]
    │   └─ ← [Return] 50361101714905465319 [5.036e19]
    ├─ [0] console::log("    V1 idle token balance (buffer, stays on V1):", 50361101714905465319 [5.036e19]) [staticcall]
    │   └─ ← [Stop]
    ├─ [0] console::log("    PhusdStableMinter registration: strategy", 0xaC2e5936Eca286eC364d4D5Bcca33145fBe57f95) [staticcall]
    │   └─ ← [Stop]
    ├─ [5925] FlaxToken::authorizedMinters(0xbce8ABC09BaEDCabE93419bF875f6186e182079A) [staticcall]
    │   └─ ← [Return] MinterInfo({ canMint: false, mintVersion: 0 })
    ├─ [0] console::log("  V1 phUSD mint authorized:", false) [staticcall]
    │   └─ ← [Stop]
    ├─ [0] console::log("  phUSD minter baseline (from progress file) mask / mintVersion:", 511, 0) [staticcall]
    │   └─ ← [Stop]
    ├─ [3310] 0x1760E05356Ec1FBBA159C730781dCfB9920524e2::principalOf(ERC20: [0x865377367054516e17014CcdED1e7d814EDC9ce4], 0x94855ACA13952D81507C92D3CdBb2e25D3bbE60C) [staticcall]
    │   └─ ← [Return] 14594562039048160037533 [1.459e22]
    ├─ [266] 0xA6d3fc83C91B8319D219cEB12B46e3dfF064B58F::oldStaker() [staticcall]
    │   └─ ← [Return] 0xbce8ABC09BaEDCabE93419bF875f6186e182079A
    ├─ [244] 0xA6d3fc83C91B8319D219cEB12B46e3dfF064B58F::newStaker() [staticcall]
    │   └─ ← [Return] 0x8B9482a3ff055d24183B40Dd8BB70fFe3edD4c83
    ├─ [2391] 0xA6d3fc83C91B8319D219cEB12B46e3dfF064B58F::owner() [staticcall]
    │   └─ ← [Return] 0xCad1a7864a108DBFF67F4b8af71fAB0C7A86D0B6
    ├─ [968] 0xbce8ABC09BaEDCabE93419bF875f6186e182079A::poolState(ERC20: [0x865377367054516e17014CcdED1e7d814EDC9ce4]) [staticcall]
    │   └─ ← [Return] 1
    ├─ [968] 0xbce8ABC09BaEDCabE93419bF875f6186e182079A::poolState(FiatTokenProxy: [0xA0b86991c6218b36c1d19D4a2e9Eb0cE3606eB48]) [staticcall]
    │   └─ ← [Return] 1
    ├─ [968] 0xbce8ABC09BaEDCabE93419bF875f6186e182079A::poolState(USDe: [0x4c9EDD5852cd905f086C759E8383e09bff1E68B3]) [staticcall]
    │   └─ ← [Return] 1
    ├─ [1310] 0x1760E05356Ec1FBBA159C730781dCfB9920524e2::principalOf(ERC20: [0x865377367054516e17014CcdED1e7d814EDC9ce4], 0xbce8ABC09BaEDCabE93419bF875f6186e182079A) [staticcall]
    │   └─ ← [Return] 0
    ├─ [1310] 0xaFDf8DeA96a0F37Aae4869f813901bf73a3eAB83::principalOf(FiatTokenProxy: [0xA0b86991c6218b36c1d19D4a2e9Eb0cE3606eB48], 0xbce8ABC09BaEDCabE93419bF875f6186e182079A) [staticcall]
    │   └─ ← [Return] 0
    ├─ [1310] 0xaC2e5936Eca286eC364d4D5Bcca33145fBe57f95::principalOf(USDe: [0x4c9EDD5852cd905f086C759E8383e09bff1E68B3], 0xbce8ABC09BaEDCabE93419bF875f6186e182079A) [staticcall]
    │   └─ ← [Return] 0
    ├─ [7550] 0x1760E05356Ec1FBBA159C730781dCfB9920524e2::withdrawalStates(ERC20: [0x865377367054516e17014CcdED1e7d814EDC9ce4], 0x94855ACA13952D81507C92D3CdBb2e25D3bbE60C) [staticcall]
    │   └─ ← [Return] 1789340068 [1.789e9], 1, 14594562039048160037533 [1.459e22]
    ├─ [0] console::log("  RESUME PAST PHASE 6 with the minter DOLA withdrawal NOT executable (lapsed / not initiated / waiting, or") [staticcall]
    │   └─ ← [Stop]
    ├─ [0] console::log("  under WINDOW_SAFETY_MARGIN left) - story 096: Phase 6b DEFERRED after step (a); Phase 7 still unpauses V2") [staticcall]
    │   └─ ← [Stop]
    ├─ [0] console::log("\n=== verify Phase 4: V2 pools ===") [staticcall]
    │   └─ ← [Stop]
    ├─ [1083] ERC20::symbol() [staticcall]
    │   └─ ← [Return] "DOLA"
    ├─ [9433] 0x8B9482a3ff055d24183B40Dd8BB70fFe3edD4c83::getStakedTokens() [staticcall]
    │   └─ ← [Return] [0x865377367054516e17014CcdED1e7d814EDC9ce4, 0xA0b86991c6218b36c1d19D4a2e9Eb0cE3606eB48, 0x4c9EDD5852cd905f086C759E8383e09bff1E68B3]
    ├─ [2807] 0x55BcE9b12953d6a8468c57a811E6642289A99764::authorizedClients(0x8B9482a3ff055d24183B40Dd8BB70fFe3edD4c83) [staticcall]
    │   └─ ← [Return] true
    ├─ [3180] 0x8B9482a3ff055d24183B40Dd8BB70fFe3edD4c83::yieldStrategy(ERC20: [0x865377367054516e17014CcdED1e7d814EDC9ce4]) [staticcall]
    │   └─ ← [Return] 0x55BcE9b12953d6a8468c57a811E6642289A99764
    ├─ [2890] 0x55BcE9b12953d6a8468c57a811E6642289A99764::setAsideBufferSize(0x8B9482a3ff055d24183B40Dd8BB70fFe3edD4c83) [staticcall]
    │   └─ ← [Return] 10
    ├─ [9492] 0x8B9482a3ff055d24183B40Dd8BB70fFe3edD4c83::poolInfo(ERC20: [0x865377367054516e17014CcdED1e7d814EDC9ce4]) [staticcall]
    │   └─ ← [Return] 22786458333332 [2.278e13], 0, 1789620925 [1.789e9], 1234668498770261553765 [1.234e21]
    ├─ [0] console::log("  pool configured:", ERC20: [0x865377367054516e17014CcdED1e7d814EDC9ce4], "DOLA") [staticcall]
    │   └─ ← [Stop]
    ├─ [1870] FiatTokenProxy::fallback() [staticcall]
    │   ├─ [1081] FiatTokenV2_2::symbol() [delegatecall]
    │   │   └─ ← [Return] "USDC"
    │   └─ ← [Return] "USDC"
    ├─ [1433] 0x8B9482a3ff055d24183B40Dd8BB70fFe3edD4c83::getStakedTokens() [staticcall]
    │   └─ ← [Return] [0x865377367054516e17014CcdED1e7d814EDC9ce4, 0xA0b86991c6218b36c1d19D4a2e9Eb0cE3606eB48, 0x4c9EDD5852cd905f086C759E8383e09bff1E68B3]
    ├─ [2807] 0xaFDf8DeA96a0F37Aae4869f813901bf73a3eAB83::authorizedClients(0x8B9482a3ff055d24183B40Dd8BB70fFe3edD4c83) [staticcall]
    │   └─ ← [Return] true
    ├─ [3180] 0x8B9482a3ff055d24183B40Dd8BB70fFe3edD4c83::yieldStrategy(FiatTokenProxy: [0xA0b86991c6218b36c1d19D4a2e9Eb0cE3606eB48]) [staticcall]
    │   └─ ← [Return] 0xaFDf8DeA96a0F37Aae4869f813901bf73a3eAB83
    ├─ [2890] 0xaFDf8DeA96a0F37Aae4869f813901bf73a3eAB83::setAsideBufferSize(0x8B9482a3ff055d24183B40Dd8BB70fFe3edD4c83) [staticcall]
    │   └─ ← [Return] 10
    ├─ [9492] 0x8B9482a3ff055d24183B40Dd8BB70fFe3edD4c83::poolInfo(FiatTokenProxy: [0xA0b86991c6218b36c1d19D4a2e9Eb0cE3606eB48]) [staticcall]
    │   └─ ← [Return] 31901041666664 [3.19e13], 0, 1789620926 [1.789e9], 1966340967 [1.966e9]
    ├─ [0] console::log("  pool configured:", FiatTokenProxy: [0xA0b86991c6218b36c1d19D4a2e9Eb0cE3606eB48], "USDC") [staticcall]
    │   └─ ← [Stop]
    ├─ [1303] USDe::symbol() [staticcall]
    │   └─ ← [Return] "USDe"
    ├─ [1433] 0x8B9482a3ff055d24183B40Dd8BB70fFe3edD4c83::getStakedTokens() [staticcall]
    │   └─ ← [Return] [0x865377367054516e17014CcdED1e7d814EDC9ce4, 0xA0b86991c6218b36c1d19D4a2e9Eb0cE3606eB48, 0x4c9EDD5852cd905f086C759E8383e09bff1E68B3]
    ├─ [2807] 0xaC2e5936Eca286eC364d4D5Bcca33145fBe57f95::authorizedClients(0x8B9482a3ff055d24183B40Dd8BB70fFe3edD4c83) [staticcall]
    │   └─ ← [Return] true
    ├─ [3180] 0x8B9482a3ff055d24183B40Dd8BB70fFe3edD4c83::yieldStrategy(USDe: [0x4c9EDD5852cd905f086C759E8383e09bff1E68B3]) [staticcall]
    │   └─ ← [Return] 0xaC2e5936Eca286eC364d4D5Bcca33145fBe57f95
    ├─ [2890] 0xaC2e5936Eca286eC364d4D5Bcca33145fBe57f95::setAsideBufferSize(0x8B9482a3ff055d24183B40Dd8BB70fFe3edD4c83) [staticcall]
    │   └─ ← [Return] 25
    ├─ [9492] 0x8B9482a3ff055d24183B40Dd8BB70fFe3edD4c83::poolInfo(USDe: [0x4c9EDD5852cd905f086C759E8383e09bff1E68B3]) [staticcall]
    │   └─ ← [Return] 45572916666664 [4.557e13], 0, 1789620927 [1.789e9], 2557243750043196647505 [2.557e21]
    ├─ [0] console::log("  pool configured:", USDe: [0x4c9EDD5852cd905f086C759E8383e09bff1E68B3], "USDe") [staticcall]
    │   └─ ← [Stop]
    ├─ [0] console::log("\n=== verify Phase 5: mint rights ===") [staticcall]
    │   └─ ← [Stop]
    ├─ [2638] 0xA025801D81aCFd9E35Bfb05346116e5A3fBAa79F::isApprovedMinter(0x8B9482a3ff055d24183B40Dd8BB70fFe3edD4c83) [staticcall]
    │   └─ ← [Return] true
    ├─ [11818] 0x8B9482a3ff055d24183B40Dd8BB70fFe3edD4c83::phUSDMintAvailable() [staticcall]
    │   ├─ [345] 0xA025801D81aCFd9E35Bfb05346116e5A3fBAa79F::phUSD() [staticcall]
    │   │   └─ ← [Return] FlaxToken: [0xf3B5B661b92B75C71fA5Aba8Fd95D7514A9CD605]
    │   ├─ [5925] FlaxToken::authorizedMinters(0x8B9482a3ff055d24183B40Dd8BB70fFe3edD4c83) [staticcall]
    │   │   └─ ← [Return] MinterInfo({ canMint: true, mintVersion: 0 })
    │   ├─ [2495] FlaxToken::mintVersion() [staticcall]
    │   │   └─ ← [Return] 0
    │   └─ ← [Return] true
    ├─ [5925] FlaxToken::authorizedMinters(0xA025801D81aCFd9E35Bfb05346116e5A3fBAa79F) [staticcall]
    │   └─ ← [Return] MinterInfo({ canMint: true, mintVersion: 0 })
    ├─ [495] FlaxToken::mintVersion() [staticcall]
    │   └─ ← [Return] 0
    ├─ [0] console::log("  V2 Antimatter + phUSD mint, Antimatter phUSD mint") [staticcall]
    │   └─ ← [Stop]
    ├─ [0] console::log("\n=== verify Phase 6: migration ===") [staticcall]
    │   └─ ← [Stop]
    ├─ [266] 0xA6d3fc83C91B8319D219cEB12B46e3dfF064B58F::oldStaker() [staticcall]
    │   └─ ← [Return] 0xbce8ABC09BaEDCabE93419bF875f6186e182079A
    ├─ [244] 0xA6d3fc83C91B8319D219cEB12B46e3dfF064B58F::newStaker() [staticcall]
    │   └─ ← [Return] 0x8B9482a3ff055d24183B40Dd8BB70fFe3edD4c83
    ├─ [391] 0xA6d3fc83C91B8319D219cEB12B46e3dfF064B58F::owner() [staticcall]
    │   └─ ← [Return] 0xCad1a7864a108DBFF67F4b8af71fAB0C7A86D0B6
    ├─ [2711] 0xbce8ABC09BaEDCabE93419bF875f6186e182079A::migrator() [staticcall]
    │   └─ ← [Return] 0xA6d3fc83C91B8319D219cEB12B46e3dfF064B58F
    ├─ [2799] 0x8B9482a3ff055d24183B40Dd8BB70fFe3edD4c83::migrator() [staticcall]
    │   └─ ← [Return] 0xA6d3fc83C91B8319D219cEB12B46e3dfF064B58F
    ├─ [1083] ERC20::symbol() [staticcall]
    │   └─ ← [Return] "DOLA"
    ├─ [968] 0xbce8ABC09BaEDCabE93419bF875f6186e182079A::poolState(ERC20: [0x865377367054516e17014CcdED1e7d814EDC9ce4]) [staticcall]
    │   └─ ← [Return] 1
    ├─ [968] 0xbce8ABC09BaEDCabE93419bF875f6186e182079A::poolState(ERC20: [0x865377367054516e17014CcdED1e7d814EDC9ce4]) [staticcall]
    │   └─ ← [Return] 1
    ├─ [558] 0xbce8ABC09BaEDCabE93419bF875f6186e182079A::stakerCount(ERC20: [0x865377367054516e17014CcdED1e7d814EDC9ce4]) [staticcall]
    │   └─ ← [Return] 0
    ├─ [1669] 0xbce8ABC09BaEDCabE93419bF875f6186e182079A::getStakersRange(ERC20: [0x865377367054516e17014CcdED1e7d814EDC9ce4], 0, 0) [staticcall]
    │   └─ ← [Return] []
    ├─ [380] ERC20::decimals() [staticcall]
    │   └─ ← [Return] 18
    ├─ [0] VM::toString(0) [staticcall]
    │   └─ ← [Return] "0"
    ├─ [966] 0x1760E05356Ec1FBBA159C730781dCfB9920524e2::ammAdapter() [staticcall]
    │   └─ ← [Revert] EvmError: Revert
    ├─ [966] 0x55BcE9b12953d6a8468c57a811E6642289A99764::ammAdapter() [staticcall]
    │   └─ ← [Revert] EvmError: Revert
    ├─ [968] 0xbce8ABC09BaEDCabE93419bF875f6186e182079A::poolState(ERC20: [0x865377367054516e17014CcdED1e7d814EDC9ce4]) [staticcall]
    │   └─ ← [Return] 1
    ├─ [558] 0xbce8ABC09BaEDCabE93419bF875f6186e182079A::stakerCount(ERC20: [0x865377367054516e17014CcdED1e7d814EDC9ce4]) [staticcall]
    │   └─ ← [Return] 0
    ├─ [1338] 0xbce8ABC09BaEDCabE93419bF875f6186e182079A::poolInfo(ERC20: [0x865377367054516e17014CcdED1e7d814EDC9ce4]) [staticcall]
    │   └─ ← [Return] 10850694444444 [1.085e13], 224084379875988348 [2.24e17], 1789620925 [1.789e9], 0
    ├─ [1310] 0x1760E05356Ec1FBBA159C730781dCfB9920524e2::principalOf(ERC20: [0x865377367054516e17014CcdED1e7d814EDC9ce4], 0xbce8ABC09BaEDCabE93419bF875f6186e182079A) [staticcall]
    │   └─ ← [Return] 0
    ├─ [1492] 0x8B9482a3ff055d24183B40Dd8BB70fFe3edD4c83::poolInfo(ERC20: [0x865377367054516e17014CcdED1e7d814EDC9ce4]) [staticcall]
    │   └─ ← [Return] 22786458333332 [2.278e13], 0, 1789620925 [1.789e9], 1234668498770261553765 [1.234e21]
    ├─ [2558] 0x8B9482a3ff055d24183B40Dd8BB70fFe3edD4c83::stakerCount(ERC20: [0x865377367054516e17014CcdED1e7d814EDC9ce4]) [staticcall]
    │   └─ ← [Return] 9
    ├─ [25597] 0x8B9482a3ff055d24183B40Dd8BB70fFe3edD4c83::getStakersRange(ERC20: [0x865377367054516e17014CcdED1e7d814EDC9ce4], 0, 9) [staticcall]
    │   └─ ← [Return] [0xCad1a7864a108DBFF67F4b8af71fAB0C7A86D0B6, 0x4B75d1CF8A07280249404Bf10aa1B844f0982aBC, 0x25AdA296F30976024d675Cd219f9aAF1F2Ad4eb1, 0x186c77B80Bbfd21b01C7D7FA44bA27031322a77F, 0x70Ac9D66b8b29332948C1972786473A1F050e7BD, 0xC8Fc15bF56259271c24072F5A6b0A6B6dF06D358, 0x0f254C40729C93093DC0D290E716B842a9C4484a, 0x9Ebb8b14aCbEDd921df6CC336c568B7dCBEf3182, 0xD57e5f043cB3C05be4E8138886cCEF2448a07C66]
    ├─ [4748] 0x8B9482a3ff055d24183B40Dd8BB70fFe3edD4c83::userInfo(ERC20: [0x865377367054516e17014CcdED1e7d814EDC9ce4], 0xCad1a7864a108DBFF67F4b8af71fAB0C7A86D0B6) [staticcall]
    │   └─ ← [Return] 50174494103519 [5.017e13], 0
    ├─ [4748] 0x8B9482a3ff055d24183B40Dd8BB70fFe3edD4c83::userInfo(ERC20: [0x865377367054516e17014CcdED1e7d814EDC9ce4], 0x4B75d1CF8A07280249404Bf10aa1B844f0982aBC) [staticcall]
    │   └─ ← [Return] 24897504191946 [2.489e13], 0
    ├─ [4748] 0x8B9482a3ff055d24183B40Dd8BB70fFe3edD4c83::userInfo(ERC20: [0x865377367054516e17014CcdED1e7d814EDC9ce4], 0x25AdA296F30976024d675Cd219f9aAF1F2Ad4eb1) [staticcall]
    │   └─ ← [Return] 17498471402608711849 [1.749e19], 0
    ├─ [4748] 0x8B9482a3ff055d24183B40Dd8BB70fFe3edD4c83::userInfo(ERC20: [0x865377367054516e17014CcdED1e7d814EDC9ce4], 0x186c77B80Bbfd21b01C7D7FA44bA27031322a77F) [staticcall]
    │   └─ ← [Return] 6222635521378 [6.222e12], 0
    ├─ [4748] 0x8B9482a3ff055d24183B40Dd8BB70fFe3edD4c83::userInfo(ERC20: [0x865377367054516e17014CcdED1e7d814EDC9ce4], 0x70Ac9D66b8b29332948C1972786473A1F050e7BD) [staticcall]
    │   └─ ← [Return] 95992973308330863464 [9.599e19], 0
    ├─ [4748] 0x8B9482a3ff055d24183B40Dd8BB70fFe3edD4c83::userInfo(ERC20: [0x865377367054516e17014CcdED1e7d814EDC9ce4], 0xC8Fc15bF56259271c24072F5A6b0A6B6dF06D358) [staticcall]
    │   └─ ← [Return] 121058615595608331785 [1.21e20], 0
    ├─ [4748] 0x8B9482a3ff055d24183B40Dd8BB70fFe3edD4c83::userInfo(ERC20: [0x865377367054516e17014CcdED1e7d814EDC9ce4], 0x0f254C40729C93093DC0D290E716B842a9C4484a) [staticcall]
    │   └─ ← [Return] 1039787092060 [1.039e12], 0
    ├─ [4748] 0x8B9482a3ff055d24183B40Dd8BB70fFe3edD4c83::userInfo(ERC20: [0x865377367054516e17014CcdED1e7d814EDC9ce4], 0x9Ebb8b14aCbEDd921df6CC336c568B7dCBEf3182) [staticcall]
    │   └─ ← [Return] 50577306318296 [5.057e13], 0
    ├─ [4748] 0x8B9482a3ff055d24183B40Dd8BB70fFe3edD4c83::userInfo(ERC20: [0x865377367054516e17014CcdED1e7d814EDC9ce4], 0xD57e5f043cB3C05be4E8138886cCEF2448a07C66) [staticcall]
    │   └─ ← [Return] 1000118305551986419468 [1e21], 0
    ├─ [4993] 0xbce8ABC09BaEDCabE93419bF875f6186e182079A::migrationInfo(ERC20: [0x865377367054516e17014CcdED1e7d814EDC9ce4]) [staticcall]
    │   └─ ← [Return] 1234668498770261553781 [1.234e21], 1234727033595298752962 [1.234e21]
    ├─ [0] console::log("  exit realization (token / R realized / P snapshot):", ERC20: [0x865377367054516e17014CcdED1e7d814EDC9ce4], 1234668498770261553781 [1.234e21], 1234727033595298752962 [1.234e21]) [staticcall]
    │   └─ ← [Stop]
    ├─ [0] console::log("    exit bound bps (source) / per-user bound bps / V2 totalStaked:", 5, 10, 1234668498770261553765 [1.234e21]) [staticcall]
    │   └─ ← [Stop]
    ├─ [3310] 0x55BcE9b12953d6a8468c57a811E6642289A99764::principalOf(ERC20: [0x865377367054516e17014CcdED1e7d814EDC9ce4], 0x8B9482a3ff055d24183B40Dd8BB70fFe3edD4c83) [staticcall]
    │   └─ ← [Return] 1234668498770261553765 [1.234e21]
    ├─ [0] console::log("  post-migration OK (token / V2 totalStaked / V2 stakers):", ERC20: [0x865377367054516e17014CcdED1e7d814EDC9ce4], 1234668498770261553765 [1.234e21], 9) [staticcall]
    │   └─ ← [Stop]
    ├─ [0] console::log("  pool migrated (token / V1 stragglers):", ERC20: [0x865377367054516e17014CcdED1e7d814EDC9ce4], 0) [staticcall]
    │   └─ ← [Stop]
    ├─ [1870] FiatTokenProxy::fallback() [staticcall]
    │   ├─ [1081] FiatTokenV2_2::symbol() [delegatecall]
    │   │   └─ ← [Return] "USDC"
    │   └─ ← [Return] "USDC"
    ├─ [968] 0xbce8ABC09BaEDCabE93419bF875f6186e182079A::poolState(FiatTokenProxy: [0xA0b86991c6218b36c1d19D4a2e9Eb0cE3606eB48]) [staticcall]
    │   └─ ← [Return] 1
    ├─ [968] 0xbce8ABC09BaEDCabE93419bF875f6186e182079A::poolState(FiatTokenProxy: [0xA0b86991c6218b36c1d19D4a2e9Eb0cE3606eB48]) [staticcall]
    │   └─ ← [Return] 1
    ├─ [558] 0xbce8ABC09BaEDCabE93419bF875f6186e182079A::stakerCount(FiatTokenProxy: [0xA0b86991c6218b36c1d19D4a2e9Eb0cE3606eB48]) [staticcall]
    │   └─ ← [Return] 0
    ├─ [1669] 0xbce8ABC09BaEDCabE93419bF875f6186e182079A::getStakersRange(FiatTokenProxy: [0xA0b86991c6218b36c1d19D4a2e9Eb0cE3606eB48], 0, 0) [staticcall]
    │   └─ ← [Return] []
    ├─ [1164] FiatTokenProxy::fallback() [staticcall]
    │   ├─ [381] FiatTokenV2_2::decimals() [delegatecall]
    │   │   └─ ← [Return] 6
    │   └─ ← [Return] 6
    ├─ [0] VM::toString(0) [staticcall]
    │   └─ ← [Return] "0"
    ├─ [966] 0xaFDf8DeA96a0F37Aae4869f813901bf73a3eAB83::ammAdapter() [staticcall]
    │   └─ ← [Revert] EvmError: Revert
    ├─ [966] 0xaFDf8DeA96a0F37Aae4869f813901bf73a3eAB83::ammAdapter() [staticcall]
    │   └─ ← [Revert] EvmError: Revert
    ├─ [968] 0xbce8ABC09BaEDCabE93419bF875f6186e182079A::poolState(FiatTokenProxy: [0xA0b86991c6218b36c1d19D4a2e9Eb0cE3606eB48]) [staticcall]
    │   └─ ← [Return] 1
    ├─ [558] 0xbce8ABC09BaEDCabE93419bF875f6186e182079A::stakerCount(FiatTokenProxy: [0xA0b86991c6218b36c1d19D4a2e9Eb0cE3606eB48]) [staticcall]
    │   └─ ← [Return] 0
    ├─ [1338] 0xbce8ABC09BaEDCabE93419bF875f6186e182079A::poolInfo(FiatTokenProxy: [0xA0b86991c6218b36c1d19D4a2e9Eb0cE3606eB48]) [staticcall]
    │   └─ ← [Return] 15190972222221 [1.519e13], 162193612175871516117217910032 [1.621e29], 1789620926 [1.789e9], 0
    ├─ [1310] 0xaFDf8DeA96a0F37Aae4869f813901bf73a3eAB83::principalOf(FiatTokenProxy: [0xA0b86991c6218b36c1d19D4a2e9Eb0cE3606eB48], 0xbce8ABC09BaEDCabE93419bF875f6186e182079A) [staticcall]
    │   └─ ← [Return] 0
    ├─ [1492] 0x8B9482a3ff055d24183B40Dd8BB70fFe3edD4c83::poolInfo(FiatTokenProxy: [0xA0b86991c6218b36c1d19D4a2e9Eb0cE3606eB48]) [staticcall]
    │   └─ ← [Return] 31901041666664 [3.19e13], 0, 1789620926 [1.789e9], 1966340967 [1.966e9]
    ├─ [2558] 0x8B9482a3ff055d24183B40Dd8BB70fFe3edD4c83::stakerCount(FiatTokenProxy: [0xA0b86991c6218b36c1d19D4a2e9Eb0cE3606eB48]) [staticcall]
    │   └─ ← [Return] 13
    ├─ [36154] 0x8B9482a3ff055d24183B40Dd8BB70fFe3edD4c83::getStakersRange(FiatTokenProxy: [0xA0b86991c6218b36c1d19D4a2e9Eb0cE3606eB48], 0, 13) [staticcall]
    │   └─ ← [Return] [0x186c77B80Bbfd21b01C7D7FA44bA27031322a77F, 0xCad1a7864a108DBFF67F4b8af71fAB0C7A86D0B6, 0x4B75d1CF8A07280249404Bf10aa1B844f0982aBC, 0xeCbcD731fb50D3413Bb9ECE12837dbC39847A394, 0x25AdA296F30976024d675Cd219f9aAF1F2Ad4eb1, 0x0f254C40729C93093DC0D290E716B842a9C4484a, 0x9Ebb8b14aCbEDd921df6CC336c568B7dCBEf3182, 0x43Bd4241669753C1Ea87A9E7805EB518aB6ac239, 0xc25cCd4896917E9e31925755cEd674cBD7214E1A, 0x64d3CbAB6100782a7839fC1af791027a2f1908D2, 0x2593be17Dd1C31B4c124A18BAC3a7aE19567ae37, 0xd7050a440E7da97147ceb602404F70438c57F4Eb, 0x0f92282a77C490034536b066b24312062dc24aa9]
    ├─ [4748] 0x8B9482a3ff055d24183B40Dd8BB70fFe3edD4c83::userInfo(FiatTokenProxy: [0xA0b86991c6218b36c1d19D4a2e9Eb0cE3606eB48], 0x186c77B80Bbfd21b01C7D7FA44bA27031322a77F) [staticcall]
    │   └─ ← [Return] 549922384 [5.499e8], 0
    ├─ [4748] 0x8B9482a3ff055d24183B40Dd8BB70fFe3edD4c83::userInfo(FiatTokenProxy: [0xA0b86991c6218b36c1d19D4a2e9Eb0cE3606eB48], 0xCad1a7864a108DBFF67F4b8af71fAB0C7A86D0B6) [staticcall]
    │   └─ ← [Return] 40799803 [4.079e7], 0
    ├─ [4748] 0x8B9482a3ff055d24183B40Dd8BB70fFe3edD4c83::userInfo(FiatTokenProxy: [0xA0b86991c6218b36c1d19D4a2e9Eb0cE3606eB48], 0x4B75d1CF8A07280249404Bf10aa1B844f0982aBC) [staticcall]
    │   └─ ← [Return] 10, 0
    ├─ [4748] 0x8B9482a3ff055d24183B40Dd8BB70fFe3edD4c83::userInfo(FiatTokenProxy: [0xA0b86991c6218b36c1d19D4a2e9Eb0cE3606eB48], 0xeCbcD731fb50D3413Bb9ECE12837dbC39847A394) [staticcall]
    │   └─ ← [Return] 670258570 [6.702e8], 0
    ├─ [4748] 0x8B9482a3ff055d24183B40Dd8BB70fFe3edD4c83::userInfo(FiatTokenProxy: [0xA0b86991c6218b36c1d19D4a2e9Eb0cE3606eB48], 0x25AdA296F30976024d675Cd219f9aAF1F2Ad4eb1) [staticcall]
    │   └─ ← [Return] 64, 0
    ├─ [4748] 0x8B9482a3ff055d24183B40Dd8BB70fFe3edD4c83::userInfo(FiatTokenProxy: [0xA0b86991c6218b36c1d19D4a2e9Eb0cE3606eB48], 0x0f254C40729C93093DC0D290E716B842a9C4484a) [staticcall]
    │   └─ ← [Return] 84, 0
    ├─ [4748] 0x8B9482a3ff055d24183B40Dd8BB70fFe3edD4c83::userInfo(FiatTokenProxy: [0xA0b86991c6218b36c1d19D4a2e9Eb0cE3606eB48], 0x9Ebb8b14aCbEDd921df6CC336c568B7dCBEf3182) [staticcall]
    │   └─ ← [Return] 28, 0
    ├─ [4748] 0x8B9482a3ff055d24183B40Dd8BB70fFe3edD4c83::userInfo(FiatTokenProxy: [0xA0b86991c6218b36c1d19D4a2e9Eb0cE3606eB48], 0x43Bd4241669753C1Ea87A9E7805EB518aB6ac239) [staticcall]
    │   └─ ← [Return] 299973433 [2.999e8], 0
    ├─ [4748] 0x8B9482a3ff055d24183B40Dd8BB70fFe3edD4c83::userInfo(FiatTokenProxy: [0xA0b86991c6218b36c1d19D4a2e9Eb0cE3606eB48], 0xc25cCd4896917E9e31925755cEd674cBD7214E1A) [staticcall]
    │   └─ ← [Return] 207576763 [2.075e8], 0
    ├─ [4748] 0x8B9482a3ff055d24183B40Dd8BB70fFe3edD4c83::userInfo(FiatTokenProxy: [0xA0b86991c6218b36c1d19D4a2e9Eb0cE3606eB48], 0x64d3CbAB6100782a7839fC1af791027a2f1908D2) [staticcall]
    │   └─ ← [Return] 4827382 [4.827e6], 0
    ├─ [4748] 0x8B9482a3ff055d24183B40Dd8BB70fFe3edD4c83::userInfo(FiatTokenProxy: [0xA0b86991c6218b36c1d19D4a2e9Eb0cE3606eB48], 0x2593be17Dd1C31B4c124A18BAC3a7aE19567ae37) [staticcall]
    │   └─ ← [Return] 20, 0
    ├─ [4748] 0x8B9482a3ff055d24183B40Dd8BB70fFe3edD4c83::userInfo(FiatTokenProxy: [0xA0b86991c6218b36c1d19D4a2e9Eb0cE3606eB48], 0xd7050a440E7da97147ceb602404F70438c57F4Eb) [staticcall]
    │   └─ ← [Return] 88, 0
    ├─ [4748] 0x8B9482a3ff055d24183B40Dd8BB70fFe3edD4c83::userInfo(FiatTokenProxy: [0xA0b86991c6218b36c1d19D4a2e9Eb0cE3606eB48], 0x0f92282a77C490034536b066b24312062dc24aa9) [staticcall]
    │   └─ ← [Return] 192982338 [1.929e8], 0
    ├─ [4993] 0xbce8ABC09BaEDCabE93419bF875f6186e182079A::migrationInfo(FiatTokenProxy: [0xA0b86991c6218b36c1d19D4a2e9Eb0cE3606eB48]) [staticcall]
    │   └─ ← [Return] 1966408583 [1.966e9], 1966476179 [1.966e9]
    ├─ [0] console::log("  exit realization (token / R realized / P snapshot):", FiatTokenProxy: [0xA0b86991c6218b36c1d19D4a2e9Eb0cE3606eB48], 1966408583 [1.966e9], 1966476179 [1.966e9]) [staticcall]
    │   └─ ← [Stop]
    ├─ [0] console::log("    exit bound bps (source) / per-user bound bps / V2 totalStaked:", 5, 5, 1966340967 [1.966e9]) [staticcall]
    │   └─ ← [Stop]
    ├─ [3310] 0xaFDf8DeA96a0F37Aae4869f813901bf73a3eAB83::principalOf(FiatTokenProxy: [0xA0b86991c6218b36c1d19D4a2e9Eb0cE3606eB48], 0x8B9482a3ff055d24183B40Dd8BB70fFe3edD4c83) [staticcall]
    │   └─ ← [Return] 1966340967 [1.966e9]
    ├─ [0] console::log("  post-migration OK (token / V2 totalStaked / V2 stakers):", FiatTokenProxy: [0xA0b86991c6218b36c1d19D4a2e9Eb0cE3606eB48], 1966340967 [1.966e9], 13) [staticcall]
    │   └─ ← [Stop]
    ├─ [0] console::log("  pool migrated (token / V1 stragglers):", FiatTokenProxy: [0xA0b86991c6218b36c1d19D4a2e9Eb0cE3606eB48], 0) [staticcall]
    │   └─ ← [Stop]
    ├─ [1303] USDe::symbol() [staticcall]
    │   └─ ← [Return] "USDe"
    ├─ [968] 0xbce8ABC09BaEDCabE93419bF875f6186e182079A::poolState(USDe: [0x4c9EDD5852cd905f086C759E8383e09bff1E68B3]) [staticcall]
    │   └─ ← [Return] 1
    ├─ [968] 0xbce8ABC09BaEDCabE93419bF875f6186e182079A::poolState(USDe: [0x4c9EDD5852cd905f086C759E8383e09bff1E68B3]) [staticcall]
    │   └─ ← [Return] 1
    ├─ [558] 0xbce8ABC09BaEDCabE93419bF875f6186e182079A::stakerCount(USDe: [0x4c9EDD5852cd905f086C759E8383e09bff1E68B3]) [staticcall]
    │   └─ ← [Return] 0
    ├─ [1669] 0xbce8ABC09BaEDCabE93419bF875f6186e182079A::getStakersRange(USDe: [0x4c9EDD5852cd905f086C759E8383e09bff1E68B3], 0, 0) [staticcall]
    │   └─ ← [Return] []
    ├─ [267] USDe::decimals() [staticcall]
    │   └─ ← [Return] 18
    ├─ [0] VM::toString(0) [staticcall]
    │   └─ ← [Return] "0"
    ├─ [787] 0xaC2e5936Eca286eC364d4D5Bcca33145fBe57f95::ammAdapter() [staticcall]
    │   └─ ← [Return] 0x2D024e0d03Fb6Ead4F8E7Ba1EBECF6db0E755D6f
    ├─ [2248] 0xaC2e5936Eca286eC364d4D5Bcca33145fBe57f95::slippageToleranceBps() [staticcall]
    │   └─ ← [Return] 30
    ├─ [787] 0xaC2e5936Eca286eC364d4D5Bcca33145fBe57f95::ammAdapter() [staticcall]
    │   └─ ← [Return] 0x2D024e0d03Fb6Ead4F8E7Ba1EBECF6db0E755D6f
    ├─ [248] 0xaC2e5936Eca286eC364d4D5Bcca33145fBe57f95::slippageToleranceBps() [staticcall]
    │   └─ ← [Return] 30
    ├─ [968] 0xbce8ABC09BaEDCabE93419bF875f6186e182079A::poolState(USDe: [0x4c9EDD5852cd905f086C759E8383e09bff1E68B3]) [staticcall]
    │   └─ ← [Return] 1
    ├─ [558] 0xbce8ABC09BaEDCabE93419bF875f6186e182079A::stakerCount(USDe: [0x4c9EDD5852cd905f086C759E8383e09bff1E68B3]) [staticcall]
    │   └─ ← [Return] 0
    ├─ [1338] 0xbce8ABC09BaEDCabE93419bF875f6186e182079A::poolInfo(USDe: [0x4c9EDD5852cd905f086C759E8383e09bff1E68B3]) [staticcall]
    │   └─ ← [Return] 21701388888888 [2.17e13], 231733476019585781 [2.317e17], 1789620927 [1.789e9], 0
    ├─ [1310] 0xaC2e5936Eca286eC364d4D5Bcca33145fBe57f95::principalOf(USDe: [0x4c9EDD5852cd905f086C759E8383e09bff1E68B3], 0xbce8ABC09BaEDCabE93419bF875f6186e182079A) [staticcall]
    │   └─ ← [Return] 0
    ├─ [1492] 0x8B9482a3ff055d24183B40Dd8BB70fFe3edD4c83::poolInfo(USDe: [0x4c9EDD5852cd905f086C759E8383e09bff1E68B3]) [staticcall]
    │   └─ ← [Return] 45572916666664 [4.557e13], 0, 1789620927 [1.789e9], 2557243750043196647505 [2.557e21]
    ├─ [2558] 0x8B9482a3ff055d24183B40Dd8BB70fFe3edD4c83::stakerCount(USDe: [0x4c9EDD5852cd905f086C759E8383e09bff1E68B3]) [staticcall]
    │   └─ ← [Return] 7
    ├─ [20318] 0x8B9482a3ff055d24183B40Dd8BB70fFe3edD4c83::getStakersRange(USDe: [0x4c9EDD5852cd905f086C759E8383e09bff1E68B3], 0, 7) [staticcall]
    │   └─ ← [Return] [0xD57e5f043cB3C05be4E8138886cCEF2448a07C66, 0x186c77B80Bbfd21b01C7D7FA44bA27031322a77F, 0x4B75d1CF8A07280249404Bf10aa1B844f0982aBC, 0x25AdA296F30976024d675Cd219f9aAF1F2Ad4eb1, 0xCad1a7864a108DBFF67F4b8af71fAB0C7A86D0B6, 0x0f254C40729C93093DC0D290E716B842a9C4484a, 0x43Bd4241669753C1Ea87A9E7805EB518aB6ac239]
    ├─ [4748] 0x8B9482a3ff055d24183B40Dd8BB70fFe3edD4c83::userInfo(USDe: [0x4c9EDD5852cd905f086C759E8383e09bff1E68B3], 0xD57e5f043cB3C05be4E8138886cCEF2448a07C66) [staticcall]
    │   └─ ← [Return] 996270982313263559770 [9.962e20], 0
    ├─ [4748] 0x8B9482a3ff055d24183B40Dd8BB70fFe3edD4c83::userInfo(USDe: [0x4c9EDD5852cd905f086C759E8383e09bff1E68B3], 0x186c77B80Bbfd21b01C7D7FA44bA27031322a77F) [staticcall]
    │   └─ ← [Return] 394093730762915792395 [3.94e20], 0
    ├─ [4748] 0x8B9482a3ff055d24183B40Dd8BB70fFe3edD4c83::userInfo(USDe: [0x4c9EDD5852cd905f086C759E8383e09bff1E68B3], 0x4B75d1CF8A07280249404Bf10aa1B844f0982aBC) [staticcall]
    │   └─ ← [Return] 53499751434573 [5.349e13], 0
    ├─ [4748] 0x8B9482a3ff055d24183B40Dd8BB70fFe3edD4c83::userInfo(USDe: [0x4c9EDD5852cd905f086C759E8383e09bff1E68B3], 0x25AdA296F30976024d675Cd219f9aAF1F2Ad4eb1) [staticcall]
    │   └─ ← [Return] 263219773329079136166 [2.632e20], 0
    ├─ [4748] 0x8B9482a3ff055d24183B40Dd8BB70fFe3edD4c83::userInfo(USDe: [0x4c9EDD5852cd905f086C759E8383e09bff1E68B3], 0xCad1a7864a108DBFF67F4b8af71fAB0C7A86D0B6) [staticcall]
    │   └─ ← [Return] 92453946613192 [9.245e13], 0
    ├─ [4748] 0x8B9482a3ff055d24183B40Dd8BB70fFe3edD4c83::userInfo(USDe: [0x4c9EDD5852cd905f086C759E8383e09bff1E68B3], 0x0f254C40729C93093DC0D290E716B842a9C4484a) [staticcall]
    │   └─ ← [Return] 9165692983204 [9.165e12], 0
    ├─ [4748] 0x8B9482a3ff055d24183B40Dd8BB70fFe3edD4c83::userInfo(USDe: [0x4c9EDD5852cd905f086C759E8383e09bff1E68B3], 0x43Bd4241669753C1Ea87A9E7805EB518aB6ac239) [staticcall]
    │   └─ ← [Return] 903659108518547128205 [9.036e20], 0
    ├─ [4993] 0xbce8ABC09BaEDCabE93419bF875f6186e182079A::migrationInfo(USDe: [0x4c9EDD5852cd905f086C759E8383e09bff1E68B3]) [staticcall]
    │   └─ ← [Return] 2564938565740417901215 [2.564e21], 2566815465400000000000 [2.566e21]
    ├─ [0] console::log("  exit realization (token / R realized / P snapshot):", USDe: [0x4c9EDD5852cd905f086C759E8383e09bff1E68B3], 2564938565740417901215 [2.564e21], 2566815465400000000000 [2.566e21]) [staticcall]
    │   └─ ← [Stop]
    ├─ [0] console::log("    exit bound bps (source) / per-user bound bps / V2 totalStaked:", 61, 61, 2557243750043196647505 [2.557e21]) [staticcall]
    │   └─ ← [Stop]
    ├─ [3310] 0xaC2e5936Eca286eC364d4D5Bcca33145fBe57f95::principalOf(USDe: [0x4c9EDD5852cd905f086C759E8383e09bff1E68B3], 0x8B9482a3ff055d24183B40Dd8BB70fFe3edD4c83) [staticcall]
    │   └─ ← [Return] 2557243750043196647505 [2.557e21]
    ├─ [0] console::log("  post-migration OK (token / V2 totalStaked / V2 stakers):", USDe: [0x4c9EDD5852cd905f086C759E8383e09bff1E68B3], 2557243750043196647505 [2.557e21], 7) [staticcall]
    │   └─ ← [Stop]
    ├─ [0] console::log("  pool migrated (token / V1 stragglers):", USDe: [0x4c9EDD5852cd905f086C759E8383e09bff1E68B3], 0) [staticcall]
    │   └─ ← [Stop]
    ├─ [0] console::log("\n=== verify Phase 6b: minter DOLA collateral, SYA, retired autoDOLA strategy ===") [staticcall]
    │   └─ ← [Stop]
    ├─ [0] console::log("  Phase 6b PENDING (story 096) - 6b checks deferred; this run WILL end with verify: Phase6b: PENDING") [staticcall]
    │   └─ ← [Stop]
    ├─ [0] console::log("\n=== verify Phase 7: finalize ===") [staticcall]
    │   └─ ← [Stop]
    ├─ [2868] 0x55BcE9b12953d6a8468c57a811E6642289A99764::setAsideBufferRecipient() [staticcall]
    │   └─ ← [Return] 0x8B9482a3ff055d24183B40Dd8BB70fFe3edD4c83
    ├─ [0] VM::toString(0x55BcE9b12953d6a8468c57a811E6642289A99764) [staticcall]
    │   └─ ← [Return] "0x55BcE9b12953d6a8468c57a811E6642289A99764"
    ├─ [868] 0xaFDf8DeA96a0F37Aae4869f813901bf73a3eAB83::setAsideBufferRecipient() [staticcall]
    │   └─ ← [Return] 0x8B9482a3ff055d24183B40Dd8BB70fFe3edD4c83
    ├─ [0] VM::toString(0xaFDf8DeA96a0F37Aae4869f813901bf73a3eAB83) [staticcall]
    │   └─ ← [Return] "0xaFDf8DeA96a0F37Aae4869f813901bf73a3eAB83"
    ├─ [966] 0xaC2e5936Eca286eC364d4D5Bcca33145fBe57f95::setAsideBufferRecipient() [staticcall]
    │   └─ ← [Revert] EvmError: Revert
    ├─ [0] VM::toString(0xaC2e5936Eca286eC364d4D5Bcca33145fBe57f95) [staticcall]
    │   └─ ← [Return] "0xaC2e5936Eca286eC364d4D5Bcca33145fBe57f95"
    ├─ [1925] FlaxToken::authorizedMinters(0xbce8ABC09BaEDCabE93419bF875f6186e182079A) [staticcall]
    │   └─ ← [Return] MinterInfo({ canMint: false, mintVersion: 0 })
    ├─ [3019] 0x8B9482a3ff055d24183B40Dd8BB70fFe3edD4c83::pauser() [staticcall]
    │   └─ ← [Return] Pauser: [0x7c5A8EeF1d836450C019FB036453ac6eC97885a3]
    ├─ [2899] Pauser::isRegistered(0x8B9482a3ff055d24183B40Dd8BB70fFe3edD4c83) [staticcall]
    │   └─ ← [Return] true
    ├─ [2722] 0xA025801D81aCFd9E35Bfb05346116e5A3fBAa79F::pauser() [staticcall]
    │   └─ ← [Return] Pauser: [0x7c5A8EeF1d836450C019FB036453ac6eC97885a3]
    ├─ [2899] Pauser::isRegistered(0xA025801D81aCFd9E35Bfb05346116e5A3fBAa79F) [staticcall]
    │   └─ ← [Return] true
    ├─ [645] 0x8B9482a3ff055d24183B40Dd8BB70fFe3edD4c83::paused() [staticcall]
    │   └─ ← [Return] false
    ├─ [403] 0x8B9482a3ff055d24183B40Dd8BB70fFe3edD4c83::claimEnabled() [staticcall]
    │   └─ ← [Return] false
    ├─ [73178] Pauser::getPausableContracts() [staticcall]
    │   └─ ← [Return] [0x5cBAd8c3a18F37BC829e319533927a57d2BC99a4, 0x435B0A1884bd0fb5667677C9eb0e59425b1477E5, 0x8D3A8E3ba43DEb8C7e2110DF437a92243523b6ca, 0xdD9A470dFFa0DF2cE264Ca2ECeA265d30ac1008f, 0x068395556b8c43eDf257DC54D109EA5910aE15c7, 0xdd8cE46ea31d51f38279886a81cFc4c1a90d5E19, 0x4Bf42BD098774a3b3e844cd42149ebBB1108E541, 0xb9639e6Be92033F55E6D9E375Fd1C28ceEdbA50E, 0xd936461f1C15eA9f34Ca1F20ecD54A0819068811, 0xE7aEC21BF6420FF483107adCB9360C4b31d69D78, 0x8b4A75290A1C4935eC1dfd990374AC4BD4D33952, 0xFc629bC5F6339F77635f4F656FBb114A31F7bCB3, 0x39Af088408e815844c567037C157B31d48d2E10F, 0xc8514f821A3d801Fa8a8c435840a992A4365a13b, 0x0cD353bfda674D04823B2826ffafB83B560D21B6, 0x90ce274b20A2aF4265152B369d09ce6E6Dc177F9, 0x90af002Ee537Ad5C2c9817Ebd4EF22B2e8952470, 0xaC2e5936Eca286eC364d4D5Bcca33145fBe57f95, 0x17E25Cca844bC71c1E663E089fF11aFD266B5795, 0x1760E05356Ec1FBBA159C730781dCfB9920524e2, 0xaFDf8DeA96a0F37Aae4869f813901bf73a3eAB83, 0x94855ACA13952D81507C92D3CdBb2e25D3bbE60C, 0x299b0071DEf42D35eaf5ea24CC0a71Cf10655A64, 0xE9067f37f6D0bb116233194690fb600Add8fD052, 0x541b912B5451FfE2c04D5Ea8D317081718683242, 0x55BcE9b12953d6a8468c57a811E6642289A99764, 0x8B9482a3ff055d24183B40Dd8BB70fFe3edD4c83, 0xA025801D81aCFd9E35Bfb05346116e5A3fBAa79F]
    ├─ [2788] 0x5cBAd8c3a18F37BC829e319533927a57d2BC99a4::pauser() [staticcall]
    │   └─ ← [Return] Pauser: [0x7c5A8EeF1d836450C019FB036453ac6eC97885a3]
    ├─ [0] VM::toString(0x5cBAd8c3a18F37BC829e319533927a57d2BC99a4) [staticcall]
    │   └─ ← [Return] "0x5cBAd8c3a18F37BC829e319533927a57d2BC99a4"
    ├─ [2546] 0x5cBAd8c3a18F37BC829e319533927a57d2BC99a4::paused() [staticcall]
    │   └─ ← [Return] false
    ├─ [0] VM::toString(0x5cBAd8c3a18F37BC829e319533927a57d2BC99a4) [staticcall]
    │   └─ ← [Return] "0x5cBAd8c3a18F37BC829e319533927a57d2BC99a4"
    ├─ [2530] PhusdStableMinter::pauser() [staticcall]
    │   └─ ← [Return] Pauser: [0x7c5A8EeF1d836450C019FB036453ac6eC97885a3]
    ├─ [0] VM::toString(PhusdStableMinter: [0x435B0A1884bd0fb5667677C9eb0e59425b1477E5]) [staticcall]
    │   └─ ← [Return] "0x435B0A1884bd0fb5667677C9eb0e59425b1477E5"
    ├─ [628] PhusdStableMinter::paused() [staticcall]
    │   └─ ← [Return] false
    ├─ [0] VM::toString(PhusdStableMinter: [0x435B0A1884bd0fb5667677C9eb0e59425b1477E5]) [staticcall]
    │   └─ ← [Return] "0x435B0A1884bd0fb5667677C9eb0e59425b1477E5"
    ├─ [3283] 0x8D3A8E3ba43DEb8C7e2110DF437a92243523b6ca::pauser() [staticcall]
    │   └─ ← [Return] Pauser: [0x7c5A8EeF1d836450C019FB036453ac6eC97885a3]
    ├─ [0] VM::toString(0x8D3A8E3ba43DEb8C7e2110DF437a92243523b6ca) [staticcall]
    │   └─ ← [Return] "0x8D3A8E3ba43DEb8C7e2110DF437a92243523b6ca"
    ├─ [2843] 0x8D3A8E3ba43DEb8C7e2110DF437a92243523b6ca::paused() [staticcall]
    │   └─ ← [Return] false
    ├─ [0] VM::toString(0x8D3A8E3ba43DEb8C7e2110DF437a92243523b6ca) [staticcall]
    │   └─ ← [Return] "0x8D3A8E3ba43DEb8C7e2110DF437a92243523b6ca"
    ├─ [2575] 0xdD9A470dFFa0DF2cE264Ca2ECeA265d30ac1008f::pauser() [staticcall]
    │   └─ ← [Return] Pauser: [0x7c5A8EeF1d836450C019FB036453ac6eC97885a3]
    ├─ [0] VM::toString(0xdD9A470dFFa0DF2cE264Ca2ECeA265d30ac1008f) [staticcall]
    │   └─ ← [Return] "0xdD9A470dFFa0DF2cE264Ca2ECeA265d30ac1008f"
    ├─ [2635] 0xdD9A470dFFa0DF2cE264Ca2ECeA265d30ac1008f::paused() [staticcall]
    │   └─ ← [Return] false
    ├─ [0] VM::toString(0xdD9A470dFFa0DF2cE264Ca2ECeA265d30ac1008f) [staticcall]
    │   └─ ← [Return] "0xdD9A470dFFa0DF2cE264Ca2ECeA265d30ac1008f"
    ├─ [2584] 0x068395556b8c43eDf257DC54D109EA5910aE15c7::pauser() [staticcall]
    │   └─ ← [Return] Pauser: [0x7c5A8EeF1d836450C019FB036453ac6eC97885a3]
    ├─ [0] VM::toString(0x068395556b8c43eDf257DC54D109EA5910aE15c7) [staticcall]
    │   └─ ← [Return] "0x068395556b8c43eDf257DC54D109EA5910aE15c7"
    ├─ [2375] 0x068395556b8c43eDf257DC54D109EA5910aE15c7::paused() [staticcall]
    │   └─ ← [Return] false
    ├─ [0] VM::toString(0x068395556b8c43eDf257DC54D109EA5910aE15c7) [staticcall]
    │   └─ ← [Return] "0x068395556b8c43eDf257DC54D109EA5910aE15c7"
    ├─ [2730] StableYieldAccumulator::pauser() [staticcall]
    │   └─ ← [Return] Pauser: [0x7c5A8EeF1d836450C019FB036453ac6eC97885a3]
    ├─ [0] VM::toString(StableYieldAccumulator: [0xdd8cE46ea31d51f38279886a81cFc4c1a90d5E19]) [staticcall]
    │   └─ ← [Return] "0xdd8cE46ea31d51f38279886a81cFc4c1a90d5E19"
    ├─ [2487] StableYieldAccumulator::paused() [staticcall]
    │   └─ ← [Return] false
    ├─ [0] VM::toString(StableYieldAccumulator: [0xdd8cE46ea31d51f38279886a81cFc4c1a90d5E19]) [staticcall]
    │   └─ ← [Return] "0xdd8cE46ea31d51f38279886a81cFc4c1a90d5E19"
    ├─ [2740] NFTMinter::pauser() [staticcall]
    │   └─ ← [Return] Pauser: [0x7c5A8EeF1d836450C019FB036453ac6eC97885a3]
    ├─ [0] VM::toString(NFTMinter: [0x4Bf42BD098774a3b3e844cd42149ebBB1108E541]) [staticcall]
    │   └─ ← [Return] "0x4Bf42BD098774a3b3e844cd42149ebBB1108E541"
    ├─ [564] NFTMinter::paused() [staticcall]
    │   └─ ← [Return] false
    ├─ [0] VM::toString(NFTMinter: [0x4Bf42BD098774a3b3e844cd42149ebBB1108E541]) [staticcall]
    │   └─ ← [Return] "0x4Bf42BD098774a3b3e844cd42149ebBB1108E541"
    ├─ [2730] StableYieldAccumulator::pauser() [staticcall]
    │   └─ ← [Return] Pauser: [0x7c5A8EeF1d836450C019FB036453ac6eC97885a3]
    ├─ [0] VM::toString(StableYieldAccumulator: [0xb9639e6Be92033F55E6D9E375Fd1C28ceEdbA50E]) [staticcall]
    │   └─ ← [Return] "0xb9639e6Be92033F55E6D9E375Fd1C28ceEdbA50E"
    ├─ [2487] StableYieldAccumulator::paused() [staticcall]
    │   └─ ← [Return] false
    ├─ [0] VM::toString(StableYieldAccumulator: [0xb9639e6Be92033F55E6D9E375Fd1C28ceEdbA50E]) [staticcall]
    │   └─ ← [Return] "0xb9639e6Be92033F55E6D9E375Fd1C28ceEdbA50E"
    ├─ [2740] NFTMinter::pauser() [staticcall]
    │   └─ ← [Return] Pauser: [0x7c5A8EeF1d836450C019FB036453ac6eC97885a3]
    ├─ [0] VM::toString(NFTMinter: [0xd936461f1C15eA9f34Ca1F20ecD54A0819068811]) [staticcall]
    │   └─ ← [Return] "0xd936461f1C15eA9f34Ca1F20ecD54A0819068811"
    ├─ [564] NFTMinter::paused() [staticcall]
    │   └─ ← [Return] false
    ├─ [0] VM::toString(NFTMinter: [0xd936461f1C15eA9f34Ca1F20ecD54A0819068811]) [staticcall]
    │   └─ ← [Return] "0xd936461f1C15eA9f34Ca1F20ecD54A0819068811"
    ├─ [2736] ERC4626YieldStrategy::pauser() [staticcall]
    │   └─ ← [Return] Pauser: [0x7c5A8EeF1d836450C019FB036453ac6eC97885a3]
    ├─ [0] VM::toString(ERC4626YieldStrategy: [0xE7aEC21BF6420FF483107adCB9360C4b31d69D78]) [staticcall]
    │   └─ ← [Return] "0xE7aEC21BF6420FF483107adCB9360C4b31d69D78"
    ├─ [2493] ERC4626YieldStrategy::paused() [staticcall]
    │   └─ ← [Return] false
    ├─ [0] VM::toString(ERC4626YieldStrategy: [0xE7aEC21BF6420FF483107adCB9360C4b31d69D78]) [staticcall]
    │   └─ ← [Return] "0xE7aEC21BF6420FF483107adCB9360C4b31d69D78"
    ├─ [2736] ERC4626YieldStrategy::pauser() [staticcall]
    │   └─ ← [Return] Pauser: [0x7c5A8EeF1d836450C019FB036453ac6eC97885a3]
    ├─ [0] VM::toString(ERC4626YieldStrategy: [0x8b4A75290A1C4935eC1dfd990374AC4BD4D33952]) [staticcall]
    │   └─ ← [Return] "0x8b4A75290A1C4935eC1dfd990374AC4BD4D33952"
    ├─ [2493] ERC4626YieldStrategy::paused() [staticcall]
    │   └─ ← [Return] false
    ├─ [0] VM::toString(ERC4626YieldStrategy: [0x8b4A75290A1C4935eC1dfd990374AC4BD4D33952]) [staticcall]
    │   └─ ← [Return] "0x8b4A75290A1C4935eC1dfd990374AC4BD4D33952"
    ├─ [2802] ERC4626MarketYieldStrategy::pauser() [staticcall]
    │   └─ ← [Return] Pauser: [0x7c5A8EeF1d836450C019FB036453ac6eC97885a3]
    ├─ [0] VM::toString(ERC4626MarketYieldStrategy: [0xFc629bC5F6339F77635f4F656FBb114A31F7bCB3]) [staticcall]
    │   └─ ← [Return] "0xFc629bC5F6339F77635f4F656FBb114A31F7bCB3"
    ├─ [2537] ERC4626MarketYieldStrategy::paused() [staticcall]
    │   └─ ← [Return] false
    ├─ [0] VM::toString(ERC4626MarketYieldStrategy: [0xFc629bC5F6339F77635f4F656FBb114A31F7bCB3]) [staticcall]
    │   └─ ← [Return] "0xFc629bC5F6339F77635f4F656FBb114A31F7bCB3"
    ├─ [2762] 0x39Af088408e815844c567037C157B31d48d2E10F::pauser() [staticcall]
    │   └─ ← [Return] Pauser: [0x7c5A8EeF1d836450C019FB036453ac6eC97885a3]
    ├─ [0] VM::toString(0x39Af088408e815844c567037C157B31d48d2E10F) [staticcall]
    │   └─ ← [Return] "0x39Af088408e815844c567037C157B31d48d2E10F"
    ├─ [542] 0x39Af088408e815844c567037C157B31d48d2E10F::paused() [staticcall]
    │   └─ ← [Return] false
    ├─ [0] VM::toString(0x39Af088408e815844c567037C157B31d48d2E10F) [staticcall]
    │   └─ ← [Return] "0x39Af088408e815844c567037C157B31d48d2E10F"
    ├─ [2842] 0xc8514f821A3d801Fa8a8c435840a992A4365a13b::pauser() [staticcall]
    │   └─ ← [Return] Pauser: [0x7c5A8EeF1d836450C019FB036453ac6eC97885a3]
    ├─ [0] VM::toString(0xc8514f821A3d801Fa8a8c435840a992A4365a13b) [staticcall]
    │   └─ ← [Return] "0xc8514f821A3d801Fa8a8c435840a992A4365a13b"
    ├─ [2502] 0xc8514f821A3d801Fa8a8c435840a992A4365a13b::paused() [staticcall]
    │   └─ ← [Return] false
    ├─ [0] VM::toString(0xc8514f821A3d801Fa8a8c435840a992A4365a13b) [staticcall]
    │   └─ ← [Return] "0xc8514f821A3d801Fa8a8c435840a992A4365a13b"
    ├─ [2821] 0x0cD353bfda674D04823B2826ffafB83B560D21B6::pauser() [staticcall]
    │   └─ ← [Return] Pauser: [0x7c5A8EeF1d836450C019FB036453ac6eC97885a3]
    ├─ [0] VM::toString(0x0cD353bfda674D04823B2826ffafB83B560D21B6) [staticcall]
    │   └─ ← [Return] "0x0cD353bfda674D04823B2826ffafB83B560D21B6"
    ├─ [535] 0x0cD353bfda674D04823B2826ffafB83B560D21B6::paused() [staticcall]
    │   └─ ← [Return] false
    ├─ [0] VM::toString(0x0cD353bfda674D04823B2826ffafB83B560D21B6) [staticcall]
    │   └─ ← [Return] "0x0cD353bfda674D04823B2826ffafB83B560D21B6"
    ├─ [2868] 0x90ce274b20A2aF4265152B369d09ce6E6Dc177F9::pauser() [staticcall]
    │   └─ ← [Return] Pauser: [0x7c5A8EeF1d836450C019FB036453ac6eC97885a3]
    ├─ [0] VM::toString(0x90ce274b20A2aF4265152B369d09ce6E6Dc177F9) [staticcall]
    │   └─ ← [Return] "0x90ce274b20A2aF4265152B369d09ce6E6Dc177F9"
    ├─ [2581] 0x90ce274b20A2aF4265152B369d09ce6E6Dc177F9::paused() [staticcall]
    │   └─ ← [Return] false
    ├─ [0] VM::toString(0x90ce274b20A2aF4265152B369d09ce6E6Dc177F9) [staticcall]
    │   └─ ← [Return] "0x90ce274b20A2aF4265152B369d09ce6E6Dc177F9"
    ├─ [2868] 0x90af002Ee537Ad5C2c9817Ebd4EF22B2e8952470::pauser() [staticcall]
    │   └─ ← [Return] Pauser: [0x7c5A8EeF1d836450C019FB036453ac6eC97885a3]
    ├─ [0] VM::toString(0x90af002Ee537Ad5C2c9817Ebd4EF22B2e8952470) [staticcall]
    │   └─ ← [Return] "0x90af002Ee537Ad5C2c9817Ebd4EF22B2e8952470"
    ├─ [2581] 0x90af002Ee537Ad5C2c9817Ebd4EF22B2e8952470::paused() [staticcall]
    │   └─ ← [Return] false
    ├─ [0] VM::toString(0x90af002Ee537Ad5C2c9817Ebd4EF22B2e8952470) [staticcall]
    │   └─ ← [Return] "0x90af002Ee537Ad5C2c9817Ebd4EF22B2e8952470"
    ├─ [934] 0xaC2e5936Eca286eC364d4D5Bcca33145fBe57f95::pauser() [staticcall]
    │   └─ ← [Return] Pauser: [0x7c5A8EeF1d836450C019FB036453ac6eC97885a3]
    ├─ [0] VM::toString(0xaC2e5936Eca286eC364d4D5Bcca33145fBe57f95) [staticcall]
    │   └─ ← [Return] "0xaC2e5936Eca286eC364d4D5Bcca33145fBe57f95"
    ├─ [625] 0xaC2e5936Eca286eC364d4D5Bcca33145fBe57f95::paused() [staticcall]
    │   └─ ← [Return] false
    ├─ [0] VM::toString(0xaC2e5936Eca286eC364d4D5Bcca33145fBe57f95) [staticcall]
    │   └─ ← [Return] "0xaC2e5936Eca286eC364d4D5Bcca33145fBe57f95"
    ├─ [3096] 0x17E25Cca844bC71c1E663E089fF11aFD266B5795::pauser() [staticcall]
    │   └─ ← [Return] Pauser: [0x7c5A8EeF1d836450C019FB036453ac6eC97885a3]
    ├─ [0] VM::toString(0x17E25Cca844bC71c1E663E089fF11aFD266B5795) [staticcall]
    │   └─ ← [Return] "0x17E25Cca844bC71c1E663E089fF11aFD266B5795"
    ├─ [2634] 0x17E25Cca844bC71c1E663E089fF11aFD266B5795::paused() [staticcall]
    │   └─ ← [Return] false
    ├─ [0] VM::toString(0x17E25Cca844bC71c1E663E089fF11aFD266B5795) [staticcall]
    │   └─ ← [Return] "0x17E25Cca844bC71c1E663E089fF11aFD266B5795"
    ├─ [934] 0x1760E05356Ec1FBBA159C730781dCfB9920524e2::pauser() [staticcall]
    │   └─ ← [Return] Pauser: [0x7c5A8EeF1d836450C019FB036453ac6eC97885a3]
    ├─ [0] VM::toString(0x1760E05356Ec1FBBA159C730781dCfB9920524e2) [staticcall]
    │   └─ ← [Return] "0x1760E05356Ec1FBBA159C730781dCfB9920524e2"
    ├─ [625] 0x1760E05356Ec1FBBA159C730781dCfB9920524e2::paused() [staticcall]
    │   └─ ← [Return] false
    ├─ [0] VM::toString(0x1760E05356Ec1FBBA159C730781dCfB9920524e2) [staticcall]
    │   └─ ← [Return] "0x1760E05356Ec1FBBA159C730781dCfB9920524e2"
    ├─ [934] 0xaFDf8DeA96a0F37Aae4869f813901bf73a3eAB83::pauser() [staticcall]
    │   └─ ← [Return] Pauser: [0x7c5A8EeF1d836450C019FB036453ac6eC97885a3]
    ├─ [0] VM::toString(0xaFDf8DeA96a0F37Aae4869f813901bf73a3eAB83) [staticcall]
    │   └─ ← [Return] "0xaFDf8DeA96a0F37Aae4869f813901bf73a3eAB83"
    ├─ [625] 0xaFDf8DeA96a0F37Aae4869f813901bf73a3eAB83::paused() [staticcall]
    │   └─ ← [Return] false
    ├─ [0] VM::toString(0xaFDf8DeA96a0F37Aae4869f813901bf73a3eAB83) [staticcall]
    │   └─ ← [Return] "0xaFDf8DeA96a0F37Aae4869f813901bf73a3eAB83"
    ├─ [2567] 0x94855ACA13952D81507C92D3CdBb2e25D3bbE60C::pauser() [staticcall]
    │   └─ ← [Return] Pauser: [0x7c5A8EeF1d836450C019FB036453ac6eC97885a3]
    ├─ [0] VM::toString(0x94855ACA13952D81507C92D3CdBb2e25D3bbE60C) [staticcall]
    │   └─ ← [Return] "0x94855ACA13952D81507C92D3CdBb2e25D3bbE60C"
    ├─ [447] 0x94855ACA13952D81507C92D3CdBb2e25D3bbE60C::paused() [staticcall]
    │   └─ ← [Return] false
    ├─ [0] VM::toString(0x94855ACA13952D81507C92D3CdBb2e25D3bbE60C) [staticcall]
    │   └─ ← [Return] "0x94855ACA13952D81507C92D3CdBb2e25D3bbE60C"
    ├─ [2842] 0x299b0071DEf42D35eaf5ea24CC0a71Cf10655A64::pauser() [staticcall]
    │   └─ ← [Return] Pauser: [0x7c5A8EeF1d836450C019FB036453ac6eC97885a3]
    ├─ [0] VM::toString(0x299b0071DEf42D35eaf5ea24CC0a71Cf10655A64) [staticcall]
    │   └─ ← [Return] "0x299b0071DEf42D35eaf5ea24CC0a71Cf10655A64"
    ├─ [2502] 0x299b0071DEf42D35eaf5ea24CC0a71Cf10655A64::paused() [staticcall]
    │   └─ ← [Return] false
    ├─ [0] VM::toString(0x299b0071DEf42D35eaf5ea24CC0a71Cf10655A64) [staticcall]
    │   └─ ← [Return] "0x299b0071DEf42D35eaf5ea24CC0a71Cf10655A64"
    ├─ [3096] 0xE9067f37f6D0bb116233194690fb600Add8fD052::pauser() [staticcall]
    │   └─ ← [Return] Pauser: [0x7c5A8EeF1d836450C019FB036453ac6eC97885a3]
    ├─ [0] VM::toString(0xE9067f37f6D0bb116233194690fb600Add8fD052) [staticcall]
    │   └─ ← [Return] "0xE9067f37f6D0bb116233194690fb600Add8fD052"
    ├─ [2634] 0xE9067f37f6D0bb116233194690fb600Add8fD052::paused() [staticcall]
    │   └─ ← [Return] false
    ├─ [0] VM::toString(0xE9067f37f6D0bb116233194690fb600Add8fD052) [staticcall]
    │   └─ ← [Return] "0xE9067f37f6D0bb116233194690fb600Add8fD052"
    ├─ [3096] 0x541b912B5451FfE2c04D5Ea8D317081718683242::pauser() [staticcall]
    │   └─ ← [Return] Pauser: [0x7c5A8EeF1d836450C019FB036453ac6eC97885a3]
    ├─ [0] VM::toString(0x541b912B5451FfE2c04D5Ea8D317081718683242) [staticcall]
    │   └─ ← [Return] "0x541b912B5451FfE2c04D5Ea8D317081718683242"
    ├─ [2634] 0x541b912B5451FfE2c04D5Ea8D317081718683242::paused() [staticcall]
    │   └─ ← [Return] false
    ├─ [0] VM::toString(0x541b912B5451FfE2c04D5Ea8D317081718683242) [staticcall]
    │   └─ ← [Return] "0x541b912B5451FfE2c04D5Ea8D317081718683242"
    ├─ [934] 0x55BcE9b12953d6a8468c57a811E6642289A99764::pauser() [staticcall]
    │   └─ ← [Return] Pauser: [0x7c5A8EeF1d836450C019FB036453ac6eC97885a3]
    ├─ [0] VM::toString(0x55BcE9b12953d6a8468c57a811E6642289A99764) [staticcall]
    │   └─ ← [Return] "0x55BcE9b12953d6a8468c57a811E6642289A99764"
    ├─ [625] 0x55BcE9b12953d6a8468c57a811E6642289A99764::paused() [staticcall]
    │   └─ ← [Return] false
    ├─ [0] VM::toString(0x55BcE9b12953d6a8468c57a811E6642289A99764) [staticcall]
    │   └─ ← [Return] "0x55BcE9b12953d6a8468c57a811E6642289A99764"
    ├─ [1019] 0x8B9482a3ff055d24183B40Dd8BB70fFe3edD4c83::pauser() [staticcall]
    │   └─ ← [Return] Pauser: [0x7c5A8EeF1d836450C019FB036453ac6eC97885a3]
    ├─ [0] VM::toString(0x8B9482a3ff055d24183B40Dd8BB70fFe3edD4c83) [staticcall]
    │   └─ ← [Return] "0x8B9482a3ff055d24183B40Dd8BB70fFe3edD4c83"
    ├─ [645] 0x8B9482a3ff055d24183B40Dd8BB70fFe3edD4c83::paused() [staticcall]
    │   └─ ← [Return] false
    ├─ [0] VM::toString(0x8B9482a3ff055d24183B40Dd8BB70fFe3edD4c83) [staticcall]
    │   └─ ← [Return] "0x8B9482a3ff055d24183B40Dd8BB70fFe3edD4c83"
    ├─ [722] 0xA025801D81aCFd9E35Bfb05346116e5A3fBAa79F::pauser() [staticcall]
    │   └─ ← [Return] Pauser: [0x7c5A8EeF1d836450C019FB036453ac6eC97885a3]
    ├─ [0] VM::toString(0xA025801D81aCFd9E35Bfb05346116e5A3fBAa79F) [staticcall]
    │   └─ ← [Return] "0xA025801D81aCFd9E35Bfb05346116e5A3fBAa79F"
    ├─ [546] 0xA025801D81aCFd9E35Bfb05346116e5A3fBAa79F::paused() [staticcall]
    │   └─ ← [Return] false
    ├─ [0] VM::toString(0xA025801D81aCFd9E35Bfb05346116e5A3fBAa79F) [staticcall]
    │   └─ ← [Return] "0xA025801D81aCFd9E35Bfb05346116e5A3fBAa79F"
    ├─ [0] console::log("  buffer recipients, V1 mint revoked, V2/Antimatter pause wiring, V2 unpaused") [staticcall]
    │   └─ ← [Stop]
    ├─ [0] console::log("\n=== verify per-user credits (MigratedOut -> DepositedFor) ===") [staticcall]
    │   └─ ← [Stop]
    ├─ [0] VM::eth_getLogs(25994910 [2.599e7], 25994963 [2.599e7], 0xbce8ABC09BaEDCabE93419bF875f6186e182079A, [0x8df5f93d7bf3c165bfade24de267a17c16f43a3e2bdbc1f4aa919a19f42056cd]) [staticcall]
    │   └─ ← [Return] [(0xbce8ABC09BaEDCabE93419bF875f6186e182079A, [0x8df5f93d7bf3c165bfade24de267a17c16f43a3e2bdbc1f4aa919a19f42056cd, 0x000000000000000000000000865377367054516e17014ccded1e7d814edc9ce4, 0x000000000000000000000000cad1a7864a108dbff67f4b8af71fab0c7a86d0b6], 0x00000000000000000000000000000000000000000000000000002da228e5d7e00000000000000000000000000000000000000000000000000000016025207e37, 0x62993fdf7ce4ea32c2ef792f4191d4075b2df1b3c8d54c81ebcc11231483ed60, 25994947 [2.599e7], 0x24a63f1556a52d2ed3693c5de1c9db7a78fdbb380cc2d2be18cd8161ced3bd92, 0, 1, false), (0xbce8ABC09BaEDCabE93419bF875f6186e182079A, [0x8df5f93d7bf3c165bfade24de267a17c16f43a3e2bdbc1f4aa919a19f42056cd, 0x000000000000000000000000865377367054516e17014ccded1e7d814edc9ce4, 0x0000000000000000000000004b75d1cf8a07280249404bf10aa1b844f0982abc], 0x000000000000000000000000000000000000000000000000000016a4e6e4a5cc0000000000000000000000000000000000000000000000000000034ac9692a0a, 0x62993fdf7ce4ea32c2ef792f4191d4075b2df1b3c8d54c81ebcc11231483ed60, 25994947 [2.599e7], 0x24a63f1556a52d2ed3693c5de1c9db7a78fdbb380cc2d2be18cd8161ced3bd92, 0, 3, false), (0xbce8ABC09BaEDCabE93419bF875f6186e182079A, [0x8df5f93d7bf3c165bfade24de267a17c16f43a3e2bdbc1f4aa919a19f42056cd, 0x000000000000000000000000865377367054516e17014ccded1e7d814edc9ce4, 0x00000000000000000000000025ada296f30976024d675cd219f9aaf1f2ad4eb1], 0x000000000000000000000000000000000000000000000000f2d70f07a0d2d8aa000000000000000000000000000000000000000000000000000055e07592b646, 0x62993fdf7ce4ea32c2ef792f4191d4075b2df1b3c8d54c81ebcc11231483ed60, 25994947 [2.599e7], 0x24a63f1556a52d2ed3693c5de1c9db7a78fdbb380cc2d2be18cd8161ced3bd92, 0, 5, false), (0xbce8ABC09BaEDCabE93419bF875f6186e182079A, [0x8df5f93d7bf3c165bfade24de267a17c16f43a3e2bdbc1f4aa919a19f42056cd, 0x000000000000000000000000865377367054516e17014ccded1e7d814edc9ce4, 0x000000000000000000000000186c77b80bbfd21b01c7d7fa44ba27031322a77f], 0x000000000000000000000000000000000000000000000000000005a8d1fad5630000000000000000000000000000000000000000000000000000002d2e32f8fe, 0x62993fdf7ce4ea32c2ef792f4191d4075b2df1b3c8d54c81ebcc11231483ed60, 25994947 [2.599e7], 0x24a63f1556a52d2ed3693c5de1c9db7a78fdbb380cc2d2be18cd8161ced3bd92, 0, 7, false), (0xbce8ABC09BaEDCabE93419bF875f6186e182079A, [0x8df5f93d7bf3c165bfade24de267a17c16f43a3e2bdbc1f4aa919a19f42056cd, 0x000000000000000000000000865377367054516e17014ccded1e7d814edc9ce4, 0x00000000000000000000000070ac9d66b8b29332948c1972786473a1f050e7bd], 0x000000000000000000000000000000000000000000000005342b8ca1a09d6b69000000000000000000000000000000000000000000000000ac2de4fc6ce67273, 0x62993fdf7ce4ea32c2ef792f4191d4075b2df1b3c8d54c81ebcc11231483ed60, 25994947 [2.599e7], 0x24a63f1556a52d2ed3693c5de1c9db7a78fdbb380cc2d2be18cd8161ced3bd92, 0, 9, false), (0xbce8ABC09BaEDCabE93419bF875f6186e182079A, [0x8df5f93d7bf3c165bfade24de267a17c16f43a3e2bdbc1f4aa919a19f42056cd, 0x000000000000000000000000865377367054516e17014ccded1e7d814edc9ce4, 0x000000000000000000000000c8fc15bf56259271c24072f5a6b0a6b6df06d358], 0x0000000000000000000000000000000000000000000000069006997cf8cc560a0000000000000000000000000000000000000000000000002c851bf1f440cb47, 0x62993fdf7ce4ea32c2ef792f4191d4075b2df1b3c8d54c81ebcc11231483ed60, 25994947 [2.599e7], 0x24a63f1556a52d2ed3693c5de1c9db7a78fdbb380cc2d2be18cd8161ced3bd92, 0, 11, false), (0xbce8ABC09BaEDCabE93419bF875f6186e182079A, [0x8df5f93d7bf3c165bfade24de267a17c16f43a3e2bdbc1f4aa919a19f42056cd, 0x000000000000000000000000865377367054516e17014ccded1e7d814edc9ce4, 0x0000000000000000000000000f254c40729c93093dc0d290e716b842a9c4484a], 0x000000000000000000000000000000000000000000000000000000f21823e85e000000000000000000000000000000000000000000000000000000093feac8ab, 0x62993fdf7ce4ea32c2ef792f4191d4075b2df1b3c8d54c81ebcc11231483ed60, 25994947 [2.599e7], 0x24a63f1556a52d2ed3693c5de1c9db7a78fdbb380cc2d2be18cd8161ced3bd92, 0, 13, false), (0xbce8ABC09BaEDCabE93419bF875f6186e182079A, [0x8df5f93d7bf3c165bfade24de267a17c16f43a3e2bdbc1f4aa919a19f42056cd, 0x000000000000000000000000865377367054516e17014ccded1e7d814edc9ce4, 0x0000000000000000000000009ebb8b14acbedd921df6cc336c568b7dcbef3182], 0x00000000000000000000000000000000000000000000000000002dfff26075d9000000000000000000000000000000000000000000000000000001f8ff5091ec, 0x62993fdf7ce4ea32c2ef792f4191d4075b2df1b3c8d54c81ebcc11231483ed60, 25994947 [2.599e7], 0x24a63f1556a52d2ed3693c5de1c9db7a78fdbb380cc2d2be18cd8161ced3bd92, 0, 15, false), (0xbce8ABC09BaEDCabE93419bF875f6186e182079A, [0x8df5f93d7bf3c165bfade24de267a17c16f43a3e2bdbc1f4aa919a19f42056cd, 0x000000000000000000000000865377367054516e17014ccded1e7d814edc9ce4, 0x000000000000000000000000d57e5f043cb3c05be4e8138886ccef2448a07c66], 0x000000000000000000000000000000000000000000000036376dfc0bafbb670d000000000000000000000000000000000000000000000000012a6cfb56ab1dec, 0x62993fdf7ce4ea32c2ef792f4191d4075b2df1b3c8d54c81ebcc11231483ed60, 25994947 [2.599e7], 0x24a63f1556a52d2ed3693c5de1c9db7a78fdbb380cc2d2be18cd8161ced3bd92, 0, 17, false), (0xbce8ABC09BaEDCabE93419bF875f6186e182079A, [0x8df5f93d7bf3c165bfade24de267a17c16f43a3e2bdbc1f4aa919a19f42056cd, 0x000000000000000000000000a0b86991c6218b36c1d19d4a2e9eb0ce3606eb48, 0x000000000000000000000000186c77b80bbfd21b01c7d7fa44ba27031322a77f], 0x0000000000000000000000000000000000000000000000000000000020c7702b0000000000000000000000000000000000000000000000008c03e8134fbf9c0e, 0x2fc204a909754a6ba86ce790b612ec339968ae416ee400062a74c07a7b56412d, 25994950 [2.599e7], 0x6b93af0ecec548cb5e20d747e58deb9103c7bf91347ea572b199e80f0522e475, 0, 1, false), (0xbce8ABC09BaEDCabE93419bF875f6186e182079A, [0x8df5f93d7bf3c165bfade24de267a17c16f43a3e2bdbc1f4aa919a19f42056cd, 0x000000000000000000000000a0b86991c6218b36c1d19d4a2e9eb0ce3606eb48, 0x000000000000000000000000cad1a7864a108dbff67f4b8af71fab0c7a86d0b6], 0x00000000000000000000000000000000000000000000000000000000026e93b6000000000000000000000000000000000000000000000000008539a1bb9a9846, 0x2fc204a909754a6ba86ce790b612ec339968ae416ee400062a74c07a7b56412d, 25994950 [2.599e7], 0x6b93af0ecec548cb5e20d747e58deb9103c7bf91347ea572b199e80f0522e475, 0, 3, false), (0xbce8ABC09BaEDCabE93419bF875f6186e182079A, [0x8df5f93d7bf3c165bfade24de267a17c16f43a3e2bdbc1f4aa919a19f42056cd, 0x000000000000000000000000a0b86991c6218b36c1d19d4a2e9eb0ce3606eb48, 0x0000000000000000000000004b75d1cf8a07280249404bf10aa1b844f0982abc], 0x000000000000000000000000000000000000000000000000000000000000000b0000000000000000000000000000000000000000000000000000013b5972481c, 0x2fc204a909754a6ba86ce790b612ec339968ae416ee400062a74c07a7b56412d, 25994950 [2.599e7], 0x6b93af0ecec548cb5e20d747e58deb9103c7bf91347ea572b199e80f0522e475, 0, 5, false), (0xbce8ABC09BaEDCabE93419bF875f6186e182079A, [0x8df5f93d7bf3c165bfade24de267a17c16f43a3e2bdbc1f4aa919a19f42056cd, 0x000000000000000000000000a0b86991c6218b36c1d19d4a2e9eb0ce3606eb48, 0x000000000000000000000000ecbcd731fb50d3413bb9ece12837dbc39847a394], 0x0000000000000000000000000000000000000000000000000000000027f3af8c00000000000000000000000000000000000000000000000010f3ad4fc263cf36, 0x2fc204a909754a6ba86ce790b612ec339968ae416ee400062a74c07a7b56412d, 25994950 [2.599e7], 0x6b93af0ecec548cb5e20d747e58deb9103c7bf91347ea572b199e80f0522e475, 0, 7, false), (0xbce8ABC09BaEDCabE93419bF875f6186e182079A, [0x8df5f93d7bf3c165bfade24de267a17c16f43a3e2bdbc1f4aa919a19f42056cd, 0x000000000000000000000000a0b86991c6218b36c1d19d4a2e9eb0ce3606eb48, 0x00000000000000000000000025ada296f30976024d675cd219f9aaf1f2ad4eb1], 0x00000000000000000000000000000000000000000000000000000000000000410000000000000000000000000000000000000000000000000000065330653349, 0x2fc204a909754a6ba86ce790b612ec339968ae416ee400062a74c07a7b56412d, 25994950 [2.599e7], 0x6b93af0ecec548cb5e20d747e58deb9103c7bf91347ea572b199e80f0522e475, 0, 9, false), (0xbce8ABC09BaEDCabE93419bF875f6186e182079A, [0x8df5f93d7bf3c165bfade24de267a17c16f43a3e2bdbc1f4aa919a19f42056cd, 0x000000000000000000000000a0b86991c6218b36c1d19d4a2e9eb0ce3606eb48, 0x0000000000000000000000000f254c40729c93093dc0d290e716b842a9c4484a], 0x0000000000000000000000000000000000000000000000000000000000000055000000000000000000000000000000000000000000000000000003070406b403, 0x2fc204a909754a6ba86ce790b612ec339968ae416ee400062a74c07a7b56412d, 25994950 [2.599e7], 0x6b93af0ecec548cb5e20d747e58deb9103c7bf91347ea572b199e80f0522e475, 0, 11, false), (0xbce8ABC09BaEDCabE93419bF875f6186e182079A, [0x8df5f93d7bf3c165bfade24de267a17c16f43a3e2bdbc1f4aa919a19f42056cd, 0x000000000000000000000000a0b86991c6218b36c1d19d4a2e9eb0ce3606eb48, 0x0000000000000000000000009ebb8b14acbedd921df6cc336c568b7dcbef3182], 0x000000000000000000000000000000000000000000000000000000000000001d000000000000000000000000000000000000000000000000000000db4a3b8790, 0x2fc204a909754a6ba86ce790b612ec339968ae416ee400062a74c07a7b56412d, 25994950 [2.599e7], 0x6b93af0ecec548cb5e20d747e58deb9103c7bf91347ea572b199e80f0522e475, 0, 13, false), (0xbce8ABC09BaEDCabE93419bF875f6186e182079A, [0x8df5f93d7bf3c165bfade24de267a17c16f43a3e2bdbc1f4aa919a19f42056cd, 0x000000000000000000000000a0b86991c6218b36c1d19d4a2e9eb0ce3606eb48, 0x00000000000000000000000043bd4241669753c1ea87a9e7805eb518ab6ac239], 0x0000000000000000000000000000000000000000000000000000000011e163810000000000000000000000000000000000000000000000003daaa1cea0497cac, 0x2fc204a909754a6ba86ce790b612ec339968ae416ee400062a74c07a7b56412d, 25994950 [2.599e7], 0x6b93af0ecec548cb5e20d747e58deb9103c7bf91347ea572b199e80f0522e475, 0, 15, false), (0xbce8ABC09BaEDCabE93419bF875f6186e182079A, [0x8df5f93d7bf3c165bfade24de267a17c16f43a3e2bdbc1f4aa919a19f42056cd, 0x000000000000000000000000a0b86991c6218b36c1d19d4a2e9eb0ce3606eb48, 0x000000000000000000000000c25ccd4896917e9e31925755ced674cbd7214e1a], 0x000000000000000000000000000000000000000000000000000000000c5f7a9b0000000000000000000000000000000000000000000000001c04dc48e5e324d2, 0x2fc204a909754a6ba86ce790b612ec339968ae416ee400062a74c07a7b56412d, 25994950 [2.599e7], 0x6b93af0ecec548cb5e20d747e58deb9103c7bf91347ea572b199e80f0522e475, 0, 17, false), (0xbce8ABC09BaEDCabE93419bF875f6186e182079A, [0x8df5f93d7bf3c165bfade24de267a17c16f43a3e2bdbc1f4aa919a19f42056cd, 0x000000000000000000000000a0b86991c6218b36c1d19d4a2e9eb0ce3606eb48, 0x00000000000000000000000064d3cbab6100782a7839fc1af791027a2f1908d2], 0x000000000000000000000000000000000000000000000000000000000049a99c000000000000000000000000000000000000000000000000040854edd6e414c5, 0x2fc204a909754a6ba86ce790b612ec339968ae416ee400062a74c07a7b56412d, 25994950 [2.599e7], 0x6b93af0ecec548cb5e20d747e58deb9103c7bf91347ea572b199e80f0522e475, 0, 19, false), (0xbce8ABC09BaEDCabE93419bF875f6186e182079A, [0x8df5f93d7bf3c165bfade24de267a17c16f43a3e2bdbc1f4aa919a19f42056cd, 0x000000000000000000000000a0b86991c6218b36c1d19d4a2e9eb0ce3606eb48, 0x0000000000000000000000002593be17dd1c31b4c124a18bac3a7ae19567ae37], 0x00000000000000000000000000000000000000000000000000000000000000150000000000000000000000000000000000000000000000000000008c9f7cec8d, 0x2fc204a909754a6ba86ce790b612ec339968ae416ee400062a74c07a7b56412d, 25994950 [2.599e7], 0x6b93af0ecec548cb5e20d747e58deb9103c7bf91347ea572b199e80f0522e475, 0, 21, false), (0xbce8ABC09BaEDCabE93419bF875f6186e182079A, [0x8df5f93d7bf3c165bfade24de267a17c16f43a3e2bdbc1f4aa919a19f42056cd, 0x000000000000000000000000a0b86991c6218b36c1d19d4a2e9eb0ce3606eb48, 0x000000000000000000000000d7050a440e7da97147ceb602404f70438c57f4eb], 0x0000000000000000000000000000000000000000000000000000000000000059000000000000000000000000000000000000000000000000000000800428b476, 0x2fc204a909754a6ba86ce790b612ec339968ae416ee400062a74c07a7b56412d, 25994950 [2.599e7], 0x6b93af0ecec548cb5e20d747e58deb9103c7bf91347ea572b199e80f0522e475, 0, 23, false), (0xbce8ABC09BaEDCabE93419bF875f6186e182079A, [0x8df5f93d7bf3c165bfade24de267a17c16f43a3e2bdbc1f4aa919a19f42056cd, 0x000000000000000000000000a0b86991c6218b36c1d19d4a2e9eb0ce3606eb48, 0x0000000000000000000000000f92282a77c490034536b066b24312062dc24aa9], 0x000000000000000000000000000000000000000000000000000000000b80c72c0000000000000000000000000000000000000000000000000f32eaa9a0dc453e, 0x2fc204a909754a6ba86ce790b612ec339968ae416ee400062a74c07a7b56412d, 25994950 [2.599e7], 0x6b93af0ecec548cb5e20d747e58deb9103c7bf91347ea572b199e80f0522e475, 0, 25, false), (0xbce8ABC09BaEDCabE93419bF875f6186e182079A, [0x8df5f93d7bf3c165bfade24de267a17c16f43a3e2bdbc1f4aa919a19f42056cd, 0x0000000000000000000000004c9edd5852cd905f086c759e8383e09bff1e68b3, 0x000000000000000000000000d57e5f043cb3c05be4e8138886ccef2448a07c66], 0x0000000000000000000000000000000000000000000000362ba3e4f36ca50063000000000000000000000000000000000000000000000000011d3aa4e44ebba2, 0x2b7ea76bffd72d31313ef8cf03556f1889496fc48756d234fa9f9a81badb6b2d, 25994952 [2.599e7], 0xb718dedc1e08d7c8bf2c1bba720458dab7c591f7c4667ad404cf10b5fb8d6992, 0, 1, false), (0xbce8ABC09BaEDCabE93419bF875f6186e182079A, [0x8df5f93d7bf3c165bfade24de267a17c16f43a3e2bdbc1f4aa919a19f42056cd, 0x0000000000000000000000004c9edd5852cd905f086c759e8383e09bff1e68b3, 0x000000000000000000000000186c77b80bbfd21b01c7d7fa44ba27031322a77f], 0x0000000000000000000000000000000000000000000000156d9b22273bf3c7ed0000000000000000000000000000000000000000000000008e12a67493958458, 0x2b7ea76bffd72d31313ef8cf03556f1889496fc48756d234fa9f9a81badb6b2d, 25994952 [2.599e7], 0xb718dedc1e08d7c8bf2c1bba720458dab7c591f7c4667ad404cf10b5fb8d6992, 0, 3, false), (0xbce8ABC09BaEDCabE93419bF875f6186e182079A, [0x8df5f93d7bf3c165bfade24de267a17c16f43a3e2bdbc1f4aa919a19f42056cd, 0x0000000000000000000000004c9edd5852cd905f086c759e8383e09bff1e68b3, 0x0000000000000000000000004b75d1cf8a07280249404bf10aa1b844f0982abc], 0x000000000000000000000000000000000000000000000000000030cddcf77b980000000000000000000000000000000000000000000000000000060e2a816e39, 0x2b7ea76bffd72d31313ef8cf03556f1889496fc48756d234fa9f9a81badb6b2d, 25994952 [2.599e7], 0xb718dedc1e08d7c8bf2c1bba720458dab7c591f7c4667ad404cf10b5fb8d6992, 0, 5, false), (0xbce8ABC09BaEDCabE93419bF875f6186e182079A, [0x8df5f93d7bf3c165bfade24de267a17c16f43a3e2bdbc1f4aa919a19f42056cd, 0x0000000000000000000000004c9edd5852cd905f086c759e8383e09bff1e68b3, 0x00000000000000000000000025ada296f30976024d675cd219f9aaf1f2ad4eb1], 0x00000000000000000000000000000000000000000000000e4fe65d44bab6a4e200000000000000000000000000000000000000000000000000078e109b428d59, 0x2b7ea76bffd72d31313ef8cf03556f1889496fc48756d234fa9f9a81badb6b2d, 25994952 [2.599e7], 0xb718dedc1e08d7c8bf2c1bba720458dab7c591f7c4667ad404cf10b5fb8d6992, 0, 7, false), (0xbce8ABC09BaEDCabE93419bF875f6186e182079A, [0x8df5f93d7bf3c165bfade24de267a17c16f43a3e2bdbc1f4aa919a19f42056cd, 0x0000000000000000000000004c9edd5852cd905f086c759e8383e09bff1e68b3, 0x000000000000000000000000cad1a7864a108dbff67f4b8af71fab0c7a86d0b6], 0x00000000000000000000000000000000000000000000000000005456e271ff0f0000000000000000000000000000000000000000000000000000017615d3546e, 0x2b7ea76bffd72d31313ef8cf03556f1889496fc48756d234fa9f9a81badb6b2d, 25994952 [2.599e7], 0xb718dedc1e08d7c8bf2c1bba720458dab7c591f7c4667ad404cf10b5fb8d6992, 0, 9, false), (0xbce8ABC09BaEDCabE93419bF875f6186e182079A, [0x8df5f93d7bf3c165bfade24de267a17c16f43a3e2bdbc1f4aa919a19f42056cd, 0x0000000000000000000000004c9edd5852cd905f086c759e8383e09bff1e68b3, 0x0000000000000000000000000f254c40729c93093dc0d290e716b842a9c4484a], 0x0000000000000000000000000000000000000000000000000000085c79c279490000000000000000000000000000000000000000000000000000005939591281, 0x2b7ea76bffd72d31313ef8cf03556f1889496fc48756d234fa9f9a81badb6b2d, 25994952 [2.599e7], 0xb718dedc1e08d7c8bf2c1bba720458dab7c591f7c4667ad404cf10b5fb8d6992, 0, 11, false), (0xbce8ABC09BaEDCabE93419bF875f6186e182079A, [0x8df5f93d7bf3c165bfade24de267a17c16f43a3e2bdbc1f4aa919a19f42056cd, 0x0000000000000000000000004c9edd5852cd905f086c759e8383e09bff1e68b3, 0x00000000000000000000000043bd4241669753c1ea87a9e7805eb518ab6ac239], 0x000000000000000000000000000000000000000000000031228662095d0a817a000000000000000000000000000000000000000000000000dfb353500e5ffb19, 0x2b7ea76bffd72d31313ef8cf03556f1889496fc48756d234fa9f9a81badb6b2d, 25994952 [2.599e7], 0xb718dedc1e08d7c8bf2c1bba720458dab7c591f7c4667ad404cf10b5fb8d6992, 0, 13, false)]
    ├─ [0] VM::eth_getLogs(25994910 [2.599e7], 25994963 [2.599e7], 0xbce8ABC09BaEDCabE93419bF875f6186e182079A, [0xf495d56a893b888fe44719a283334decb99c2483075e5c1b618fcf145cb98eda]) [staticcall]
    │   └─ ← [Return] []
    ├─ [0] VM::eth_getLogs(25994910 [2.599e7], 25994963 [2.599e7], 0x8B9482a3ff055d24183B40Dd8BB70fFe3edD4c83, [0x11fa725a956e1222d809b94ec211abe46e4218803a3c67d50f6fd9e46ba20a0e]) [staticcall]
    │   └─ ← [Return] [(0x8B9482a3ff055d24183B40Dd8BB70fFe3edD4c83, [0x11fa725a956e1222d809b94ec211abe46e4218803a3c67d50f6fd9e46ba20a0e, 0x000000000000000000000000865377367054516e17014ccded1e7d814edc9ce4, 0x000000000000000000000000cad1a7864a108dbff67f4b8af71fab0c7a86d0b6], 0x00000000000000000000000000000000000000000000000000002da228e5d7df, 0x62993fdf7ce4ea32c2ef792f4191d4075b2df1b3c8d54c81ebcc11231483ed60, 25994947 [2.599e7], 0x24a63f1556a52d2ed3693c5de1c9db7a78fdbb380cc2d2be18cd8161ced3bd92, 0, 28, false), (0x8B9482a3ff055d24183B40Dd8BB70fFe3edD4c83, [0x11fa725a956e1222d809b94ec211abe46e4218803a3c67d50f6fd9e46ba20a0e, 0x000000000000000000000000865377367054516e17014ccded1e7d814edc9ce4, 0x0000000000000000000000004b75d1cf8a07280249404bf10aa1b844f0982abc], 0x000000000000000000000000000000000000000000000000000016a4e6e4a5ca, 0x62993fdf7ce4ea32c2ef792f4191d4075b2df1b3c8d54c81ebcc11231483ed60, 25994947 [2.599e7], 0x24a63f1556a52d2ed3693c5de1c9db7a78fdbb380cc2d2be18cd8161ced3bd92, 0, 37, false), (0x8B9482a3ff055d24183B40Dd8BB70fFe3edD4c83, [0x11fa725a956e1222d809b94ec211abe46e4218803a3c67d50f6fd9e46ba20a0e, 0x000000000000000000000000865377367054516e17014ccded1e7d814edc9ce4, 0x00000000000000000000000025ada296f30976024d675cd219f9aaf1f2ad4eb1], 0x000000000000000000000000000000000000000000000000f2d70f07a0d2d8a9, 0x62993fdf7ce4ea32c2ef792f4191d4075b2df1b3c8d54c81ebcc11231483ed60, 25994947 [2.599e7], 0x24a63f1556a52d2ed3693c5de1c9db7a78fdbb380cc2d2be18cd8161ced3bd92, 0, 46, false), (0x8B9482a3ff055d24183B40Dd8BB70fFe3edD4c83, [0x11fa725a956e1222d809b94ec211abe46e4218803a3c67d50f6fd9e46ba20a0e, 0x000000000000000000000000865377367054516e17014ccded1e7d814edc9ce4, 0x000000000000000000000000186c77b80bbfd21b01c7d7fa44ba27031322a77f], 0x000000000000000000000000000000000000000000000000000005a8d1fad562, 0x62993fdf7ce4ea32c2ef792f4191d4075b2df1b3c8d54c81ebcc11231483ed60, 25994947 [2.599e7], 0x24a63f1556a52d2ed3693c5de1c9db7a78fdbb380cc2d2be18cd8161ced3bd92, 0, 55, false), (0x8B9482a3ff055d24183B40Dd8BB70fFe3edD4c83, [0x11fa725a956e1222d809b94ec211abe46e4218803a3c67d50f6fd9e46ba20a0e, 0x000000000000000000000000865377367054516e17014ccded1e7d814edc9ce4, 0x00000000000000000000000070ac9d66b8b29332948c1972786473a1f050e7bd], 0x000000000000000000000000000000000000000000000005342b8ca1a09d6b68, 0x62993fdf7ce4ea32c2ef792f4191d4075b2df1b3c8d54c81ebcc11231483ed60, 25994947 [2.599e7], 0x24a63f1556a52d2ed3693c5de1c9db7a78fdbb380cc2d2be18cd8161ced3bd92, 0, 64, false), (0x8B9482a3ff055d24183B40Dd8BB70fFe3edD4c83, [0x11fa725a956e1222d809b94ec211abe46e4218803a3c67d50f6fd9e46ba20a0e, 0x000000000000000000000000865377367054516e17014ccded1e7d814edc9ce4, 0x000000000000000000000000c8fc15bf56259271c24072f5a6b0a6b6df06d358], 0x0000000000000000000000000000000000000000000000069006997cf8cc5609, 0x62993fdf7ce4ea32c2ef792f4191d4075b2df1b3c8d54c81ebcc11231483ed60, 25994947 [2.599e7], 0x24a63f1556a52d2ed3693c5de1c9db7a78fdbb380cc2d2be18cd8161ced3bd92, 0, 73, false), (0x8B9482a3ff055d24183B40Dd8BB70fFe3edD4c83, [0x11fa725a956e1222d809b94ec211abe46e4218803a3c67d50f6fd9e46ba20a0e, 0x000000000000000000000000865377367054516e17014ccded1e7d814edc9ce4, 0x0000000000000000000000000f254c40729c93093dc0d290e716b842a9c4484a], 0x000000000000000000000000000000000000000000000000000000f21823e85c, 0x62993fdf7ce4ea32c2ef792f4191d4075b2df1b3c8d54c81ebcc11231483ed60, 25994947 [2.599e7], 0x24a63f1556a52d2ed3693c5de1c9db7a78fdbb380cc2d2be18cd8161ced3bd92, 0, 82, false), (0x8B9482a3ff055d24183B40Dd8BB70fFe3edD4c83, [0x11fa725a956e1222d809b94ec211abe46e4218803a3c67d50f6fd9e46ba20a0e, 0x000000000000000000000000865377367054516e17014ccded1e7d814edc9ce4, 0x0000000000000000000000009ebb8b14acbedd921df6cc336c568b7dcbef3182], 0x00000000000000000000000000000000000000000000000000002dfff26075d8, 0x62993fdf7ce4ea32c2ef792f4191d4075b2df1b3c8d54c81ebcc11231483ed60, 25994947 [2.599e7], 0x24a63f1556a52d2ed3693c5de1c9db7a78fdbb380cc2d2be18cd8161ced3bd92, 0, 91, false), (0x8B9482a3ff055d24183B40Dd8BB70fFe3edD4c83, [0x11fa725a956e1222d809b94ec211abe46e4218803a3c67d50f6fd9e46ba20a0e, 0x000000000000000000000000865377367054516e17014ccded1e7d814edc9ce4, 0x000000000000000000000000d57e5f043cb3c05be4e8138886ccef2448a07c66], 0x000000000000000000000000000000000000000000000036376dfc0bafbb670c, 0x62993fdf7ce4ea32c2ef792f4191d4075b2df1b3c8d54c81ebcc11231483ed60, 25994947 [2.599e7], 0x24a63f1556a52d2ed3693c5de1c9db7a78fdbb380cc2d2be18cd8161ced3bd92, 0, 100, false), (0x8B9482a3ff055d24183B40Dd8BB70fFe3edD4c83, [0x11fa725a956e1222d809b94ec211abe46e4218803a3c67d50f6fd9e46ba20a0e, 0x000000000000000000000000a0b86991c6218b36c1d19d4a2e9eb0ce3606eb48, 0x000000000000000000000000186c77b80bbfd21b01c7d7fa44ba27031322a77f], 0x0000000000000000000000000000000000000000000000000000000020c72650, 0x2fc204a909754a6ba86ce790b612ec339968ae416ee400062a74c07a7b56412d, 25994950 [2.599e7], 0x6b93af0ecec548cb5e20d747e58deb9103c7bf91347ea572b199e80f0522e475, 0, 35, false), (0x8B9482a3ff055d24183B40Dd8BB70fFe3edD4c83, [0x11fa725a956e1222d809b94ec211abe46e4218803a3c67d50f6fd9e46ba20a0e, 0x000000000000000000000000a0b86991c6218b36c1d19d4a2e9eb0ce3606eb48, 0x000000000000000000000000cad1a7864a108dbff67f4b8af71fab0c7a86d0b6], 0x00000000000000000000000000000000000000000000000000000000026e8e3b, 0x2fc204a909754a6ba86ce790b612ec339968ae416ee400062a74c07a7b56412d, 25994950 [2.599e7], 0x6b93af0ecec548cb5e20d747e58deb9103c7bf91347ea572b199e80f0522e475, 0, 43, false), (0x8B9482a3ff055d24183B40Dd8BB70fFe3edD4c83, [0x11fa725a956e1222d809b94ec211abe46e4218803a3c67d50f6fd9e46ba20a0e, 0x000000000000000000000000a0b86991c6218b36c1d19d4a2e9eb0ce3606eb48, 0x0000000000000000000000004b75d1cf8a07280249404bf10aa1b844f0982abc], 0x000000000000000000000000000000000000000000000000000000000000000a, 0x2fc204a909754a6ba86ce790b612ec339968ae416ee400062a74c07a7b56412d, 25994950 [2.599e7], 0x6b93af0ecec548cb5e20d747e58deb9103c7bf91347ea572b199e80f0522e475, 0, 51, false), (0x8B9482a3ff055d24183B40Dd8BB70fFe3edD4c83, [0x11fa725a956e1222d809b94ec211abe46e4218803a3c67d50f6fd9e46ba20a0e, 0x000000000000000000000000a0b86991c6218b36c1d19d4a2e9eb0ce3606eb48, 0x000000000000000000000000ecbcd731fb50d3413bb9ece12837dbc39847a394], 0x0000000000000000000000000000000000000000000000000000000027f3558a, 0x2fc204a909754a6ba86ce790b612ec339968ae416ee400062a74c07a7b56412d, 25994950 [2.599e7], 0x6b93af0ecec548cb5e20d747e58deb9103c7bf91347ea572b199e80f0522e475, 0, 59, false), (0x8B9482a3ff055d24183B40Dd8BB70fFe3edD4c83, [0x11fa725a956e1222d809b94ec211abe46e4218803a3c67d50f6fd9e46ba20a0e, 0x000000000000000000000000a0b86991c6218b36c1d19d4a2e9eb0ce3606eb48, 0x00000000000000000000000025ada296f30976024d675cd219f9aaf1f2ad4eb1], 0x0000000000000000000000000000000000000000000000000000000000000040, 0x2fc204a909754a6ba86ce790b612ec339968ae416ee400062a74c07a7b56412d, 25994950 [2.599e7], 0x6b93af0ecec548cb5e20d747e58deb9103c7bf91347ea572b199e80f0522e475, 0, 67, false), (0x8B9482a3ff055d24183B40Dd8BB70fFe3edD4c83, [0x11fa725a956e1222d809b94ec211abe46e4218803a3c67d50f6fd9e46ba20a0e, 0x000000000000000000000000a0b86991c6218b36c1d19d4a2e9eb0ce3606eb48, 0x0000000000000000000000000f254c40729c93093dc0d290e716b842a9c4484a], 0x0000000000000000000000000000000000000000000000000000000000000054, 0x2fc204a909754a6ba86ce790b612ec339968ae416ee400062a74c07a7b56412d, 25994950 [2.599e7], 0x6b93af0ecec548cb5e20d747e58deb9103c7bf91347ea572b199e80f0522e475, 0, 75, false), (0x8B9482a3ff055d24183B40Dd8BB70fFe3edD4c83, [0x11fa725a956e1222d809b94ec211abe46e4218803a3c67d50f6fd9e46ba20a0e, 0x000000000000000000000000a0b86991c6218b36c1d19d4a2e9eb0ce3606eb48, 0x0000000000000000000000009ebb8b14acbedd921df6cc336c568b7dcbef3182], 0x000000000000000000000000000000000000000000000000000000000000001c, 0x2fc204a909754a6ba86ce790b612ec339968ae416ee400062a74c07a7b56412d, 25994950 [2.599e7], 0x6b93af0ecec548cb5e20d747e58deb9103c7bf91347ea572b199e80f0522e475, 0, 83, false), (0x8B9482a3ff055d24183B40Dd8BB70fFe3edD4c83, [0x11fa725a956e1222d809b94ec211abe46e4218803a3c67d50f6fd9e46ba20a0e, 0x000000000000000000000000a0b86991c6218b36c1d19d4a2e9eb0ce3606eb48, 0x00000000000000000000000043bd4241669753c1ea87a9e7805eb518ab6ac239], 0x0000000000000000000000000000000000000000000000000000000011e13b39, 0x2fc204a909754a6ba86ce790b612ec339968ae416ee400062a74c07a7b56412d, 25994950 [2.599e7], 0x6b93af0ecec548cb5e20d747e58deb9103c7bf91347ea572b199e80f0522e475, 0, 91, false), (0x8B9482a3ff055d24183B40Dd8BB70fFe3edD4c83, [0x11fa725a956e1222d809b94ec211abe46e4218803a3c67d50f6fd9e46ba20a0e, 0x000000000000000000000000a0b86991c6218b36c1d19d4a2e9eb0ce3606eb48, 0x000000000000000000000000c25ccd4896917e9e31925755ced674cbd7214e1a], 0x000000000000000000000000000000000000000000000000000000000c5f5ebb, 0x2fc204a909754a6ba86ce790b612ec339968ae416ee400062a74c07a7b56412d, 25994950 [2.599e7], 0x6b93af0ecec548cb5e20d747e58deb9103c7bf91347ea572b199e80f0522e475, 0, 99, false), (0x8B9482a3ff055d24183B40Dd8BB70fFe3edD4c83, [0x11fa725a956e1222d809b94ec211abe46e4218803a3c67d50f6fd9e46ba20a0e, 0x000000000000000000000000a0b86991c6218b36c1d19d4a2e9eb0ce3606eb48, 0x00000000000000000000000064d3cbab6100782a7839fc1af791027a2f1908d2], 0x000000000000000000000000000000000000000000000000000000000049a8f6, 0x2fc204a909754a6ba86ce790b612ec339968ae416ee400062a74c07a7b56412d, 25994950 [2.599e7], 0x6b93af0ecec548cb5e20d747e58deb9103c7bf91347ea572b199e80f0522e475, 0, 107, false), (0x8B9482a3ff055d24183B40Dd8BB70fFe3edD4c83, [0x11fa725a956e1222d809b94ec211abe46e4218803a3c67d50f6fd9e46ba20a0e, 0x000000000000000000000000a0b86991c6218b36c1d19d4a2e9eb0ce3606eb48, 0x0000000000000000000000002593be17dd1c31b4c124a18bac3a7ae19567ae37], 0x0000000000000000000000000000000000000000000000000000000000000014, 0x2fc204a909754a6ba86ce790b612ec339968ae416ee400062a74c07a7b56412d, 25994950 [2.599e7], 0x6b93af0ecec548cb5e20d747e58deb9103c7bf91347ea572b199e80f0522e475, 0, 115, false), (0x8B9482a3ff055d24183B40Dd8BB70fFe3edD4c83, [0x11fa725a956e1222d809b94ec211abe46e4218803a3c67d50f6fd9e46ba20a0e, 0x000000000000000000000000a0b86991c6218b36c1d19d4a2e9eb0ce3606eb48, 0x000000000000000000000000d7050a440e7da97147ceb602404f70438c57f4eb], 0x0000000000000000000000000000000000000000000000000000000000000058, 0x2fc204a909754a6ba86ce790b612ec339968ae416ee400062a74c07a7b56412d, 25994950 [2.599e7], 0x6b93af0ecec548cb5e20d747e58deb9103c7bf91347ea572b199e80f0522e475, 0, 123, false), (0x8B9482a3ff055d24183B40Dd8BB70fFe3edD4c83, [0x11fa725a956e1222d809b94ec211abe46e4218803a3c67d50f6fd9e46ba20a0e, 0x000000000000000000000000a0b86991c6218b36c1d19d4a2e9eb0ce3606eb48, 0x0000000000000000000000000f92282a77c490034536b066b24312062dc24aa9], 0x000000000000000000000000000000000000000000000000000000000b80ad42, 0x2fc204a909754a6ba86ce790b612ec339968ae416ee400062a74c07a7b56412d, 25994950 [2.599e7], 0x6b93af0ecec548cb5e20d747e58deb9103c7bf91347ea572b199e80f0522e475, 0, 131, false), (0x8B9482a3ff055d24183B40Dd8BB70fFe3edD4c83, [0x11fa725a956e1222d809b94ec211abe46e4218803a3c67d50f6fd9e46ba20a0e, 0x0000000000000000000000004c9edd5852cd905f086c759e8383e09bff1e68b3, 0x000000000000000000000000d57e5f043cb3c05be4e8138886ccef2448a07c66], 0x00000000000000000000000000000000000000000000003602098bf1ab8cf45a, 0x2b7ea76bffd72d31313ef8cf03556f1889496fc48756d234fa9f9a81badb6b2d, 25994952 [2.599e7], 0xb718dedc1e08d7c8bf2c1bba720458dab7c591f7c4667ad404cf10b5fb8d6992, 0, 35, false), (0x8B9482a3ff055d24183B40Dd8BB70fFe3edD4c83, [0x11fa725a956e1222d809b94ec211abe46e4218803a3c67d50f6fd9e46ba20a0e, 0x0000000000000000000000004c9edd5852cd905f086c759e8383e09bff1e68b3, 0x000000000000000000000000186c77b80bbfd21b01c7d7fa44ba27031322a77f], 0x0000000000000000000000000000000000000000000000155d2630217c07460b, 0x2b7ea76bffd72d31313ef8cf03556f1889496fc48756d234fa9f9a81badb6b2d, 25994952 [2.599e7], 0xb718dedc1e08d7c8bf2c1bba720458dab7c591f7c4667ad404cf10b5fb8d6992, 0, 55, false), (0x8B9482a3ff055d24183B40Dd8BB70fFe3edD4c83, [0x11fa725a956e1222d809b94ec211abe46e4218803a3c67d50f6fd9e46ba20a0e, 0x0000000000000000000000004c9edd5852cd905f086c759e8383e09bff1e68b3, 0x0000000000000000000000004b75d1cf8a07280249404bf10aa1b844f0982abc], 0x000000000000000000000000000000000000000000000000000030a861ae094d, 0x2b7ea76bffd72d31313ef8cf03556f1889496fc48756d234fa9f9a81badb6b2d, 25994952 [2.599e7], 0xb718dedc1e08d7c8bf2c1bba720458dab7c591f7c4667ad404cf10b5fb8d6992, 0, 75, false), (0x8B9482a3ff055d24183B40Dd8BB70fFe3edD4c83, [0x11fa725a956e1222d809b94ec211abe46e4218803a3c67d50f6fd9e46ba20a0e, 0x0000000000000000000000004c9edd5852cd905f086c759e8383e09bff1e68b3, 0x00000000000000000000000025ada296f30976024d675cd219f9aaf1f2ad4eb1], 0x00000000000000000000000000000000000000000000000e44e87d3ea299efa6, 0x2b7ea76bffd72d31313ef8cf03556f1889496fc48756d234fa9f9a81badb6b2d, 25994952 [2.599e7], 0xb718dedc1e08d7c8bf2c1bba720458dab7c591f7c4667ad404cf10b5fb8d6992, 0, 95, false), (0x8B9482a3ff055d24183B40Dd8BB70fFe3edD4c83, [0x11fa725a956e1222d809b94ec211abe46e4218803a3c67d50f6fd9e46ba20a0e, 0x0000000000000000000000004c9edd5852cd905f086c759e8383e09bff1e68b3, 0x000000000000000000000000cad1a7864a108dbff67f4b8af71fab0c7a86d0b6], 0x000000000000000000000000000000000000000000000000000054161ca55dc8, 0x2b7ea76bffd72d31313ef8cf03556f1889496fc48756d234fa9f9a81badb6b2d, 25994952 [2.599e7], 0xb718dedc1e08d7c8bf2c1bba720458dab7c591f7c4667ad404cf10b5fb8d6992, 0, 115, false), (0x8B9482a3ff055d24183B40Dd8BB70fFe3edD4c83, [0x11fa725a956e1222d809b94ec211abe46e4218803a3c67d50f6fd9e46ba20a0e, 0x0000000000000000000000004c9edd5852cd905f086c759e8383e09bff1e68b3, 0x0000000000000000000000000f254c40729c93093dc0d290e716b842a9c4484a], 0x000000000000000000000000000000000000000000000000000008560ddfd7a4, 0x2b7ea76bffd72d31313ef8cf03556f1889496fc48756d234fa9f9a81badb6b2d, 25994952 [2.599e7], 0xb718dedc1e08d7c8bf2c1bba720458dab7c591f7c4667ad404cf10b5fb8d6992, 0, 135, false), (0x8B9482a3ff055d24183B40Dd8BB70fFe3edD4c83, [0x11fa725a956e1222d809b94ec211abe46e4218803a3c67d50f6fd9e46ba20a0e, 0x0000000000000000000000004c9edd5852cd905f086c759e8383e09bff1e68b3, 0x00000000000000000000000043bd4241669753c1ea87a9e7805eb518ab6ac239], 0x000000000000000000000000000000000000000000000030fcca13680e2b7f8d, 0x2b7ea76bffd72d31313ef8cf03556f1889496fc48756d234fa9f9a81badb6b2d, 25994952 [2.599e7], 0xb718dedc1e08d7c8bf2c1bba720458dab7c591f7c4667ad404cf10b5fb8d6992, 0, 155, false)]
    ├─ [0] console::log("  events (MigratedOut / UserMigrated / DepositedFor):", 29, 0, 29) [staticcall]
    │   └─ ← [Stop]
    ├─ [966] 0x1760E05356Ec1FBBA159C730781dCfB9920524e2::ammAdapter() [staticcall]
    │   └─ ← [Revert] EvmError: Revert
    ├─ [966] 0x55BcE9b12953d6a8468c57a811E6642289A99764::ammAdapter() [staticcall]
    │   └─ ← [Revert] EvmError: Revert
    ├─ [0] VM::toString(0xCad1a7864a108DBFF67F4b8af71fAB0C7A86D0B6) [staticcall]
    │   └─ ← [Return] "0xCad1a7864a108DBFF67F4b8af71fAB0C7A86D0B6"
    ├─ [0] VM::toString(50174494103520 [5.017e13]) [staticcall]
    │   └─ ← [Return] "50174494103520"
    ├─ [0] VM::toString(0xCad1a7864a108DBFF67F4b8af71fAB0C7A86D0B6) [staticcall]
    │   └─ ← [Return] "0xCad1a7864a108DBFF67F4b8af71fAB0C7A86D0B6"
    ├─ [0] VM::toString(50174494103520 [5.017e13]) [staticcall]
    │   └─ ← [Return] "50174494103520"
    ├─ [0] VM::toString(50174494103519 [5.017e13]) [staticcall]
    │   └─ ← [Return] "50174494103519"
    ├─ [748] 0x8B9482a3ff055d24183B40Dd8BB70fFe3edD4c83::userInfo(ERC20: [0x865377367054516e17014CcdED1e7d814EDC9ce4], 0xCad1a7864a108DBFF67F4b8af71fAB0C7A86D0B6) [staticcall]
    │   └─ ← [Return] 50174494103519 [5.017e13], 0
    ├─ [0] VM::toString(0xCad1a7864a108DBFF67F4b8af71fAB0C7A86D0B6) [staticcall]
    │   └─ ← [Return] "0xCad1a7864a108DBFF67F4b8af71fAB0C7A86D0B6"
    ├─ [0] VM::toString(50174494103519 [5.017e13]) [staticcall]
    │   └─ ← [Return] "50174494103519"
    ├─ [0] VM::toString(50174494103519 [5.017e13]) [staticcall]
    │   └─ ← [Return] "50174494103519"
    ├─ [0] VM::toString(0x4B75d1CF8A07280249404Bf10aa1B844f0982aBC) [staticcall]
    │   └─ ← [Return] "0x4B75d1CF8A07280249404Bf10aa1B844f0982aBC"
    ├─ [0] VM::toString(24897504191948 [2.489e13]) [staticcall]
    │   └─ ← [Return] "24897504191948"
    ├─ [0] VM::toString(0x4B75d1CF8A07280249404Bf10aa1B844f0982aBC) [staticcall]
    │   └─ ← [Return] "0x4B75d1CF8A07280249404Bf10aa1B844f0982aBC"
    ├─ [0] VM::toString(24897504191948 [2.489e13]) [staticcall]
    │   └─ ← [Return] "24897504191948"
    ├─ [0] VM::toString(24897504191946 [2.489e13]) [staticcall]
    │   └─ ← [Return] "24897504191946"
    ├─ [748] 0x8B9482a3ff055d24183B40Dd8BB70fFe3edD4c83::userInfo(ERC20: [0x865377367054516e17014CcdED1e7d814EDC9ce4], 0x4B75d1CF8A07280249404Bf10aa1B844f0982aBC) [staticcall]
    │   └─ ← [Return] 24897504191946 [2.489e13], 0
    ├─ [0] VM::toString(0x4B75d1CF8A07280249404Bf10aa1B844f0982aBC) [staticcall]
    │   └─ ← [Return] "0x4B75d1CF8A07280249404Bf10aa1B844f0982aBC"
    ├─ [0] VM::toString(24897504191946 [2.489e13]) [staticcall]
    │   └─ ← [Return] "24897504191946"
    ├─ [0] VM::toString(24897504191946 [2.489e13]) [staticcall]
    │   └─ ← [Return] "24897504191946"
    ├─ [0] VM::toString(0x25AdA296F30976024d675Cd219f9aAF1F2Ad4eb1) [staticcall]
    │   └─ ← [Return] "0x25AdA296F30976024d675Cd219f9aAF1F2Ad4eb1"
    ├─ [0] VM::toString(17498471402608711850 [1.749e19]) [staticcall]
    │   └─ ← [Return] "17498471402608711850"
    ├─ [0] VM::toString(0x25AdA296F30976024d675Cd219f9aAF1F2Ad4eb1) [staticcall]
    │   └─ ← [Return] "0x25AdA296F30976024d675Cd219f9aAF1F2Ad4eb1"
    ├─ [0] VM::toString(17498471402608711850 [1.749e19]) [staticcall]
    │   └─ ← [Return] "17498471402608711850"
    ├─ [0] VM::toString(17498471402608711849 [1.749e19]) [staticcall]
    │   └─ ← [Return] "17498471402608711849"
    ├─ [748] 0x8B9482a3ff055d24183B40Dd8BB70fFe3edD4c83::userInfo(ERC20: [0x865377367054516e17014CcdED1e7d814EDC9ce4], 0x25AdA296F30976024d675Cd219f9aAF1F2Ad4eb1) [staticcall]
    │   └─ ← [Return] 17498471402608711849 [1.749e19], 0
    ├─ [0] VM::toString(0x25AdA296F30976024d675Cd219f9aAF1F2Ad4eb1) [staticcall]
    │   └─ ← [Return] "0x25AdA296F30976024d675Cd219f9aAF1F2Ad4eb1"
    ├─ [0] VM::toString(17498471402608711849 [1.749e19]) [staticcall]
    │   └─ ← [Return] "17498471402608711849"
    ├─ [0] VM::toString(17498471402608711849 [1.749e19]) [staticcall]
    │   └─ ← [Return] "17498471402608711849"
    ├─ [0] VM::toString(0x186c77B80Bbfd21b01C7D7FA44bA27031322a77F) [staticcall]
    │   └─ ← [Return] "0x186c77B80Bbfd21b01C7D7FA44bA27031322a77F"
    ├─ [0] VM::toString(6222635521379 [6.222e12]) [staticcall]
    │   └─ ← [Return] "6222635521379"
    ├─ [0] VM::toString(0x186c77B80Bbfd21b01C7D7FA44bA27031322a77F) [staticcall]
    │   └─ ← [Return] "0x186c77B80Bbfd21b01C7D7FA44bA27031322a77F"
    ├─ [0] VM::toString(6222635521379 [6.222e12]) [staticcall]
    │   └─ ← [Return] "6222635521379"
    ├─ [0] VM::toString(6222635521378 [6.222e12]) [staticcall]
    │   └─ ← [Return] "6222635521378"
    ├─ [748] 0x8B9482a3ff055d24183B40Dd8BB70fFe3edD4c83::userInfo(ERC20: [0x865377367054516e17014CcdED1e7d814EDC9ce4], 0x186c77B80Bbfd21b01C7D7FA44bA27031322a77F) [staticcall]
    │   └─ ← [Return] 6222635521378 [6.222e12], 0
    ├─ [0] VM::toString(0x186c77B80Bbfd21b01C7D7FA44bA27031322a77F) [staticcall]
    │   └─ ← [Return] "0x186c77B80Bbfd21b01C7D7FA44bA27031322a77F"
    ├─ [0] VM::toString(6222635521378 [6.222e12]) [staticcall]
    │   └─ ← [Return] "6222635521378"
    ├─ [0] VM::toString(6222635521378 [6.222e12]) [staticcall]
    │   └─ ← [Return] "6222635521378"
    ├─ [0] VM::toString(0x70Ac9D66b8b29332948C1972786473A1F050e7BD) [staticcall]
    │   └─ ← [Return] "0x70Ac9D66b8b29332948C1972786473A1F050e7BD"
    ├─ [0] VM::toString(95992973308330863465 [9.599e19]) [staticcall]
    │   └─ ← [Return] "95992973308330863465"
    ├─ [0] VM::toString(0x70Ac9D66b8b29332948C1972786473A1F050e7BD) [staticcall]
    │   └─ ← [Return] "0x70Ac9D66b8b29332948C1972786473A1F050e7BD"
    ├─ [0] VM::toString(95992973308330863465 [9.599e19]) [staticcall]
    │   └─ ← [Return] "95992973308330863465"
    ├─ [0] VM::toString(95992973308330863464 [9.599e19]) [staticcall]
    │   └─ ← [Return] "95992973308330863464"
    ├─ [748] 0x8B9482a3ff055d24183B40Dd8BB70fFe3edD4c83::userInfo(ERC20: [0x865377367054516e17014CcdED1e7d814EDC9ce4], 0x70Ac9D66b8b29332948C1972786473A1F050e7BD) [staticcall]
    │   └─ ← [Return] 95992973308330863464 [9.599e19], 0
    ├─ [0] VM::toString(0x70Ac9D66b8b29332948C1972786473A1F050e7BD) [staticcall]
    │   └─ ← [Return] "0x70Ac9D66b8b29332948C1972786473A1F050e7BD"
    ├─ [0] VM::toString(95992973308330863464 [9.599e19]) [staticcall]
    │   └─ ← [Return] "95992973308330863464"
    ├─ [0] VM::toString(95992973308330863464 [9.599e19]) [staticcall]
    │   └─ ← [Return] "95992973308330863464"
    ├─ [0] VM::toString(0xC8Fc15bF56259271c24072F5A6b0A6B6dF06D358) [staticcall]
    │   └─ ← [Return] "0xC8Fc15bF56259271c24072F5A6b0A6B6dF06D358"
    ├─ [0] VM::toString(121058615595608331786 [1.21e20]) [staticcall]
    │   └─ ← [Return] "121058615595608331786"
    ├─ [0] VM::toString(0xC8Fc15bF56259271c24072F5A6b0A6B6dF06D358) [staticcall]
    │   └─ ← [Return] "0xC8Fc15bF56259271c24072F5A6b0A6B6dF06D358"
    ├─ [0] VM::toString(121058615595608331786 [1.21e20]) [staticcall]
    │   └─ ← [Return] "121058615595608331786"
    ├─ [0] VM::toString(121058615595608331785 [1.21e20]) [staticcall]
    │   └─ ← [Return] "121058615595608331785"
    ├─ [748] 0x8B9482a3ff055d24183B40Dd8BB70fFe3edD4c83::userInfo(ERC20: [0x865377367054516e17014CcdED1e7d814EDC9ce4], 0xC8Fc15bF56259271c24072F5A6b0A6B6dF06D358) [staticcall]
    │   └─ ← [Return] 121058615595608331785 [1.21e20], 0
    ├─ [0] VM::toString(0xC8Fc15bF56259271c24072F5A6b0A6B6dF06D358) [staticcall]
    │   └─ ← [Return] "0xC8Fc15bF56259271c24072F5A6b0A6B6dF06D358"
    ├─ [0] VM::toString(121058615595608331785 [1.21e20]) [staticcall]
    │   └─ ← [Return] "121058615595608331785"
    ├─ [0] VM::toString(121058615595608331785 [1.21e20]) [staticcall]
    │   └─ ← [Return] "121058615595608331785"
    ├─ [0] VM::toString(0x0f254C40729C93093DC0D290E716B842a9C4484a) [staticcall]
    │   └─ ← [Return] "0x0f254C40729C93093DC0D290E716B842a9C4484a"
    ├─ [0] VM::toString(1039787092062 [1.039e12]) [staticcall]
    │   └─ ← [Return] "1039787092062"
    ├─ [0] VM::toString(0x0f254C40729C93093DC0D290E716B842a9C4484a) [staticcall]
    │   └─ ← [Return] "0x0f254C40729C93093DC0D290E716B842a9C4484a"
    ├─ [0] VM::toString(1039787092062 [1.039e12]) [staticcall]
    │   └─ ← [Return] "1039787092062"
    ├─ [0] VM::toString(1039787092060 [1.039e12]) [staticcall]
    │   └─ ← [Return] "1039787092060"
    ├─ [748] 0x8B9482a3ff055d24183B40Dd8BB70fFe3edD4c83::userInfo(ERC20: [0x865377367054516e17014CcdED1e7d814EDC9ce4], 0x0f254C40729C93093DC0D290E716B842a9C4484a) [staticcall]
    │   └─ ← [Return] 1039787092060 [1.039e12], 0
    ├─ [0] VM::toString(0x0f254C40729C93093DC0D290E716B842a9C4484a) [staticcall]
    │   └─ ← [Return] "0x0f254C40729C93093DC0D290E716B842a9C4484a"
    ├─ [0] VM::toString(1039787092060 [1.039e12]) [staticcall]
    │   └─ ← [Return] "1039787092060"
    ├─ [0] VM::toString(1039787092060 [1.039e12]) [staticcall]
    │   └─ ← [Return] "1039787092060"
    ├─ [0] VM::toString(0x9Ebb8b14aCbEDd921df6CC336c568B7dCBEf3182) [staticcall]
    │   └─ ← [Return] "0x9Ebb8b14aCbEDd921df6CC336c568B7dCBEf3182"
    ├─ [0] VM::toString(50577306318297 [5.057e13]) [staticcall]
    │   └─ ← [Return] "50577306318297"
    ├─ [0] VM::toString(0x9Ebb8b14aCbEDd921df6CC336c568B7dCBEf3182) [staticcall]
    │   └─ ← [Return] "0x9Ebb8b14aCbEDd921df6CC336c568B7dCBEf3182"
    ├─ [0] VM::toString(50577306318297 [5.057e13]) [staticcall]
    │   └─ ← [Return] "50577306318297"
    ├─ [0] VM::toString(50577306318296 [5.057e13]) [staticcall]
    │   └─ ← [Return] "50577306318296"
    ├─ [748] 0x8B9482a3ff055d24183B40Dd8BB70fFe3edD4c83::userInfo(ERC20: [0x865377367054516e17014CcdED1e7d814EDC9ce4], 0x9Ebb8b14aCbEDd921df6CC336c568B7dCBEf3182) [staticcall]
    │   └─ ← [Return] 50577306318296 [5.057e13], 0
    ├─ [0] VM::toString(0x9Ebb8b14aCbEDd921df6CC336c568B7dCBEf3182) [staticcall]
    │   └─ ← [Return] "0x9Ebb8b14aCbEDd921df6CC336c568B7dCBEf3182"
    ├─ [0] VM::toString(50577306318296 [5.057e13]) [staticcall]
    │   └─ ← [Return] "50577306318296"
    ├─ [0] VM::toString(50577306318296 [5.057e13]) [staticcall]
    │   └─ ← [Return] "50577306318296"
    ├─ [0] VM::toString(0xD57e5f043cB3C05be4E8138886cCEF2448a07C66) [staticcall]
    │   └─ ← [Return] "0xD57e5f043cB3C05be4E8138886cCEF2448a07C66"
    ├─ [0] VM::toString(1000118305551986419469 [1e21]) [staticcall]
    │   └─ ← [Return] "1000118305551986419469"
    ├─ [0] VM::toString(0xD57e5f043cB3C05be4E8138886cCEF2448a07C66) [staticcall]
    │   └─ ← [Return] "0xD57e5f043cB3C05be4E8138886cCEF2448a07C66"
    ├─ [0] VM::toString(1000118305551986419469 [1e21]) [staticcall]
    │   └─ ← [Return] "1000118305551986419469"
    ├─ [0] VM::toString(1000118305551986419468 [1e21]) [staticcall]
    │   └─ ← [Return] "1000118305551986419468"
    ├─ [748] 0x8B9482a3ff055d24183B40Dd8BB70fFe3edD4c83::userInfo(ERC20: [0x865377367054516e17014CcdED1e7d814EDC9ce4], 0xD57e5f043cB3C05be4E8138886cCEF2448a07C66) [staticcall]
    │   └─ ← [Return] 1000118305551986419468 [1e21], 0
    ├─ [0] VM::toString(0xD57e5f043cB3C05be4E8138886cCEF2448a07C66) [staticcall]
    │   └─ ← [Return] "0xD57e5f043cB3C05be4E8138886cCEF2448a07C66"
    ├─ [0] VM::toString(1000118305551986419468 [1e21]) [staticcall]
    │   └─ ← [Return] "1000118305551986419468"
    ├─ [0] VM::toString(1000118305551986419468 [1e21]) [staticcall]
    │   └─ ← [Return] "1000118305551986419468"
    ├─ [993] 0xbce8ABC09BaEDCabE93419bF875f6186e182079A::migrationInfo(ERC20: [0x865377367054516e17014CcdED1e7d814EDC9ce4]) [staticcall]
    │   └─ ← [Return] 1234668498770261553781 [1.234e21], 1234727033595298752962 [1.234e21]
    ├─ [1338] 0xbce8ABC09BaEDCabE93419bF875f6186e182079A::poolInfo(ERC20: [0x865377367054516e17014CcdED1e7d814EDC9ce4]) [staticcall]
    │   └─ ← [Return] 10850694444444 [1.085e13], 224084379875988348 [2.24e17], 1789620925 [1.789e9], 0
    ├─ [380] ERC20::decimals() [staticcall]
    │   └─ ← [Return] 18
    ├─ [1083] ERC20::symbol() [staticcall]
    │   └─ ← [Return] "DOLA"
    ├─ [0] console::log("  per-user credits OK (token / users):", ERC20: [0x865377367054516e17014CcdED1e7d814EDC9ce4], 9) [staticcall]
    │   └─ ← [Stop]
    ├─ [993] 0xbce8ABC09BaEDCabE93419bF875f6186e182079A::migrationInfo(ERC20: [0x865377367054516e17014CcdED1e7d814EDC9ce4]) [staticcall]
    │   └─ ← [Return] 1234668498770261553781 [1.234e21], 1234727033595298752962 [1.234e21]
    ├─ [1338] 0xbce8ABC09BaEDCabE93419bF875f6186e182079A::poolInfo(ERC20: [0x865377367054516e17014CcdED1e7d814EDC9ce4]) [staticcall]
    │   └─ ← [Return] 10850694444444 [1.085e13], 224084379875988348 [2.24e17], 1789620925 [1.789e9], 0
    ├─ [1492] 0x8B9482a3ff055d24183B40Dd8BB70fFe3edD4c83::poolInfo(ERC20: [0x865377367054516e17014CcdED1e7d814EDC9ce4]) [staticcall]
    │   └─ ← [Return] 22786458333332 [2.278e13], 0, 1789620925 [1.789e9], 1234668498770261553765 [1.234e21]
    ├─ [966] 0x1760E05356Ec1FBBA159C730781dCfB9920524e2::ammAdapter() [staticcall]
    │   └─ ← [Revert] EvmError: Revert
    ├─ [966] 0x55BcE9b12953d6a8468c57a811E6642289A99764::ammAdapter() [staticcall]
    │   └─ ← [Revert] EvmError: Revert
    ├─ [0] console::log("  aggregate net of self-exits (token / floor / V2 totalStaked):", ERC20: [0x865377367054516e17014CcdED1e7d814EDC9ce4], 1233492306561703445209 [1.233e21], 1234668498770261553765 [1.234e21]) [staticcall]
    │   └─ ← [Stop]
    ├─ [0] console::log("    P / V1 stragglers / self-exited principal (upper bound):", 1234727033595298752962 [1.234e21], 0, 0) [staticcall]
    │   └─ ← [Stop]
    ├─ [0] VM::toString(1234668498770261553765 [1.234e21]) [staticcall]
    │   └─ ← [Return] "1234668498770261553765"
    ├─ [0] VM::toString(1233492306561703445209 [1.233e21]) [staticcall]
    │   └─ ← [Return] "1233492306561703445209"
    ├─ [1083] ERC20::symbol() [staticcall]
    │   └─ ← [Return] "DOLA"
    ├─ [966] 0xaFDf8DeA96a0F37Aae4869f813901bf73a3eAB83::ammAdapter() [staticcall]
    │   └─ ← [Revert] EvmError: Revert
    ├─ [966] 0xaFDf8DeA96a0F37Aae4869f813901bf73a3eAB83::ammAdapter() [staticcall]
    │   └─ ← [Revert] EvmError: Revert
    ├─ [0] VM::toString(0x186c77B80Bbfd21b01C7D7FA44bA27031322a77F) [staticcall]
    │   └─ ← [Return] "0x186c77B80Bbfd21b01C7D7FA44bA27031322a77F"
    ├─ [0] VM::toString(549941291 [5.499e8]) [staticcall]
    │   └─ ← [Return] "549941291"
    ├─ [0] VM::toString(0x186c77B80Bbfd21b01C7D7FA44bA27031322a77F) [staticcall]
    │   └─ ← [Return] "0x186c77B80Bbfd21b01C7D7FA44bA27031322a77F"
    ├─ [0] VM::toString(549941291 [5.499e8]) [staticcall]
    │   └─ ← [Return] "549941291"
    ├─ [0] VM::toString(549922384 [5.499e8]) [staticcall]
    │   └─ ← [Return] "549922384"
    ├─ [748] 0x8B9482a3ff055d24183B40Dd8BB70fFe3edD4c83::userInfo(FiatTokenProxy: [0xA0b86991c6218b36c1d19D4a2e9Eb0cE3606eB48], 0x186c77B80Bbfd21b01C7D7FA44bA27031322a77F) [staticcall]
    │   └─ ← [Return] 549922384 [5.499e8], 0
    ├─ [0] VM::toString(0x186c77B80Bbfd21b01C7D7FA44bA27031322a77F) [staticcall]
    │   └─ ← [Return] "0x186c77B80Bbfd21b01C7D7FA44bA27031322a77F"
    ├─ [0] VM::toString(549922384 [5.499e8]) [staticcall]
    │   └─ ← [Return] "549922384"
    ├─ [0] VM::toString(549922384 [5.499e8]) [staticcall]
    │   └─ ← [Return] "549922384"
    ├─ [0] VM::toString(0xCad1a7864a108DBFF67F4b8af71fAB0C7A86D0B6) [staticcall]
    │   └─ ← [Return] "0xCad1a7864a108DBFF67F4b8af71fAB0C7A86D0B6"
    ├─ [0] VM::toString(40801206 [4.08e7]) [staticcall]
    │   └─ ← [Return] "40801206"
    ├─ [0] VM::toString(0xCad1a7864a108DBFF67F4b8af71fAB0C7A86D0B6) [staticcall]
    │   └─ ← [Return] "0xCad1a7864a108DBFF67F4b8af71fAB0C7A86D0B6"
    ├─ [0] VM::toString(40801206 [4.08e7]) [staticcall]
    │   └─ ← [Return] "40801206"
    ├─ [0] VM::toString(40799803 [4.079e7]) [staticcall]
    │   └─ ← [Return] "40799803"
    ├─ [748] 0x8B9482a3ff055d24183B40Dd8BB70fFe3edD4c83::userInfo(FiatTokenProxy: [0xA0b86991c6218b36c1d19D4a2e9Eb0cE3606eB48], 0xCad1a7864a108DBFF67F4b8af71fAB0C7A86D0B6) [staticcall]
    │   └─ ← [Return] 40799803 [4.079e7], 0
    ├─ [0] VM::toString(0xCad1a7864a108DBFF67F4b8af71fAB0C7A86D0B6) [staticcall]
    │   └─ ← [Return] "0xCad1a7864a108DBFF67F4b8af71fAB0C7A86D0B6"
    ├─ [0] VM::toString(40799803 [4.079e7]) [staticcall]
    │   └─ ← [Return] "40799803"
    ├─ [0] VM::toString(40799803 [4.079e7]) [staticcall]
    │   └─ ← [Return] "40799803"
    ├─ [0] VM::toString(0x4B75d1CF8A07280249404Bf10aa1B844f0982aBC) [staticcall]
    │   └─ ← [Return] "0x4B75d1CF8A07280249404Bf10aa1B844f0982aBC"
    ├─ [0] VM::toString(11) [staticcall]
    │   └─ ← [Return] "11"
    ├─ [0] VM::toString(0x4B75d1CF8A07280249404Bf10aa1B844f0982aBC) [staticcall]
    │   └─ ← [Return] "0x4B75d1CF8A07280249404Bf10aa1B844f0982aBC"
    ├─ [0] VM::toString(11) [staticcall]
    │   └─ ← [Return] "11"
    ├─ [0] VM::toString(10) [staticcall]
    │   └─ ← [Return] "10"
    ├─ [748] 0x8B9482a3ff055d24183B40Dd8BB70fFe3edD4c83::userInfo(FiatTokenProxy: [0xA0b86991c6218b36c1d19D4a2e9Eb0cE3606eB48], 0x4B75d1CF8A07280249404Bf10aa1B844f0982aBC) [staticcall]
    │   └─ ← [Return] 10, 0
    ├─ [0] VM::toString(0x4B75d1CF8A07280249404Bf10aa1B844f0982aBC) [staticcall]
    │   └─ ← [Return] "0x4B75d1CF8A07280249404Bf10aa1B844f0982aBC"
    ├─ [0] VM::toString(10) [staticcall]
    │   └─ ← [Return] "10"
    ├─ [0] VM::toString(10) [staticcall]
    │   └─ ← [Return] "10"
    ├─ [0] VM::toString(0xeCbcD731fb50D3413Bb9ECE12837dbC39847A394) [staticcall]
    │   └─ ← [Return] "0xeCbcD731fb50D3413Bb9ECE12837dbC39847A394"
    ├─ [0] VM::toString(670281612 [6.702e8]) [staticcall]
    │   └─ ← [Return] "670281612"
    ├─ [0] VM::toString(0xeCbcD731fb50D3413Bb9ECE12837dbC39847A394) [staticcall]
    │   └─ ← [Return] "0xeCbcD731fb50D3413Bb9ECE12837dbC39847A394"
    ├─ [0] VM::toString(670281612 [6.702e8]) [staticcall]
    │   └─ ← [Return] "670281612"
    ├─ [0] VM::toString(670258570 [6.702e8]) [staticcall]
    │   └─ ← [Return] "670258570"
    ├─ [748] 0x8B9482a3ff055d24183B40Dd8BB70fFe3edD4c83::userInfo(FiatTokenProxy: [0xA0b86991c6218b36c1d19D4a2e9Eb0cE3606eB48], 0xeCbcD731fb50D3413Bb9ECE12837dbC39847A394) [staticcall]
    │   └─ ← [Return] 670258570 [6.702e8], 0
    ├─ [0] VM::toString(0xeCbcD731fb50D3413Bb9ECE12837dbC39847A394) [staticcall]
    │   └─ ← [Return] "0xeCbcD731fb50D3413Bb9ECE12837dbC39847A394"
    ├─ [0] VM::toString(670258570 [6.702e8]) [staticcall]
    │   └─ ← [Return] "670258570"
    ├─ [0] VM::toString(670258570 [6.702e8]) [staticcall]
    │   └─ ← [Return] "670258570"
    ├─ [0] VM::toString(0x25AdA296F30976024d675Cd219f9aAF1F2Ad4eb1) [staticcall]
    │   └─ ← [Return] "0x25AdA296F30976024d675Cd219f9aAF1F2Ad4eb1"
    ├─ [0] VM::toString(65) [staticcall]
    │   └─ ← [Return] "65"
    ├─ [0] VM::toString(0x25AdA296F30976024d675Cd219f9aAF1F2Ad4eb1) [staticcall]
    │   └─ ← [Return] "0x25AdA296F30976024d675Cd219f9aAF1F2Ad4eb1"
    ├─ [0] VM::toString(65) [staticcall]
    │   └─ ← [Return] "65"
    ├─ [0] VM::toString(64) [staticcall]
    │   └─ ← [Return] "64"
    ├─ [748] 0x8B9482a3ff055d24183B40Dd8BB70fFe3edD4c83::userInfo(FiatTokenProxy: [0xA0b86991c6218b36c1d19D4a2e9Eb0cE3606eB48], 0x25AdA296F30976024d675Cd219f9aAF1F2Ad4eb1) [staticcall]
    │   └─ ← [Return] 64, 0
    ├─ [0] VM::toString(0x25AdA296F30976024d675Cd219f9aAF1F2Ad4eb1) [staticcall]
    │   └─ ← [Return] "0x25AdA296F30976024d675Cd219f9aAF1F2Ad4eb1"
    ├─ [0] VM::toString(64) [staticcall]
    │   └─ ← [Return] "64"
    ├─ [0] VM::toString(64) [staticcall]
    │   └─ ← [Return] "64"
    ├─ [0] VM::toString(0x0f254C40729C93093DC0D290E716B842a9C4484a) [staticcall]
    │   └─ ← [Return] "0x0f254C40729C93093DC0D290E716B842a9C4484a"
    ├─ [0] VM::toString(85) [staticcall]
    │   └─ ← [Return] "85"
    ├─ [0] VM::toString(0x0f254C40729C93093DC0D290E716B842a9C4484a) [staticcall]
    │   └─ ← [Return] "0x0f254C40729C93093DC0D290E716B842a9C4484a"
    ├─ [0] VM::toString(85) [staticcall]
    │   └─ ← [Return] "85"
    ├─ [0] VM::toString(84) [staticcall]
    │   └─ ← [Return] "84"
    ├─ [748] 0x8B9482a3ff055d24183B40Dd8BB70fFe3edD4c83::userInfo(FiatTokenProxy: [0xA0b86991c6218b36c1d19D4a2e9Eb0cE3606eB48], 0x0f254C40729C93093DC0D290E716B842a9C4484a) [staticcall]
    │   └─ ← [Return] 84, 0
    ├─ [0] VM::toString(0x0f254C40729C93093DC0D290E716B842a9C4484a) [staticcall]
    │   └─ ← [Return] "0x0f254C40729C93093DC0D290E716B842a9C4484a"
    ├─ [0] VM::toString(84) [staticcall]
    │   └─ ← [Return] "84"
    ├─ [0] VM::toString(84) [staticcall]
    │   └─ ← [Return] "84"
    ├─ [0] VM::toString(0x9Ebb8b14aCbEDd921df6CC336c568B7dCBEf3182) [staticcall]
    │   └─ ← [Return] "0x9Ebb8b14aCbEDd921df6CC336c568B7dCBEf3182"
    ├─ [0] VM::toString(29) [staticcall]
    │   └─ ← [Return] "29"
    ├─ [0] VM::toString(0x9Ebb8b14aCbEDd921df6CC336c568B7dCBEf3182) [staticcall]
    │   └─ ← [Return] "0x9Ebb8b14aCbEDd921df6CC336c568B7dCBEf3182"
    ├─ [0] VM::toString(29) [staticcall]
    │   └─ ← [Return] "29"
    ├─ [0] VM::toString(28) [staticcall]
    │   └─ ← [Return] "28"
    ├─ [748] 0x8B9482a3ff055d24183B40Dd8BB70fFe3edD4c83::userInfo(FiatTokenProxy: [0xA0b86991c6218b36c1d19D4a2e9Eb0cE3606eB48], 0x9Ebb8b14aCbEDd921df6CC336c568B7dCBEf3182) [staticcall]
    │   └─ ← [Return] 28, 0
    ├─ [0] VM::toString(0x9Ebb8b14aCbEDd921df6CC336c568B7dCBEf3182) [staticcall]
    │   └─ ← [Return] "0x9Ebb8b14aCbEDd921df6CC336c568B7dCBEf3182"
    ├─ [0] VM::toString(28) [staticcall]
    │   └─ ← [Return] "28"
    ├─ [0] VM::toString(28) [staticcall]
    │   └─ ← [Return] "28"
    ├─ [0] VM::toString(0x43Bd4241669753C1Ea87A9E7805EB518aB6ac239) [staticcall]
    │   └─ ← [Return] "0x43Bd4241669753C1Ea87A9E7805EB518aB6ac239"
    ├─ [0] VM::toString(299983745 [2.999e8]) [staticcall]
    │   └─ ← [Return] "299983745"
    ├─ [0] VM::toString(0x43Bd4241669753C1Ea87A9E7805EB518aB6ac239) [staticcall]
    │   └─ ← [Return] "0x43Bd4241669753C1Ea87A9E7805EB518aB6ac239"
    ├─ [0] VM::toString(299983745 [2.999e8]) [staticcall]
    │   └─ ← [Return] "299983745"
    ├─ [0] VM::toString(299973433 [2.999e8]) [staticcall]
    │   └─ ← [Return] "299973433"
    ├─ [748] 0x8B9482a3ff055d24183B40Dd8BB70fFe3edD4c83::userInfo(FiatTokenProxy: [0xA0b86991c6218b36c1d19D4a2e9Eb0cE3606eB48], 0x43Bd4241669753C1Ea87A9E7805EB518aB6ac239) [staticcall]
    │   └─ ← [Return] 299973433 [2.999e8], 0
    ├─ [0] VM::toString(0x43Bd4241669753C1Ea87A9E7805EB518aB6ac239) [staticcall]
    │   └─ ← [Return] "0x43Bd4241669753C1Ea87A9E7805EB518aB6ac239"
    ├─ [0] VM::toString(299973433 [2.999e8]) [staticcall]
    │   └─ ← [Return] "299973433"
    ├─ [0] VM::toString(299973433 [2.999e8]) [staticcall]
    │   └─ ← [Return] "299973433"
    ├─ [0] VM::toString(0xc25cCd4896917E9e31925755cEd674cBD7214E1A) [staticcall]
    │   └─ ← [Return] "0xc25cCd4896917E9e31925755cEd674cBD7214E1A"
    ├─ [0] VM::toString(207583899 [2.075e8]) [staticcall]
    │   └─ ← [Return] "207583899"
    ├─ [0] VM::toString(0xc25cCd4896917E9e31925755cEd674cBD7214E1A) [staticcall]
    │   └─ ← [Return] "0xc25cCd4896917E9e31925755cEd674cBD7214E1A"
    ├─ [0] VM::toString(207583899 [2.075e8]) [staticcall]
    │   └─ ← [Return] "207583899"
    ├─ [0] VM::toString(207576763 [2.075e8]) [staticcall]
    │   └─ ← [Return] "207576763"
    ├─ [748] 0x8B9482a3ff055d24183B40Dd8BB70fFe3edD4c83::userInfo(FiatTokenProxy: [0xA0b86991c6218b36c1d19D4a2e9Eb0cE3606eB48], 0xc25cCd4896917E9e31925755cEd674cBD7214E1A) [staticcall]
    │   └─ ← [Return] 207576763 [2.075e8], 0
    ├─ [0] VM::toString(0xc25cCd4896917E9e31925755cEd674cBD7214E1A) [staticcall]
    │   └─ ← [Return] "0xc25cCd4896917E9e31925755cEd674cBD7214E1A"
    ├─ [0] VM::toString(207576763 [2.075e8]) [staticcall]
    │   └─ ← [Return] "207576763"
    ├─ [0] VM::toString(207576763 [2.075e8]) [staticcall]
    │   └─ ← [Return] "207576763"
    ├─ [0] VM::toString(0x64d3CbAB6100782a7839fC1af791027a2f1908D2) [staticcall]
    │   └─ ← [Return] "0x64d3CbAB6100782a7839fC1af791027a2f1908D2"
    ├─ [0] VM::toString(4827548 [4.827e6]) [staticcall]
    │   └─ ← [Return] "4827548"
    ├─ [0] VM::toString(0x64d3CbAB6100782a7839fC1af791027a2f1908D2) [staticcall]
    │   └─ ← [Return] "0x64d3CbAB6100782a7839fC1af791027a2f1908D2"
    ├─ [0] VM::toString(4827548 [4.827e6]) [staticcall]
    │   └─ ← [Return] "4827548"
    ├─ [0] VM::toString(4827382 [4.827e6]) [staticcall]
    │   └─ ← [Return] "4827382"
    ├─ [748] 0x8B9482a3ff055d24183B40Dd8BB70fFe3edD4c83::userInfo(FiatTokenProxy: [0xA0b86991c6218b36c1d19D4a2e9Eb0cE3606eB48], 0x64d3CbAB6100782a7839fC1af791027a2f1908D2) [staticcall]
    │   └─ ← [Return] 4827382 [4.827e6], 0
    ├─ [0] VM::toString(0x64d3CbAB6100782a7839fC1af791027a2f1908D2) [staticcall]
    │   └─ ← [Return] "0x64d3CbAB6100782a7839fC1af791027a2f1908D2"
    ├─ [0] VM::toString(4827382 [4.827e6]) [staticcall]
    │   └─ ← [Return] "4827382"
    ├─ [0] VM::toString(4827382 [4.827e6]) [staticcall]
    │   └─ ← [Return] "4827382"
    ├─ [0] VM::toString(0x2593be17Dd1C31B4c124A18BAC3a7aE19567ae37) [staticcall]
    │   └─ ← [Return] "0x2593be17Dd1C31B4c124A18BAC3a7aE19567ae37"
    ├─ [0] VM::toString(21) [staticcall]
    │   └─ ← [Return] "21"
    ├─ [0] VM::toString(0x2593be17Dd1C31B4c124A18BAC3a7aE19567ae37) [staticcall]
    │   └─ ← [Return] "0x2593be17Dd1C31B4c124A18BAC3a7aE19567ae37"
    ├─ [0] VM::toString(21) [staticcall]
    │   └─ ← [Return] "21"
    ├─ [0] VM::toString(20) [staticcall]
    │   └─ ← [Return] "20"
    ├─ [748] 0x8B9482a3ff055d24183B40Dd8BB70fFe3edD4c83::userInfo(FiatTokenProxy: [0xA0b86991c6218b36c1d19D4a2e9Eb0cE3606eB48], 0x2593be17Dd1C31B4c124A18BAC3a7aE19567ae37) [staticcall]
    │   └─ ← [Return] 20, 0
    ├─ [0] VM::toString(0x2593be17Dd1C31B4c124A18BAC3a7aE19567ae37) [staticcall]
    │   └─ ← [Return] "0x2593be17Dd1C31B4c124A18BAC3a7aE19567ae37"
    ├─ [0] VM::toString(20) [staticcall]
    │   └─ ← [Return] "20"
    ├─ [0] VM::toString(20) [staticcall]
    │   └─ ← [Return] "20"
    ├─ [0] VM::toString(0xd7050a440E7da97147ceb602404F70438c57F4Eb) [staticcall]
    │   └─ ← [Return] "0xd7050a440E7da97147ceb602404F70438c57F4Eb"
    ├─ [0] VM::toString(89) [staticcall]
    │   └─ ← [Return] "89"
    ├─ [0] VM::toString(0xd7050a440E7da97147ceb602404F70438c57F4Eb) [staticcall]
    │   └─ ← [Return] "0xd7050a440E7da97147ceb602404F70438c57F4Eb"
    ├─ [0] VM::toString(89) [staticcall]
    │   └─ ← [Return] "89"
    ├─ [0] VM::toString(88) [staticcall]
    │   └─ ← [Return] "88"
    ├─ [748] 0x8B9482a3ff055d24183B40Dd8BB70fFe3edD4c83::userInfo(FiatTokenProxy: [0xA0b86991c6218b36c1d19D4a2e9Eb0cE3606eB48], 0xd7050a440E7da97147ceb602404F70438c57F4Eb) [staticcall]
    │   └─ ← [Return] 88, 0
    ├─ [0] VM::toString(0xd7050a440E7da97147ceb602404F70438c57F4Eb) [staticcall]
    │   └─ ← [Return] "0xd7050a440E7da97147ceb602404F70438c57F4Eb"
    ├─ [0] VM::toString(88) [staticcall]
    │   └─ ← [Return] "88"
    ├─ [0] VM::toString(88) [staticcall]
    │   └─ ← [Return] "88"
    ├─ [0] VM::toString(0x0f92282a77C490034536b066b24312062dc24aa9) [staticcall]
    │   └─ ← [Return] "0x0f92282a77C490034536b066b24312062dc24aa9"
    ├─ [0] VM::toString(192988972 [1.929e8]) [staticcall]
    │   └─ ← [Return] "192988972"
    ├─ [0] VM::toString(0x0f92282a77C490034536b066b24312062dc24aa9) [staticcall]
    │   └─ ← [Return] "0x0f92282a77C490034536b066b24312062dc24aa9"
    ├─ [0] VM::toString(192988972 [1.929e8]) [staticcall]
    │   └─ ← [Return] "192988972"
    ├─ [0] VM::toString(192982338 [1.929e8]) [staticcall]
    │   └─ ← [Return] "192982338"
    ├─ [748] 0x8B9482a3ff055d24183B40Dd8BB70fFe3edD4c83::userInfo(FiatTokenProxy: [0xA0b86991c6218b36c1d19D4a2e9Eb0cE3606eB48], 0x0f92282a77C490034536b066b24312062dc24aa9) [staticcall]
    │   └─ ← [Return] 192982338 [1.929e8], 0
    ├─ [0] VM::toString(0x0f92282a77C490034536b066b24312062dc24aa9) [staticcall]
    │   └─ ← [Return] "0x0f92282a77C490034536b066b24312062dc24aa9"
    ├─ [0] VM::toString(192982338 [1.929e8]) [staticcall]
    │   └─ ← [Return] "192982338"
    ├─ [0] VM::toString(192982338 [1.929e8]) [staticcall]
    │   └─ ← [Return] "192982338"
    ├─ [993] 0xbce8ABC09BaEDCabE93419bF875f6186e182079A::migrationInfo(FiatTokenProxy: [0xA0b86991c6218b36c1d19D4a2e9Eb0cE3606eB48]) [staticcall]
    │   └─ ← [Return] 1966408583 [1.966e9], 1966476179 [1.966e9]
    ├─ [1338] 0xbce8ABC09BaEDCabE93419bF875f6186e182079A::poolInfo(FiatTokenProxy: [0xA0b86991c6218b36c1d19D4a2e9Eb0cE3606eB48]) [staticcall]
    │   └─ ← [Return] 15190972222221 [1.519e13], 162193612175871516117217910032 [1.621e29], 1789620926 [1.789e9], 0
    ├─ [1164] FiatTokenProxy::fallback() [staticcall]
    │   ├─ [381] FiatTokenV2_2::decimals() [delegatecall]
    │   │   └─ ← [Return] 6
    │   └─ ← [Return] 6
    ├─ [1870] FiatTokenProxy::fallback() [staticcall]
    │   ├─ [1081] FiatTokenV2_2::symbol() [delegatecall]
    │   │   └─ ← [Return] "USDC"
    │   └─ ← [Return] "USDC"
    ├─ [0] console::log("  per-user credits OK (token / users):", FiatTokenProxy: [0xA0b86991c6218b36c1d19D4a2e9Eb0cE3606eB48], 13) [staticcall]
    │   └─ ← [Stop]
    ├─ [993] 0xbce8ABC09BaEDCabE93419bF875f6186e182079A::migrationInfo(FiatTokenProxy: [0xA0b86991c6218b36c1d19D4a2e9Eb0cE3606eB48]) [staticcall]
    │   └─ ← [Return] 1966408583 [1.966e9], 1966476179 [1.966e9]
    ├─ [1338] 0xbce8ABC09BaEDCabE93419bF875f6186e182079A::poolInfo(FiatTokenProxy: [0xA0b86991c6218b36c1d19D4a2e9Eb0cE3606eB48]) [staticcall]
    │   └─ ← [Return] 15190972222221 [1.519e13], 162193612175871516117217910032 [1.621e29], 1789620926 [1.789e9], 0
    ├─ [1492] 0x8B9482a3ff055d24183B40Dd8BB70fFe3edD4c83::poolInfo(FiatTokenProxy: [0xA0b86991c6218b36c1d19D4a2e9Eb0cE3606eB48]) [staticcall]
    │   └─ ← [Return] 31901041666664 [3.19e13], 0, 1789620926 [1.789e9], 1966340967 [1.966e9]
    ├─ [966] 0xaFDf8DeA96a0F37Aae4869f813901bf73a3eAB83::ammAdapter() [staticcall]
    │   └─ ← [Revert] EvmError: Revert
    ├─ [966] 0xaFDf8DeA96a0F37Aae4869f813901bf73a3eAB83::ammAdapter() [staticcall]
    │   └─ ← [Revert] EvmError: Revert
    ├─ [0] console::log("  aggregate net of self-exits (token / floor / V2 totalStaked):", FiatTokenProxy: [0xA0b86991c6218b36c1d19D4a2e9Eb0cE3606eB48], 1965479940 [1.965e9], 1966340967 [1.966e9]) [staticcall]
    │   └─ ← [Stop]
    ├─ [0] console::log("    P / V1 stragglers / self-exited principal (upper bound):", 1966476179 [1.966e9], 0, 0) [staticcall]
    │   └─ ← [Stop]
    ├─ [0] VM::toString(1966340967 [1.966e9]) [staticcall]
    │   └─ ← [Return] "1966340967"
    ├─ [0] VM::toString(1965479940 [1.965e9]) [staticcall]
    │   └─ ← [Return] "1965479940"
    ├─ [1870] FiatTokenProxy::fallback() [staticcall]
    │   ├─ [1081] FiatTokenV2_2::symbol() [delegatecall]
    │   │   └─ ← [Return] "USDC"
    │   └─ ← [Return] "USDC"
    ├─ [787] 0xaC2e5936Eca286eC364d4D5Bcca33145fBe57f95::ammAdapter() [staticcall]
    │   └─ ← [Return] 0x2D024e0d03Fb6Ead4F8E7Ba1EBECF6db0E755D6f
    ├─ [248] 0xaC2e5936Eca286eC364d4D5Bcca33145fBe57f95::slippageToleranceBps() [staticcall]
    │   └─ ← [Return] 30
    ├─ [787] 0xaC2e5936Eca286eC364d4D5Bcca33145fBe57f95::ammAdapter() [staticcall]
    │   └─ ← [Return] 0x2D024e0d03Fb6Ead4F8E7Ba1EBECF6db0E755D6f
    ├─ [248] 0xaC2e5936Eca286eC364d4D5Bcca33145fBe57f95::slippageToleranceBps() [staticcall]
    │   └─ ← [Return] 30
    ├─ [0] VM::toString(0xD57e5f043cB3C05be4E8138886cCEF2448a07C66) [staticcall]
    │   └─ ← [Return] "0xD57e5f043cB3C05be4E8138886cCEF2448a07C66"
    ├─ [0] VM::toString(999268788679301464163 [9.992e20]) [staticcall]
    │   └─ ← [Return] "999268788679301464163"
    ├─ [0] VM::toString(0xD57e5f043cB3C05be4E8138886cCEF2448a07C66) [staticcall]
    │   └─ ← [Return] "0xD57e5f043cB3C05be4E8138886cCEF2448a07C66"
    ├─ [0] VM::toString(999268788679301464163 [9.992e20]) [staticcall]
    │   └─ ← [Return] "999268788679301464163"
    ├─ [0] VM::toString(996270982313263559770 [9.962e20]) [staticcall]
    │   └─ ← [Return] "996270982313263559770"
    ├─ [748] 0x8B9482a3ff055d24183B40Dd8BB70fFe3edD4c83::userInfo(USDe: [0x4c9EDD5852cd905f086C759E8383e09bff1E68B3], 0xD57e5f043cB3C05be4E8138886cCEF2448a07C66) [staticcall]
    │   └─ ← [Return] 996270982313263559770 [9.962e20], 0
    ├─ [0] VM::toString(0xD57e5f043cB3C05be4E8138886cCEF2448a07C66) [staticcall]
    │   └─ ← [Return] "0xD57e5f043cB3C05be4E8138886cCEF2448a07C66"
    ├─ [0] VM::toString(996270982313263559770 [9.962e20]) [staticcall]
    │   └─ ← [Return] "996270982313263559770"
    ├─ [0] VM::toString(996270982313263559770 [9.962e20]) [staticcall]
    │   └─ ← [Return] "996270982313263559770"
    ├─ [0] VM::toString(0x186c77B80Bbfd21b01C7D7FA44bA27031322a77F) [staticcall]
    │   └─ ← [Return] "0x186c77B80Bbfd21b01C7D7FA44bA27031322a77F"
    ├─ [0] VM::toString(395279569471329781741 [3.952e20]) [staticcall]
    │   └─ ← [Return] "395279569471329781741"
    ├─ [0] VM::toString(0x186c77B80Bbfd21b01C7D7FA44bA27031322a77F) [staticcall]
    │   └─ ← [Return] "0x186c77B80Bbfd21b01C7D7FA44bA27031322a77F"
    ├─ [0] VM::toString(395279569471329781741 [3.952e20]) [staticcall]
    │   └─ ← [Return] "395279569471329781741"
    ├─ [0] VM::toString(394093730762915792395 [3.94e20]) [staticcall]
    │   └─ ← [Return] "394093730762915792395"
    ├─ [748] 0x8B9482a3ff055d24183B40Dd8BB70fFe3edD4c83::userInfo(USDe: [0x4c9EDD5852cd905f086C759E8383e09bff1E68B3], 0x186c77B80Bbfd21b01C7D7FA44bA27031322a77F) [staticcall]
    │   └─ ← [Return] 394093730762915792395 [3.94e20], 0
    ├─ [0] VM::toString(0x186c77B80Bbfd21b01C7D7FA44bA27031322a77F) [staticcall]
    │   └─ ← [Return] "0x186c77B80Bbfd21b01C7D7FA44bA27031322a77F"
    ├─ [0] VM::toString(394093730762915792395 [3.94e20]) [staticcall]
    │   └─ ← [Return] "394093730762915792395"
    ├─ [0] VM::toString(394093730762915792395 [3.94e20]) [staticcall]
    │   └─ ← [Return] "394093730762915792395"
    ├─ [0] VM::toString(0x4B75d1CF8A07280249404Bf10aa1B844f0982aBC) [staticcall]
    │   └─ ← [Return] "0x4B75d1CF8A07280249404Bf10aa1B844f0982aBC"
    ├─ [0] VM::toString(53660733635480 [5.366e13]) [staticcall]
    │   └─ ← [Return] "53660733635480"
    ├─ [0] VM::toString(0x4B75d1CF8A07280249404Bf10aa1B844f0982aBC) [staticcall]
    │   └─ ← [Return] "0x4B75d1CF8A07280249404Bf10aa1B844f0982aBC"
    ├─ [0] VM::toString(53660733635480 [5.366e13]) [staticcall]
    │   └─ ← [Return] "53660733635480"
    ├─ [0] VM::toString(53499751434573 [5.349e13]) [staticcall]
    │   └─ ← [Return] "53499751434573"
    ├─ [748] 0x8B9482a3ff055d24183B40Dd8BB70fFe3edD4c83::userInfo(USDe: [0x4c9EDD5852cd905f086C759E8383e09bff1E68B3], 0x4B75d1CF8A07280249404Bf10aa1B844f0982aBC) [staticcall]
    │   └─ ← [Return] 53499751434573 [5.349e13], 0
    ├─ [0] VM::toString(0x4B75d1CF8A07280249404Bf10aa1B844f0982aBC) [staticcall]
    │   └─ ← [Return] "0x4B75d1CF8A07280249404Bf10aa1B844f0982aBC"
    ├─ [0] VM::toString(53499751434573 [5.349e13]) [staticcall]
    │   └─ ← [Return] "53499751434573"
    ├─ [0] VM::toString(53499751434573 [5.349e13]) [staticcall]
    │   └─ ← [Return] "53499751434573"
    ├─ [0] VM::toString(0x25AdA296F30976024d675Cd219f9aAF1F2Ad4eb1) [staticcall]
    │   └─ ← [Return] "0x25AdA296F30976024d675Cd219f9aAF1F2Ad4eb1"
    ├─ [0] VM::toString(264011808755345171682 [2.64e20]) [staticcall]
    │   └─ ← [Return] "264011808755345171682"
    ├─ [0] VM::toString(0x25AdA296F30976024d675Cd219f9aAF1F2Ad4eb1) [staticcall]
    │   └─ ← [Return] "0x25AdA296F30976024d675Cd219f9aAF1F2Ad4eb1"
    ├─ [0] VM::toString(264011808755345171682 [2.64e20]) [staticcall]
    │   └─ ← [Return] "264011808755345171682"
    ├─ [0] VM::toString(263219773329079136166 [2.632e20]) [staticcall]
    │   └─ ← [Return] "263219773329079136166"
    ├─ [748] 0x8B9482a3ff055d24183B40Dd8BB70fFe3edD4c83::userInfo(USDe: [0x4c9EDD5852cd905f086C759E8383e09bff1E68B3], 0x25AdA296F30976024d675Cd219f9aAF1F2Ad4eb1) [staticcall]
    │   └─ ← [Return] 263219773329079136166 [2.632e20], 0
    ├─ [0] VM::toString(0x25AdA296F30976024d675Cd219f9aAF1F2Ad4eb1) [staticcall]
    │   └─ ← [Return] "0x25AdA296F30976024d675Cd219f9aAF1F2Ad4eb1"
    ├─ [0] VM::toString(263219773329079136166 [2.632e20]) [staticcall]
    │   └─ ← [Return] "263219773329079136166"
    ├─ [0] VM::toString(263219773329079136166 [2.632e20]) [staticcall]
    │   └─ ← [Return] "263219773329079136166"
    ├─ [0] VM::toString(0xCad1a7864a108DBFF67F4b8af71fAB0C7A86D0B6) [staticcall]
    │   └─ ← [Return] "0xCad1a7864a108DBFF67F4b8af71fAB0C7A86D0B6"
    ├─ [0] VM::toString(92732143042319 [9.273e13]) [staticcall]
    │   └─ ← [Return] "92732143042319"
    ├─ [0] VM::toString(0xCad1a7864a108DBFF67F4b8af71fAB0C7A86D0B6) [staticcall]
    │   └─ ← [Return] "0xCad1a7864a108DBFF67F4b8af71fAB0C7A86D0B6"
    ├─ [0] VM::toString(92732143042319 [9.273e13]) [staticcall]
    │   └─ ← [Return] "92732143042319"
    ├─ [0] VM::toString(92453946613192 [9.245e13]) [staticcall]
    │   └─ ← [Return] "92453946613192"
    ├─ [748] 0x8B9482a3ff055d24183B40Dd8BB70fFe3edD4c83::userInfo(USDe: [0x4c9EDD5852cd905f086C759E8383e09bff1E68B3], 0xCad1a7864a108DBFF67F4b8af71fAB0C7A86D0B6) [staticcall]
    │   └─ ← [Return] 92453946613192 [9.245e13], 0
    ├─ [0] VM::toString(0xCad1a7864a108DBFF67F4b8af71fAB0C7A86D0B6) [staticcall]
    │   └─ ← [Return] "0xCad1a7864a108DBFF67F4b8af71fAB0C7A86D0B6"
    ├─ [0] VM::toString(92453946613192 [9.245e13]) [staticcall]
    │   └─ ← [Return] "92453946613192"
    ├─ [0] VM::toString(92453946613192 [9.245e13]) [staticcall]
    │   └─ ← [Return] "92453946613192"
    ├─ [0] VM::toString(0x0f254C40729C93093DC0D290E716B842a9C4484a) [staticcall]
    │   └─ ← [Return] "0x0f254C40729C93093DC0D290E716B842a9C4484a"
    ├─ [0] VM::toString(9193272801609 [9.193e12]) [staticcall]
    │   └─ ← [Return] "9193272801609"
    ├─ [0] VM::toString(0x0f254C40729C93093DC0D290E716B842a9C4484a) [staticcall]
    │   └─ ← [Return] "0x0f254C40729C93093DC0D290E716B842a9C4484a"
    ├─ [0] VM::toString(9193272801609 [9.193e12]) [staticcall]
    │   └─ ← [Return] "9193272801609"
    ├─ [0] VM::toString(9165692983204 [9.165e12]) [staticcall]
    │   └─ ← [Return] "9165692983204"
    ├─ [748] 0x8B9482a3ff055d24183B40Dd8BB70fFe3edD4c83::userInfo(USDe: [0x4c9EDD5852cd905f086C759E8383e09bff1E68B3], 0x0f254C40729C93093DC0D290E716B842a9C4484a) [staticcall]
    │   └─ ← [Return] 9165692983204 [9.165e12], 0
    ├─ [0] VM::toString(0x0f254C40729C93093DC0D290E716B842a9C4484a) [staticcall]
    │   └─ ← [Return] "0x0f254C40729C93093DC0D290E716B842a9C4484a"
    ├─ [0] VM::toString(9165692983204 [9.165e12]) [staticcall]
    │   └─ ← [Return] "9165692983204"
    ├─ [0] VM::toString(9165692983204 [9.165e12]) [staticcall]
    │   └─ ← [Return] "9165692983204"
    ├─ [0] VM::toString(0x43Bd4241669753C1Ea87A9E7805EB518aB6ac239) [staticcall]
    │   └─ ← [Return] "0x43Bd4241669753C1Ea87A9E7805EB518aB6ac239"
    ├─ [0] VM::toString(906378243248292004218 [9.063e20]) [staticcall]
    │   └─ ← [Return] "906378243248292004218"
    ├─ [0] VM::toString(0x43Bd4241669753C1Ea87A9E7805EB518aB6ac239) [staticcall]
    │   └─ ← [Return] "0x43Bd4241669753C1Ea87A9E7805EB518aB6ac239"
    ├─ [0] VM::toString(906378243248292004218 [9.063e20]) [staticcall]
    │   └─ ← [Return] "906378243248292004218"
    ├─ [0] VM::toString(903659108518547128205 [9.036e20]) [staticcall]
    │   └─ ← [Return] "903659108518547128205"
    ├─ [748] 0x8B9482a3ff055d24183B40Dd8BB70fFe3edD4c83::userInfo(USDe: [0x4c9EDD5852cd905f086C759E8383e09bff1E68B3], 0x43Bd4241669753C1Ea87A9E7805EB518aB6ac239) [staticcall]
    │   └─ ← [Return] 903659108518547128205 [9.036e20], 0
    ├─ [0] VM::toString(0x43Bd4241669753C1Ea87A9E7805EB518aB6ac239) [staticcall]
    │   └─ ← [Return] "0x43Bd4241669753C1Ea87A9E7805EB518aB6ac239"
    ├─ [0] VM::toString(903659108518547128205 [9.036e20]) [staticcall]
    │   └─ ← [Return] "903659108518547128205"
    ├─ [0] VM::toString(903659108518547128205 [9.036e20]) [staticcall]
    │   └─ ← [Return] "903659108518547128205"
    ├─ [993] 0xbce8ABC09BaEDCabE93419bF875f6186e182079A::migrationInfo(USDe: [0x4c9EDD5852cd905f086C759E8383e09bff1E68B3]) [staticcall]
    │   └─ ← [Return] 2564938565740417901215 [2.564e21], 2566815465400000000000 [2.566e21]
    ├─ [1338] 0xbce8ABC09BaEDCabE93419bF875f6186e182079A::poolInfo(USDe: [0x4c9EDD5852cd905f086C759E8383e09bff1E68B3]) [staticcall]
    │   └─ ← [Return] 21701388888888 [2.17e13], 231733476019585781 [2.317e17], 1789620927 [1.789e9], 0
    ├─ [267] USDe::decimals() [staticcall]
    │   └─ ← [Return] 18
    ├─ [1303] USDe::symbol() [staticcall]
    │   └─ ← [Return] "USDe"
    ├─ [0] console::log("  per-user credits OK (token / users):", USDe: [0x4c9EDD5852cd905f086C759E8383e09bff1E68B3], 7) [staticcall]
    │   └─ ← [Stop]
    ├─ [993] 0xbce8ABC09BaEDCabE93419bF875f6186e182079A::migrationInfo(USDe: [0x4c9EDD5852cd905f086C759E8383e09bff1E68B3]) [staticcall]
    │   └─ ← [Return] 2564938565740417901215 [2.564e21], 2566815465400000000000 [2.566e21]
    ├─ [1338] 0xbce8ABC09BaEDCabE93419bF875f6186e182079A::poolInfo(USDe: [0x4c9EDD5852cd905f086C759E8383e09bff1E68B3]) [staticcall]
    │   └─ ← [Return] 21701388888888 [2.17e13], 231733476019585781 [2.317e17], 1789620927 [1.789e9], 0
    ├─ [1492] 0x8B9482a3ff055d24183B40Dd8BB70fFe3edD4c83::poolInfo(USDe: [0x4c9EDD5852cd905f086C759E8383e09bff1E68B3]) [staticcall]
    │   └─ ← [Return] 45572916666664 [4.557e13], 0, 1789620927 [1.789e9], 2557243750043196647505 [2.557e21]
    ├─ [787] 0xaC2e5936Eca286eC364d4D5Bcca33145fBe57f95::ammAdapter() [staticcall]
    │   └─ ← [Return] 0x2D024e0d03Fb6Ead4F8E7Ba1EBECF6db0E755D6f
    ├─ [248] 0xaC2e5936Eca286eC364d4D5Bcca33145fBe57f95::slippageToleranceBps() [staticcall]
    │   └─ ← [Return] 30
    ├─ [787] 0xaC2e5936Eca286eC364d4D5Bcca33145fBe57f95::ammAdapter() [staticcall]
    │   └─ ← [Return] 0x2D024e0d03Fb6Ead4F8E7Ba1EBECF6db0E755D6f
    ├─ [248] 0xaC2e5936Eca286eC364d4D5Bcca33145fBe57f95::slippageToleranceBps() [staticcall]
    │   └─ ← [Return] 30
    ├─ [0] console::log("  aggregate net of self-exits (token / floor / V2 totalStaked):", USDe: [0x4c9EDD5852cd905f086C759E8383e09bff1E68B3], 2551157891061059993000 [2.551e21], 2557243750043196647505 [2.557e21]) [staticcall]
    │   └─ ← [Stop]
    ├─ [0] console::log("    P / V1 stragglers / self-exited principal (upper bound):", 2566815465400000000000 [2.566e21], 0, 0) [staticcall]
    │   └─ ← [Stop]
    ├─ [0] VM::toString(2557243750043196647505 [2.557e21]) [staticcall]
    │   └─ ← [Return] "2557243750043196647505"
    ├─ [0] VM::toString(2551157891061059993000 [2.551e21]) [staticcall]
    │   └─ ← [Return] "2551157891061059993000"
    ├─ [1303] USDe::symbol() [staticcall]
    │   └─ ← [Return] "USDe"
    ├─ [0] console::log("\n=== Phase 8: wiring assertions ===") [staticcall]
    │   └─ ← [Stop]
    ├─ [656] 0xA025801D81aCFd9E35Bfb05346116e5A3fBAa79F::owner() [staticcall]
    │   └─ ← [Return] 0xCad1a7864a108DBFF67F4b8af71fAB0C7A86D0B6
    ├─ [726] 0xA025801D81aCFd9E35Bfb05346116e5A3fBAa79F::name() [staticcall]
    │   └─ ← [Return] "Antimatter"
    ├─ [1170] 0xA025801D81aCFd9E35Bfb05346116e5A3fBAa79F::symbol() [staticcall]
    │   └─ ← [Return] "AM"
    ├─ [345] 0xA025801D81aCFd9E35Bfb05346116e5A3fBAa79F::phUSD() [staticcall]
    │   └─ ← [Return] FlaxToken: [0xf3B5B661b92B75C71fA5Aba8Fd95D7514A9CD605]
    ├─ [915] 0xA025801D81aCFd9E35Bfb05346116e5A3fBAa79F::phUSDMinter() [staticcall]
    │   └─ ← [Return] 0x94855ACA13952D81507C92D3CdBb2e25D3bbE60C
    ├─ [638] 0xA025801D81aCFd9E35Bfb05346116e5A3fBAa79F::isApprovedMinter(0x8B9482a3ff055d24183B40Dd8BB70fFe3edD4c83) [staticcall]
    │   └─ ← [Return] true
    ├─ [2638] 0xA025801D81aCFd9E35Bfb05346116e5A3fBAa79F::isApprovedMinter(0xbce8ABC09BaEDCabE93419bF875f6186e182079A) [staticcall]
    │   └─ ← [Return] false
    ├─ [2638] 0xA025801D81aCFd9E35Bfb05346116e5A3fBAa79F::isApprovedMinter(0xA6d3fc83C91B8319D219cEB12B46e3dfF064B58F) [staticcall]
    │   └─ ← [Return] false
    ├─ [2836] 0xA025801D81aCFd9E35Bfb05346116e5A3fBAa79F::approvedMinterCount() [staticcall]
    │   └─ ← [Return] 1
    ├─ [5818] 0x8B9482a3ff055d24183B40Dd8BB70fFe3edD4c83::phUSDMintAvailable() [staticcall]
    │   ├─ [345] 0xA025801D81aCFd9E35Bfb05346116e5A3fBAa79F::phUSD() [staticcall]
    │   │   └─ ← [Return] FlaxToken: [0xf3B5B661b92B75C71fA5Aba8Fd95D7514A9CD605]
    │   ├─ [1925] FlaxToken::authorizedMinters(0x8B9482a3ff055d24183B40Dd8BB70fFe3edD4c83) [staticcall]
    │   │   └─ ← [Return] MinterInfo({ canMint: true, mintVersion: 0 })
    │   ├─ [495] FlaxToken::mintVersion() [staticcall]
    │   │   └─ ← [Return] 0
    │   └─ ← [Return] true
    ├─ [1925] FlaxToken::authorizedMinters(0xbce8ABC09BaEDCabE93419bF875f6186e182079A) [staticcall]
    │   └─ ← [Return] MinterInfo({ canMint: false, mintVersion: 0 })
    ├─ [1925] FlaxToken::authorizedMinters(0xA025801D81aCFd9E35Bfb05346116e5A3fBAa79F) [staticcall]
    │   └─ ← [Return] MinterInfo({ canMint: true, mintVersion: 0 })
    ├─ [495] FlaxToken::mintVersion() [staticcall]
    │   └─ ← [Return] 0
    ├─ [495] FlaxToken::mintVersion() [staticcall]
    │   └─ ← [Return] 0
    ├─ [1925] FlaxToken::authorizedMinters(0xbce8ABC09BaEDCabE93419bF875f6186e182079A) [staticcall]
    │   └─ ← [Return] MinterInfo({ canMint: false, mintVersion: 0 })
    ├─ [5925] FlaxToken::authorizedMinters(0xCad1a7864a108DBFF67F4b8af71fAB0C7A86D0B6) [staticcall]
    │   └─ ← [Return] MinterInfo({ canMint: true, mintVersion: 0 })
    ├─ [495] FlaxToken::mintVersion() [staticcall]
    │   └─ ← [Return] 0
    ├─ [5925] FlaxToken::authorizedMinters(0x94855ACA13952D81507C92D3CdBb2e25D3bbE60C) [staticcall]
    │   └─ ← [Return] MinterInfo({ canMint: true, mintVersion: 0 })
    ├─ [495] FlaxToken::mintVersion() [staticcall]
    │   └─ ← [Return] 0
    ├─ [5925] FlaxToken::authorizedMinters(0x8D3A8E3ba43DEb8C7e2110DF437a92243523b6ca) [staticcall]
    │   └─ ← [Return] MinterInfo({ canMint: true, mintVersion: 0 })
    ├─ [495] FlaxToken::mintVersion() [staticcall]
    │   └─ ← [Return] 0
    ├─ [5925] FlaxToken::authorizedMinters(0x0F05c34d458dd8953864a56857a2bb67ecb22683) [staticcall]
    │   └─ ← [Return] MinterInfo({ canMint: true, mintVersion: 0 })
    ├─ [495] FlaxToken::mintVersion() [staticcall]
    │   └─ ← [Return] 0
    ├─ [5925] FlaxToken::authorizedMinters(0xfe4Ed16a8450c76768e1EB5FF8292806E2204a2A) [staticcall]
    │   └─ ← [Return] MinterInfo({ canMint: true, mintVersion: 0 })
    ├─ [495] FlaxToken::mintVersion() [staticcall]
    │   └─ ← [Return] 0
    ├─ [5925] FlaxToken::authorizedMinters(0x8F48E5431814FfaC9c35cf934Aa2556A946Fb33C) [staticcall]
    │   └─ ← [Return] MinterInfo({ canMint: true, mintVersion: 0 })
    ├─ [495] FlaxToken::mintVersion() [staticcall]
    │   └─ ← [Return] 0
    ├─ [5925] FlaxToken::authorizedMinters(0x4A26ad83306a2F17155799fDD9449f77eb3F8bD7) [staticcall]
    │   └─ ← [Return] MinterInfo({ canMint: true, mintVersion: 0 })
    ├─ [495] FlaxToken::mintVersion() [staticcall]
    │   └─ ← [Return] 0
    ├─ [5925] FlaxToken::authorizedMinters(0x09AceB96337df1316e0D2d7EEEa44d754D1f8d05) [staticcall]
    │   └─ ← [Return] MinterInfo({ canMint: true, mintVersion: 0 })
    ├─ [495] FlaxToken::mintVersion() [staticcall]
    │   └─ ← [Return] 0
    ├─ [1925] FlaxToken::authorizedMinters(0x8B9482a3ff055d24183B40Dd8BB70fFe3edD4c83) [staticcall]
    │   └─ ← [Return] MinterInfo({ canMint: true, mintVersion: 0 })
    ├─ [495] FlaxToken::mintVersion() [staticcall]
    │   └─ ← [Return] 0
    ├─ [1925] FlaxToken::authorizedMinters(0xA025801D81aCFd9E35Bfb05346116e5A3fBAa79F) [staticcall]
    │   └─ ← [Return] MinterInfo({ canMint: true, mintVersion: 0 })
    ├─ [495] FlaxToken::mintVersion() [staticcall]
    │   └─ ← [Return] 0
    ├─ [5925] FlaxToken::authorizedMinters(0xA6d3fc83C91B8319D219cEB12B46e3dfF064B58F) [staticcall]
    │   └─ ← [Return] MinterInfo({ canMint: false, mintVersion: 0 })
    ├─ [5925] FlaxToken::authorizedMinters(0x0cD353bfda674D04823B2826ffafB83B560D21B6) [staticcall]
    │   └─ ← [Return] MinterInfo({ canMint: false, mintVersion: 0 })
    ├─ [0] console::log("  phUSD minter delta OK (live mask / V1 revoked):", 510, true) [staticcall]
    │   └─ ← [Stop]
    ├─ [1433] 0x8B9482a3ff055d24183B40Dd8BB70fFe3edD4c83::getStakedTokens() [staticcall]
    │   └─ ← [Return] [0x865377367054516e17014CcdED1e7d814EDC9ce4, 0xA0b86991c6218b36c1d19D4a2e9Eb0cE3606eB48, 0x4c9EDD5852cd905f086C759E8383e09bff1E68B3]
    ├─ [1180] 0x8B9482a3ff055d24183B40Dd8BB70fFe3edD4c83::yieldStrategy(ERC20: [0x865377367054516e17014CcdED1e7d814EDC9ce4]) [staticcall]
    │   └─ ← [Return] 0x55BcE9b12953d6a8468c57a811E6642289A99764
    ├─ [807] 0x55BcE9b12953d6a8468c57a811E6642289A99764::authorizedClients(0x8B9482a3ff055d24183B40Dd8BB70fFe3edD4c83) [staticcall]
    │   └─ ← [Return] true
    ├─ [890] 0x55BcE9b12953d6a8468c57a811E6642289A99764::setAsideBufferSize(0x8B9482a3ff055d24183B40Dd8BB70fFe3edD4c83) [staticcall]
    │   └─ ← [Return] 10
    ├─ [868] 0x55BcE9b12953d6a8468c57a811E6642289A99764::setAsideBufferRecipient() [staticcall]
    │   └─ ← [Return] 0x8B9482a3ff055d24183B40Dd8BB70fFe3edD4c83
    ├─ [1492] 0x8B9482a3ff055d24183B40Dd8BB70fFe3edD4c83::poolInfo(ERC20: [0x865377367054516e17014CcdED1e7d814EDC9ce4]) [staticcall]
    │   └─ ← [Return] 22786458333332 [2.278e13], 0, 1789620925 [1.789e9], 1234668498770261553765 [1.234e21]
    ├─ [3122] 0x8B9482a3ff055d24183B40Dd8BB70fFe3edD4c83::poolState(ERC20: [0x865377367054516e17014CcdED1e7d814EDC9ce4]) [staticcall]
    │   └─ ← [Return] 0
    ├─ [5612] 0x8B9482a3ff055d24183B40Dd8BB70fFe3edD4c83::autoAnnihilateAvailable(ERC20: [0x865377367054516e17014CcdED1e7d814EDC9ce4]) [staticcall]
    │   ├─ [3853] 0xA025801D81aCFd9E35Bfb05346116e5A3fBAa79F::toStableAmount(ERC20: [0x865377367054516e17014CcdED1e7d814EDC9ce4], 1000000000000000000 [1e18]) [staticcall]
    │   │   ├─ [1349] 0x94855ACA13952D81507C92D3CdBb2e25D3bbE60C::stablecoinConfigs(ERC20: [0x865377367054516e17014CcdED1e7d814EDC9ce4]) [staticcall]
    │   │   │   └─ ← [Return] 0x1760E05356Ec1FBBA159C730781dCfB9920524e2, 1000000000000000000 [1e18], 18, false, 4000000000000000000000 [4e21], 367552829881885674091 [3.675e20], 1785619631 [1.785e9]
    │   │   ├─ [380] ERC20::decimals() [staticcall]
    │   │   │   └─ ← [Return] 18
    │   │   └─ ← [Return] 1000000000000000000 [1e18]
    │   └─ ← [Return] true
    ├─ [968] 0xbce8ABC09BaEDCabE93419bF875f6186e182079A::poolState(ERC20: [0x865377367054516e17014CcdED1e7d814EDC9ce4]) [staticcall]
    │   └─ ← [Return] 1
    ├─ [1310] 0x1760E05356Ec1FBBA159C730781dCfB9920524e2::principalOf(ERC20: [0x865377367054516e17014CcdED1e7d814EDC9ce4], 0xbce8ABC09BaEDCabE93419bF875f6186e182079A) [staticcall]
    │   └─ ← [Return] 0
    ├─ [899] Pauser::isRegistered(0x55BcE9b12953d6a8468c57a811E6642289A99764) [staticcall]
    │   └─ ← [Return] true
    ├─ [1338] 0xbce8ABC09BaEDCabE93419bF875f6186e182079A::poolInfo(ERC20: [0x865377367054516e17014CcdED1e7d814EDC9ce4]) [staticcall]
    │   └─ ← [Return] 10850694444444 [1.085e13], 224084379875988348 [2.24e17], 1789620925 [1.789e9], 0
    ├─ [380] ERC20::decimals() [staticcall]
    │   └─ ← [Return] 18
    ├─ [558] 0x8B9482a3ff055d24183B40Dd8BB70fFe3edD4c83::stakerCount(ERC20: [0x865377367054516e17014CcdED1e7d814EDC9ce4]) [staticcall]
    │   └─ ← [Return] 9
    ├─ [558] 0xbce8ABC09BaEDCabE93419bF875f6186e182079A::stakerCount(ERC20: [0x865377367054516e17014CcdED1e7d814EDC9ce4]) [staticcall]
    │   └─ ← [Return] 0
    ├─ [0] console::log("  pool OK (token / V2 stakers / V1 stragglers):", ERC20: [0x865377367054516e17014CcdED1e7d814EDC9ce4], 9, 0) [staticcall]
    │   └─ ← [Stop]
    ├─ [1180] 0x8B9482a3ff055d24183B40Dd8BB70fFe3edD4c83::yieldStrategy(FiatTokenProxy: [0xA0b86991c6218b36c1d19D4a2e9Eb0cE3606eB48]) [staticcall]
    │   └─ ← [Return] 0xaFDf8DeA96a0F37Aae4869f813901bf73a3eAB83
    ├─ [807] 0xaFDf8DeA96a0F37Aae4869f813901bf73a3eAB83::authorizedClients(0x8B9482a3ff055d24183B40Dd8BB70fFe3edD4c83) [staticcall]
    │   └─ ← [Return] true
    ├─ [890] 0xaFDf8DeA96a0F37Aae4869f813901bf73a3eAB83::setAsideBufferSize(0x8B9482a3ff055d24183B40Dd8BB70fFe3edD4c83) [staticcall]
    │   └─ ← [Return] 10
    ├─ [868] 0xaFDf8DeA96a0F37Aae4869f813901bf73a3eAB83::setAsideBufferRecipient() [staticcall]
    │   └─ ← [Return] 0x8B9482a3ff055d24183B40Dd8BB70fFe3edD4c83
    ├─ [1492] 0x8B9482a3ff055d24183B40Dd8BB70fFe3edD4c83::poolInfo(FiatTokenProxy: [0xA0b86991c6218b36c1d19D4a2e9Eb0cE3606eB48]) [staticcall]
    │   └─ ← [Return] 31901041666664 [3.19e13], 0, 1789620926 [1.789e9], 1966340967 [1.966e9]
    ├─ [3122] 0x8B9482a3ff055d24183B40Dd8BB70fFe3edD4c83::poolState(FiatTokenProxy: [0xA0b86991c6218b36c1d19D4a2e9Eb0cE3606eB48]) [staticcall]
    │   └─ ← [Return] 0
    ├─ [6446] 0x8B9482a3ff055d24183B40Dd8BB70fFe3edD4c83::autoAnnihilateAvailable(FiatTokenProxy: [0xA0b86991c6218b36c1d19D4a2e9Eb0cE3606eB48]) [staticcall]
    │   ├─ [4687] 0xA025801D81aCFd9E35Bfb05346116e5A3fBAa79F::toStableAmount(FiatTokenProxy: [0xA0b86991c6218b36c1d19D4a2e9Eb0cE3606eB48], 1000000000000000000 [1e18]) [staticcall]
    │   │   ├─ [1349] 0x94855ACA13952D81507C92D3CdBb2e25D3bbE60C::stablecoinConfigs(FiatTokenProxy: [0xA0b86991c6218b36c1d19D4a2e9Eb0cE3606eB48]) [staticcall]
    │   │   │   └─ ← [Return] 0xaFDf8DeA96a0F37Aae4869f813901bf73a3eAB83, 1000000000000000000 [1e18], 6, true, 4000000000000000000000 [4e21], 339113200000000000000 [3.391e20], 1784594171 [1.784e9]
    │   │   ├─ [1164] FiatTokenProxy::fallback() [staticcall]
    │   │   │   ├─ [381] FiatTokenV2_2::decimals() [delegatecall]
    │   │   │   │   └─ ← [Return] 6
    │   │   │   └─ ← [Return] 6
    │   │   └─ ← [Return] 1000000 [1e6]
    │   └─ ← [Return] true
    ├─ [968] 0xbce8ABC09BaEDCabE93419bF875f6186e182079A::poolState(FiatTokenProxy: [0xA0b86991c6218b36c1d19D4a2e9Eb0cE3606eB48]) [staticcall]
    │   └─ ← [Return] 1
    ├─ [1310] 0xaFDf8DeA96a0F37Aae4869f813901bf73a3eAB83::principalOf(FiatTokenProxy: [0xA0b86991c6218b36c1d19D4a2e9Eb0cE3606eB48], 0xbce8ABC09BaEDCabE93419bF875f6186e182079A) [staticcall]
    │   └─ ← [Return] 0
    ├─ [899] Pauser::isRegistered(0xaFDf8DeA96a0F37Aae4869f813901bf73a3eAB83) [staticcall]
    │   └─ ← [Return] true
    ├─ [1338] 0xbce8ABC09BaEDCabE93419bF875f6186e182079A::poolInfo(FiatTokenProxy: [0xA0b86991c6218b36c1d19D4a2e9Eb0cE3606eB48]) [staticcall]
    │   └─ ← [Return] 15190972222221 [1.519e13], 162193612175871516117217910032 [1.621e29], 1789620926 [1.789e9], 0
    ├─ [1164] FiatTokenProxy::fallback() [staticcall]
    │   ├─ [381] FiatTokenV2_2::decimals() [delegatecall]
    │   │   └─ ← [Return] 6
    │   └─ ← [Return] 6
    ├─ [558] 0x8B9482a3ff055d24183B40Dd8BB70fFe3edD4c83::stakerCount(FiatTokenProxy: [0xA0b86991c6218b36c1d19D4a2e9Eb0cE3606eB48]) [staticcall]
    │   └─ ← [Return] 13
    ├─ [558] 0xbce8ABC09BaEDCabE93419bF875f6186e182079A::stakerCount(FiatTokenProxy: [0xA0b86991c6218b36c1d19D4a2e9Eb0cE3606eB48]) [staticcall]
    │   └─ ← [Return] 0
    ├─ [0] console::log("  pool OK (token / V2 stakers / V1 stragglers):", FiatTokenProxy: [0xA0b86991c6218b36c1d19D4a2e9Eb0cE3606eB48], 13, 0) [staticcall]
    │   └─ ← [Stop]
    ├─ [1180] 0x8B9482a3ff055d24183B40Dd8BB70fFe3edD4c83::yieldStrategy(USDe: [0x4c9EDD5852cd905f086C759E8383e09bff1E68B3]) [staticcall]
    │   └─ ← [Return] 0xaC2e5936Eca286eC364d4D5Bcca33145fBe57f95
    ├─ [807] 0xaC2e5936Eca286eC364d4D5Bcca33145fBe57f95::authorizedClients(0x8B9482a3ff055d24183B40Dd8BB70fFe3edD4c83) [staticcall]
    │   └─ ← [Return] true
    ├─ [890] 0xaC2e5936Eca286eC364d4D5Bcca33145fBe57f95::setAsideBufferSize(0x8B9482a3ff055d24183B40Dd8BB70fFe3edD4c83) [staticcall]
    │   └─ ← [Return] 25
    ├─ [966] 0xaC2e5936Eca286eC364d4D5Bcca33145fBe57f95::setAsideBufferRecipient() [staticcall]
    │   └─ ← [Revert] EvmError: Revert
    ├─ [1492] 0x8B9482a3ff055d24183B40Dd8BB70fFe3edD4c83::poolInfo(USDe: [0x4c9EDD5852cd905f086C759E8383e09bff1E68B3]) [staticcall]
    │   └─ ← [Return] 45572916666664 [4.557e13], 0, 1789620927 [1.789e9], 2557243750043196647505 [2.557e21]
    ├─ [3122] 0x8B9482a3ff055d24183B40Dd8BB70fFe3edD4c83::poolState(USDe: [0x4c9EDD5852cd905f086C759E8383e09bff1E68B3]) [staticcall]
    │   └─ ← [Return] 0
    ├─ [5499] 0x8B9482a3ff055d24183B40Dd8BB70fFe3edD4c83::autoAnnihilateAvailable(USDe: [0x4c9EDD5852cd905f086C759E8383e09bff1E68B3]) [staticcall]
    │   ├─ [3740] 0xA025801D81aCFd9E35Bfb05346116e5A3fBAa79F::toStableAmount(USDe: [0x4c9EDD5852cd905f086C759E8383e09bff1E68B3], 1000000000000000000 [1e18]) [staticcall]
    │   │   ├─ [1349] 0x94855ACA13952D81507C92D3CdBb2e25D3bbE60C::stablecoinConfigs(USDe: [0x4c9EDD5852cd905f086C759E8383e09bff1E68B3]) [staticcall]
    │   │   │   └─ ← [Return] 0xaC2e5936Eca286eC364d4D5Bcca33145fBe57f95, 1000000000000000000 [1e18], 18, true, 4000000000000000000000 [4e21], 10063700000000000000 [1.006e19], 1784594195 [1.784e9]
    │   │   ├─ [267] USDe::decimals() [staticcall]
    │   │   │   └─ ← [Return] 18
    │   │   └─ ← [Return] 1000000000000000000 [1e18]
    │   └─ ← [Return] true
    ├─ [968] 0xbce8ABC09BaEDCabE93419bF875f6186e182079A::poolState(USDe: [0x4c9EDD5852cd905f086C759E8383e09bff1E68B3]) [staticcall]
    │   └─ ← [Return] 1
    ├─ [1310] 0xaC2e5936Eca286eC364d4D5Bcca33145fBe57f95::principalOf(USDe: [0x4c9EDD5852cd905f086C759E8383e09bff1E68B3], 0xbce8ABC09BaEDCabE93419bF875f6186e182079A) [staticcall]
    │   └─ ← [Return] 0
    ├─ [899] Pauser::isRegistered(0xaC2e5936Eca286eC364d4D5Bcca33145fBe57f95) [staticcall]
    │   └─ ← [Return] true
    ├─ [1338] 0xbce8ABC09BaEDCabE93419bF875f6186e182079A::poolInfo(USDe: [0x4c9EDD5852cd905f086C759E8383e09bff1E68B3]) [staticcall]
    │   └─ ← [Return] 21701388888888 [2.17e13], 231733476019585781 [2.317e17], 1789620927 [1.789e9], 0
    ├─ [267] USDe::decimals() [staticcall]
    │   └─ ← [Return] 18
    ├─ [558] 0x8B9482a3ff055d24183B40Dd8BB70fFe3edD4c83::stakerCount(USDe: [0x4c9EDD5852cd905f086C759E8383e09bff1E68B3]) [staticcall]
    │   └─ ← [Return] 7
    ├─ [558] 0xbce8ABC09BaEDCabE93419bF875f6186e182079A::stakerCount(USDe: [0x4c9EDD5852cd905f086C759E8383e09bff1E68B3]) [staticcall]
    │   └─ ← [Return] 0
    ├─ [0] console::log("  pool OK (token / V2 stakers / V1 stragglers):", USDe: [0x4c9EDD5852cd905f086C759E8383e09bff1E68B3], 7, 0) [staticcall]
    │   └─ ← [Stop]
    ├─ [889] 0x55BcE9b12953d6a8468c57a811E6642289A99764::owner() [staticcall]
    │   └─ ← [Return] 0xCad1a7864a108DBFF67F4b8af71fAB0C7A86D0B6
    ├─ [237] 0x55BcE9b12953d6a8468c57a811E6642289A99764::underlyingToken() [staticcall]
    │   └─ ← [Return] ERC20: [0x865377367054516e17014CcdED1e7d814EDC9ce4]
    ├─ [1048] 0x55BcE9b12953d6a8468c57a811E6642289A99764::vault() [staticcall]
    │   └─ ← [Return] 0xb45ad160634c528Cc3D2926d9807104FA3157305
    ├─ [934] 0x55BcE9b12953d6a8468c57a811E6642289A99764::pauser() [staticcall]
    │   └─ ← [Return] Pauser: [0x7c5A8EeF1d836450C019FB036453ac6eC97885a3]
    ├─ [899] Pauser::isRegistered(0x55BcE9b12953d6a8468c57a811E6642289A99764) [staticcall]
    │   └─ ← [Return] true
    ├─ [616] 0x55BcE9b12953d6a8468c57a811E6642289A99764::authorizedWithdrawers(0x0cD353bfda674D04823B2826ffafB83B560D21B6) [staticcall]
    │   └─ ← [Return] true
    ├─ [1180] 0x8B9482a3ff055d24183B40Dd8BB70fFe3edD4c83::yieldStrategy(ERC20: [0x865377367054516e17014CcdED1e7d814EDC9ce4]) [staticcall]
    │   └─ ← [Return] 0x55BcE9b12953d6a8468c57a811E6642289A99764
    ├─ [625] 0x55BcE9b12953d6a8468c57a811E6642289A99764::paused() [staticcall]
    │   └─ ← [Return] false
    ├─ [1349] 0x94855ACA13952D81507C92D3CdBb2e25D3bbE60C::stablecoinConfigs(ERC20: [0x865377367054516e17014CcdED1e7d814EDC9ce4]) [staticcall]
    │   └─ ← [Return] 0x1760E05356Ec1FBBA159C730781dCfB9920524e2, 1000000000000000000 [1e18], 18, false, 4000000000000000000000 [4e21], 367552829881885674091 [3.675e20], 1785619631 [1.785e9]
    ├─ [1349] 0x94855ACA13952D81507C92D3CdBb2e25D3bbE60C::stablecoinConfigs(ERC20: [0x865377367054516e17014CcdED1e7d814EDC9ce4]) [staticcall]
    │   └─ ← [Return] 0x1760E05356Ec1FBBA159C730781dCfB9920524e2, 1000000000000000000 [1e18], 18, false, 4000000000000000000000 [4e21], 367552829881885674091 [3.675e20], 1785619631 [1.785e9]
    ├─ [1310] 0x1760E05356Ec1FBBA159C730781dCfB9920524e2::principalOf(ERC20: [0x865377367054516e17014CcdED1e7d814EDC9ce4], 0x94855ACA13952D81507C92D3CdBb2e25D3bbE60C) [staticcall]
    │   └─ ← [Return] 14594562039048160037533 [1.459e22]
    ├─ [899] Pauser::isRegistered(0x1760E05356Ec1FBBA159C730781dCfB9920524e2) [staticcall]
    │   └─ ← [Return] true
    ├─ [1019] 0x8B9482a3ff055d24183B40Dd8BB70fFe3edD4c83::pauser() [staticcall]
    │   └─ ← [Return] Pauser: [0x7c5A8EeF1d836450C019FB036453ac6eC97885a3]
    ├─ [722] 0xA025801D81aCFd9E35Bfb05346116e5A3fBAa79F::pauser() [staticcall]
    │   └─ ← [Return] Pauser: [0x7c5A8EeF1d836450C019FB036453ac6eC97885a3]
    ├─ [865] 0xbce8ABC09BaEDCabE93419bF875f6186e182079A::pauser() [staticcall]
    │   └─ ← [Return] 0xCad1a7864a108DBFF67F4b8af71fAB0C7A86D0B6
    ├─ [899] Pauser::isRegistered(0xbce8ABC09BaEDCabE93419bF875f6186e182079A) [staticcall]
    │   └─ ← [Return] false
    ├─ [557] 0xbce8ABC09BaEDCabE93419bF875f6186e182079A::paused() [staticcall]
    │   └─ ← [Return] true
    ├─ [899] Pauser::isRegistered(0x8B9482a3ff055d24183B40Dd8BB70fFe3edD4c83) [staticcall]
    │   └─ ← [Return] true
    ├─ [899] Pauser::isRegistered(0xA025801D81aCFd9E35Bfb05346116e5A3fBAa79F) [staticcall]
    │   └─ ← [Return] true
    ├─ [645] 0x8B9482a3ff055d24183B40Dd8BB70fFe3edD4c83::paused() [staticcall]
    │   └─ ← [Return] false
    ├─ [403] 0x8B9482a3ff055d24183B40Dd8BB70fFe3edD4c83::claimEnabled() [staticcall]
    │   └─ ← [Return] false
    ├─ [15178] Pauser::getPausableContracts() [staticcall]
    │   └─ ← [Return] [0x5cBAd8c3a18F37BC829e319533927a57d2BC99a4, 0x435B0A1884bd0fb5667677C9eb0e59425b1477E5, 0x8D3A8E3ba43DEb8C7e2110DF437a92243523b6ca, 0xdD9A470dFFa0DF2cE264Ca2ECeA265d30ac1008f, 0x068395556b8c43eDf257DC54D109EA5910aE15c7, 0xdd8cE46ea31d51f38279886a81cFc4c1a90d5E19, 0x4Bf42BD098774a3b3e844cd42149ebBB1108E541, 0xb9639e6Be92033F55E6D9E375Fd1C28ceEdbA50E, 0xd936461f1C15eA9f34Ca1F20ecD54A0819068811, 0xE7aEC21BF6420FF483107adCB9360C4b31d69D78, 0x8b4A75290A1C4935eC1dfd990374AC4BD4D33952, 0xFc629bC5F6339F77635f4F656FBb114A31F7bCB3, 0x39Af088408e815844c567037C157B31d48d2E10F, 0xc8514f821A3d801Fa8a8c435840a992A4365a13b, 0x0cD353bfda674D04823B2826ffafB83B560D21B6, 0x90ce274b20A2aF4265152B369d09ce6E6Dc177F9, 0x90af002Ee537Ad5C2c9817Ebd4EF22B2e8952470, 0xaC2e5936Eca286eC364d4D5Bcca33145fBe57f95, 0x17E25Cca844bC71c1E663E089fF11aFD266B5795, 0x1760E05356Ec1FBBA159C730781dCfB9920524e2, 0xaFDf8DeA96a0F37Aae4869f813901bf73a3eAB83, 0x94855ACA13952D81507C92D3CdBb2e25D3bbE60C, 0x299b0071DEf42D35eaf5ea24CC0a71Cf10655A64, 0xE9067f37f6D0bb116233194690fb600Add8fD052, 0x541b912B5451FfE2c04D5Ea8D317081718683242, 0x55BcE9b12953d6a8468c57a811E6642289A99764, 0x8B9482a3ff055d24183B40Dd8BB70fFe3edD4c83, 0xA025801D81aCFd9E35Bfb05346116e5A3fBAa79F]
    ├─ [788] 0x5cBAd8c3a18F37BC829e319533927a57d2BC99a4::pauser() [staticcall]
    │   └─ ← [Return] Pauser: [0x7c5A8EeF1d836450C019FB036453ac6eC97885a3]
    ├─ [0] VM::toString(0x5cBAd8c3a18F37BC829e319533927a57d2BC99a4) [staticcall]
    │   └─ ← [Return] "0x5cBAd8c3a18F37BC829e319533927a57d2BC99a4"
    ├─ [546] 0x5cBAd8c3a18F37BC829e319533927a57d2BC99a4::paused() [staticcall]
    │   └─ ← [Return] false
    ├─ [0] VM::toString(0x5cBAd8c3a18F37BC829e319533927a57d2BC99a4) [staticcall]
    │   └─ ← [Return] "0x5cBAd8c3a18F37BC829e319533927a57d2BC99a4"
    ├─ [530] PhusdStableMinter::pauser() [staticcall]
    │   └─ ← [Return] Pauser: [0x7c5A8EeF1d836450C019FB036453ac6eC97885a3]
    ├─ [0] VM::toString(PhusdStableMinter: [0x435B0A1884bd0fb5667677C9eb0e59425b1477E5]) [staticcall]
    │   └─ ← [Return] "0x435B0A1884bd0fb5667677C9eb0e59425b1477E5"
    ├─ [628] PhusdStableMinter::paused() [staticcall]
    │   └─ ← [Return] false
    ├─ [0] VM::toString(PhusdStableMinter: [0x435B0A1884bd0fb5667677C9eb0e59425b1477E5]) [staticcall]
    │   └─ ← [Return] "0x435B0A1884bd0fb5667677C9eb0e59425b1477E5"
    ├─ [1283] 0x8D3A8E3ba43DEb8C7e2110DF437a92243523b6ca::pauser() [staticcall]
    │   └─ ← [Return] Pauser: [0x7c5A8EeF1d836450C019FB036453ac6eC97885a3]
    ├─ [0] VM::toString(0x8D3A8E3ba43DEb8C7e2110DF437a92243523b6ca) [staticcall]
    │   └─ ← [Return] "0x8D3A8E3ba43DEb8C7e2110DF437a92243523b6ca"
    ├─ [843] 0x8D3A8E3ba43DEb8C7e2110DF437a92243523b6ca::paused() [staticcall]
    │   └─ ← [Return] false
    ├─ [0] VM::toString(0x8D3A8E3ba43DEb8C7e2110DF437a92243523b6ca) [staticcall]
    │   └─ ← [Return] "0x8D3A8E3ba43DEb8C7e2110DF437a92243523b6ca"
    ├─ [575] 0xdD9A470dFFa0DF2cE264Ca2ECeA265d30ac1008f::pauser() [staticcall]
    │   └─ ← [Return] Pauser: [0x7c5A8EeF1d836450C019FB036453ac6eC97885a3]
    ├─ [0] VM::toString(0xdD9A470dFFa0DF2cE264Ca2ECeA265d30ac1008f) [staticcall]
    │   └─ ← [Return] "0xdD9A470dFFa0DF2cE264Ca2ECeA265d30ac1008f"
    ├─ [635] 0xdD9A470dFFa0DF2cE264Ca2ECeA265d30ac1008f::paused() [staticcall]
    │   └─ ← [Return] false
    ├─ [0] VM::toString(0xdD9A470dFFa0DF2cE264Ca2ECeA265d30ac1008f) [staticcall]
    │   └─ ← [Return] "0xdD9A470dFFa0DF2cE264Ca2ECeA265d30ac1008f"
    ├─ [584] 0x068395556b8c43eDf257DC54D109EA5910aE15c7::pauser() [staticcall]
    │   └─ ← [Return] Pauser: [0x7c5A8EeF1d836450C019FB036453ac6eC97885a3]
    ├─ [0] VM::toString(0x068395556b8c43eDf257DC54D109EA5910aE15c7) [staticcall]
    │   └─ ← [Return] "0x068395556b8c43eDf257DC54D109EA5910aE15c7"
    ├─ [375] 0x068395556b8c43eDf257DC54D109EA5910aE15c7::paused() [staticcall]
    │   └─ ← [Return] false
    ├─ [0] VM::toString(0x068395556b8c43eDf257DC54D109EA5910aE15c7) [staticcall]
    │   └─ ← [Return] "0x068395556b8c43eDf257DC54D109EA5910aE15c7"
    ├─ [730] StableYieldAccumulator::pauser() [staticcall]
    │   └─ ← [Return] Pauser: [0x7c5A8EeF1d836450C019FB036453ac6eC97885a3]
    ├─ [0] VM::toString(StableYieldAccumulator: [0xdd8cE46ea31d51f38279886a81cFc4c1a90d5E19]) [staticcall]
    │   └─ ← [Return] "0xdd8cE46ea31d51f38279886a81cFc4c1a90d5E19"
    ├─ [487] StableYieldAccumulator::paused() [staticcall]
    │   └─ ← [Return] false
    ├─ [0] VM::toString(StableYieldAccumulator: [0xdd8cE46ea31d51f38279886a81cFc4c1a90d5E19]) [staticcall]
    │   └─ ← [Return] "0xdd8cE46ea31d51f38279886a81cFc4c1a90d5E19"
    ├─ [740] NFTMinter::pauser() [staticcall]
    │   └─ ← [Return] Pauser: [0x7c5A8EeF1d836450C019FB036453ac6eC97885a3]
    ├─ [0] VM::toString(NFTMinter: [0x4Bf42BD098774a3b3e844cd42149ebBB1108E541]) [staticcall]
    │   └─ ← [Return] "0x4Bf42BD098774a3b3e844cd42149ebBB1108E541"
    ├─ [564] NFTMinter::paused() [staticcall]
    │   └─ ← [Return] false
    ├─ [0] VM::toString(NFTMinter: [0x4Bf42BD098774a3b3e844cd42149ebBB1108E541]) [staticcall]
    │   └─ ← [Return] "0x4Bf42BD098774a3b3e844cd42149ebBB1108E541"
    ├─ [730] StableYieldAccumulator::pauser() [staticcall]
    │   └─ ← [Return] Pauser: [0x7c5A8EeF1d836450C019FB036453ac6eC97885a3]
    ├─ [0] VM::toString(StableYieldAccumulator: [0xb9639e6Be92033F55E6D9E375Fd1C28ceEdbA50E]) [staticcall]
    │   └─ ← [Return] "0xb9639e6Be92033F55E6D9E375Fd1C28ceEdbA50E"
    ├─ [487] StableYieldAccumulator::paused() [staticcall]
    │   └─ ← [Return] false
    ├─ [0] VM::toString(StableYieldAccumulator: [0xb9639e6Be92033F55E6D9E375Fd1C28ceEdbA50E]) [staticcall]
    │   └─ ← [Return] "0xb9639e6Be92033F55E6D9E375Fd1C28ceEdbA50E"
    ├─ [740] NFTMinter::pauser() [staticcall]
    │   └─ ← [Return] Pauser: [0x7c5A8EeF1d836450C019FB036453ac6eC97885a3]
    ├─ [0] VM::toString(NFTMinter: [0xd936461f1C15eA9f34Ca1F20ecD54A0819068811]) [staticcall]
    │   └─ ← [Return] "0xd936461f1C15eA9f34Ca1F20ecD54A0819068811"
    ├─ [564] NFTMinter::paused() [staticcall]
    │   └─ ← [Return] false
    ├─ [0] VM::toString(NFTMinter: [0xd936461f1C15eA9f34Ca1F20ecD54A0819068811]) [staticcall]
    │   └─ ← [Return] "0xd936461f1C15eA9f34Ca1F20ecD54A0819068811"
    ├─ [736] ERC4626YieldStrategy::pauser() [staticcall]
    │   └─ ← [Return] Pauser: [0x7c5A8EeF1d836450C019FB036453ac6eC97885a3]
    ├─ [0] VM::toString(ERC4626YieldStrategy: [0xE7aEC21BF6420FF483107adCB9360C4b31d69D78]) [staticcall]
    │   └─ ← [Return] "0xE7aEC21BF6420FF483107adCB9360C4b31d69D78"
    ├─ [493] ERC4626YieldStrategy::paused() [staticcall]
    │   └─ ← [Return] false
    ├─ [0] VM::toString(ERC4626YieldStrategy: [0xE7aEC21BF6420FF483107adCB9360C4b31d69D78]) [staticcall]
    │   └─ ← [Return] "0xE7aEC21BF6420FF483107adCB9360C4b31d69D78"
    ├─ [736] ERC4626YieldStrategy::pauser() [staticcall]
    │   └─ ← [Return] Pauser: [0x7c5A8EeF1d836450C019FB036453ac6eC97885a3]
    ├─ [0] VM::toString(ERC4626YieldStrategy: [0x8b4A75290A1C4935eC1dfd990374AC4BD4D33952]) [staticcall]
    │   └─ ← [Return] "0x8b4A75290A1C4935eC1dfd990374AC4BD4D33952"
    ├─ [493] ERC4626YieldStrategy::paused() [staticcall]
    │   └─ ← [Return] false
    ├─ [0] VM::toString(ERC4626YieldStrategy: [0x8b4A75290A1C4935eC1dfd990374AC4BD4D33952]) [staticcall]
    │   └─ ← [Return] "0x8b4A75290A1C4935eC1dfd990374AC4BD4D33952"
    ├─ [802] ERC4626MarketYieldStrategy::pauser() [staticcall]
    │   └─ ← [Return] Pauser: [0x7c5A8EeF1d836450C019FB036453ac6eC97885a3]
    ├─ [0] VM::toString(ERC4626MarketYieldStrategy: [0xFc629bC5F6339F77635f4F656FBb114A31F7bCB3]) [staticcall]
    │   └─ ← [Return] "0xFc629bC5F6339F77635f4F656FBb114A31F7bCB3"
    ├─ [537] ERC4626MarketYieldStrategy::paused() [staticcall]
    │   └─ ← [Return] false
    ├─ [0] VM::toString(ERC4626MarketYieldStrategy: [0xFc629bC5F6339F77635f4F656FBb114A31F7bCB3]) [staticcall]
    │   └─ ← [Return] "0xFc629bC5F6339F77635f4F656FBb114A31F7bCB3"
    ├─ [762] 0x39Af088408e815844c567037C157B31d48d2E10F::pauser() [staticcall]
    │   └─ ← [Return] Pauser: [0x7c5A8EeF1d836450C019FB036453ac6eC97885a3]
    ├─ [0] VM::toString(0x39Af088408e815844c567037C157B31d48d2E10F) [staticcall]
    │   └─ ← [Return] "0x39Af088408e815844c567037C157B31d48d2E10F"
    ├─ [542] 0x39Af088408e815844c567037C157B31d48d2E10F::paused() [staticcall]
    │   └─ ← [Return] false
    ├─ [0] VM::toString(0x39Af088408e815844c567037C157B31d48d2E10F) [staticcall]
    │   └─ ← [Return] "0x39Af088408e815844c567037C157B31d48d2E10F"
    ├─ [842] 0xc8514f821A3d801Fa8a8c435840a992A4365a13b::pauser() [staticcall]
    │   └─ ← [Return] Pauser: [0x7c5A8EeF1d836450C019FB036453ac6eC97885a3]
    ├─ [0] VM::toString(0xc8514f821A3d801Fa8a8c435840a992A4365a13b) [staticcall]
    │   └─ ← [Return] "0xc8514f821A3d801Fa8a8c435840a992A4365a13b"
    ├─ [502] 0xc8514f821A3d801Fa8a8c435840a992A4365a13b::paused() [staticcall]
    │   └─ ← [Return] false
    ├─ [0] VM::toString(0xc8514f821A3d801Fa8a8c435840a992A4365a13b) [staticcall]
    │   └─ ← [Return] "0xc8514f821A3d801Fa8a8c435840a992A4365a13b"
    ├─ [821] 0x0cD353bfda674D04823B2826ffafB83B560D21B6::pauser() [staticcall]
    │   └─ ← [Return] Pauser: [0x7c5A8EeF1d836450C019FB036453ac6eC97885a3]
    ├─ [0] VM::toString(0x0cD353bfda674D04823B2826ffafB83B560D21B6) [staticcall]
    │   └─ ← [Return] "0x0cD353bfda674D04823B2826ffafB83B560D21B6"
    ├─ [535] 0x0cD353bfda674D04823B2826ffafB83B560D21B6::paused() [staticcall]
    │   └─ ← [Return] false
    ├─ [0] VM::toString(0x0cD353bfda674D04823B2826ffafB83B560D21B6) [staticcall]
    │   └─ ← [Return] "0x0cD353bfda674D04823B2826ffafB83B560D21B6"
    ├─ [868] 0x90ce274b20A2aF4265152B369d09ce6E6Dc177F9::pauser() [staticcall]
    │   └─ ← [Return] Pauser: [0x7c5A8EeF1d836450C019FB036453ac6eC97885a3]
    ├─ [0] VM::toString(0x90ce274b20A2aF4265152B369d09ce6E6Dc177F9) [staticcall]
    │   └─ ← [Return] "0x90ce274b20A2aF4265152B369d09ce6E6Dc177F9"
    ├─ [581] 0x90ce274b20A2aF4265152B369d09ce6E6Dc177F9::paused() [staticcall]
    │   └─ ← [Return] false
    ├─ [0] VM::toString(0x90ce274b20A2aF4265152B369d09ce6E6Dc177F9) [staticcall]
    │   └─ ← [Return] "0x90ce274b20A2aF4265152B369d09ce6E6Dc177F9"
    ├─ [868] 0x90af002Ee537Ad5C2c9817Ebd4EF22B2e8952470::pauser() [staticcall]
    │   └─ ← [Return] Pauser: [0x7c5A8EeF1d836450C019FB036453ac6eC97885a3]
    ├─ [0] VM::toString(0x90af002Ee537Ad5C2c9817Ebd4EF22B2e8952470) [staticcall]
    │   └─ ← [Return] "0x90af002Ee537Ad5C2c9817Ebd4EF22B2e8952470"
    ├─ [581] 0x90af002Ee537Ad5C2c9817Ebd4EF22B2e8952470::paused() [staticcall]
    │   └─ ← [Return] false
    ├─ [0] VM::toString(0x90af002Ee537Ad5C2c9817Ebd4EF22B2e8952470) [staticcall]
    │   └─ ← [Return] "0x90af002Ee537Ad5C2c9817Ebd4EF22B2e8952470"
    ├─ [934] 0xaC2e5936Eca286eC364d4D5Bcca33145fBe57f95::pauser() [staticcall]
    │   └─ ← [Return] Pauser: [0x7c5A8EeF1d836450C019FB036453ac6eC97885a3]
    ├─ [0] VM::toString(0xaC2e5936Eca286eC364d4D5Bcca33145fBe57f95) [staticcall]
    │   └─ ← [Return] "0xaC2e5936Eca286eC364d4D5Bcca33145fBe57f95"
    ├─ [625] 0xaC2e5936Eca286eC364d4D5Bcca33145fBe57f95::paused() [staticcall]
    │   └─ ← [Return] false
    ├─ [0] VM::toString(0xaC2e5936Eca286eC364d4D5Bcca33145fBe57f95) [staticcall]
    │   └─ ← [Return] "0xaC2e5936Eca286eC364d4D5Bcca33145fBe57f95"
    ├─ [1096] 0x17E25Cca844bC71c1E663E089fF11aFD266B5795::pauser() [staticcall]
    │   └─ ← [Return] Pauser: [0x7c5A8EeF1d836450C019FB036453ac6eC97885a3]
    ├─ [0] VM::toString(0x17E25Cca844bC71c1E663E089fF11aFD266B5795) [staticcall]
    │   └─ ← [Return] "0x17E25Cca844bC71c1E663E089fF11aFD266B5795"
    ├─ [634] 0x17E25Cca844bC71c1E663E089fF11aFD266B5795::paused() [staticcall]
    │   └─ ← [Return] false
    ├─ [0] VM::toString(0x17E25Cca844bC71c1E663E089fF11aFD266B5795) [staticcall]
    │   └─ ← [Return] "0x17E25Cca844bC71c1E663E089fF11aFD266B5795"
    ├─ [934] 0x1760E05356Ec1FBBA159C730781dCfB9920524e2::pauser() [staticcall]
    │   └─ ← [Return] Pauser: [0x7c5A8EeF1d836450C019FB036453ac6eC97885a3]
    ├─ [0] VM::toString(0x1760E05356Ec1FBBA159C730781dCfB9920524e2) [staticcall]
    │   └─ ← [Return] "0x1760E05356Ec1FBBA159C730781dCfB9920524e2"
    ├─ [625] 0x1760E05356Ec1FBBA159C730781dCfB9920524e2::paused() [staticcall]
    │   └─ ← [Return] false
    ├─ [0] VM::toString(0x1760E05356Ec1FBBA159C730781dCfB9920524e2) [staticcall]
    │   └─ ← [Return] "0x1760E05356Ec1FBBA159C730781dCfB9920524e2"
    ├─ [934] 0xaFDf8DeA96a0F37Aae4869f813901bf73a3eAB83::pauser() [staticcall]
    │   └─ ← [Return] Pauser: [0x7c5A8EeF1d836450C019FB036453ac6eC97885a3]
    ├─ [0] VM::toString(0xaFDf8DeA96a0F37Aae4869f813901bf73a3eAB83) [staticcall]
    │   └─ ← [Return] "0xaFDf8DeA96a0F37Aae4869f813901bf73a3eAB83"
    ├─ [625] 0xaFDf8DeA96a0F37Aae4869f813901bf73a3eAB83::paused() [staticcall]
    │   └─ ← [Return] false
    ├─ [0] VM::toString(0xaFDf8DeA96a0F37Aae4869f813901bf73a3eAB83) [staticcall]
    │   └─ ← [Return] "0xaFDf8DeA96a0F37Aae4869f813901bf73a3eAB83"
    ├─ [567] 0x94855ACA13952D81507C92D3CdBb2e25D3bbE60C::pauser() [staticcall]
    │   └─ ← [Return] Pauser: [0x7c5A8EeF1d836450C019FB036453ac6eC97885a3]
    ├─ [0] VM::toString(0x94855ACA13952D81507C92D3CdBb2e25D3bbE60C) [staticcall]
    │   └─ ← [Return] "0x94855ACA13952D81507C92D3CdBb2e25D3bbE60C"
    ├─ [447] 0x94855ACA13952D81507C92D3CdBb2e25D3bbE60C::paused() [staticcall]
    │   └─ ← [Return] false
    ├─ [0] VM::toString(0x94855ACA13952D81507C92D3CdBb2e25D3bbE60C) [staticcall]
    │   └─ ← [Return] "0x94855ACA13952D81507C92D3CdBb2e25D3bbE60C"
    ├─ [842] 0x299b0071DEf42D35eaf5ea24CC0a71Cf10655A64::pauser() [staticcall]
    │   └─ ← [Return] Pauser: [0x7c5A8EeF1d836450C019FB036453ac6eC97885a3]
    ├─ [0] VM::toString(0x299b0071DEf42D35eaf5ea24CC0a71Cf10655A64) [staticcall]
    │   └─ ← [Return] "0x299b0071DEf42D35eaf5ea24CC0a71Cf10655A64"
    ├─ [502] 0x299b0071DEf42D35eaf5ea24CC0a71Cf10655A64::paused() [staticcall]
    │   └─ ← [Return] false
    ├─ [0] VM::toString(0x299b0071DEf42D35eaf5ea24CC0a71Cf10655A64) [staticcall]
    │   └─ ← [Return] "0x299b0071DEf42D35eaf5ea24CC0a71Cf10655A64"
    ├─ [1096] 0xE9067f37f6D0bb116233194690fb600Add8fD052::pauser() [staticcall]
    │   └─ ← [Return] Pauser: [0x7c5A8EeF1d836450C019FB036453ac6eC97885a3]
    ├─ [0] VM::toString(0xE9067f37f6D0bb116233194690fb600Add8fD052) [staticcall]
    │   └─ ← [Return] "0xE9067f37f6D0bb116233194690fb600Add8fD052"
    ├─ [634] 0xE9067f37f6D0bb116233194690fb600Add8fD052::paused() [staticcall]
    │   └─ ← [Return] false
    ├─ [0] VM::toString(0xE9067f37f6D0bb116233194690fb600Add8fD052) [staticcall]
    │   └─ ← [Return] "0xE9067f37f6D0bb116233194690fb600Add8fD052"
    ├─ [1096] 0x541b912B5451FfE2c04D5Ea8D317081718683242::pauser() [staticcall]
    │   └─ ← [Return] Pauser: [0x7c5A8EeF1d836450C019FB036453ac6eC97885a3]
    ├─ [0] VM::toString(0x541b912B5451FfE2c04D5Ea8D317081718683242) [staticcall]
    │   └─ ← [Return] "0x541b912B5451FfE2c04D5Ea8D317081718683242"
    ├─ [634] 0x541b912B5451FfE2c04D5Ea8D317081718683242::paused() [staticcall]
    │   └─ ← [Return] false
    ├─ [0] VM::toString(0x541b912B5451FfE2c04D5Ea8D317081718683242) [staticcall]
    │   └─ ← [Return] "0x541b912B5451FfE2c04D5Ea8D317081718683242"
    ├─ [934] 0x55BcE9b12953d6a8468c57a811E6642289A99764::pauser() [staticcall]
    │   └─ ← [Return] Pauser: [0x7c5A8EeF1d836450C019FB036453ac6eC97885a3]
    ├─ [0] VM::toString(0x55BcE9b12953d6a8468c57a811E6642289A99764) [staticcall]
    │   └─ ← [Return] "0x55BcE9b12953d6a8468c57a811E6642289A99764"
    ├─ [625] 0x55BcE9b12953d6a8468c57a811E6642289A99764::paused() [staticcall]
    │   └─ ← [Return] false
    ├─ [0] VM::toString(0x55BcE9b12953d6a8468c57a811E6642289A99764) [staticcall]
    │   └─ ← [Return] "0x55BcE9b12953d6a8468c57a811E6642289A99764"
    ├─ [1019] 0x8B9482a3ff055d24183B40Dd8BB70fFe3edD4c83::pauser() [staticcall]
    │   └─ ← [Return] Pauser: [0x7c5A8EeF1d836450C019FB036453ac6eC97885a3]
    ├─ [0] VM::toString(0x8B9482a3ff055d24183B40Dd8BB70fFe3edD4c83) [staticcall]
    │   └─ ← [Return] "0x8B9482a3ff055d24183B40Dd8BB70fFe3edD4c83"
    ├─ [645] 0x8B9482a3ff055d24183B40Dd8BB70fFe3edD4c83::paused() [staticcall]
    │   └─ ← [Return] false
    ├─ [0] VM::toString(0x8B9482a3ff055d24183B40Dd8BB70fFe3edD4c83) [staticcall]
    │   └─ ← [Return] "0x8B9482a3ff055d24183B40Dd8BB70fFe3edD4c83"
    ├─ [722] 0xA025801D81aCFd9E35Bfb05346116e5A3fBAa79F::pauser() [staticcall]
    │   └─ ← [Return] Pauser: [0x7c5A8EeF1d836450C019FB036453ac6eC97885a3]
    ├─ [0] VM::toString(0xA025801D81aCFd9E35Bfb05346116e5A3fBAa79F) [staticcall]
    │   └─ ← [Return] "0xA025801D81aCFd9E35Bfb05346116e5A3fBAa79F"
    ├─ [546] 0xA025801D81aCFd9E35Bfb05346116e5A3fBAa79F::paused() [staticcall]
    │   └─ ← [Return] false
    ├─ [0] VM::toString(0xA025801D81aCFd9E35Bfb05346116e5A3fBAa79F) [staticcall]
    │   └─ ← [Return] "0xA025801D81aCFd9E35Bfb05346116e5A3fBAa79F"
    ├─ [0] console::log("  Pauser registrant sweep OK (every registrant unpaused, pauser == Pauser):", 28) [staticcall]
    │   └─ ← [Stop]
    ├─ [0] console::log("  all wiring assertions passed") [staticcall]
    │   └─ ← [Stop]
    ├─ [0] VM::toString(29) [staticcall]
    │   └─ ← [Return] "29"
    └─ ← [Revert] verify: Phase6b: PENDING - the minter DOLA totalWithdrawal has not executed (story 096 lapsed-window resume: V2 is live, DOLA minting disabled). Phases 1-7, Phase 8's pending shape and 29 per-user credits (incl. live V2 balances) verified. Re-initiate (initiate-dola-ys-withdrawal:broadcast), wait 6h, run :preview + :broadcast to complete 6b, then verify again



== Logs ==
  =================================================
    STABLESTAKER V2 CUTOVER - READ-ONLY VERIFICATION
    (story 086 / audit L-02)
  =================================================
  Found progress file, loading: server/deployments/progress.stable-staker-v2-cutover.1.json
    loaded Antimatter 0xA025801D81aCFd9E35Bfb05346116e5A3fBAa79F
    loaded StableStakerV2 0x8B9482a3ff055d24183B40Dd8BB70fFe3edD4c83
    loaded CrossVersionMigrator 0xA6d3fc83C91B8319D219cEB12B46e3dfF064B58F
    loaded ERC4626YieldStrategySDOLA 0x55BcE9b12953d6a8468c57a811E6642289A99764
  
=== verify Phase 1: V1 retired ===
    V1 pauser OWNER, unregistered from Pauser, paused
  
=== verify Phase 2: Antimatter ===
    Antimatter: 0xA025801D81aCFd9E35Bfb05346116e5A3fBAa79F
  
=== verify Phase 3: StableStakerV2 ===
    StableStakerV2: 0x8B9482a3ff055d24183B40Dd8BB70fFe3edD4c83
  
=== verify Phase 3b: sDOLA destination strategy ===
    sDOLA strategy: 0x55BcE9b12953d6a8468c57a811E6642289A99764
  
=== Phase 0: preconditions ===
    token: 0x865377367054516e17014CcdED1e7d814EDC9ce4 DOLA
      V1 poolState / stakerCount / totalStaked: 1 0 0
      strategy / principalOf(V1): 0x1760E05356Ec1FBBA159C730781dCfB9920524e2 0
      V1 phusdPerSecond / C (phUSD per day): 10850694444444 937499999999961600
      setAsideBufferSize(V1) %: 10
      setAsideBufferRecipient: 0xbce8ABC09BaEDCabE93419bF875f6186e182079A
      V1 idle token balance (buffer, stays on V1): 7095707750554785666
      PhusdStableMinter registration: strategy 0x1760E05356Ec1FBBA159C730781dCfB9920524e2
    token: 0xA0b86991c6218b36c1d19D4a2e9Eb0cE3606eB48 USDC
      V1 poolState / stakerCount / totalStaked: 1 0 0
      strategy / principalOf(V1): 0xaFDf8DeA96a0F37Aae4869f813901bf73a3eAB83 0
      V1 phusdPerSecond / C (phUSD per day): 15190972222221 1312499999999894400
      setAsideBufferSize(V1) %: 10
      setAsideBufferRecipient: 0x8B9482a3ff055d24183B40Dd8BB70fFe3edD4c83
      V1 idle token balance (buffer, stays on V1): 10598645
      PhusdStableMinter registration: strategy 0xaFDf8DeA96a0F37Aae4869f813901bf73a3eAB83
    token: 0x4c9EDD5852cd905f086C759E8383e09bff1E68B3 USDe
      V1 poolState / stakerCount / totalStaked: 1 0 0
      strategy / principalOf(V1): 0xaC2e5936Eca286eC364d4D5Bcca33145fBe57f95 0
      V1 phusdPerSecond / C (phUSD per day): 21701388888888 1874999999999923200
      setAsideBufferSize(V1) %: 25
      setAsideBufferRecipient: NONE (pre-story-047 strategy: buffer is paid to each client)
      V1 idle token balance (buffer, stays on V1): 50361101714905465319
      PhusdStableMinter registration: strategy 0xaC2e5936Eca286eC364d4D5Bcca33145fBe57f95
    V1 phUSD mint authorized: false
    phUSD minter baseline (from progress file) mask / mintVersion: 511 0
    RESUME PAST PHASE 6 with the minter DOLA withdrawal NOT executable (lapsed / not initiated / waiting, or
    under WINDOW_SAFETY_MARGIN left) - story 096: Phase 6b DEFERRED after step (a); Phase 7 still unpauses V2
  
=== verify Phase 4: V2 pools ===
    pool configured: 0x865377367054516e17014CcdED1e7d814EDC9ce4 DOLA
    pool configured: 0xA0b86991c6218b36c1d19D4a2e9Eb0cE3606eB48 USDC
    pool configured: 0x4c9EDD5852cd905f086C759E8383e09bff1E68B3 USDe
  
=== verify Phase 5: mint rights ===
    V2 Antimatter + phUSD mint, Antimatter phUSD mint
  
=== verify Phase 6: migration ===
    exit realization (token / R realized / P snapshot): 0x865377367054516e17014CcdED1e7d814EDC9ce4 1234668498770261553781 1234727033595298752962
      exit bound bps (source) / per-user bound bps / V2 totalStaked: 5 10 1234668498770261553765
    post-migration OK (token / V2 totalStaked / V2 stakers): 0x865377367054516e17014CcdED1e7d814EDC9ce4 1234668498770261553765 9
    pool migrated (token / V1 stragglers): 0x865377367054516e17014CcdED1e7d814EDC9ce4 0
    exit realization (token / R realized / P snapshot): 0xA0b86991c6218b36c1d19D4a2e9Eb0cE3606eB48 1966408583 1966476179
      exit bound bps (source) / per-user bound bps / V2 totalStaked: 5 5 1966340967
    post-migration OK (token / V2 totalStaked / V2 stakers): 0xA0b86991c6218b36c1d19D4a2e9Eb0cE3606eB48 1966340967 13
    pool migrated (token / V1 stragglers): 0xA0b86991c6218b36c1d19D4a2e9Eb0cE3606eB48 0
    exit realization (token / R realized / P snapshot): 0x4c9EDD5852cd905f086C759E8383e09bff1E68B3 2564938565740417901215 2566815465400000000000
      exit bound bps (source) / per-user bound bps / V2 totalStaked: 61 61 2557243750043196647505
    post-migration OK (token / V2 totalStaked / V2 stakers): 0x4c9EDD5852cd905f086C759E8383e09bff1E68B3 2557243750043196647505 7
    pool migrated (token / V1 stragglers): 0x4c9EDD5852cd905f086C759E8383e09bff1E68B3 0
  
=== verify Phase 6b: minter DOLA collateral, SYA, retired autoDOLA strategy ===
    Phase 6b PENDING (story 096) - 6b checks deferred; this run WILL end with verify: Phase6b: PENDING
  
=== verify Phase 7: finalize ===
    buffer recipients, V1 mint revoked, V2/Antimatter pause wiring, V2 unpaused
  
=== verify per-user credits (MigratedOut -> DepositedFor) ===
    events (MigratedOut / UserMigrated / DepositedFor): 29 0 29
    per-user credits OK (token / users): 0x865377367054516e17014CcdED1e7d814EDC9ce4 9
    aggregate net of self-exits (token / floor / V2 totalStaked): 0x865377367054516e17014CcdED1e7d814EDC9ce4 1233492306561703445209 1234668498770261553765
      P / V1 stragglers / self-exited principal (upper bound): 1234727033595298752962 0 0
    per-user credits OK (token / users): 0xA0b86991c6218b36c1d19D4a2e9Eb0cE3606eB48 13
    aggregate net of self-exits (token / floor / V2 totalStaked): 0xA0b86991c6218b36c1d19D4a2e9Eb0cE3606eB48 1965479940 1966340967
      P / V1 stragglers / self-exited principal (upper bound): 1966476179 0 0
    per-user credits OK (token / users): 0x4c9EDD5852cd905f086C759E8383e09bff1E68B3 7
    aggregate net of self-exits (token / floor / V2 totalStaked): 0x4c9EDD5852cd905f086C759E8383e09bff1E68B3 2551157891061059993000 2557243750043196647505
      P / V1 stragglers / self-exited principal (upper bound): 2566815465400000000000 0 0
  
=== Phase 8: wiring assertions ===
    phUSD minter delta OK (live mask / V1 revoked): 510 true
    pool OK (token / V2 stakers / V1 stragglers): 0x865377367054516e17014CcdED1e7d814EDC9ce4 9 0
    pool OK (token / V2 stakers / V1 stragglers): 0xA0b86991c6218b36c1d19D4a2e9Eb0cE3606eB48 13 0
    pool OK (token / V2 stakers / V1 stragglers): 0x4c9EDD5852cd905f086C759E8383e09bff1E68B3 7 0
    Pauser registrant sweep OK (every registrant unpaused, pauser == Pauser): 28
    all wiring assertions passed
Error: script failed: verify: Phase6b: PENDING - the minter DOLA totalWithdrawal has not executed (story 096 lapsed-window resume: V2 is live, DOLA minting disabled). Phases 1-7, Phase 8's pending shape and 29 per-user credits (incl. live V2 balances) verified. Re-initiate (initiate-dola-ys-withdrawal:broadcast), wait 6h, run :preview + :broadcast to complete 6b, then verify again
