No files changed, compilation skipped

Ran 3 tests for test/run20/DonationStrand.t.sol:Run20DonationStrand
[PASS] test_donationFrontRun_exactRevert() (gas: 347076)
Logs:
  liquidity 48746147894859096248178 minLP 49179748976765704050059

[PASS] test_donationFrontRun_quoteNotAValidFloor_andFreeToRepeat() (gas: 536404)
[PASS] test_donationFrontRun_strandsPhusd() (gas: 298817)
Logs:
  donated sUSDS (attacker cost) 5105882352941176470588
  stranded phUSD on pooler      229398182752069922595
  leftover sUSDS                0
  quote phusdOut                48306284319706975308785

Suite result: ok. 3 passed; 0 failed; 0 skipped; finished in 5.10ms (2.00ms CPU time)

Ran 10 tests for test/run20/Invariant.t.sol:Run20UniPoolerInvariant_E
[PASS] invariant_P1_leftoverIsWeiDust() (runs: 512, calls: 102400, reverts: 0)

╭---------------+-------------------------+-------+---------+----------╮
| Contract      | Selector                | Calls | Reverts | Discards |
+======================================================================+
| UniPoolerCore | act_accrueSUSDS         | 7798  | 0       | 0        |
|---------------+-------------------------+-------+---------+----------|
| UniPoolerCore | act_dispatch            | 7872  | 0       | 0        |
|---------------+-------------------------+-------+---------+----------|
| UniPoolerCore | act_donateToPair        | 7857  | 0       | 0        |
|---------------+-------------------------+-------+---------+----------|
| UniPoolerCore | act_frontRunPool        | 8022  | 0       | 0        |
|---------------+-------------------------+-------+---------+----------|
| UniPoolerCore | act_poolEmpty           | 7716  | 0       | 0        |
|---------------+-------------------------+-------+---------+----------|
| UniPoolerCore | act_poolHighFloor       | 8010  | 0       | 0        |
|---------------+-------------------------+-------+---------+----------|
| UniPoolerCore | act_poolLooseFloors     | 7837  | 0       | 0        |
|---------------+-------------------------+-------+---------+----------|
| UniPoolerCore | act_poolQuoted          | 7919  | 0       | 0        |
|---------------+-------------------------+-------+---------+----------|
| UniPoolerCore | act_poolZeroFloor       | 7776  | 0       | 0        |
|---------------+-------------------------+-------+---------+----------|
| UniPoolerCore | act_syncOrSkim          | 7884  | 0       | 0        |
|---------------+-------------------------+-------+---------+----------|
| UniPoolerCore | act_thirdPartyLiquidity | 7858  | 0       | 0        |
|---------------+-------------------------+-------+---------+----------|
| UniPoolerCore | act_toggleFee           | 7784  | 0       | 0        |
|---------------+-------------------------+-------+---------+----------|
| UniPoolerCore | act_trade               | 8067  | 0       | 0        |
╰---------------+-------------------------+-------+---------+----------╯

[PASS] invariant_P2_routerAllowancesZero() (runs: 512, calls: 102400, reverts: 0)

╭---------------+-------------------------+-------+---------+----------╮
| Contract      | Selector                | Calls | Reverts | Discards |
+======================================================================+
| UniPoolerCore | act_accrueSUSDS         | 7798  | 0       | 0        |
|---------------+-------------------------+-------+---------+----------|
| UniPoolerCore | act_dispatch            | 7872  | 0       | 0        |
|---------------+-------------------------+-------+---------+----------|
| UniPoolerCore | act_donateToPair        | 7857  | 0       | 0        |
|---------------+-------------------------+-------+---------+----------|
| UniPoolerCore | act_frontRunPool        | 8022  | 0       | 0        |
|---------------+-------------------------+-------+---------+----------|
| UniPoolerCore | act_poolEmpty           | 7716  | 0       | 0        |
|---------------+-------------------------+-------+---------+----------|
| UniPoolerCore | act_poolHighFloor       | 8010  | 0       | 0        |
|---------------+-------------------------+-------+---------+----------|
| UniPoolerCore | act_poolLooseFloors     | 7837  | 0       | 0        |
|---------------+-------------------------+-------+---------+----------|
| UniPoolerCore | act_poolQuoted          | 7919  | 0       | 0        |
|---------------+-------------------------+-------+---------+----------|
| UniPoolerCore | act_poolZeroFloor       | 7776  | 0       | 0        |
|---------------+-------------------------+-------+---------+----------|
| UniPoolerCore | act_syncOrSkim          | 7884  | 0       | 0        |
|---------------+-------------------------+-------+---------+----------|
| UniPoolerCore | act_thirdPartyLiquidity | 7858  | 0       | 0        |
|---------------+-------------------------+-------+---------+----------|
| UniPoolerCore | act_toggleFee           | 7784  | 0       | 0        |
|---------------+-------------------------+-------+---------+----------|
| UniPoolerCore | act_trade               | 8067  | 0       | 0        |
╰---------------+-------------------------+-------+---------+----------╯

[PASS] invariant_P3_liquidityAtLeastMinLP() (runs: 512, calls: 102400, reverts: 0)

╭---------------+-------------------------+-------+---------+----------╮
| Contract      | Selector                | Calls | Reverts | Discards |
+======================================================================+
| UniPoolerCore | act_accrueSUSDS         | 7798  | 0       | 0        |
|---------------+-------------------------+-------+---------+----------|
| UniPoolerCore | act_dispatch            | 7872  | 0       | 0        |
|---------------+-------------------------+-------+---------+----------|
| UniPoolerCore | act_donateToPair        | 7857  | 0       | 0        |
|---------------+-------------------------+-------+---------+----------|
| UniPoolerCore | act_frontRunPool        | 8022  | 0       | 0        |
|---------------+-------------------------+-------+---------+----------|
| UniPoolerCore | act_poolEmpty           | 7716  | 0       | 0        |
|---------------+-------------------------+-------+---------+----------|
| UniPoolerCore | act_poolHighFloor       | 8010  | 0       | 0        |
|---------------+-------------------------+-------+---------+----------|
| UniPoolerCore | act_poolLooseFloors     | 7837  | 0       | 0        |
|---------------+-------------------------+-------+---------+----------|
| UniPoolerCore | act_poolQuoted          | 7919  | 0       | 0        |
|---------------+-------------------------+-------+---------+----------|
| UniPoolerCore | act_poolZeroFloor       | 7776  | 0       | 0        |
|---------------+-------------------------+-------+---------+----------|
| UniPoolerCore | act_syncOrSkim          | 7884  | 0       | 0        |
|---------------+-------------------------+-------+---------+----------|
| UniPoolerCore | act_thirdPartyLiquidity | 7858  | 0       | 0        |
|---------------+-------------------------+-------+---------+----------|
| UniPoolerCore | act_toggleFee           | 7784  | 0       | 0        |
|---------------+-------------------------+-------+---------+----------|
| UniPoolerCore | act_trade               | 8067  | 0       | 0        |
╰---------------+-------------------------+-------+---------+----------╯

[PASS] invariant_P4_quoteLPIsValidFloor() (runs: 512, calls: 102400, reverts: 0)

╭---------------+-------------------------+-------+---------+----------╮
| Contract      | Selector                | Calls | Reverts | Discards |
+======================================================================+
| UniPoolerCore | act_accrueSUSDS         | 7798  | 0       | 0        |
|---------------+-------------------------+-------+---------+----------|
| UniPoolerCore | act_dispatch            | 7872  | 0       | 0        |
|---------------+-------------------------+-------+---------+----------|
| UniPoolerCore | act_donateToPair        | 7857  | 0       | 0        |
|---------------+-------------------------+-------+---------+----------|
| UniPoolerCore | act_frontRunPool        | 8022  | 0       | 0        |
|---------------+-------------------------+-------+---------+----------|
| UniPoolerCore | act_poolEmpty           | 7716  | 0       | 0        |
|---------------+-------------------------+-------+---------+----------|
| UniPoolerCore | act_poolHighFloor       | 8010  | 0       | 0        |
|---------------+-------------------------+-------+---------+----------|
| UniPoolerCore | act_poolLooseFloors     | 7837  | 0       | 0        |
|---------------+-------------------------+-------+---------+----------|
| UniPoolerCore | act_poolQuoted          | 7919  | 0       | 0        |
|---------------+-------------------------+-------+---------+----------|
| UniPoolerCore | act_poolZeroFloor       | 7776  | 0       | 0        |
|---------------+-------------------------+-------+---------+----------|
| UniPoolerCore | act_syncOrSkim          | 7884  | 0       | 0        |
|---------------+-------------------------+-------+---------+----------|
| UniPoolerCore | act_thirdPartyLiquidity | 7858  | 0       | 0        |
|---------------+-------------------------+-------+---------+----------|
| UniPoolerCore | act_toggleFee           | 7784  | 0       | 0        |
|---------------+-------------------------+-------+---------+----------|
| UniPoolerCore | act_trade               | 8067  | 0       | 0        |
╰---------------+-------------------------+-------+---------+----------╯

[PASS] invariant_P5_quotePhusdOutExact() (runs: 512, calls: 102400, reverts: 0)

╭---------------+-------------------------+-------+---------+----------╮
| Contract      | Selector                | Calls | Reverts | Discards |
+======================================================================+
| UniPoolerCore | act_accrueSUSDS         | 7798  | 0       | 0        |
|---------------+-------------------------+-------+---------+----------|
| UniPoolerCore | act_dispatch            | 7872  | 0       | 0        |
|---------------+-------------------------+-------+---------+----------|
| UniPoolerCore | act_donateToPair        | 7857  | 0       | 0        |
|---------------+-------------------------+-------+---------+----------|
| UniPoolerCore | act_frontRunPool        | 8022  | 0       | 0        |
|---------------+-------------------------+-------+---------+----------|
| UniPoolerCore | act_poolEmpty           | 7716  | 0       | 0        |
|---------------+-------------------------+-------+---------+----------|
| UniPoolerCore | act_poolHighFloor       | 8010  | 0       | 0        |
|---------------+-------------------------+-------+---------+----------|
| UniPoolerCore | act_poolLooseFloors     | 7837  | 0       | 0        |
|---------------+-------------------------+-------+---------+----------|
| UniPoolerCore | act_poolQuoted          | 7919  | 0       | 0        |
|---------------+-------------------------+-------+---------+----------|
| UniPoolerCore | act_poolZeroFloor       | 7776  | 0       | 0        |
|---------------+-------------------------+-------+---------+----------|
| UniPoolerCore | act_syncOrSkim          | 7884  | 0       | 0        |
|---------------+-------------------------+-------+---------+----------|
| UniPoolerCore | act_thirdPartyLiquidity | 7858  | 0       | 0        |
|---------------+-------------------------+-------+---------+----------|
| UniPoolerCore | act_toggleFee           | 7784  | 0       | 0        |
|---------------+-------------------------+-------+---------+----------|
| UniPoolerCore | act_trade               | 8067  | 0       | 0        |
╰---------------+-------------------------+-------+---------+----------╯

[PASS] invariant_P6_zeroFloorsRevert() (runs: 512, calls: 102400, reverts: 0)

╭---------------+-------------------------+-------+---------+----------╮
| Contract      | Selector                | Calls | Reverts | Discards |
+======================================================================+
| UniPoolerCore | act_accrueSUSDS         | 7798  | 0       | 0        |
|---------------+-------------------------+-------+---------+----------|
| UniPoolerCore | act_dispatch            | 7872  | 0       | 0        |
|---------------+-------------------------+-------+---------+----------|
| UniPoolerCore | act_donateToPair        | 7857  | 0       | 0        |
|---------------+-------------------------+-------+---------+----------|
| UniPoolerCore | act_frontRunPool        | 8022  | 0       | 0        |
|---------------+-------------------------+-------+---------+----------|
| UniPoolerCore | act_poolEmpty           | 7716  | 0       | 0        |
|---------------+-------------------------+-------+---------+----------|
| UniPoolerCore | act_poolHighFloor       | 8010  | 0       | 0        |
|---------------+-------------------------+-------+---------+----------|
| UniPoolerCore | act_poolLooseFloors     | 7837  | 0       | 0        |
|---------------+-------------------------+-------+---------+----------|
| UniPoolerCore | act_poolQuoted          | 7919  | 0       | 0        |
|---------------+-------------------------+-------+---------+----------|
| UniPoolerCore | act_poolZeroFloor       | 7776  | 0       | 0        |
|---------------+-------------------------+-------+---------+----------|
| UniPoolerCore | act_syncOrSkim          | 7884  | 0       | 0        |
|---------------+-------------------------+-------+---------+----------|
| UniPoolerCore | act_thirdPartyLiquidity | 7858  | 0       | 0        |
|---------------+-------------------------+-------+---------+----------|
| UniPoolerCore | act_toggleFee           | 7784  | 0       | 0        |
|---------------+-------------------------+-------+---------+----------|
| UniPoolerCore | act_trade               | 8067  | 0       | 0        |
╰---------------+-------------------------+-------+---------+----------╯

[PASS] invariant_P7_emptyPairReverts() (runs: 512, calls: 102400, reverts: 0)

╭---------------+-------------------------+-------+---------+----------╮
| Contract      | Selector                | Calls | Reverts | Discards |
+======================================================================+
| UniPoolerCore | act_accrueSUSDS         | 7798  | 0       | 0        |
|---------------+-------------------------+-------+---------+----------|
| UniPoolerCore | act_dispatch            | 7872  | 0       | 0        |
|---------------+-------------------------+-------+---------+----------|
| UniPoolerCore | act_donateToPair        | 7857  | 0       | 0        |
|---------------+-------------------------+-------+---------+----------|
| UniPoolerCore | act_frontRunPool        | 8022  | 0       | 0        |
|---------------+-------------------------+-------+---------+----------|
| UniPoolerCore | act_poolEmpty           | 7716  | 0       | 0        |
|---------------+-------------------------+-------+---------+----------|
| UniPoolerCore | act_poolHighFloor       | 8010  | 0       | 0        |
|---------------+-------------------------+-------+---------+----------|
| UniPoolerCore | act_poolLooseFloors     | 7837  | 0       | 0        |
|---------------+-------------------------+-------+---------+----------|
| UniPoolerCore | act_poolQuoted          | 7919  | 0       | 0        |
|---------------+-------------------------+-------+---------+----------|
| UniPoolerCore | act_poolZeroFloor       | 7776  | 0       | 0        |
|---------------+-------------------------+-------+---------+----------|
| UniPoolerCore | act_syncOrSkim          | 7884  | 0       | 0        |
|---------------+-------------------------+-------+---------+----------|
| UniPoolerCore | act_thirdPartyLiquidity | 7858  | 0       | 0        |
|---------------+-------------------------+-------+---------+----------|
| UniPoolerCore | act_toggleFee           | 7784  | 0       | 0        |
|---------------+-------------------------+-------+---------+----------|
| UniPoolerCore | act_trade               | 8067  | 0       | 0        |
╰---------------+-------------------------+-------+---------+----------╯

[PASS] invariant_P8_frontRunNeverStrands() (runs: 512, calls: 102400, reverts: 0)

╭---------------+-------------------------+-------+---------+----------╮
| Contract      | Selector                | Calls | Reverts | Discards |
+======================================================================+
| UniPoolerCore | act_accrueSUSDS         | 7798  | 0       | 0        |
|---------------+-------------------------+-------+---------+----------|
| UniPoolerCore | act_dispatch            | 7872  | 0       | 0        |
|---------------+-------------------------+-------+---------+----------|
| UniPoolerCore | act_donateToPair        | 7857  | 0       | 0        |
|---------------+-------------------------+-------+---------+----------|
| UniPoolerCore | act_frontRunPool        | 8022  | 0       | 0        |
|---------------+-------------------------+-------+---------+----------|
| UniPoolerCore | act_poolEmpty           | 7716  | 0       | 0        |
|---------------+-------------------------+-------+---------+----------|
| UniPoolerCore | act_poolHighFloor       | 8010  | 0       | 0        |
|---------------+-------------------------+-------+---------+----------|
| UniPoolerCore | act_poolLooseFloors     | 7837  | 0       | 0        |
|---------------+-------------------------+-------+---------+----------|
| UniPoolerCore | act_poolQuoted          | 7919  | 0       | 0        |
|---------------+-------------------------+-------+---------+----------|
| UniPoolerCore | act_poolZeroFloor       | 7776  | 0       | 0        |
|---------------+-------------------------+-------+---------+----------|
| UniPoolerCore | act_syncOrSkim          | 7884  | 0       | 0        |
|---------------+-------------------------+-------+---------+----------|
| UniPoolerCore | act_thirdPartyLiquidity | 7858  | 0       | 0        |
|---------------+-------------------------+-------+---------+----------|
| UniPoolerCore | act_toggleFee           | 7784  | 0       | 0        |
|---------------+-------------------------+-------+---------+----------|
| UniPoolerCore | act_trade               | 8067  | 0       | 0        |
╰---------------+-------------------------+-------+---------+----------╯

[PASS] invariant_P9_dispatchWorksWhenPoolUnavailable() (runs: 512, calls: 102400, reverts: 0)

╭---------------+-------------------------+-------+---------+----------╮
| Contract      | Selector                | Calls | Reverts | Discards |
+======================================================================+
| UniPoolerCore | act_accrueSUSDS         | 7798  | 0       | 0        |
|---------------+-------------------------+-------+---------+----------|
| UniPoolerCore | act_dispatch            | 7872  | 0       | 0        |
|---------------+-------------------------+-------+---------+----------|
| UniPoolerCore | act_donateToPair        | 7857  | 0       | 0        |
|---------------+-------------------------+-------+---------+----------|
| UniPoolerCore | act_frontRunPool        | 8022  | 0       | 0        |
|---------------+-------------------------+-------+---------+----------|
| UniPoolerCore | act_poolEmpty           | 7716  | 0       | 0        |
|---------------+-------------------------+-------+---------+----------|
| UniPoolerCore | act_poolHighFloor       | 8010  | 0       | 0        |
|---------------+-------------------------+-------+---------+----------|
| UniPoolerCore | act_poolLooseFloors     | 7837  | 0       | 0        |
|---------------+-------------------------+-------+---------+----------|
| UniPoolerCore | act_poolQuoted          | 7919  | 0       | 0        |
|---------------+-------------------------+-------+---------+----------|
| UniPoolerCore | act_poolZeroFloor       | 7776  | 0       | 0        |
|---------------+-------------------------+-------+---------+----------|
| UniPoolerCore | act_syncOrSkim          | 7884  | 0       | 0        |
|---------------+-------------------------+-------+---------+----------|
| UniPoolerCore | act_thirdPartyLiquidity | 7858  | 0       | 0        |
|---------------+-------------------------+-------+---------+----------|
| UniPoolerCore | act_toggleFee           | 7784  | 0       | 0        |
|---------------+-------------------------+-------+---------+----------|
| UniPoolerCore | act_trade               | 8067  | 0       | 0        |
╰---------------+-------------------------+-------+---------+----------╯

[PASS] invariant_zz_telemetry() (runs: 512, calls: 102400, reverts: 0)

╭---------------+-------------------------+-------+---------+----------╮
| Contract      | Selector                | Calls | Reverts | Discards |
+======================================================================+
| UniPoolerCore | act_accrueSUSDS         | 7798  | 0       | 0        |
|---------------+-------------------------+-------+---------+----------|
| UniPoolerCore | act_dispatch            | 7872  | 0       | 0        |
|---------------+-------------------------+-------+---------+----------|
| UniPoolerCore | act_donateToPair        | 7857  | 0       | 0        |
|---------------+-------------------------+-------+---------+----------|
| UniPoolerCore | act_frontRunPool        | 8022  | 0       | 0        |
|---------------+-------------------------+-------+---------+----------|
| UniPoolerCore | act_poolEmpty           | 7716  | 0       | 0        |
|---------------+-------------------------+-------+---------+----------|
| UniPoolerCore | act_poolHighFloor       | 8010  | 0       | 0        |
|---------------+-------------------------+-------+---------+----------|
| UniPoolerCore | act_poolLooseFloors     | 7837  | 0       | 0        |
|---------------+-------------------------+-------+---------+----------|
| UniPoolerCore | act_poolQuoted          | 7919  | 0       | 0        |
|---------------+-------------------------+-------+---------+----------|
| UniPoolerCore | act_poolZeroFloor       | 7776  | 0       | 0        |
|---------------+-------------------------+-------+---------+----------|
| UniPoolerCore | act_syncOrSkim          | 7884  | 0       | 0        |
|---------------+-------------------------+-------+---------+----------|
| UniPoolerCore | act_thirdPartyLiquidity | 7858  | 0       | 0        |
|---------------+-------------------------+-------+---------+----------|
| UniPoolerCore | act_toggleFee           | 7784  | 0       | 0        |
|---------------+-------------------------+-------+---------+----------|
| UniPoolerCore | act_trade               | 8067  | 0       | 0        |
╰---------------+-------------------------+-------+---------+----------╯

Logs:
  poolAttempts 56
  poolSuccess 39
  feeOnPools 17
  floorReverts 17
  otherReverts 0
  frontRunAttempts/success/floorRevert 14 14 0
  dispatchOk/deadDispatchOk 16 16
  donations/trades/feeToggles 0 20 18
  maxLeftS/maxLeftP (wei) 1424 0
  maxLeftValue (x1e-10 of input) 0

Suite result: ok. 10 passed; 0 failed; 0 skipped; finished in 184.45s (801.21s CPU time)

Ran 10 tests for test/run20/Invariant.t.sol:Run20UniPoolerInvariant_A
[PASS] invariant_P1_leftoverIsWeiDust() (runs: 512, calls: 102400, reverts: 0)

╭---------------+-------------------------+-------+---------+----------╮
| Contract      | Selector                | Calls | Reverts | Discards |
+======================================================================+
| UniPoolerCore | act_accrueSUSDS         | 7798  | 0       | 0        |
|---------------+-------------------------+-------+---------+----------|
| UniPoolerCore | act_dispatch            | 7872  | 0       | 0        |
|---------------+-------------------------+-------+---------+----------|
| UniPoolerCore | act_donateToPair        | 7857  | 0       | 0        |
|---------------+-------------------------+-------+---------+----------|
| UniPoolerCore | act_frontRunPool        | 8022  | 0       | 0        |
|---------------+-------------------------+-------+---------+----------|
| UniPoolerCore | act_poolEmpty           | 7716  | 0       | 0        |
|---------------+-------------------------+-------+---------+----------|
| UniPoolerCore | act_poolHighFloor       | 8010  | 0       | 0        |
|---------------+-------------------------+-------+---------+----------|
| UniPoolerCore | act_poolLooseFloors     | 7837  | 0       | 0        |
|---------------+-------------------------+-------+---------+----------|
| UniPoolerCore | act_poolQuoted          | 7919  | 0       | 0        |
|---------------+-------------------------+-------+---------+----------|
| UniPoolerCore | act_poolZeroFloor       | 7776  | 0       | 0        |
|---------------+-------------------------+-------+---------+----------|
| UniPoolerCore | act_syncOrSkim          | 7884  | 0       | 0        |
|---------------+-------------------------+-------+---------+----------|
| UniPoolerCore | act_thirdPartyLiquidity | 7858  | 0       | 0        |
|---------------+-------------------------+-------+---------+----------|
| UniPoolerCore | act_toggleFee           | 7784  | 0       | 0        |
|---------------+-------------------------+-------+---------+----------|
| UniPoolerCore | act_trade               | 8067  | 0       | 0        |
╰---------------+-------------------------+-------+---------+----------╯

[PASS] invariant_P2_routerAllowancesZero() (runs: 512, calls: 102400, reverts: 0)

╭---------------+-------------------------+-------+---------+----------╮
| Contract      | Selector                | Calls | Reverts | Discards |
+======================================================================+
| UniPoolerCore | act_accrueSUSDS         | 7798  | 0       | 0        |
|---------------+-------------------------+-------+---------+----------|
| UniPoolerCore | act_dispatch            | 7872  | 0       | 0        |
|---------------+-------------------------+-------+---------+----------|
| UniPoolerCore | act_donateToPair        | 7857  | 0       | 0        |
|---------------+-------------------------+-------+---------+----------|
| UniPoolerCore | act_frontRunPool        | 8022  | 0       | 0        |
|---------------+-------------------------+-------+---------+----------|
| UniPoolerCore | act_poolEmpty           | 7716  | 0       | 0        |
|---------------+-------------------------+-------+---------+----------|
| UniPoolerCore | act_poolHighFloor       | 8010  | 0       | 0        |
|---------------+-------------------------+-------+---------+----------|
| UniPoolerCore | act_poolLooseFloors     | 7837  | 0       | 0        |
|---------------+-------------------------+-------+---------+----------|
| UniPoolerCore | act_poolQuoted          | 7919  | 0       | 0        |
|---------------+-------------------------+-------+---------+----------|
| UniPoolerCore | act_poolZeroFloor       | 7776  | 0       | 0        |
|---------------+-------------------------+-------+---------+----------|
| UniPoolerCore | act_syncOrSkim          | 7884  | 0       | 0        |
|---------------+-------------------------+-------+---------+----------|
| UniPoolerCore | act_thirdPartyLiquidity | 7858  | 0       | 0        |
|---------------+-------------------------+-------+---------+----------|
| UniPoolerCore | act_toggleFee           | 7784  | 0       | 0        |
|---------------+-------------------------+-------+---------+----------|
| UniPoolerCore | act_trade               | 8067  | 0       | 0        |
╰---------------+-------------------------+-------+---------+----------╯

[PASS] invariant_P3_liquidityAtLeastMinLP() (runs: 512, calls: 102400, reverts: 0)

╭---------------+-------------------------+-------+---------+----------╮
| Contract      | Selector                | Calls | Reverts | Discards |
+======================================================================+
| UniPoolerCore | act_accrueSUSDS         | 7798  | 0       | 0        |
|---------------+-------------------------+-------+---------+----------|
| UniPoolerCore | act_dispatch            | 7872  | 0       | 0        |
|---------------+-------------------------+-------+---------+----------|
| UniPoolerCore | act_donateToPair        | 7857  | 0       | 0        |
|---------------+-------------------------+-------+---------+----------|
| UniPoolerCore | act_frontRunPool        | 8022  | 0       | 0        |
|---------------+-------------------------+-------+---------+----------|
| UniPoolerCore | act_poolEmpty           | 7716  | 0       | 0        |
|---------------+-------------------------+-------+---------+----------|
| UniPoolerCore | act_poolHighFloor       | 8010  | 0       | 0        |
|---------------+-------------------------+-------+---------+----------|
| UniPoolerCore | act_poolLooseFloors     | 7837  | 0       | 0        |
|---------------+-------------------------+-------+---------+----------|
| UniPoolerCore | act_poolQuoted          | 7919  | 0       | 0        |
|---------------+-------------------------+-------+---------+----------|
| UniPoolerCore | act_poolZeroFloor       | 7776  | 0       | 0        |
|---------------+-------------------------+-------+---------+----------|
| UniPoolerCore | act_syncOrSkim          | 7884  | 0       | 0        |
|---------------+-------------------------+-------+---------+----------|
| UniPoolerCore | act_thirdPartyLiquidity | 7858  | 0       | 0        |
|---------------+-------------------------+-------+---------+----------|
| UniPoolerCore | act_toggleFee           | 7784  | 0       | 0        |
|---------------+-------------------------+-------+---------+----------|
| UniPoolerCore | act_trade               | 8067  | 0       | 0        |
╰---------------+-------------------------+-------+---------+----------╯

[PASS] invariant_P4_quoteLPIsValidFloor() (runs: 512, calls: 102400, reverts: 0)

╭---------------+-------------------------+-------+---------+----------╮
| Contract      | Selector                | Calls | Reverts | Discards |
+======================================================================+
| UniPoolerCore | act_accrueSUSDS         | 7798  | 0       | 0        |
|---------------+-------------------------+-------+---------+----------|
| UniPoolerCore | act_dispatch            | 7872  | 0       | 0        |
|---------------+-------------------------+-------+---------+----------|
| UniPoolerCore | act_donateToPair        | 7857  | 0       | 0        |
|---------------+-------------------------+-------+---------+----------|
| UniPoolerCore | act_frontRunPool        | 8022  | 0       | 0        |
|---------------+-------------------------+-------+---------+----------|
| UniPoolerCore | act_poolEmpty           | 7716  | 0       | 0        |
|---------------+-------------------------+-------+---------+----------|
| UniPoolerCore | act_poolHighFloor       | 8010  | 0       | 0        |
|---------------+-------------------------+-------+---------+----------|
| UniPoolerCore | act_poolLooseFloors     | 7837  | 0       | 0        |
|---------------+-------------------------+-------+---------+----------|
| UniPoolerCore | act_poolQuoted          | 7919  | 0       | 0        |
|---------------+-------------------------+-------+---------+----------|
| UniPoolerCore | act_poolZeroFloor       | 7776  | 0       | 0        |
|---------------+-------------------------+-------+---------+----------|
| UniPoolerCore | act_syncOrSkim          | 7884  | 0       | 0        |
|---------------+-------------------------+-------+---------+----------|
| UniPoolerCore | act_thirdPartyLiquidity | 7858  | 0       | 0        |
|---------------+-------------------------+-------+---------+----------|
| UniPoolerCore | act_toggleFee           | 7784  | 0       | 0        |
|---------------+-------------------------+-------+---------+----------|
| UniPoolerCore | act_trade               | 8067  | 0       | 0        |
╰---------------+-------------------------+-------+---------+----------╯

[PASS] invariant_P5_quotePhusdOutExact() (runs: 512, calls: 102400, reverts: 0)

╭---------------+-------------------------+-------+---------+----------╮
| Contract      | Selector                | Calls | Reverts | Discards |
+======================================================================+
| UniPoolerCore | act_accrueSUSDS         | 7798  | 0       | 0        |
|---------------+-------------------------+-------+---------+----------|
| UniPoolerCore | act_dispatch            | 7872  | 0       | 0        |
|---------------+-------------------------+-------+---------+----------|
| UniPoolerCore | act_donateToPair        | 7857  | 0       | 0        |
|---------------+-------------------------+-------+---------+----------|
| UniPoolerCore | act_frontRunPool        | 8022  | 0       | 0        |
|---------------+-------------------------+-------+---------+----------|
| UniPoolerCore | act_poolEmpty           | 7716  | 0       | 0        |
|---------------+-------------------------+-------+---------+----------|
| UniPoolerCore | act_poolHighFloor       | 8010  | 0       | 0        |
|---------------+-------------------------+-------+---------+----------|
| UniPoolerCore | act_poolLooseFloors     | 7837  | 0       | 0        |
|---------------+-------------------------+-------+---------+----------|
| UniPoolerCore | act_poolQuoted          | 7919  | 0       | 0        |
|---------------+-------------------------+-------+---------+----------|
| UniPoolerCore | act_poolZeroFloor       | 7776  | 0       | 0        |
|---------------+-------------------------+-------+---------+----------|
| UniPoolerCore | act_syncOrSkim          | 7884  | 0       | 0        |
|---------------+-------------------------+-------+---------+----------|
| UniPoolerCore | act_thirdPartyLiquidity | 7858  | 0       | 0        |
|---------------+-------------------------+-------+---------+----------|
| UniPoolerCore | act_toggleFee           | 7784  | 0       | 0        |
|---------------+-------------------------+-------+---------+----------|
| UniPoolerCore | act_trade               | 8067  | 0       | 0        |
╰---------------+-------------------------+-------+---------+----------╯

[PASS] invariant_P6_zeroFloorsRevert() (runs: 512, calls: 102400, reverts: 0)

╭---------------+-------------------------+-------+---------+----------╮
| Contract      | Selector                | Calls | Reverts | Discards |
+======================================================================+
| UniPoolerCore | act_accrueSUSDS         | 7798  | 0       | 0        |
|---------------+-------------------------+-------+---------+----------|
| UniPoolerCore | act_dispatch            | 7872  | 0       | 0        |
|---------------+-------------------------+-------+---------+----------|
| UniPoolerCore | act_donateToPair        | 7857  | 0       | 0        |
|---------------+-------------------------+-------+---------+----------|
| UniPoolerCore | act_frontRunPool        | 8022  | 0       | 0        |
|---------------+-------------------------+-------+---------+----------|
| UniPoolerCore | act_poolEmpty           | 7716  | 0       | 0        |
|---------------+-------------------------+-------+---------+----------|
| UniPoolerCore | act_poolHighFloor       | 8010  | 0       | 0        |
|---------------+-------------------------+-------+---------+----------|
| UniPoolerCore | act_poolLooseFloors     | 7837  | 0       | 0        |
|---------------+-------------------------+-------+---------+----------|
| UniPoolerCore | act_poolQuoted          | 7919  | 0       | 0        |
|---------------+-------------------------+-------+---------+----------|
| UniPoolerCore | act_poolZeroFloor       | 7776  | 0       | 0        |
|---------------+-------------------------+-------+---------+----------|
| UniPoolerCore | act_syncOrSkim          | 7884  | 0       | 0        |
|---------------+-------------------------+-------+---------+----------|
| UniPoolerCore | act_thirdPartyLiquidity | 7858  | 0       | 0        |
|---------------+-------------------------+-------+---------+----------|
| UniPoolerCore | act_toggleFee           | 7784  | 0       | 0        |
|---------------+-------------------------+-------+---------+----------|
| UniPoolerCore | act_trade               | 8067  | 0       | 0        |
╰---------------+-------------------------+-------+---------+----------╯

[PASS] invariant_P7_emptyPairReverts() (runs: 512, calls: 102400, reverts: 0)

╭---------------+-------------------------+-------+---------+----------╮
| Contract      | Selector                | Calls | Reverts | Discards |
+======================================================================+
| UniPoolerCore | act_accrueSUSDS         | 7798  | 0       | 0        |
|---------------+-------------------------+-------+---------+----------|
| UniPoolerCore | act_dispatch            | 7872  | 0       | 0        |
|---------------+-------------------------+-------+---------+----------|
| UniPoolerCore | act_donateToPair        | 7857  | 0       | 0        |
|---------------+-------------------------+-------+---------+----------|
| UniPoolerCore | act_frontRunPool        | 8022  | 0       | 0        |
|---------------+-------------------------+-------+---------+----------|
| UniPoolerCore | act_poolEmpty           | 7716  | 0       | 0        |
|---------------+-------------------------+-------+---------+----------|
| UniPoolerCore | act_poolHighFloor       | 8010  | 0       | 0        |
|---------------+-------------------------+-------+---------+----------|
| UniPoolerCore | act_poolLooseFloors     | 7837  | 0       | 0        |
|---------------+-------------------------+-------+---------+----------|
| UniPoolerCore | act_poolQuoted          | 7919  | 0       | 0        |
|---------------+-------------------------+-------+---------+----------|
| UniPoolerCore | act_poolZeroFloor       | 7776  | 0       | 0        |
|---------------+-------------------------+-------+---------+----------|
| UniPoolerCore | act_syncOrSkim          | 7884  | 0       | 0        |
|---------------+-------------------------+-------+---------+----------|
| UniPoolerCore | act_thirdPartyLiquidity | 7858  | 0       | 0        |
|---------------+-------------------------+-------+---------+----------|
| UniPoolerCore | act_toggleFee           | 7784  | 0       | 0        |
|---------------+-------------------------+-------+---------+----------|
| UniPoolerCore | act_trade               | 8067  | 0       | 0        |
╰---------------+-------------------------+-------+---------+----------╯

[PASS] invariant_P8_frontRunNeverStrands() (runs: 512, calls: 102400, reverts: 0)

╭---------------+-------------------------+-------+---------+----------╮
| Contract      | Selector                | Calls | Reverts | Discards |
+======================================================================+
| UniPoolerCore | act_accrueSUSDS         | 7798  | 0       | 0        |
|---------------+-------------------------+-------+---------+----------|
| UniPoolerCore | act_dispatch            | 7872  | 0       | 0        |
|---------------+-------------------------+-------+---------+----------|
| UniPoolerCore | act_donateToPair        | 7857  | 0       | 0        |
|---------------+-------------------------+-------+---------+----------|
| UniPoolerCore | act_frontRunPool        | 8022  | 0       | 0        |
|---------------+-------------------------+-------+---------+----------|
| UniPoolerCore | act_poolEmpty           | 7716  | 0       | 0        |
|---------------+-------------------------+-------+---------+----------|
| UniPoolerCore | act_poolHighFloor       | 8010  | 0       | 0        |
|---------------+-------------------------+-------+---------+----------|
| UniPoolerCore | act_poolLooseFloors     | 7837  | 0       | 0        |
|---------------+-------------------------+-------+---------+----------|
| UniPoolerCore | act_poolQuoted          | 7919  | 0       | 0        |
|---------------+-------------------------+-------+---------+----------|
| UniPoolerCore | act_poolZeroFloor       | 7776  | 0       | 0        |
|---------------+-------------------------+-------+---------+----------|
| UniPoolerCore | act_syncOrSkim          | 7884  | 0       | 0        |
|---------------+-------------------------+-------+---------+----------|
| UniPoolerCore | act_thirdPartyLiquidity | 7858  | 0       | 0        |
|---------------+-------------------------+-------+---------+----------|
| UniPoolerCore | act_toggleFee           | 7784  | 0       | 0        |
|---------------+-------------------------+-------+---------+----------|
| UniPoolerCore | act_trade               | 8067  | 0       | 0        |
╰---------------+-------------------------+-------+---------+----------╯

[PASS] invariant_P9_dispatchWorksWhenPoolUnavailable() (runs: 512, calls: 102400, reverts: 0)

╭---------------+-------------------------+-------+---------+----------╮
| Contract      | Selector                | Calls | Reverts | Discards |
+======================================================================+
| UniPoolerCore | act_accrueSUSDS         | 7798  | 0       | 0        |
|---------------+-------------------------+-------+---------+----------|
| UniPoolerCore | act_dispatch            | 7872  | 0       | 0        |
|---------------+-------------------------+-------+---------+----------|
| UniPoolerCore | act_donateToPair        | 7857  | 0       | 0        |
|---------------+-------------------------+-------+---------+----------|
| UniPoolerCore | act_frontRunPool        | 8022  | 0       | 0        |
|---------------+-------------------------+-------+---------+----------|
| UniPoolerCore | act_poolEmpty           | 7716  | 0       | 0        |
|---------------+-------------------------+-------+---------+----------|
| UniPoolerCore | act_poolHighFloor       | 8010  | 0       | 0        |
|---------------+-------------------------+-------+---------+----------|
| UniPoolerCore | act_poolLooseFloors     | 7837  | 0       | 0        |
|---------------+-------------------------+-------+---------+----------|
| UniPoolerCore | act_poolQuoted          | 7919  | 0       | 0        |
|---------------+-------------------------+-------+---------+----------|
| UniPoolerCore | act_poolZeroFloor       | 7776  | 0       | 0        |
|---------------+-------------------------+-------+---------+----------|
| UniPoolerCore | act_syncOrSkim          | 7884  | 0       | 0        |
|---------------+-------------------------+-------+---------+----------|
| UniPoolerCore | act_thirdPartyLiquidity | 7858  | 0       | 0        |
|---------------+-------------------------+-------+---------+----------|
| UniPoolerCore | act_toggleFee           | 7784  | 0       | 0        |
|---------------+-------------------------+-------+---------+----------|
| UniPoolerCore | act_trade               | 8067  | 0       | 0        |
╰---------------+-------------------------+-------+---------+----------╯

[PASS] invariant_zz_telemetry() (runs: 512, calls: 102400, reverts: 0)

╭---------------+-------------------------+-------+---------+----------╮
| Contract      | Selector                | Calls | Reverts | Discards |
+======================================================================+
| UniPoolerCore | act_accrueSUSDS         | 7798  | 0       | 0        |
|---------------+-------------------------+-------+---------+----------|
| UniPoolerCore | act_dispatch            | 7872  | 0       | 0        |
|---------------+-------------------------+-------+---------+----------|
| UniPoolerCore | act_donateToPair        | 7857  | 0       | 0        |
|---------------+-------------------------+-------+---------+----------|
| UniPoolerCore | act_frontRunPool        | 8022  | 0       | 0        |
|---------------+-------------------------+-------+---------+----------|
| UniPoolerCore | act_poolEmpty           | 7716  | 0       | 0        |
|---------------+-------------------------+-------+---------+----------|
| UniPoolerCore | act_poolHighFloor       | 8010  | 0       | 0        |
|---------------+-------------------------+-------+---------+----------|
| UniPoolerCore | act_poolLooseFloors     | 7837  | 0       | 0        |
|---------------+-------------------------+-------+---------+----------|
| UniPoolerCore | act_poolQuoted          | 7919  | 0       | 0        |
|---------------+-------------------------+-------+---------+----------|
| UniPoolerCore | act_poolZeroFloor       | 7776  | 0       | 0        |
|---------------+-------------------------+-------+---------+----------|
| UniPoolerCore | act_syncOrSkim          | 7884  | 0       | 0        |
|---------------+-------------------------+-------+---------+----------|
| UniPoolerCore | act_thirdPartyLiquidity | 7858  | 0       | 0        |
|---------------+-------------------------+-------+---------+----------|
| UniPoolerCore | act_toggleFee           | 7784  | 0       | 0        |
|---------------+-------------------------+-------+---------+----------|
| UniPoolerCore | act_trade               | 8067  | 0       | 0        |
╰---------------+-------------------------+-------+---------+----------╯

Logs:
  poolAttempts 58
  poolSuccess 43
  feeOnPools 18
  floorReverts 15
  otherReverts 0
  frontRunAttempts/success/floorRevert 16 16 0
  dispatchOk/deadDispatchOk 16 16
  donations/trades/feeToggles 0 27 18
  maxLeftS/maxLeftP (wei) 15 0
  maxLeftValue (x1e-10 of input) 6475111

Suite result: ok. 10 passed; 0 failed; 0 skipped; finished in 189.27s (626.59s CPU time)

Ran 9 tests for test/run20/Tripwires.t.sol:Run20UniPoolerTripwires
[PASS] test_tripwire_P1_dust() (gas: 73075937)
[PASS] test_tripwire_P2_allowance() (gas: 73334458)
[PASS] test_tripwire_P3_minLP() (gas: 72618968)
[PASS] test_tripwire_P4_quoteLP() (gas: 72709355)
[PASS] test_tripwire_P5_quoteOut() (gas: 73498811)
[PASS] test_tripwire_P6_zeroFloor() (gas: 72235658)
[PASS] test_tripwire_P7_emptyPair() (gas: 72103396)
[PASS] test_tripwire_P8_frontRun() (gas: 73477574)
[PASS] test_tripwire_P9_dispatch() (gas: 72262708)
Suite result: ok. 9 passed; 0 failed; 0 skipped; finished in 192.97s (106.56ms CPU time)

Ran 10 tests for test/run20/Invariant.t.sol:Run20UniPoolerInvariant_B
[PASS] invariant_P1_leftoverIsWeiDust() (runs: 512, calls: 102400, reverts: 0)

╭---------------+-------------------------+-------+---------+----------╮
| Contract      | Selector                | Calls | Reverts | Discards |
+======================================================================+
| UniPoolerCore | act_accrueSUSDS         | 7798  | 0       | 0        |
|---------------+-------------------------+-------+---------+----------|
| UniPoolerCore | act_dispatch            | 7872  | 0       | 0        |
|---------------+-------------------------+-------+---------+----------|
| UniPoolerCore | act_donateToPair        | 7857  | 0       | 0        |
|---------------+-------------------------+-------+---------+----------|
| UniPoolerCore | act_frontRunPool        | 8022  | 0       | 0        |
|---------------+-------------------------+-------+---------+----------|
| UniPoolerCore | act_poolEmpty           | 7716  | 0       | 0        |
|---------------+-------------------------+-------+---------+----------|
| UniPoolerCore | act_poolHighFloor       | 8010  | 0       | 0        |
|---------------+-------------------------+-------+---------+----------|
| UniPoolerCore | act_poolLooseFloors     | 7837  | 0       | 0        |
|---------------+-------------------------+-------+---------+----------|
| UniPoolerCore | act_poolQuoted          | 7919  | 0       | 0        |
|---------------+-------------------------+-------+---------+----------|
| UniPoolerCore | act_poolZeroFloor       | 7776  | 0       | 0        |
|---------------+-------------------------+-------+---------+----------|
| UniPoolerCore | act_syncOrSkim          | 7884  | 0       | 0        |
|---------------+-------------------------+-------+---------+----------|
| UniPoolerCore | act_thirdPartyLiquidity | 7858  | 0       | 0        |
|---------------+-------------------------+-------+---------+----------|
| UniPoolerCore | act_toggleFee           | 7784  | 0       | 0        |
|---------------+-------------------------+-------+---------+----------|
| UniPoolerCore | act_trade               | 8067  | 0       | 0        |
╰---------------+-------------------------+-------+---------+----------╯

[PASS] invariant_P2_routerAllowancesZero() (runs: 512, calls: 102400, reverts: 0)

╭---------------+-------------------------+-------+---------+----------╮
| Contract      | Selector                | Calls | Reverts | Discards |
+======================================================================+
| UniPoolerCore | act_accrueSUSDS         | 7798  | 0       | 0        |
|---------------+-------------------------+-------+---------+----------|
| UniPoolerCore | act_dispatch            | 7872  | 0       | 0        |
|---------------+-------------------------+-------+---------+----------|
| UniPoolerCore | act_donateToPair        | 7857  | 0       | 0        |
|---------------+-------------------------+-------+---------+----------|
| UniPoolerCore | act_frontRunPool        | 8022  | 0       | 0        |
|---------------+-------------------------+-------+---------+----------|
| UniPoolerCore | act_poolEmpty           | 7716  | 0       | 0        |
|---------------+-------------------------+-------+---------+----------|
| UniPoolerCore | act_poolHighFloor       | 8010  | 0       | 0        |
|---------------+-------------------------+-------+---------+----------|
| UniPoolerCore | act_poolLooseFloors     | 7837  | 0       | 0        |
|---------------+-------------------------+-------+---------+----------|
| UniPoolerCore | act_poolQuoted          | 7919  | 0       | 0        |
|---------------+-------------------------+-------+---------+----------|
| UniPoolerCore | act_poolZeroFloor       | 7776  | 0       | 0        |
|---------------+-------------------------+-------+---------+----------|
| UniPoolerCore | act_syncOrSkim          | 7884  | 0       | 0        |
|---------------+-------------------------+-------+---------+----------|
| UniPoolerCore | act_thirdPartyLiquidity | 7858  | 0       | 0        |
|---------------+-------------------------+-------+---------+----------|
| UniPoolerCore | act_toggleFee           | 7784  | 0       | 0        |
|---------------+-------------------------+-------+---------+----------|
| UniPoolerCore | act_trade               | 8067  | 0       | 0        |
╰---------------+-------------------------+-------+---------+----------╯

[PASS] invariant_P3_liquidityAtLeastMinLP() (runs: 512, calls: 102400, reverts: 0)

╭---------------+-------------------------+-------+---------+----------╮
| Contract      | Selector                | Calls | Reverts | Discards |
+======================================================================+
| UniPoolerCore | act_accrueSUSDS         | 7798  | 0       | 0        |
|---------------+-------------------------+-------+---------+----------|
| UniPoolerCore | act_dispatch            | 7872  | 0       | 0        |
|---------------+-------------------------+-------+---------+----------|
| UniPoolerCore | act_donateToPair        | 7857  | 0       | 0        |
|---------------+-------------------------+-------+---------+----------|
| UniPoolerCore | act_frontRunPool        | 8022  | 0       | 0        |
|---------------+-------------------------+-------+---------+----------|
| UniPoolerCore | act_poolEmpty           | 7716  | 0       | 0        |
|---------------+-------------------------+-------+---------+----------|
| UniPoolerCore | act_poolHighFloor       | 8010  | 0       | 0        |
|---------------+-------------------------+-------+---------+----------|
| UniPoolerCore | act_poolLooseFloors     | 7837  | 0       | 0        |
|---------------+-------------------------+-------+---------+----------|
| UniPoolerCore | act_poolQuoted          | 7919  | 0       | 0        |
|---------------+-------------------------+-------+---------+----------|
| UniPoolerCore | act_poolZeroFloor       | 7776  | 0       | 0        |
|---------------+-------------------------+-------+---------+----------|
| UniPoolerCore | act_syncOrSkim          | 7884  | 0       | 0        |
|---------------+-------------------------+-------+---------+----------|
| UniPoolerCore | act_thirdPartyLiquidity | 7858  | 0       | 0        |
|---------------+-------------------------+-------+---------+----------|
| UniPoolerCore | act_toggleFee           | 7784  | 0       | 0        |
|---------------+-------------------------+-------+---------+----------|
| UniPoolerCore | act_trade               | 8067  | 0       | 0        |
╰---------------+-------------------------+-------+---------+----------╯

[PASS] invariant_P4_quoteLPIsValidFloor() (runs: 512, calls: 102400, reverts: 0)

╭---------------+-------------------------+-------+---------+----------╮
| Contract      | Selector                | Calls | Reverts | Discards |
+======================================================================+
| UniPoolerCore | act_accrueSUSDS         | 7798  | 0       | 0        |
|---------------+-------------------------+-------+---------+----------|
| UniPoolerCore | act_dispatch            | 7872  | 0       | 0        |
|---------------+-------------------------+-------+---------+----------|
| UniPoolerCore | act_donateToPair        | 7857  | 0       | 0        |
|---------------+-------------------------+-------+---------+----------|
| UniPoolerCore | act_frontRunPool        | 8022  | 0       | 0        |
|---------------+-------------------------+-------+---------+----------|
| UniPoolerCore | act_poolEmpty           | 7716  | 0       | 0        |
|---------------+-------------------------+-------+---------+----------|
| UniPoolerCore | act_poolHighFloor       | 8010  | 0       | 0        |
|---------------+-------------------------+-------+---------+----------|
| UniPoolerCore | act_poolLooseFloors     | 7837  | 0       | 0        |
|---------------+-------------------------+-------+---------+----------|
| UniPoolerCore | act_poolQuoted          | 7919  | 0       | 0        |
|---------------+-------------------------+-------+---------+----------|
| UniPoolerCore | act_poolZeroFloor       | 7776  | 0       | 0        |
|---------------+-------------------------+-------+---------+----------|
| UniPoolerCore | act_syncOrSkim          | 7884  | 0       | 0        |
|---------------+-------------------------+-------+---------+----------|
| UniPoolerCore | act_thirdPartyLiquidity | 7858  | 0       | 0        |
|---------------+-------------------------+-------+---------+----------|
| UniPoolerCore | act_toggleFee           | 7784  | 0       | 0        |
|---------------+-------------------------+-------+---------+----------|
| UniPoolerCore | act_trade               | 8067  | 0       | 0        |
╰---------------+-------------------------+-------+---------+----------╯

[PASS] invariant_P5_quotePhusdOutExact() (runs: 512, calls: 102400, reverts: 0)

╭---------------+-------------------------+-------+---------+----------╮
| Contract      | Selector                | Calls | Reverts | Discards |
+======================================================================+
| UniPoolerCore | act_accrueSUSDS         | 7798  | 0       | 0        |
|---------------+-------------------------+-------+---------+----------|
| UniPoolerCore | act_dispatch            | 7872  | 0       | 0        |
|---------------+-------------------------+-------+---------+----------|
| UniPoolerCore | act_donateToPair        | 7857  | 0       | 0        |
|---------------+-------------------------+-------+---------+----------|
| UniPoolerCore | act_frontRunPool        | 8022  | 0       | 0        |
|---------------+-------------------------+-------+---------+----------|
| UniPoolerCore | act_poolEmpty           | 7716  | 0       | 0        |
|---------------+-------------------------+-------+---------+----------|
| UniPoolerCore | act_poolHighFloor       | 8010  | 0       | 0        |
|---------------+-------------------------+-------+---------+----------|
| UniPoolerCore | act_poolLooseFloors     | 7837  | 0       | 0        |
|---------------+-------------------------+-------+---------+----------|
| UniPoolerCore | act_poolQuoted          | 7919  | 0       | 0        |
|---------------+-------------------------+-------+---------+----------|
| UniPoolerCore | act_poolZeroFloor       | 7776  | 0       | 0        |
|---------------+-------------------------+-------+---------+----------|
| UniPoolerCore | act_syncOrSkim          | 7884  | 0       | 0        |
|---------------+-------------------------+-------+---------+----------|
| UniPoolerCore | act_thirdPartyLiquidity | 7858  | 0       | 0        |
|---------------+-------------------------+-------+---------+----------|
| UniPoolerCore | act_toggleFee           | 7784  | 0       | 0        |
|---------------+-------------------------+-------+---------+----------|
| UniPoolerCore | act_trade               | 8067  | 0       | 0        |
╰---------------+-------------------------+-------+---------+----------╯

[PASS] invariant_P6_zeroFloorsRevert() (runs: 512, calls: 102400, reverts: 0)

╭---------------+-------------------------+-------+---------+----------╮
| Contract      | Selector                | Calls | Reverts | Discards |
+======================================================================+
| UniPoolerCore | act_accrueSUSDS         | 7798  | 0       | 0        |
|---------------+-------------------------+-------+---------+----------|
| UniPoolerCore | act_dispatch            | 7872  | 0       | 0        |
|---------------+-------------------------+-------+---------+----------|
| UniPoolerCore | act_donateToPair        | 7857  | 0       | 0        |
|---------------+-------------------------+-------+---------+----------|
| UniPoolerCore | act_frontRunPool        | 8022  | 0       | 0        |
|---------------+-------------------------+-------+---------+----------|
| UniPoolerCore | act_poolEmpty           | 7716  | 0       | 0        |
|---------------+-------------------------+-------+---------+----------|
| UniPoolerCore | act_poolHighFloor       | 8010  | 0       | 0        |
|---------------+-------------------------+-------+---------+----------|
| UniPoolerCore | act_poolLooseFloors     | 7837  | 0       | 0        |
|---------------+-------------------------+-------+---------+----------|
| UniPoolerCore | act_poolQuoted          | 7919  | 0       | 0        |
|---------------+-------------------------+-------+---------+----------|
| UniPoolerCore | act_poolZeroFloor       | 7776  | 0       | 0        |
|---------------+-------------------------+-------+---------+----------|
| UniPoolerCore | act_syncOrSkim          | 7884  | 0       | 0        |
|---------------+-------------------------+-------+---------+----------|
| UniPoolerCore | act_thirdPartyLiquidity | 7858  | 0       | 0        |
|---------------+-------------------------+-------+---------+----------|
| UniPoolerCore | act_toggleFee           | 7784  | 0       | 0        |
|---------------+-------------------------+-------+---------+----------|
| UniPoolerCore | act_trade               | 8067  | 0       | 0        |
╰---------------+-------------------------+-------+---------+----------╯

[PASS] invariant_P7_emptyPairReverts() (runs: 512, calls: 102400, reverts: 0)

╭---------------+-------------------------+-------+---------+----------╮
| Contract      | Selector                | Calls | Reverts | Discards |
+======================================================================+
| UniPoolerCore | act_accrueSUSDS         | 7798  | 0       | 0        |
|---------------+-------------------------+-------+---------+----------|
| UniPoolerCore | act_dispatch            | 7872  | 0       | 0        |
|---------------+-------------------------+-------+---------+----------|
| UniPoolerCore | act_donateToPair        | 7857  | 0       | 0        |
|---------------+-------------------------+-------+---------+----------|
| UniPoolerCore | act_frontRunPool        | 8022  | 0       | 0        |
|---------------+-------------------------+-------+---------+----------|
| UniPoolerCore | act_poolEmpty           | 7716  | 0       | 0        |
|---------------+-------------------------+-------+---------+----------|
| UniPoolerCore | act_poolHighFloor       | 8010  | 0       | 0        |
|---------------+-------------------------+-------+---------+----------|
| UniPoolerCore | act_poolLooseFloors     | 7837  | 0       | 0        |
|---------------+-------------------------+-------+---------+----------|
| UniPoolerCore | act_poolQuoted          | 7919  | 0       | 0        |
|---------------+-------------------------+-------+---------+----------|
| UniPoolerCore | act_poolZeroFloor       | 7776  | 0       | 0        |
|---------------+-------------------------+-------+---------+----------|
| UniPoolerCore | act_syncOrSkim          | 7884  | 0       | 0        |
|---------------+-------------------------+-------+---------+----------|
| UniPoolerCore | act_thirdPartyLiquidity | 7858  | 0       | 0        |
|---------------+-------------------------+-------+---------+----------|
| UniPoolerCore | act_toggleFee           | 7784  | 0       | 0        |
|---------------+-------------------------+-------+---------+----------|
| UniPoolerCore | act_trade               | 8067  | 0       | 0        |
╰---------------+-------------------------+-------+---------+----------╯

[PASS] invariant_P8_frontRunNeverStrands() (runs: 512, calls: 102400, reverts: 0)

╭---------------+-------------------------+-------+---------+----------╮
| Contract      | Selector                | Calls | Reverts | Discards |
+======================================================================+
| UniPoolerCore | act_accrueSUSDS         | 7798  | 0       | 0        |
|---------------+-------------------------+-------+---------+----------|
| UniPoolerCore | act_dispatch            | 7872  | 0       | 0        |
|---------------+-------------------------+-------+---------+----------|
| UniPoolerCore | act_donateToPair        | 7857  | 0       | 0        |
|---------------+-------------------------+-------+---------+----------|
| UniPoolerCore | act_frontRunPool        | 8022  | 0       | 0        |
|---------------+-------------------------+-------+---------+----------|
| UniPoolerCore | act_poolEmpty           | 7716  | 0       | 0        |
|---------------+-------------------------+-------+---------+----------|
| UniPoolerCore | act_poolHighFloor       | 8010  | 0       | 0        |
|---------------+-------------------------+-------+---------+----------|
| UniPoolerCore | act_poolLooseFloors     | 7837  | 0       | 0        |
|---------------+-------------------------+-------+---------+----------|
| UniPoolerCore | act_poolQuoted          | 7919  | 0       | 0        |
|---------------+-------------------------+-------+---------+----------|
| UniPoolerCore | act_poolZeroFloor       | 7776  | 0       | 0        |
|---------------+-------------------------+-------+---------+----------|
| UniPoolerCore | act_syncOrSkim          | 7884  | 0       | 0        |
|---------------+-------------------------+-------+---------+----------|
| UniPoolerCore | act_thirdPartyLiquidity | 7858  | 0       | 0        |
|---------------+-------------------------+-------+---------+----------|
| UniPoolerCore | act_toggleFee           | 7784  | 0       | 0        |
|---------------+-------------------------+-------+---------+----------|
| UniPoolerCore | act_trade               | 8067  | 0       | 0        |
╰---------------+-------------------------+-------+---------+----------╯

[PASS] invariant_P9_dispatchWorksWhenPoolUnavailable() (runs: 512, calls: 102400, reverts: 0)

╭---------------+-------------------------+-------+---------+----------╮
| Contract      | Selector                | Calls | Reverts | Discards |
+======================================================================+
| UniPoolerCore | act_accrueSUSDS         | 7798  | 0       | 0        |
|---------------+-------------------------+-------+---------+----------|
| UniPoolerCore | act_dispatch            | 7872  | 0       | 0        |
|---------------+-------------------------+-------+---------+----------|
| UniPoolerCore | act_donateToPair        | 7857  | 0       | 0        |
|---------------+-------------------------+-------+---------+----------|
| UniPoolerCore | act_frontRunPool        | 8022  | 0       | 0        |
|---------------+-------------------------+-------+---------+----------|
| UniPoolerCore | act_poolEmpty           | 7716  | 0       | 0        |
|---------------+-------------------------+-------+---------+----------|
| UniPoolerCore | act_poolHighFloor       | 8010  | 0       | 0        |
|---------------+-------------------------+-------+---------+----------|
| UniPoolerCore | act_poolLooseFloors     | 7837  | 0       | 0        |
|---------------+-------------------------+-------+---------+----------|
| UniPoolerCore | act_poolQuoted          | 7919  | 0       | 0        |
|---------------+-------------------------+-------+---------+----------|
| UniPoolerCore | act_poolZeroFloor       | 7776  | 0       | 0        |
|---------------+-------------------------+-------+---------+----------|
| UniPoolerCore | act_syncOrSkim          | 7884  | 0       | 0        |
|---------------+-------------------------+-------+---------+----------|
| UniPoolerCore | act_thirdPartyLiquidity | 7858  | 0       | 0        |
|---------------+-------------------------+-------+---------+----------|
| UniPoolerCore | act_toggleFee           | 7784  | 0       | 0        |
|---------------+-------------------------+-------+---------+----------|
| UniPoolerCore | act_trade               | 8067  | 0       | 0        |
╰---------------+-------------------------+-------+---------+----------╯

[PASS] invariant_zz_telemetry() (runs: 512, calls: 102400, reverts: 0)

╭---------------+-------------------------+-------+---------+----------╮
| Contract      | Selector                | Calls | Reverts | Discards |
+======================================================================+
| UniPoolerCore | act_accrueSUSDS         | 7798  | 0       | 0        |
|---------------+-------------------------+-------+---------+----------|
| UniPoolerCore | act_dispatch            | 7872  | 0       | 0        |
|---------------+-------------------------+-------+---------+----------|
| UniPoolerCore | act_donateToPair        | 7857  | 0       | 0        |
|---------------+-------------------------+-------+---------+----------|
| UniPoolerCore | act_frontRunPool        | 8022  | 0       | 0        |
|---------------+-------------------------+-------+---------+----------|
| UniPoolerCore | act_poolEmpty           | 7716  | 0       | 0        |
|---------------+-------------------------+-------+---------+----------|
| UniPoolerCore | act_poolHighFloor       | 8010  | 0       | 0        |
|---------------+-------------------------+-------+---------+----------|
| UniPoolerCore | act_poolLooseFloors     | 7837  | 0       | 0        |
|---------------+-------------------------+-------+---------+----------|
| UniPoolerCore | act_poolQuoted          | 7919  | 0       | 0        |
|---------------+-------------------------+-------+---------+----------|
| UniPoolerCore | act_poolZeroFloor       | 7776  | 0       | 0        |
|---------------+-------------------------+-------+---------+----------|
| UniPoolerCore | act_syncOrSkim          | 7884  | 0       | 0        |
|---------------+-------------------------+-------+---------+----------|
| UniPoolerCore | act_thirdPartyLiquidity | 7858  | 0       | 0        |
|---------------+-------------------------+-------+---------+----------|
| UniPoolerCore | act_toggleFee           | 7784  | 0       | 0        |
|---------------+-------------------------+-------+---------+----------|
| UniPoolerCore | act_trade               | 8067  | 0       | 0        |
╰---------------+-------------------------+-------+---------+----------╯

Logs:
  poolAttempts 58
  poolSuccess 44
  feeOnPools 26
  floorReverts 14
  otherReverts 0
  frontRunAttempts/success/floorRevert 16 16 0
  dispatchOk/deadDispatchOk 16 16
  donations/trades/feeToggles 0 27 18
  maxLeftS/maxLeftP (wei) 13 0
  maxLeftValue (x1e-10 of input) 594059405

Suite result: ok. 10 passed; 0 failed; 0 skipped; finished in 209.83s (680.60s CPU time)

Ran 5 tests for test/run20/PromotionLegAInvariant.t.sol:Run20PromotionLegAInvariant
[PASS] invariant_PA1_allowancesZeroAfterPool() (runs: 512, calls: 102400, reverts: 0)

╭---------------+-------------------+-------+---------+----------╮
| Contract      | Selector          | Calls | Reverts | Discards |
+================================================================+
| PromoLegACore | act_accrueSUSDS   | 12636 | 0       | 0        |
|---------------+-------------------+-------+---------+----------|
| PromoLegACore | act_dispatch      | 12862 | 0       | 0        |
|---------------+-------------------+-------+---------+----------|
| PromoLegACore | act_pool          | 12827 | 0       | 0        |
|---------------+-------------------+-------+---------+----------|
| PromoLegACore | act_poolHighFloor | 12891 | 0       | 0        |
|---------------+-------------------+-------+---------+----------|
| PromoLegACore | act_poolZeroFloor | 12840 | 0       | 0        |
|---------------+-------------------+-------+---------+----------|
| PromoLegACore | act_setTin        | 12987 | 0       | 0        |
|---------------+-------------------+-------+---------+----------|
| PromoLegACore | act_toggleFee     | 12605 | 0       | 0        |
|---------------+-------------------+-------+---------+----------|
| PromoLegACore | act_trade         | 12752 | 0       | 0        |
╰---------------+-------------------+-------+---------+----------╯

[PASS] invariant_PA2_zeroPhusdFloorReverts() (runs: 512, calls: 102400, reverts: 0)

╭---------------+-------------------+-------+---------+----------╮
| Contract      | Selector          | Calls | Reverts | Discards |
+================================================================+
| PromoLegACore | act_accrueSUSDS   | 12636 | 0       | 0        |
|---------------+-------------------+-------+---------+----------|
| PromoLegACore | act_dispatch      | 12862 | 0       | 0        |
|---------------+-------------------+-------+---------+----------|
| PromoLegACore | act_pool          | 12827 | 0       | 0        |
|---------------+-------------------+-------+---------+----------|
| PromoLegACore | act_poolHighFloor | 12891 | 0       | 0        |
|---------------+-------------------+-------+---------+----------|
| PromoLegACore | act_poolZeroFloor | 12840 | 0       | 0        |
|---------------+-------------------+-------+---------+----------|
| PromoLegACore | act_setTin        | 12987 | 0       | 0        |
|---------------+-------------------+-------+---------+----------|
| PromoLegACore | act_toggleFee     | 12605 | 0       | 0        |
|---------------+-------------------+-------+---------+----------|
| PromoLegACore | act_trade         | 12752 | 0       | 0        |
╰---------------+-------------------+-------+---------+----------╯

[PASS] invariant_PA3_phusdFloorHonoured() (runs: 512, calls: 102400, reverts: 0)

╭---------------+-------------------+-------+---------+----------╮
| Contract      | Selector          | Calls | Reverts | Discards |
+================================================================+
| PromoLegACore | act_accrueSUSDS   | 12636 | 0       | 0        |
|---------------+-------------------+-------+---------+----------|
| PromoLegACore | act_dispatch      | 12862 | 0       | 0        |
|---------------+-------------------+-------+---------+----------|
| PromoLegACore | act_pool          | 12827 | 0       | 0        |
|---------------+-------------------+-------+---------+----------|
| PromoLegACore | act_poolHighFloor | 12891 | 0       | 0        |
|---------------+-------------------+-------+---------+----------|
| PromoLegACore | act_poolZeroFloor | 12840 | 0       | 0        |
|---------------+-------------------+-------+---------+----------|
| PromoLegACore | act_setTin        | 12987 | 0       | 0        |
|---------------+-------------------+-------+---------+----------|
| PromoLegACore | act_toggleFee     | 12605 | 0       | 0        |
|---------------+-------------------+-------+---------+----------|
| PromoLegACore | act_trade         | 12752 | 0       | 0        |
╰---------------+-------------------+-------+---------+----------╯

[PASS] invariant_PA4_noSusdsResidual() (runs: 512, calls: 102400, reverts: 0)

╭---------------+-------------------+-------+---------+----------╮
| Contract      | Selector          | Calls | Reverts | Discards |
+================================================================+
| PromoLegACore | act_accrueSUSDS   | 12636 | 0       | 0        |
|---------------+-------------------+-------+---------+----------|
| PromoLegACore | act_dispatch      | 12862 | 0       | 0        |
|---------------+-------------------+-------+---------+----------|
| PromoLegACore | act_pool          | 12827 | 0       | 0        |
|---------------+-------------------+-------+---------+----------|
| PromoLegACore | act_poolHighFloor | 12891 | 0       | 0        |
|---------------+-------------------+-------+---------+----------|
| PromoLegACore | act_poolZeroFloor | 12840 | 0       | 0        |
|---------------+-------------------+-------+---------+----------|
| PromoLegACore | act_setTin        | 12987 | 0       | 0        |
|---------------+-------------------+-------+---------+----------|
| PromoLegACore | act_toggleFee     | 12605 | 0       | 0        |
|---------------+-------------------+-------+---------+----------|
| PromoLegACore | act_trade         | 12752 | 0       | 0        |
╰---------------+-------------------+-------+---------+----------╯

[PASS] invariant_zz_telemetry() (runs: 512, calls: 102400, reverts: 0)

╭---------------+-------------------+-------+---------+----------╮
| Contract      | Selector          | Calls | Reverts | Discards |
+================================================================+
| PromoLegACore | act_accrueSUSDS   | 12636 | 0       | 0        |
|---------------+-------------------+-------+---------+----------|
| PromoLegACore | act_dispatch      | 12862 | 0       | 0        |
|---------------+-------------------+-------+---------+----------|
| PromoLegACore | act_pool          | 12827 | 0       | 0        |
|---------------+-------------------+-------+---------+----------|
| PromoLegACore | act_poolHighFloor | 12891 | 0       | 0        |
|---------------+-------------------+-------+---------+----------|
| PromoLegACore | act_poolZeroFloor | 12840 | 0       | 0        |
|---------------+-------------------+-------+---------+----------|
| PromoLegACore | act_setTin        | 12987 | 0       | 0        |
|---------------+-------------------+-------+---------+----------|
| PromoLegACore | act_toggleFee     | 12605 | 0       | 0        |
|---------------+-------------------+-------+---------+----------|
| PromoLegACore | act_trade         | 12752 | 0       | 0        |
╰---------------+-------------------+-------+---------+----------╯

Logs:
  poolAttempts/poolSuccess 25 20
  highFloorAttempts/reverts 30 20
  zeroFloorChecks/otherReverts 25 5
  maxEthResidual 0

Suite result: ok. 5 passed; 0 failed; 0 skipped; finished in 221.43s (530.97s CPU time)

Ran 4 tests for test/run20/PromotionLegAInvariant.t.sol:Run20PromotionLegATripwires
[PASS] test_tripwire_PA1_allowance() (gas: 75400429)
[PASS] test_tripwire_PA2_zeroFloor() (gas: 75787587)
[PASS] test_tripwire_PA3_floor() (gas: 76039938)
[PASS] test_tripwire_PA4_susdsResidual() (gas: 75411208)
Suite result: ok. 4 passed; 0 failed; 0 skipped; finished in 221.43s (40.83ms CPU time)

Ran 10 tests for test/run20/Invariant.t.sol:Run20UniPoolerInvariant_D
[FAIL: dust: a=6000000000001 leftS=135031148408 leftP=0 boundS=40 boundP=16 postRS=5376544546127367043662738 postRP=1489761337814401933374053 preRS=5376544546121502074811145 preRP=1422605724970808904227007 swapOut=792591932527 flags=0]
	[Sequence] (original: 99, shrunk: 1)
		sender=0x2260FAC5E5542a773Aa44fBCfeDf7C193bc2C599 addr=[test/run20/UniPoolerCore.sol:UniPoolerCore]0x5615dEB798BB3E4dFa0139dFa1b3D433Cc23b72f calldata=act_donateToPair(uint256,bool) args=[1756763948895060511939973848781357651948 [1.756e39], false]
 invariant_P1_leftoverIsWeiDust() (runs: 0, calls: 0, reverts: 0)

╭---------------+-------------------------+-------+---------+----------╮
| Contract      | Selector                | Calls | Reverts | Discards |
+======================================================================+
| UniPoolerCore | act_accrueSUSDS         | 10    | 0       | 0        |
|---------------+-------------------------+-------+---------+----------|
| UniPoolerCore | act_dispatch            | 7     | 0       | 0        |
|---------------+-------------------------+-------+---------+----------|
| UniPoolerCore | act_donateToPair        | 9     | 0       | 0        |
|---------------+-------------------------+-------+---------+----------|
| UniPoolerCore | act_frontRunPool        | 8     | 0       | 0        |
|---------------+-------------------------+-------+---------+----------|
| UniPoolerCore | act_poolEmpty           | 9     | 0       | 0        |
|---------------+-------------------------+-------+---------+----------|
| UniPoolerCore | act_poolHighFloor       | 4     | 0       | 0        |
|---------------+-------------------------+-------+---------+----------|
| UniPoolerCore | act_poolLooseFloors     | 9     | 0       | 0        |
|---------------+-------------------------+-------+---------+----------|
| UniPoolerCore | act_poolQuoted          | 8     | 0       | 0        |
|---------------+-------------------------+-------+---------+----------|
| UniPoolerCore | act_poolZeroFloor       | 8     | 0       | 0        |
|---------------+-------------------------+-------+---------+----------|
| UniPoolerCore | act_syncOrSkim          | 8     | 0       | 0        |
|---------------+-------------------------+-------+---------+----------|
| UniPoolerCore | act_thirdPartyLiquidity | 8     | 0       | 0        |
|---------------+-------------------------+-------+---------+----------|
| UniPoolerCore | act_toggleFee           | 4     | 0       | 0        |
|---------------+-------------------------+-------+---------+----------|
| UniPoolerCore | act_trade               | 7     | 0       | 0        |
╰---------------+-------------------------+-------+---------+----------╯

[PASS] invariant_P2_routerAllowancesZero() (runs: 512, calls: 102400, reverts: 0)

╭---------------+-------------------------+-------+---------+----------╮
| Contract      | Selector                | Calls | Reverts | Discards |
+======================================================================+
| UniPoolerCore | act_accrueSUSDS         | 7798  | 0       | 0        |
|---------------+-------------------------+-------+---------+----------|
| UniPoolerCore | act_dispatch            | 7872  | 0       | 0        |
|---------------+-------------------------+-------+---------+----------|
| UniPoolerCore | act_donateToPair        | 7857  | 0       | 0        |
|---------------+-------------------------+-------+---------+----------|
| UniPoolerCore | act_frontRunPool        | 8022  | 0       | 0        |
|---------------+-------------------------+-------+---------+----------|
| UniPoolerCore | act_poolEmpty           | 7716  | 0       | 0        |
|---------------+-------------------------+-------+---------+----------|
| UniPoolerCore | act_poolHighFloor       | 8010  | 0       | 0        |
|---------------+-------------------------+-------+---------+----------|
| UniPoolerCore | act_poolLooseFloors     | 7837  | 0       | 0        |
|---------------+-------------------------+-------+---------+----------|
| UniPoolerCore | act_poolQuoted          | 7919  | 0       | 0        |
|---------------+-------------------------+-------+---------+----------|
| UniPoolerCore | act_poolZeroFloor       | 7776  | 0       | 0        |
|---------------+-------------------------+-------+---------+----------|
| UniPoolerCore | act_syncOrSkim          | 7884  | 0       | 0        |
|---------------+-------------------------+-------+---------+----------|
| UniPoolerCore | act_thirdPartyLiquidity | 7858  | 0       | 0        |
|---------------+-------------------------+-------+---------+----------|
| UniPoolerCore | act_toggleFee           | 7784  | 0       | 0        |
|---------------+-------------------------+-------+---------+----------|
| UniPoolerCore | act_trade               | 8067  | 0       | 0        |
╰---------------+-------------------------+-------+---------+----------╯

[PASS] invariant_P3_liquidityAtLeastMinLP() (runs: 512, calls: 102400, reverts: 0)

╭---------------+-------------------------+-------+---------+----------╮
| Contract      | Selector                | Calls | Reverts | Discards |
+======================================================================+
| UniPoolerCore | act_accrueSUSDS         | 7798  | 0       | 0        |
|---------------+-------------------------+-------+---------+----------|
| UniPoolerCore | act_dispatch            | 7872  | 0       | 0        |
|---------------+-------------------------+-------+---------+----------|
| UniPoolerCore | act_donateToPair        | 7857  | 0       | 0        |
|---------------+-------------------------+-------+---------+----------|
| UniPoolerCore | act_frontRunPool        | 8022  | 0       | 0        |
|---------------+-------------------------+-------+---------+----------|
| UniPoolerCore | act_poolEmpty           | 7716  | 0       | 0        |
|---------------+-------------------------+-------+---------+----------|
| UniPoolerCore | act_poolHighFloor       | 8010  | 0       | 0        |
|---------------+-------------------------+-------+---------+----------|
| UniPoolerCore | act_poolLooseFloors     | 7837  | 0       | 0        |
|---------------+-------------------------+-------+---------+----------|
| UniPoolerCore | act_poolQuoted          | 7919  | 0       | 0        |
|---------------+-------------------------+-------+---------+----------|
| UniPoolerCore | act_poolZeroFloor       | 7776  | 0       | 0        |
|---------------+-------------------------+-------+---------+----------|
| UniPoolerCore | act_syncOrSkim          | 7884  | 0       | 0        |
|---------------+-------------------------+-------+---------+----------|
| UniPoolerCore | act_thirdPartyLiquidity | 7858  | 0       | 0        |
|---------------+-------------------------+-------+---------+----------|
| UniPoolerCore | act_toggleFee           | 7784  | 0       | 0        |
|---------------+-------------------------+-------+---------+----------|
| UniPoolerCore | act_trade               | 8067  | 0       | 0        |
╰---------------+-------------------------+-------+---------+----------╯

[FAIL: quote LP not a valid floor (kind 1: c1=quoteLP c2=actualLP; kind 2: pool(a, quoteOut, quoteLP) reverted, c1=quoteOut c2=quoteLP): a=1455428744770467745383856 c1=310551887558049813538818 c2=310551887558049813538640 kind=1]
	[Sequence] (original: 101, shrunk: 1)
		sender=0x2260FAC5E5542a773Aa44fBCfeDf7C193bc2C599 addr=[test/run20/UniPoolerCore.sol:UniPoolerCore]0x5615dEB798BB3E4dFa0139dFa1b3D433Cc23b72f calldata=act_donateToPair(uint256,bool) args=[4821, true]
 invariant_P4_quoteLPIsValidFloor() (runs: 1, calls: 200, reverts: 0)

╭---------------+-------------------------+-------+---------+----------╮
| Contract      | Selector                | Calls | Reverts | Discards |
+======================================================================+
| UniPoolerCore | act_accrueSUSDS         | 23    | 0       | 0        |
|---------------+-------------------------+-------+---------+----------|
| UniPoolerCore | act_dispatch            | 22    | 0       | 0        |
|---------------+-------------------------+-------+---------+----------|
| UniPoolerCore | act_donateToPair        | 20    | 0       | 0        |
|---------------+-------------------------+-------+---------+----------|
| UniPoolerCore | act_frontRunPool        | 29    | 0       | 0        |
|---------------+-------------------------+-------+---------+----------|
| UniPoolerCore | act_poolEmpty           | 24    | 0       | 0        |
|---------------+-------------------------+-------+---------+----------|
| UniPoolerCore | act_poolHighFloor       | 23    | 0       | 0        |
|---------------+-------------------------+-------+---------+----------|
| UniPoolerCore | act_poolLooseFloors     | 27    | 0       | 0        |
|---------------+-------------------------+-------+---------+----------|
| UniPoolerCore | act_poolQuoted          | 22    | 0       | 0        |
|---------------+-------------------------+-------+---------+----------|
| UniPoolerCore | act_poolZeroFloor       | 19    | 0       | 0        |
|---------------+-------------------------+-------+---------+----------|
| UniPoolerCore | act_syncOrSkim          | 20    | 0       | 0        |
|---------------+-------------------------+-------+---------+----------|
| UniPoolerCore | act_thirdPartyLiquidity | 25    | 0       | 0        |
|---------------+-------------------------+-------+---------+----------|
| UniPoolerCore | act_toggleFee           | 19    | 0       | 0        |
|---------------+-------------------------+-------+---------+----------|
| UniPoolerCore | act_trade               | 28    | 0       | 0        |
╰---------------+-------------------------+-------+---------+----------╯

[PASS] invariant_P5_quotePhusdOutExact() (runs: 512, calls: 102400, reverts: 0)

╭---------------+-------------------------+-------+---------+----------╮
| Contract      | Selector                | Calls | Reverts | Discards |
+======================================================================+
| UniPoolerCore | act_accrueSUSDS         | 7798  | 0       | 0        |
|---------------+-------------------------+-------+---------+----------|
| UniPoolerCore | act_dispatch            | 7872  | 0       | 0        |
|---------------+-------------------------+-------+---------+----------|
| UniPoolerCore | act_donateToPair        | 7857  | 0       | 0        |
|---------------+-------------------------+-------+---------+----------|
| UniPoolerCore | act_frontRunPool        | 8022  | 0       | 0        |
|---------------+-------------------------+-------+---------+----------|
| UniPoolerCore | act_poolEmpty           | 7716  | 0       | 0        |
|---------------+-------------------------+-------+---------+----------|
| UniPoolerCore | act_poolHighFloor       | 8010  | 0       | 0        |
|---------------+-------------------------+-------+---------+----------|
| UniPoolerCore | act_poolLooseFloors     | 7837  | 0       | 0        |
|---------------+-------------------------+-------+---------+----------|
| UniPoolerCore | act_poolQuoted          | 7919  | 0       | 0        |
|---------------+-------------------------+-------+---------+----------|
| UniPoolerCore | act_poolZeroFloor       | 7776  | 0       | 0        |
|---------------+-------------------------+-------+---------+----------|
| UniPoolerCore | act_syncOrSkim          | 7884  | 0       | 0        |
|---------------+-------------------------+-------+---------+----------|
| UniPoolerCore | act_thirdPartyLiquidity | 7858  | 0       | 0        |
|---------------+-------------------------+-------+---------+----------|
| UniPoolerCore | act_toggleFee           | 7784  | 0       | 0        |
|---------------+-------------------------+-------+---------+----------|
| UniPoolerCore | act_trade               | 8067  | 0       | 0        |
╰---------------+-------------------------+-------+---------+----------╯

[PASS] invariant_P6_zeroFloorsRevert() (runs: 512, calls: 102400, reverts: 0)

╭---------------+-------------------------+-------+---------+----------╮
| Contract      | Selector                | Calls | Reverts | Discards |
+======================================================================+
| UniPoolerCore | act_accrueSUSDS         | 7798  | 0       | 0        |
|---------------+-------------------------+-------+---------+----------|
| UniPoolerCore | act_dispatch            | 7872  | 0       | 0        |
|---------------+-------------------------+-------+---------+----------|
| UniPoolerCore | act_donateToPair        | 7857  | 0       | 0        |
|---------------+-------------------------+-------+---------+----------|
| UniPoolerCore | act_frontRunPool        | 8022  | 0       | 0        |
|---------------+-------------------------+-------+---------+----------|
| UniPoolerCore | act_poolEmpty           | 7716  | 0       | 0        |
|---------------+-------------------------+-------+---------+----------|
| UniPoolerCore | act_poolHighFloor       | 8010  | 0       | 0        |
|---------------+-------------------------+-------+---------+----------|
| UniPoolerCore | act_poolLooseFloors     | 7837  | 0       | 0        |
|---------------+-------------------------+-------+---------+----------|
| UniPoolerCore | act_poolQuoted          | 7919  | 0       | 0        |
|---------------+-------------------------+-------+---------+----------|
| UniPoolerCore | act_poolZeroFloor       | 7776  | 0       | 0        |
|---------------+-------------------------+-------+---------+----------|
| UniPoolerCore | act_syncOrSkim          | 7884  | 0       | 0        |
|---------------+-------------------------+-------+---------+----------|
| UniPoolerCore | act_thirdPartyLiquidity | 7858  | 0       | 0        |
|---------------+-------------------------+-------+---------+----------|
| UniPoolerCore | act_toggleFee           | 7784  | 0       | 0        |
|---------------+-------------------------+-------+---------+----------|
| UniPoolerCore | act_trade               | 8067  | 0       | 0        |
╰---------------+-------------------------+-------+---------+----------╯

[PASS] invariant_P7_emptyPairReverts() (runs: 512, calls: 102400, reverts: 0)

╭---------------+-------------------------+-------+---------+----------╮
| Contract      | Selector                | Calls | Reverts | Discards |
+======================================================================+
| UniPoolerCore | act_accrueSUSDS         | 7798  | 0       | 0        |
|---------------+-------------------------+-------+---------+----------|
| UniPoolerCore | act_dispatch            | 7872  | 0       | 0        |
|---------------+-------------------------+-------+---------+----------|
| UniPoolerCore | act_donateToPair        | 7857  | 0       | 0        |
|---------------+-------------------------+-------+---------+----------|
| UniPoolerCore | act_frontRunPool        | 8022  | 0       | 0        |
|---------------+-------------------------+-------+---------+----------|
| UniPoolerCore | act_poolEmpty           | 7716  | 0       | 0        |
|---------------+-------------------------+-------+---------+----------|
| UniPoolerCore | act_poolHighFloor       | 8010  | 0       | 0        |
|---------------+-------------------------+-------+---------+----------|
| UniPoolerCore | act_poolLooseFloors     | 7837  | 0       | 0        |
|---------------+-------------------------+-------+---------+----------|
| UniPoolerCore | act_poolQuoted          | 7919  | 0       | 0        |
|---------------+-------------------------+-------+---------+----------|
| UniPoolerCore | act_poolZeroFloor       | 7776  | 0       | 0        |
|---------------+-------------------------+-------+---------+----------|
| UniPoolerCore | act_syncOrSkim          | 7884  | 0       | 0        |
|---------------+-------------------------+-------+---------+----------|
| UniPoolerCore | act_thirdPartyLiquidity | 7858  | 0       | 0        |
|---------------+-------------------------+-------+---------+----------|
| UniPoolerCore | act_toggleFee           | 7784  | 0       | 0        |
|---------------+-------------------------+-------+---------+----------|
| UniPoolerCore | act_trade               | 8067  | 0       | 0        |
╰---------------+-------------------------+-------+---------+----------╯

[FAIL: front-run strand: a=920971786355083 leftS=0 leftP=599713827055]
	[Sequence] (original: 69, shrunk: 12)
		sender=0x000000000000000000000000000000000000061A addr=[test/run20/UniPoolerCore.sol:UniPoolerCore]0x5615dEB798BB3E4dFa0139dFa1b3D433Cc23b72f calldata=act_poolLooseFloors(uint256) args=[20]
		sender=0xC02aaA39b223FE8D0A0e5C4F27eAD9083C756Cc2 addr=[test/run20/UniPoolerCore.sol:UniPoolerCore]0x5615dEB798BB3E4dFa0139dFa1b3D433Cc23b72f calldata=act_accrueSUSDS(uint256) args=[133812410867453891556620658461843104996382699635207450344956249874967849 [1.338e71]]
		sender=0x0000000000000000000000000000000000000962 addr=[test/run20/UniPoolerCore.sol:UniPoolerCore]0x5615dEB798BB3E4dFa0139dFa1b3D433Cc23b72f calldata=act_dispatch(uint256) args=[13013158163850782713366997678299462213022273325249830271800009451 [1.301e64]]
		sender=0x2260FAC5E5542a773Aa44fBCfeDf7C193bc2C599 addr=[test/run20/UniPoolerCore.sol:UniPoolerCore]0x5615dEB798BB3E4dFa0139dFa1b3D433Cc23b72f calldata=act_donateToPair(uint256,bool) args=[1389718870395722040301536287169290247811472635516916692534 [1.389e57], true]
		sender=0x860824Bb5BDD2211C7FeC16a73B2FdeE189D4AFe addr=[test/run20/UniPoolerCore.sol:UniPoolerCore]0x5615dEB798BB3E4dFa0139dFa1b3D433Cc23b72f calldata=act_poolLooseFloors(uint256) args=[10000000000000 [1e13]]
		sender=0xA0b86991c6218b36c1d19D4a2e9Eb0cE3606eB48 addr=[test/run20/UniPoolerCore.sol:UniPoolerCore]0x5615dEB798BB3E4dFa0139dFa1b3D433Cc23b72f calldata=act_donateToPair(uint256,bool) args=[79465818601769076544862721573431488643122809106559983046359317 [7.946e61], true]
		sender=0x0000000000000000000000000000000000004e35 addr=[test/run20/UniPoolerCore.sol:UniPoolerCore]0x5615dEB798BB3E4dFa0139dFa1b3D433Cc23b72f calldata=act_dispatch(uint256) args=[500000000000 [5e11]]
		sender=0x0000000000000000000000000000000000005574 addr=[test/run20/UniPoolerCore.sol:UniPoolerCore]0x5615dEB798BB3E4dFa0139dFa1b3D433Cc23b72f calldata=act_poolLooseFloors(uint256) args=[920971786355082 [9.209e14]]
		sender=0x000000000000000000000000000000000000106F addr=[test/run20/UniPoolerCore.sol:UniPoolerCore]0x5615dEB798BB3E4dFa0139dFa1b3D433Cc23b72f calldata=act_trade(uint256,bool) args=[53656745397020389870206073148143905429391732946934016806394627431216 [5.365e67], true]
		sender=0xd65281125d815D39cC3e9E2Ed0F8d590e36B3e2C addr=[test/run20/UniPoolerCore.sol:UniPoolerCore]0x5615dEB798BB3E4dFa0139dFa1b3D433Cc23b72f calldata=act_poolQuoted(uint256,uint256) args=[333533318127244792531352381248863527749 [3.335e38], 57688707023 [5.768e10]]
		sender=0xA04e16FCACd7e5CCe81309ffbC2f915C06FeA224 addr=[test/run20/UniPoolerCore.sol:UniPoolerCore]0x5615dEB798BB3E4dFa0139dFa1b3D433Cc23b72f calldata=act_donateToPair(uint256,bool) args=[14465820308837277082431832307725159839 [1.446e37], false]
		sender=0xa3931d71877C0E7a3148CB7Eb4463524FEc27fbD addr=[test/run20/UniPoolerCore.sol:UniPoolerCore]0x5615dEB798BB3E4dFa0139dFa1b3D433Cc23b72f calldata=act_frontRunPool(uint256,uint256,uint256,bool) args=[36905454663140193906888179781688502613981706617026 [3.69e49], 20268238453342735 [2.026e16], 2, true]
 invariant_P8_frontRunNeverStrands() (runs: 8, calls: 1600, reverts: 0)

╭---------------+-------------------------+-------+---------+----------╮
| Contract      | Selector                | Calls | Reverts | Discards |
+======================================================================+
| UniPoolerCore | act_accrueSUSDS         | 99    | 0       | 0        |
|---------------+-------------------------+-------+---------+----------|
| UniPoolerCore | act_dispatch            | 103   | 0       | 0        |
|---------------+-------------------------+-------+---------+----------|
| UniPoolerCore | act_donateToPair        | 134   | 0       | 0        |
|---------------+-------------------------+-------+---------+----------|
| UniPoolerCore | act_frontRunPool        | 147   | 0       | 0        |
|---------------+-------------------------+-------+---------+----------|
| UniPoolerCore | act_poolEmpty           | 136   | 0       | 0        |
|---------------+-------------------------+-------+---------+----------|
| UniPoolerCore | act_poolHighFloor       | 133   | 0       | 0        |
|---------------+-------------------------+-------+---------+----------|
| UniPoolerCore | act_poolLooseFloors     | 139   | 0       | 0        |
|---------------+-------------------------+-------+---------+----------|
| UniPoolerCore | act_poolQuoted          | 132   | 0       | 0        |
|---------------+-------------------------+-------+---------+----------|
| UniPoolerCore | act_poolZeroFloor       | 113   | 0       | 0        |
|---------------+-------------------------+-------+---------+----------|
| UniPoolerCore | act_syncOrSkim          | 119   | 0       | 0        |
|---------------+-------------------------+-------+---------+----------|
| UniPoolerCore | act_thirdPartyLiquidity | 126   | 0       | 0        |
|---------------+-------------------------+-------+---------+----------|
| UniPoolerCore | act_toggleFee           | 132   | 0       | 0        |
|---------------+-------------------------+-------+---------+----------|
| UniPoolerCore | act_trade               | 156   | 0       | 0        |
╰---------------+-------------------------+-------+---------+----------╯

[PASS] invariant_P9_dispatchWorksWhenPoolUnavailable() (runs: 512, calls: 102400, reverts: 0)

╭---------------+-------------------------+-------+---------+----------╮
| Contract      | Selector                | Calls | Reverts | Discards |
+======================================================================+
| UniPoolerCore | act_accrueSUSDS         | 7798  | 0       | 0        |
|---------------+-------------------------+-------+---------+----------|
| UniPoolerCore | act_dispatch            | 7872  | 0       | 0        |
|---------------+-------------------------+-------+---------+----------|
| UniPoolerCore | act_donateToPair        | 7857  | 0       | 0        |
|---------------+-------------------------+-------+---------+----------|
| UniPoolerCore | act_frontRunPool        | 8022  | 0       | 0        |
|---------------+-------------------------+-------+---------+----------|
| UniPoolerCore | act_poolEmpty           | 7716  | 0       | 0        |
|---------------+-------------------------+-------+---------+----------|
| UniPoolerCore | act_poolHighFloor       | 8010  | 0       | 0        |
|---------------+-------------------------+-------+---------+----------|
| UniPoolerCore | act_poolLooseFloors     | 7837  | 0       | 0        |
|---------------+-------------------------+-------+---------+----------|
| UniPoolerCore | act_poolQuoted          | 7919  | 0       | 0        |
|---------------+-------------------------+-------+---------+----------|
| UniPoolerCore | act_poolZeroFloor       | 7776  | 0       | 0        |
|---------------+-------------------------+-------+---------+----------|
| UniPoolerCore | act_syncOrSkim          | 7884  | 0       | 0        |
|---------------+-------------------------+-------+---------+----------|
| UniPoolerCore | act_thirdPartyLiquidity | 7858  | 0       | 0        |
|---------------+-------------------------+-------+---------+----------|
| UniPoolerCore | act_toggleFee           | 7784  | 0       | 0        |
|---------------+-------------------------+-------+---------+----------|
| UniPoolerCore | act_trade               | 8067  | 0       | 0        |
╰---------------+-------------------------+-------+---------+----------╯

[PASS] invariant_zz_telemetry() (runs: 512, calls: 102400, reverts: 0)

╭---------------+-------------------------+-------+---------+----------╮
| Contract      | Selector                | Calls | Reverts | Discards |
+======================================================================+
| UniPoolerCore | act_accrueSUSDS         | 7798  | 0       | 0        |
|---------------+-------------------------+-------+---------+----------|
| UniPoolerCore | act_dispatch            | 7872  | 0       | 0        |
|---------------+-------------------------+-------+---------+----------|
| UniPoolerCore | act_donateToPair        | 7857  | 0       | 0        |
|---------------+-------------------------+-------+---------+----------|
| UniPoolerCore | act_frontRunPool        | 8022  | 0       | 0        |
|---------------+-------------------------+-------+---------+----------|
| UniPoolerCore | act_poolEmpty           | 7716  | 0       | 0        |
|---------------+-------------------------+-------+---------+----------|
| UniPoolerCore | act_poolHighFloor       | 8010  | 0       | 0        |
|---------------+-------------------------+-------+---------+----------|
| UniPoolerCore | act_poolLooseFloors     | 7837  | 0       | 0        |
|---------------+-------------------------+-------+---------+----------|
| UniPoolerCore | act_poolQuoted          | 7919  | 0       | 0        |
|---------------+-------------------------+-------+---------+----------|
| UniPoolerCore | act_poolZeroFloor       | 7776  | 0       | 0        |
|---------------+-------------------------+-------+---------+----------|
| UniPoolerCore | act_syncOrSkim          | 7884  | 0       | 0        |
|---------------+-------------------------+-------+---------+----------|
| UniPoolerCore | act_thirdPartyLiquidity | 7858  | 0       | 0        |
|---------------+-------------------------+-------+---------+----------|
| UniPoolerCore | act_toggleFee           | 7784  | 0       | 0        |
|---------------+-------------------------+-------+---------+----------|
| UniPoolerCore | act_trade               | 8067  | 0       | 0        |
╰---------------+-------------------------+-------+---------+----------╯

Logs:
  poolAttempts 58
  poolSuccess 42
  feeOnPools 17
  floorReverts 16
  otherReverts 0
  frontRunAttempts/success/floorRevert 16 15 1
  dispatchOk/deadDispatchOk 16 16
  donations/trades/feeToggles 19 27 18
  maxLeftS/maxLeftP (wei) 8 3449850710438387966496
  maxLeftValue (x1e-10 of input) 97564303

Suite result: FAILED. 7 passed; 3 failed; 0 skipped; finished in 221.43s (681.34s CPU time)

Ran 10 tests for test/run20/Invariant.t.sol:Run20UniPoolerInvariant_C
[FAIL: dust: a=6000000000001 leftS=57904652456 leftP=0 boundS=32 boundP=16 postRS=4601337988017547227604171 postRP=2015438520351056245205234 preRS=4601337988011605132256626 preRP=1976478904116222347339515 swapOut=1286697306614 flags=1]
	[Sequence] (original: 99, shrunk: 1)
		sender=0x2260FAC5E5542a773Aa44fBCfeDf7C193bc2C599 addr=[test/run20/UniPoolerCore.sol:UniPoolerCore]0x5615dEB798BB3E4dFa0139dFa1b3D433Cc23b72f calldata=act_donateToPair(uint256,bool) args=[1756763948895060511939973848781357651948 [1.756e39], false]
 invariant_P1_leftoverIsWeiDust() (runs: 0, calls: 0, reverts: 0)

╭---------------+-------------------------+-------+---------+----------╮
| Contract      | Selector                | Calls | Reverts | Discards |
+======================================================================+
| UniPoolerCore | act_accrueSUSDS         | 10    | 0       | 0        |
|---------------+-------------------------+-------+---------+----------|
| UniPoolerCore | act_dispatch            | 7     | 0       | 0        |
|---------------+-------------------------+-------+---------+----------|
| UniPoolerCore | act_donateToPair        | 9     | 0       | 0        |
|---------------+-------------------------+-------+---------+----------|
| UniPoolerCore | act_frontRunPool        | 8     | 0       | 0        |
|---------------+-------------------------+-------+---------+----------|
| UniPoolerCore | act_poolEmpty           | 9     | 0       | 0        |
|---------------+-------------------------+-------+---------+----------|
| UniPoolerCore | act_poolHighFloor       | 4     | 0       | 0        |
|---------------+-------------------------+-------+---------+----------|
| UniPoolerCore | act_poolLooseFloors     | 9     | 0       | 0        |
|---------------+-------------------------+-------+---------+----------|
| UniPoolerCore | act_poolQuoted          | 8     | 0       | 0        |
|---------------+-------------------------+-------+---------+----------|
| UniPoolerCore | act_poolZeroFloor       | 8     | 0       | 0        |
|---------------+-------------------------+-------+---------+----------|
| UniPoolerCore | act_syncOrSkim          | 8     | 0       | 0        |
|---------------+-------------------------+-------+---------+----------|
| UniPoolerCore | act_thirdPartyLiquidity | 8     | 0       | 0        |
|---------------+-------------------------+-------+---------+----------|
| UniPoolerCore | act_toggleFee           | 4     | 0       | 0        |
|---------------+-------------------------+-------+---------+----------|
| UniPoolerCore | act_trade               | 7     | 0       | 0        |
╰---------------+-------------------------+-------+---------+----------╯

[PASS] invariant_P2_routerAllowancesZero() (runs: 512, calls: 102400, reverts: 0)

╭---------------+-------------------------+-------+---------+----------╮
| Contract      | Selector                | Calls | Reverts | Discards |
+======================================================================+
| UniPoolerCore | act_accrueSUSDS         | 7798  | 0       | 0        |
|---------------+-------------------------+-------+---------+----------|
| UniPoolerCore | act_dispatch            | 7872  | 0       | 0        |
|---------------+-------------------------+-------+---------+----------|
| UniPoolerCore | act_donateToPair        | 7857  | 0       | 0        |
|---------------+-------------------------+-------+---------+----------|
| UniPoolerCore | act_frontRunPool        | 8022  | 0       | 0        |
|---------------+-------------------------+-------+---------+----------|
| UniPoolerCore | act_poolEmpty           | 7716  | 0       | 0        |
|---------------+-------------------------+-------+---------+----------|
| UniPoolerCore | act_poolHighFloor       | 8010  | 0       | 0        |
|---------------+-------------------------+-------+---------+----------|
| UniPoolerCore | act_poolLooseFloors     | 7837  | 0       | 0        |
|---------------+-------------------------+-------+---------+----------|
| UniPoolerCore | act_poolQuoted          | 7919  | 0       | 0        |
|---------------+-------------------------+-------+---------+----------|
| UniPoolerCore | act_poolZeroFloor       | 7776  | 0       | 0        |
|---------------+-------------------------+-------+---------+----------|
| UniPoolerCore | act_syncOrSkim          | 7884  | 0       | 0        |
|---------------+-------------------------+-------+---------+----------|
| UniPoolerCore | act_thirdPartyLiquidity | 7858  | 0       | 0        |
|---------------+-------------------------+-------+---------+----------|
| UniPoolerCore | act_toggleFee           | 7784  | 0       | 0        |
|---------------+-------------------------+-------+---------+----------|
| UniPoolerCore | act_trade               | 8067  | 0       | 0        |
╰---------------+-------------------------+-------+---------+----------╯

[PASS] invariant_P3_liquidityAtLeastMinLP() (runs: 512, calls: 102400, reverts: 0)

╭---------------+-------------------------+-------+---------+----------╮
| Contract      | Selector                | Calls | Reverts | Discards |
+======================================================================+
| UniPoolerCore | act_accrueSUSDS         | 7798  | 0       | 0        |
|---------------+-------------------------+-------+---------+----------|
| UniPoolerCore | act_dispatch            | 7872  | 0       | 0        |
|---------------+-------------------------+-------+---------+----------|
| UniPoolerCore | act_donateToPair        | 7857  | 0       | 0        |
|---------------+-------------------------+-------+---------+----------|
| UniPoolerCore | act_frontRunPool        | 8022  | 0       | 0        |
|---------------+-------------------------+-------+---------+----------|
| UniPoolerCore | act_poolEmpty           | 7716  | 0       | 0        |
|---------------+-------------------------+-------+---------+----------|
| UniPoolerCore | act_poolHighFloor       | 8010  | 0       | 0        |
|---------------+-------------------------+-------+---------+----------|
| UniPoolerCore | act_poolLooseFloors     | 7837  | 0       | 0        |
|---------------+-------------------------+-------+---------+----------|
| UniPoolerCore | act_poolQuoted          | 7919  | 0       | 0        |
|---------------+-------------------------+-------+---------+----------|
| UniPoolerCore | act_poolZeroFloor       | 7776  | 0       | 0        |
|---------------+-------------------------+-------+---------+----------|
| UniPoolerCore | act_syncOrSkim          | 7884  | 0       | 0        |
|---------------+-------------------------+-------+---------+----------|
| UniPoolerCore | act_thirdPartyLiquidity | 7858  | 0       | 0        |
|---------------+-------------------------+-------+---------+----------|
| UniPoolerCore | act_toggleFee           | 7784  | 0       | 0        |
|---------------+-------------------------+-------+---------+----------|
| UniPoolerCore | act_trade               | 8067  | 0       | 0        |
╰---------------+-------------------------+-------+---------+----------╯

[FAIL: quote LP not a valid floor (kind 1: c1=quoteLP c2=actualLP; kind 2: pool(a, quoteOut, quoteLP) reverted, c1=quoteOut c2=quoteLP): a=361896435446140616502415 c1=25300678738543201841983 c2=66464917447932616780005 kind=2]
	[Sequence] (original: 101, shrunk: 1)
		sender=0x2260FAC5E5542a773Aa44fBCfeDf7C193bc2C599 addr=[test/run20/UniPoolerCore.sol:UniPoolerCore]0x5615dEB798BB3E4dFa0139dFa1b3D433Cc23b72f calldata=act_donateToPair(uint256,bool) args=[1097864905080974901845464 [1.097e24], true]
 invariant_P4_quoteLPIsValidFloor() (runs: 1, calls: 200, reverts: 0)

╭---------------+-------------------------+-------+---------+----------╮
| Contract      | Selector                | Calls | Reverts | Discards |
+======================================================================+
| UniPoolerCore | act_accrueSUSDS         | 23    | 0       | 0        |
|---------------+-------------------------+-------+---------+----------|
| UniPoolerCore | act_dispatch            | 22    | 0       | 0        |
|---------------+-------------------------+-------+---------+----------|
| UniPoolerCore | act_donateToPair        | 20    | 0       | 0        |
|---------------+-------------------------+-------+---------+----------|
| UniPoolerCore | act_frontRunPool        | 29    | 0       | 0        |
|---------------+-------------------------+-------+---------+----------|
| UniPoolerCore | act_poolEmpty           | 24    | 0       | 0        |
|---------------+-------------------------+-------+---------+----------|
| UniPoolerCore | act_poolHighFloor       | 23    | 0       | 0        |
|---------------+-------------------------+-------+---------+----------|
| UniPoolerCore | act_poolLooseFloors     | 27    | 0       | 0        |
|---------------+-------------------------+-------+---------+----------|
| UniPoolerCore | act_poolQuoted          | 22    | 0       | 0        |
|---------------+-------------------------+-------+---------+----------|
| UniPoolerCore | act_poolZeroFloor       | 19    | 0       | 0        |
|---------------+-------------------------+-------+---------+----------|
| UniPoolerCore | act_syncOrSkim          | 20    | 0       | 0        |
|---------------+-------------------------+-------+---------+----------|
| UniPoolerCore | act_thirdPartyLiquidity | 25    | 0       | 0        |
|---------------+-------------------------+-------+---------+----------|
| UniPoolerCore | act_toggleFee           | 19    | 0       | 0        |
|---------------+-------------------------+-------+---------+----------|
| UniPoolerCore | act_trade               | 28    | 0       | 0        |
╰---------------+-------------------------+-------+---------+----------╯

[PASS] invariant_P5_quotePhusdOutExact() (runs: 512, calls: 102400, reverts: 0)

╭---------------+-------------------------+-------+---------+----------╮
| Contract      | Selector                | Calls | Reverts | Discards |
+======================================================================+
| UniPoolerCore | act_accrueSUSDS         | 7798  | 0       | 0        |
|---------------+-------------------------+-------+---------+----------|
| UniPoolerCore | act_dispatch            | 7872  | 0       | 0        |
|---------------+-------------------------+-------+---------+----------|
| UniPoolerCore | act_donateToPair        | 7857  | 0       | 0        |
|---------------+-------------------------+-------+---------+----------|
| UniPoolerCore | act_frontRunPool        | 8022  | 0       | 0        |
|---------------+-------------------------+-------+---------+----------|
| UniPoolerCore | act_poolEmpty           | 7716  | 0       | 0        |
|---------------+-------------------------+-------+---------+----------|
| UniPoolerCore | act_poolHighFloor       | 8010  | 0       | 0        |
|---------------+-------------------------+-------+---------+----------|
| UniPoolerCore | act_poolLooseFloors     | 7837  | 0       | 0        |
|---------------+-------------------------+-------+---------+----------|
| UniPoolerCore | act_poolQuoted          | 7919  | 0       | 0        |
|---------------+-------------------------+-------+---------+----------|
| UniPoolerCore | act_poolZeroFloor       | 7776  | 0       | 0        |
|---------------+-------------------------+-------+---------+----------|
| UniPoolerCore | act_syncOrSkim          | 7884  | 0       | 0        |
|---------------+-------------------------+-------+---------+----------|
| UniPoolerCore | act_thirdPartyLiquidity | 7858  | 0       | 0        |
|---------------+-------------------------+-------+---------+----------|
| UniPoolerCore | act_toggleFee           | 7784  | 0       | 0        |
|---------------+-------------------------+-------+---------+----------|
| UniPoolerCore | act_trade               | 8067  | 0       | 0        |
╰---------------+-------------------------+-------+---------+----------╯

[PASS] invariant_P6_zeroFloorsRevert() (runs: 512, calls: 102400, reverts: 0)

╭---------------+-------------------------+-------+---------+----------╮
| Contract      | Selector                | Calls | Reverts | Discards |
+======================================================================+
| UniPoolerCore | act_accrueSUSDS         | 7798  | 0       | 0        |
|---------------+-------------------------+-------+---------+----------|
| UniPoolerCore | act_dispatch            | 7872  | 0       | 0        |
|---------------+-------------------------+-------+---------+----------|
| UniPoolerCore | act_donateToPair        | 7857  | 0       | 0        |
|---------------+-------------------------+-------+---------+----------|
| UniPoolerCore | act_frontRunPool        | 8022  | 0       | 0        |
|---------------+-------------------------+-------+---------+----------|
| UniPoolerCore | act_poolEmpty           | 7716  | 0       | 0        |
|---------------+-------------------------+-------+---------+----------|
| UniPoolerCore | act_poolHighFloor       | 8010  | 0       | 0        |
|---------------+-------------------------+-------+---------+----------|
| UniPoolerCore | act_poolLooseFloors     | 7837  | 0       | 0        |
|---------------+-------------------------+-------+---------+----------|
| UniPoolerCore | act_poolQuoted          | 7919  | 0       | 0        |
|---------------+-------------------------+-------+---------+----------|
| UniPoolerCore | act_poolZeroFloor       | 7776  | 0       | 0        |
|---------------+-------------------------+-------+---------+----------|
| UniPoolerCore | act_syncOrSkim          | 7884  | 0       | 0        |
|---------------+-------------------------+-------+---------+----------|
| UniPoolerCore | act_thirdPartyLiquidity | 7858  | 0       | 0        |
|---------------+-------------------------+-------+---------+----------|
| UniPoolerCore | act_toggleFee           | 7784  | 0       | 0        |
|---------------+-------------------------+-------+---------+----------|
| UniPoolerCore | act_trade               | 8067  | 0       | 0        |
╰---------------+-------------------------+-------+---------+----------╯

[PASS] invariant_P7_emptyPairReverts() (runs: 512, calls: 102400, reverts: 0)

╭---------------+-------------------------+-------+---------+----------╮
| Contract      | Selector                | Calls | Reverts | Discards |
+======================================================================+
| UniPoolerCore | act_accrueSUSDS         | 7798  | 0       | 0        |
|---------------+-------------------------+-------+---------+----------|
| UniPoolerCore | act_dispatch            | 7872  | 0       | 0        |
|---------------+-------------------------+-------+---------+----------|
| UniPoolerCore | act_donateToPair        | 7857  | 0       | 0        |
|---------------+-------------------------+-------+---------+----------|
| UniPoolerCore | act_frontRunPool        | 8022  | 0       | 0        |
|---------------+-------------------------+-------+---------+----------|
| UniPoolerCore | act_poolEmpty           | 7716  | 0       | 0        |
|---------------+-------------------------+-------+---------+----------|
| UniPoolerCore | act_poolHighFloor       | 8010  | 0       | 0        |
|---------------+-------------------------+-------+---------+----------|
| UniPoolerCore | act_poolLooseFloors     | 7837  | 0       | 0        |
|---------------+-------------------------+-------+---------+----------|
| UniPoolerCore | act_poolQuoted          | 7919  | 0       | 0        |
|---------------+-------------------------+-------+---------+----------|
| UniPoolerCore | act_poolZeroFloor       | 7776  | 0       | 0        |
|---------------+-------------------------+-------+---------+----------|
| UniPoolerCore | act_syncOrSkim          | 7884  | 0       | 0        |
|---------------+-------------------------+-------+---------+----------|
| UniPoolerCore | act_thirdPartyLiquidity | 7858  | 0       | 0        |
|---------------+-------------------------+-------+---------+----------|
| UniPoolerCore | act_toggleFee           | 7784  | 0       | 0        |
|---------------+-------------------------+-------+---------+----------|
| UniPoolerCore | act_trade               | 8067  | 0       | 0        |
╰---------------+-------------------------+-------+---------+----------╯

[FAIL: front-run strand: a=962497064994428306481728 leftS=0 leftP=862853357367671748278]
	[Sequence] (original: 142, shrunk: 35)
		sender=0xE947C56Ba2aB5d2FC26fBCF612b39117cf0C1b8F addr=[test/run20/UniPoolerCore.sol:UniPoolerCore]0x5615dEB798BB3E4dFa0139dFa1b3D433Cc23b72f calldata=act_poolLooseFloors(uint256) args=[4294806880750829550986988663838412783229126557146803496989 [4.294e57]]
		sender=0x8820FBAB0603cbC30248E7Cfe0Ca0790870aC193 addr=[test/run20/UniPoolerCore.sol:UniPoolerCore]0x5615dEB798BB3E4dFa0139dFa1b3D433Cc23b72f calldata=act_accrueSUSDS(uint256) args=[3988009 [3.988e6]]
		sender=0x0000000000000000000000000000000000004868 addr=[test/run20/UniPoolerCore.sol:UniPoolerCore]0x5615dEB798BB3E4dFa0139dFa1b3D433Cc23b72f calldata=act_trade(uint256,bool) args=[19382821274173129791308 [1.938e22], true]
		sender=0x0000000000000000000000000000000000000eAf addr=[test/run20/UniPoolerCore.sol:UniPoolerCore]0x5615dEB798BB3E4dFa0139dFa1b3D433Cc23b72f calldata=act_poolQuoted(uint256,uint256) args=[13, 19985 [1.998e4]]
		sender=0xC02aaA39b223FE8D0A0e5C4F27eAD9083C756Cc2 addr=[test/run20/UniPoolerCore.sol:UniPoolerCore]0x5615dEB798BB3E4dFa0139dFa1b3D433Cc23b72f calldata=act_poolLooseFloors(uint256) args=[90128868535329641472937480201151992367755524741119 [9.012e49]]
		sender=0x0000000000000000000000000000000000000ea7 addr=[test/run20/UniPoolerCore.sol:UniPoolerCore]0x5615dEB798BB3E4dFa0139dFa1b3D433Cc23b72f calldata=act_donateToPair(uint256,bool) args=[9226384869355806516292567401900973754676895832 [9.226e45], false]
		sender=0x00000000000000000000000000000000000001b4 addr=[test/run20/UniPoolerCore.sol:UniPoolerCore]0x5615dEB798BB3E4dFa0139dFa1b3D433Cc23b72f calldata=act_donateToPair(uint256,bool) args=[59367 [5.936e4], false]
		sender=0x0000000000000000000000000000000000000e19 addr=[test/run20/UniPoolerCore.sol:UniPoolerCore]0x5615dEB798BB3E4dFa0139dFa1b3D433Cc23b72f calldata=act_donateToPair(uint256,bool) args=[13519 [1.351e4], true]
		sender=0x0000000000000000000000000000000000002423 addr=[test/run20/UniPoolerCore.sol:UniPoolerCore]0x5615dEB798BB3E4dFa0139dFa1b3D433Cc23b72f calldata=act_trade(uint256,bool) args=[3768730045480410446117867687301778235741418439582 [3.768e48], false]
		sender=0x00000000000000000000000000000000003cDa29 addr=[test/run20/UniPoolerCore.sol:UniPoolerCore]0x5615dEB798BB3E4dFa0139dFa1b3D433Cc23b72f calldata=act_donateToPair(uint256,bool) args=[22263 [2.226e4], false]
		sender=0x0000000000000000000000000000000000002CdF addr=[test/run20/UniPoolerCore.sol:UniPoolerCore]0x5615dEB798BB3E4dFa0139dFa1b3D433Cc23b72f calldata=act_frontRunPool(uint256,uint256,uint256,bool) args=[400000000000000000000000 [4e23], 3988000 [3.988e6], 1000000000000000000 [1e18], true]
		sender=0xdC035D45d973E3EC169d2276DDab16f1e407384F addr=[test/run20/UniPoolerCore.sol:UniPoolerCore]0x5615dEB798BB3E4dFa0139dFa1b3D433Cc23b72f calldata=act_thirdPartyLiquidity(uint256,bool) args=[29892882504425656779191454306162 [2.989e31], false]
		sender=0x7a250d5630B4cF539739dF2C5dAcb4c659F2488D addr=[test/run20/UniPoolerCore.sol:UniPoolerCore]0x5615dEB798BB3E4dFa0139dFa1b3D433Cc23b72f calldata=act_trade(uint256,bool) args=[1, true]
		sender=0xA188EEC8F81263234dA3622A406892F3D630f98c addr=[test/run20/UniPoolerCore.sol:UniPoolerCore]0x5615dEB798BB3E4dFa0139dFa1b3D433Cc23b72f calldata=act_trade(uint256,bool) args=[1115119133966024940248830003516434780268469 [1.115e42], true]
		sender=0x9FDB105729DFa116D897E3E4dc5FBe7C57058da5 addr=[test/run20/UniPoolerCore.sol:UniPoolerCore]0x5615dEB798BB3E4dFa0139dFa1b3D433Cc23b72f calldata=act_accrueSUSDS(uint256) args=[532142080887610730799129574928265673543492803588295075918417440 [5.321e62]]
		sender=0x2260FAC5E5542a773Aa44fBCfeDf7C193bc2C599 addr=[test/run20/UniPoolerCore.sol:UniPoolerCore]0x5615dEB798BB3E4dFa0139dFa1b3D433Cc23b72f calldata=act_donateToPair(uint256,bool) args=[11740 [1.174e4], true]
		sender=0x7a250d5630B4cF539739dF2C5dAcb4c659F2488D addr=[test/run20/UniPoolerCore.sol:UniPoolerCore]0x5615dEB798BB3E4dFa0139dFa1b3D433Cc23b72f calldata=act_poolQuoted(uint256,uint256) args=[9, 120000000000000000000000 [1.2e23]]
		sender=0x0000000000000000000000000000000000000781 addr=[test/run20/UniPoolerCore.sol:UniPoolerCore]0x5615dEB798BB3E4dFa0139dFa1b3D433Cc23b72f calldata=act_toggleFee() args=[]
		sender=0xAa09726B08E898D0EDdC9c547014c3651D55d6E3 addr=[test/run20/UniPoolerCore.sol:UniPoolerCore]0x5615dEB798BB3E4dFa0139dFa1b3D433Cc23b72f calldata=act_poolLooseFloors(uint256) args=[1088398006155761776336954950222992900929911250181394432 [1.088e54]]
		sender=0x0000000000000000000000000000000000002523 addr=[test/run20/UniPoolerCore.sol:UniPoolerCore]0x5615dEB798BB3E4dFa0139dFa1b3D433Cc23b72f calldata=act_donateToPair(uint256,bool) args=[84348005429861939457994207044194919048842376114243262780706968603468503059 [8.434e73], false]
		sender=0xa9055f5012e424FF4eF63c091BE8737c1b47601F addr=[test/run20/UniPoolerCore.sol:UniPoolerCore]0x5615dEB798BB3E4dFa0139dFa1b3D433Cc23b72f calldata=act_thirdPartyLiquidity(uint256,bool) args=[22521246150596956296742923878316283637121954514866382563471971827112 [2.252e67], true]
		sender=0x6F6e3ef6fFc9A26abE98DA274Cf407a2364425FA addr=[test/run20/UniPoolerCore.sol:UniPoolerCore]0x5615dEB798BB3E4dFa0139dFa1b3D433Cc23b72f calldata=act_poolLooseFloors(uint256) args=[12143287342819723352130889663535643881687447802180242706316 [1.214e58]]
		sender=0xA0b86991c6218b36c1d19D4a2e9Eb0cE3606eB48 addr=[test/run20/UniPoolerCore.sol:UniPoolerCore]0x5615dEB798BB3E4dFa0139dFa1b3D433Cc23b72f calldata=act_poolQuoted(uint256,uint256) args=[483163154832743773212766 [4.831e23], 5817895382709963547163741433186759007043 [5.817e39]]
		sender=0x23502adb4Cca661418faBB46feE66F7E1A67451a addr=[test/run20/UniPoolerCore.sol:UniPoolerCore]0x5615dEB798BB3E4dFa0139dFa1b3D433Cc23b72f calldata=act_frontRunPool(uint256,uint256,uint256,bool) args=[495183017742288594858101889333636165010606024876033203549288 [4.951e59], 2529549948604767419179207078133701 [2.529e33], 1, true]
		sender=0x6648C9b80c50FFA08517C8d1451803A28a0e7D9F addr=[test/run20/UniPoolerCore.sol:UniPoolerCore]0x5615dEB798BB3E4dFa0139dFa1b3D433Cc23b72f calldata=act_accrueSUSDS(uint256) args=[7844]
		sender=0x000000000000000000000000000000004F5A19DF addr=[test/run20/UniPoolerCore.sol:UniPoolerCore]0x5615dEB798BB3E4dFa0139dFa1b3D433Cc23b72f calldata=act_accrueSUSDS(uint256) args=[781679022661570651173628872971536521229985 [7.816e41]]
		sender=0xFe6a3b790e20Ed6454e54ECdC622dD07c61879ef addr=[test/run20/UniPoolerCore.sol:UniPoolerCore]0x5615dEB798BB3E4dFa0139dFa1b3D433Cc23b72f calldata=act_accrueSUSDS(uint256) args=[334675059216218824271862694060887293293372947799904 [3.346e50]]
		sender=0xddC10602782Af652BB913F7bDe1fD82981Db7dda addr=[test/run20/UniPoolerCore.sol:UniPoolerCore]0x5615dEB798BB3E4dFa0139dFa1b3D433Cc23b72f calldata=act_thirdPartyLiquidity(uint256,bool) args=[50253494891286867621584781806240727523763822865902712393168256450 [5.025e64], false]
		sender=0xC02aaA39b223FE8D0A0e5C4F27eAD9083C756Cc2 addr=[test/run20/UniPoolerCore.sol:UniPoolerCore]0x5615dEB798BB3E4dFa0139dFa1b3D433Cc23b72f calldata=act_poolLooseFloors(uint256) args=[2327709254405852762234 [2.327e21]]
		sender=0x7a250d5630B4cF539739dF2C5dAcb4c659F2488D addr=[test/run20/UniPoolerCore.sol:UniPoolerCore]0x5615dEB798BB3E4dFa0139dFa1b3D433Cc23b72f calldata=act_dispatch(uint256) args=[165040072183094721716463129012307566702792036091088 [1.65e50]]
		sender=0xA188EEC8F81263234dA3622A406892F3D630f98c addr=[test/run20/UniPoolerCore.sol:UniPoolerCore]0x5615dEB798BB3E4dFa0139dFa1b3D433Cc23b72f calldata=act_poolQuoted(uint256,uint256) args=[8074, 18]
		sender=0x000000000000000000000000000000012a788Ee3 addr=[test/run20/UniPoolerCore.sol:UniPoolerCore]0x5615dEB798BB3E4dFa0139dFa1b3D433Cc23b72f calldata=act_poolQuoted(uint256,uint256) args=[272902752650593333577455646950241548 [2.729e35], 1241029586553854209542354515395696956690288500153712053869880263455658 [1.241e69]]
		sender=0x2260FAC5E5542a773Aa44fBCfeDf7C193bc2C599 addr=[test/run20/UniPoolerCore.sol:UniPoolerCore]0x5615dEB798BB3E4dFa0139dFa1b3D433Cc23b72f calldata=act_frontRunPool(uint256,uint256,uint256,bool) args=[148767103500680693265839001 [1.487e26], 384285346117672639582329552448405266825134417246884707846324703538380 [3.842e68], 39026112521643651147394675 [3.902e25], true]
		sender=0x7d594283CBcC6E2786bC53A54cC4C72877Bfc5D3 addr=[test/run20/UniPoolerCore.sol:UniPoolerCore]0x5615dEB798BB3E4dFa0139dFa1b3D433Cc23b72f calldata=act_donateToPair(uint256,bool) args=[341929461500681979614133752857315152090594036693636431343 [3.419e56], true]
		sender=0x0000000000000000000000000000000000000618 addr=[test/run20/UniPoolerCore.sol:UniPoolerCore]0x5615dEB798BB3E4dFa0139dFa1b3D433Cc23b72f calldata=act_frontRunPool(uint256,uint256,uint256,bool) args=[1726995330002994031063001722729163330712613427058501003865668851212411 [1.726e69], 304319985296958093776468709301698846037880 [3.043e41], 7, true]
 invariant_P8_frontRunNeverStrands() (runs: 39, calls: 7800, reverts: 0)

╭---------------+-------------------------+-------+---------+----------╮
| Contract      | Selector                | Calls | Reverts | Discards |
+======================================================================+
| UniPoolerCore | act_accrueSUSDS         | 582   | 0       | 0        |
|---------------+-------------------------+-------+---------+----------|
| UniPoolerCore | act_dispatch            | 593   | 0       | 0        |
|---------------+-------------------------+-------+---------+----------|
| UniPoolerCore | act_donateToPair        | 630   | 0       | 0        |
|---------------+-------------------------+-------+---------+----------|
| UniPoolerCore | act_frontRunPool        | 633   | 0       | 0        |
|---------------+-------------------------+-------+---------+----------|
| UniPoolerCore | act_poolEmpty           | 600   | 0       | 0        |
|---------------+-------------------------+-------+---------+----------|
| UniPoolerCore | act_poolHighFloor       | 609   | 0       | 0        |
|---------------+-------------------------+-------+---------+----------|
| UniPoolerCore | act_poolLooseFloors     | 644   | 0       | 0        |
|---------------+-------------------------+-------+---------+----------|
| UniPoolerCore | act_poolQuoted          | 598   | 0       | 0        |
|---------------+-------------------------+-------+---------+----------|
| UniPoolerCore | act_poolZeroFloor       | 587   | 0       | 0        |
|---------------+-------------------------+-------+---------+----------|
| UniPoolerCore | act_syncOrSkim          | 593   | 0       | 0        |
|---------------+-------------------------+-------+---------+----------|
| UniPoolerCore | act_thirdPartyLiquidity | 603   | 0       | 0        |
|---------------+-------------------------+-------+---------+----------|
| UniPoolerCore | act_toggleFee           | 620   | 0       | 0        |
|---------------+-------------------------+-------+---------+----------|
| UniPoolerCore | act_trade               | 650   | 0       | 0        |
╰---------------+-------------------------+-------+---------+----------╯

[PASS] invariant_P9_dispatchWorksWhenPoolUnavailable() (runs: 512, calls: 102400, reverts: 0)

╭---------------+-------------------------+-------+---------+----------╮
| Contract      | Selector                | Calls | Reverts | Discards |
+======================================================================+
| UniPoolerCore | act_accrueSUSDS         | 7798  | 0       | 0        |
|---------------+-------------------------+-------+---------+----------|
| UniPoolerCore | act_dispatch            | 7872  | 0       | 0        |
|---------------+-------------------------+-------+---------+----------|
| UniPoolerCore | act_donateToPair        | 7857  | 0       | 0        |
|---------------+-------------------------+-------+---------+----------|
| UniPoolerCore | act_frontRunPool        | 8022  | 0       | 0        |
|---------------+-------------------------+-------+---------+----------|
| UniPoolerCore | act_poolEmpty           | 7716  | 0       | 0        |
|---------------+-------------------------+-------+---------+----------|
| UniPoolerCore | act_poolHighFloor       | 8010  | 0       | 0        |
|---------------+-------------------------+-------+---------+----------|
| UniPoolerCore | act_poolLooseFloors     | 7837  | 0       | 0        |
|---------------+-------------------------+-------+---------+----------|
| UniPoolerCore | act_poolQuoted          | 7919  | 0       | 0        |
|---------------+-------------------------+-------+---------+----------|
| UniPoolerCore | act_poolZeroFloor       | 7776  | 0       | 0        |
|---------------+-------------------------+-------+---------+----------|
| UniPoolerCore | act_syncOrSkim          | 7884  | 0       | 0        |
|---------------+-------------------------+-------+---------+----------|
| UniPoolerCore | act_thirdPartyLiquidity | 7858  | 0       | 0        |
|---------------+-------------------------+-------+---------+----------|
| UniPoolerCore | act_toggleFee           | 7784  | 0       | 0        |
|---------------+-------------------------+-------+---------+----------|
| UniPoolerCore | act_trade               | 8067  | 0       | 0        |
╰---------------+-------------------------+-------+---------+----------╯

[PASS] invariant_zz_telemetry() (runs: 512, calls: 102400, reverts: 0)

╭---------------+-------------------------+-------+---------+----------╮
| Contract      | Selector                | Calls | Reverts | Discards |
+======================================================================+
| UniPoolerCore | act_accrueSUSDS         | 7798  | 0       | 0        |
|---------------+-------------------------+-------+---------+----------|
| UniPoolerCore | act_dispatch            | 7872  | 0       | 0        |
|---------------+-------------------------+-------+---------+----------|
| UniPoolerCore | act_donateToPair        | 7857  | 0       | 0        |
|---------------+-------------------------+-------+---------+----------|
| UniPoolerCore | act_frontRunPool        | 8022  | 0       | 0        |
|---------------+-------------------------+-------+---------+----------|
| UniPoolerCore | act_poolEmpty           | 7716  | 0       | 0        |
|---------------+-------------------------+-------+---------+----------|
| UniPoolerCore | act_poolHighFloor       | 8010  | 0       | 0        |
|---------------+-------------------------+-------+---------+----------|
| UniPoolerCore | act_poolLooseFloors     | 7837  | 0       | 0        |
|---------------+-------------------------+-------+---------+----------|
| UniPoolerCore | act_poolQuoted          | 7919  | 0       | 0        |
|---------------+-------------------------+-------+---------+----------|
| UniPoolerCore | act_poolZeroFloor       | 7776  | 0       | 0        |
|---------------+-------------------------+-------+---------+----------|
| UniPoolerCore | act_syncOrSkim          | 7884  | 0       | 0        |
|---------------+-------------------------+-------+---------+----------|
| UniPoolerCore | act_thirdPartyLiquidity | 7858  | 0       | 0        |
|---------------+-------------------------+-------+---------+----------|
| UniPoolerCore | act_toggleFee           | 7784  | 0       | 0        |
|---------------+-------------------------+-------+---------+----------|
| UniPoolerCore | act_trade               | 8067  | 0       | 0        |
╰---------------+-------------------------+-------+---------+----------╯

Logs:
  poolAttempts 58
  poolSuccess 43
  feeOnPools 26
  floorReverts 15
  otherReverts 0
  frontRunAttempts/success/floorRevert 16 15 1
  dispatchOk/deadDispatchOk 16 16
  donations/trades/feeToggles 19 27 18
  maxLeftS/maxLeftP (wei) 9 948485482840976074808
  maxLeftValue (x1e-10 of input) 297029702

Suite result: FAILED. 7 passed; 3 failed; 0 skipped; finished in 239.32s (929.85s CPU time)

Ran 9 test suites in 239.33s (1680.13s CPU time): 65 tests passed, 6 failed, 0 skipped (71 total tests)

Failing tests:
Encountered 3 failing tests in test/run20/Invariant.t.sol:Run20UniPoolerInvariant_C
[FAIL: dust: a=6000000000001 leftS=57904652456 leftP=0 boundS=32 boundP=16 postRS=4601337988017547227604171 postRP=2015438520351056245205234 preRS=4601337988011605132256626 preRP=1976478904116222347339515 swapOut=1286697306614 flags=1]
	[Sequence] (original: 99, shrunk: 1)
		sender=0x2260FAC5E5542a773Aa44fBCfeDf7C193bc2C599 addr=[test/run20/UniPoolerCore.sol:UniPoolerCore]0x5615dEB798BB3E4dFa0139dFa1b3D433Cc23b72f calldata=act_donateToPair(uint256,bool) args=[1756763948895060511939973848781357651948 [1.756e39], false]
 invariant_P1_leftoverIsWeiDust() (runs: 0, calls: 0, reverts: 0)
[FAIL: quote LP not a valid floor (kind 1: c1=quoteLP c2=actualLP; kind 2: pool(a, quoteOut, quoteLP) reverted, c1=quoteOut c2=quoteLP): a=361896435446140616502415 c1=25300678738543201841983 c2=66464917447932616780005 kind=2]
	[Sequence] (original: 101, shrunk: 1)
		sender=0x2260FAC5E5542a773Aa44fBCfeDf7C193bc2C599 addr=[test/run20/UniPoolerCore.sol:UniPoolerCore]0x5615dEB798BB3E4dFa0139dFa1b3D433Cc23b72f calldata=act_donateToPair(uint256,bool) args=[1097864905080974901845464 [1.097e24], true]
 invariant_P4_quoteLPIsValidFloor() (runs: 1, calls: 200, reverts: 0)
[FAIL: front-run strand: a=962497064994428306481728 leftS=0 leftP=862853357367671748278]
	[Sequence] (original: 142, shrunk: 35)
		sender=0xE947C56Ba2aB5d2FC26fBCF612b39117cf0C1b8F addr=[test/run20/UniPoolerCore.sol:UniPoolerCore]0x5615dEB798BB3E4dFa0139dFa1b3D433Cc23b72f calldata=act_poolLooseFloors(uint256) args=[4294806880750829550986988663838412783229126557146803496989 [4.294e57]]
		sender=0x8820FBAB0603cbC30248E7Cfe0Ca0790870aC193 addr=[test/run20/UniPoolerCore.sol:UniPoolerCore]0x5615dEB798BB3E4dFa0139dFa1b3D433Cc23b72f calldata=act_accrueSUSDS(uint256) args=[3988009 [3.988e6]]
		sender=0x0000000000000000000000000000000000004868 addr=[test/run20/UniPoolerCore.sol:UniPoolerCore]0x5615dEB798BB3E4dFa0139dFa1b3D433Cc23b72f calldata=act_trade(uint256,bool) args=[19382821274173129791308 [1.938e22], true]
		sender=0x0000000000000000000000000000000000000eAf addr=[test/run20/UniPoolerCore.sol:UniPoolerCore]0x5615dEB798BB3E4dFa0139dFa1b3D433Cc23b72f calldata=act_poolQuoted(uint256,uint256) args=[13, 19985 [1.998e4]]
		sender=0xC02aaA39b223FE8D0A0e5C4F27eAD9083C756Cc2 addr=[test/run20/UniPoolerCore.sol:UniPoolerCore]0x5615dEB798BB3E4dFa0139dFa1b3D433Cc23b72f calldata=act_poolLooseFloors(uint256) args=[90128868535329641472937480201151992367755524741119 [9.012e49]]
		sender=0x0000000000000000000000000000000000000ea7 addr=[test/run20/UniPoolerCore.sol:UniPoolerCore]0x5615dEB798BB3E4dFa0139dFa1b3D433Cc23b72f calldata=act_donateToPair(uint256,bool) args=[9226384869355806516292567401900973754676895832 [9.226e45], false]
		sender=0x00000000000000000000000000000000000001b4 addr=[test/run20/UniPoolerCore.sol:UniPoolerCore]0x5615dEB798BB3E4dFa0139dFa1b3D433Cc23b72f calldata=act_donateToPair(uint256,bool) args=[59367 [5.936e4], false]
		sender=0x0000000000000000000000000000000000000e19 addr=[test/run20/UniPoolerCore.sol:UniPoolerCore]0x5615dEB798BB3E4dFa0139dFa1b3D433Cc23b72f calldata=act_donateToPair(uint256,bool) args=[13519 [1.351e4], true]
		sender=0x0000000000000000000000000000000000002423 addr=[test/run20/UniPoolerCore.sol:UniPoolerCore]0x5615dEB798BB3E4dFa0139dFa1b3D433Cc23b72f calldata=act_trade(uint256,bool) args=[3768730045480410446117867687301778235741418439582 [3.768e48], false]
		sender=0x00000000000000000000000000000000003cDa29 addr=[test/run20/UniPoolerCore.sol:UniPoolerCore]0x5615dEB798BB3E4dFa0139dFa1b3D433Cc23b72f calldata=act_donateToPair(uint256,bool) args=[22263 [2.226e4], false]
		sender=0x0000000000000000000000000000000000002CdF addr=[test/run20/UniPoolerCore.sol:UniPoolerCore]0x5615dEB798BB3E4dFa0139dFa1b3D433Cc23b72f calldata=act_frontRunPool(uint256,uint256,uint256,bool) args=[400000000000000000000000 [4e23], 3988000 [3.988e6], 1000000000000000000 [1e18], true]
		sender=0xdC035D45d973E3EC169d2276DDab16f1e407384F addr=[test/run20/UniPoolerCore.sol:UniPoolerCore]0x5615dEB798BB3E4dFa0139dFa1b3D433Cc23b72f calldata=act_thirdPartyLiquidity(uint256,bool) args=[29892882504425656779191454306162 [2.989e31], false]
		sender=0x7a250d5630B4cF539739dF2C5dAcb4c659F2488D addr=[test/run20/UniPoolerCore.sol:UniPoolerCore]0x5615dEB798BB3E4dFa0139dFa1b3D433Cc23b72f calldata=act_trade(uint256,bool) args=[1, true]
		sender=0xA188EEC8F81263234dA3622A406892F3D630f98c addr=[test/run20/UniPoolerCore.sol:UniPoolerCore]0x5615dEB798BB3E4dFa0139dFa1b3D433Cc23b72f calldata=act_trade(uint256,bool) args=[1115119133966024940248830003516434780268469 [1.115e42], true]
		sender=0x9FDB105729DFa116D897E3E4dc5FBe7C57058da5 addr=[test/run20/UniPoolerCore.sol:UniPoolerCore]0x5615dEB798BB3E4dFa0139dFa1b3D433Cc23b72f calldata=act_accrueSUSDS(uint256) args=[532142080887610730799129574928265673543492803588295075918417440 [5.321e62]]
		sender=0x2260FAC5E5542a773Aa44fBCfeDf7C193bc2C599 addr=[test/run20/UniPoolerCore.sol:UniPoolerCore]0x5615dEB798BB3E4dFa0139dFa1b3D433Cc23b72f calldata=act_donateToPair(uint256,bool) args=[11740 [1.174e4], true]
		sender=0x7a250d5630B4cF539739dF2C5dAcb4c659F2488D addr=[test/run20/UniPoolerCore.sol:UniPoolerCore]0x5615dEB798BB3E4dFa0139dFa1b3D433Cc23b72f calldata=act_poolQuoted(uint256,uint256) args=[9, 120000000000000000000000 [1.2e23]]
		sender=0x0000000000000000000000000000000000000781 addr=[test/run20/UniPoolerCore.sol:UniPoolerCore]0x5615dEB798BB3E4dFa0139dFa1b3D433Cc23b72f calldata=act_toggleFee() args=[]
		sender=0xAa09726B08E898D0EDdC9c547014c3651D55d6E3 addr=[test/run20/UniPoolerCore.sol:UniPoolerCore]0x5615dEB798BB3E4dFa0139dFa1b3D433Cc23b72f calldata=act_poolLooseFloors(uint256) args=[1088398006155761776336954950222992900929911250181394432 [1.088e54]]
		sender=0x0000000000000000000000000000000000002523 addr=[test/run20/UniPoolerCore.sol:UniPoolerCore]0x5615dEB798BB3E4dFa0139dFa1b3D433Cc23b72f calldata=act_donateToPair(uint256,bool) args=[84348005429861939457994207044194919048842376114243262780706968603468503059 [8.434e73], false]
		sender=0xa9055f5012e424FF4eF63c091BE8737c1b47601F addr=[test/run20/UniPoolerCore.sol:UniPoolerCore]0x5615dEB798BB3E4dFa0139dFa1b3D433Cc23b72f calldata=act_thirdPartyLiquidity(uint256,bool) args=[22521246150596956296742923878316283637121954514866382563471971827112 [2.252e67], true]
		sender=0x6F6e3ef6fFc9A26abE98DA274Cf407a2364425FA addr=[test/run20/UniPoolerCore.sol:UniPoolerCore]0x5615dEB798BB3E4dFa0139dFa1b3D433Cc23b72f calldata=act_poolLooseFloors(uint256) args=[12143287342819723352130889663535643881687447802180242706316 [1.214e58]]
		sender=0xA0b86991c6218b36c1d19D4a2e9Eb0cE3606eB48 addr=[test/run20/UniPoolerCore.sol:UniPoolerCore]0x5615dEB798BB3E4dFa0139dFa1b3D433Cc23b72f calldata=act_poolQuoted(uint256,uint256) args=[483163154832743773212766 [4.831e23], 5817895382709963547163741433186759007043 [5.817e39]]
		sender=0x23502adb4Cca661418faBB46feE66F7E1A67451a addr=[test/run20/UniPoolerCore.sol:UniPoolerCore]0x5615dEB798BB3E4dFa0139dFa1b3D433Cc23b72f calldata=act_frontRunPool(uint256,uint256,uint256,bool) args=[495183017742288594858101889333636165010606024876033203549288 [4.951e59], 2529549948604767419179207078133701 [2.529e33], 1, true]
		sender=0x6648C9b80c50FFA08517C8d1451803A28a0e7D9F addr=[test/run20/UniPoolerCore.sol:UniPoolerCore]0x5615dEB798BB3E4dFa0139dFa1b3D433Cc23b72f calldata=act_accrueSUSDS(uint256) args=[7844]
		sender=0x000000000000000000000000000000004F5A19DF addr=[test/run20/UniPoolerCore.sol:UniPoolerCore]0x5615dEB798BB3E4dFa0139dFa1b3D433Cc23b72f calldata=act_accrueSUSDS(uint256) args=[781679022661570651173628872971536521229985 [7.816e41]]
		sender=0xFe6a3b790e20Ed6454e54ECdC622dD07c61879ef addr=[test/run20/UniPoolerCore.sol:UniPoolerCore]0x5615dEB798BB3E4dFa0139dFa1b3D433Cc23b72f calldata=act_accrueSUSDS(uint256) args=[334675059216218824271862694060887293293372947799904 [3.346e50]]
		sender=0xddC10602782Af652BB913F7bDe1fD82981Db7dda addr=[test/run20/UniPoolerCore.sol:UniPoolerCore]0x5615dEB798BB3E4dFa0139dFa1b3D433Cc23b72f calldata=act_thirdPartyLiquidity(uint256,bool) args=[50253494891286867621584781806240727523763822865902712393168256450 [5.025e64], false]
		sender=0xC02aaA39b223FE8D0A0e5C4F27eAD9083C756Cc2 addr=[test/run20/UniPoolerCore.sol:UniPoolerCore]0x5615dEB798BB3E4dFa0139dFa1b3D433Cc23b72f calldata=act_poolLooseFloors(uint256) args=[2327709254405852762234 [2.327e21]]
		sender=0x7a250d5630B4cF539739dF2C5dAcb4c659F2488D addr=[test/run20/UniPoolerCore.sol:UniPoolerCore]0x5615dEB798BB3E4dFa0139dFa1b3D433Cc23b72f calldata=act_dispatch(uint256) args=[165040072183094721716463129012307566702792036091088 [1.65e50]]
		sender=0xA188EEC8F81263234dA3622A406892F3D630f98c addr=[test/run20/UniPoolerCore.sol:UniPoolerCore]0x5615dEB798BB3E4dFa0139dFa1b3D433Cc23b72f calldata=act_poolQuoted(uint256,uint256) args=[8074, 18]
		sender=0x000000000000000000000000000000012a788Ee3 addr=[test/run20/UniPoolerCore.sol:UniPoolerCore]0x5615dEB798BB3E4dFa0139dFa1b3D433Cc23b72f calldata=act_poolQuoted(uint256,uint256) args=[272902752650593333577455646950241548 [2.729e35], 1241029586553854209542354515395696956690288500153712053869880263455658 [1.241e69]]
		sender=0x2260FAC5E5542a773Aa44fBCfeDf7C193bc2C599 addr=[test/run20/UniPoolerCore.sol:UniPoolerCore]0x5615dEB798BB3E4dFa0139dFa1b3D433Cc23b72f calldata=act_frontRunPool(uint256,uint256,uint256,bool) args=[148767103500680693265839001 [1.487e26], 384285346117672639582329552448405266825134417246884707846324703538380 [3.842e68], 39026112521643651147394675 [3.902e25], true]
		sender=0x7d594283CBcC6E2786bC53A54cC4C72877Bfc5D3 addr=[test/run20/UniPoolerCore.sol:UniPoolerCore]0x5615dEB798BB3E4dFa0139dFa1b3D433Cc23b72f calldata=act_donateToPair(uint256,bool) args=[341929461500681979614133752857315152090594036693636431343 [3.419e56], true]
		sender=0x0000000000000000000000000000000000000618 addr=[test/run20/UniPoolerCore.sol:UniPoolerCore]0x5615dEB798BB3E4dFa0139dFa1b3D433Cc23b72f calldata=act_frontRunPool(uint256,uint256,uint256,bool) args=[1726995330002994031063001722729163330712613427058501003865668851212411 [1.726e69], 304319985296958093776468709301698846037880 [3.043e41], 7, true]
 invariant_P8_frontRunNeverStrands() (runs: 39, calls: 7800, reverts: 0)

Encountered 3 failing tests in test/run20/Invariant.t.sol:Run20UniPoolerInvariant_D
[FAIL: dust: a=6000000000001 leftS=135031148408 leftP=0 boundS=40 boundP=16 postRS=5376544546127367043662738 postRP=1489761337814401933374053 preRS=5376544546121502074811145 preRP=1422605724970808904227007 swapOut=792591932527 flags=0]
	[Sequence] (original: 99, shrunk: 1)
		sender=0x2260FAC5E5542a773Aa44fBCfeDf7C193bc2C599 addr=[test/run20/UniPoolerCore.sol:UniPoolerCore]0x5615dEB798BB3E4dFa0139dFa1b3D433Cc23b72f calldata=act_donateToPair(uint256,bool) args=[1756763948895060511939973848781357651948 [1.756e39], false]
 invariant_P1_leftoverIsWeiDust() (runs: 0, calls: 0, reverts: 0)
[FAIL: quote LP not a valid floor (kind 1: c1=quoteLP c2=actualLP; kind 2: pool(a, quoteOut, quoteLP) reverted, c1=quoteOut c2=quoteLP): a=1455428744770467745383856 c1=310551887558049813538818 c2=310551887558049813538640 kind=1]
	[Sequence] (original: 101, shrunk: 1)
		sender=0x2260FAC5E5542a773Aa44fBCfeDf7C193bc2C599 addr=[test/run20/UniPoolerCore.sol:UniPoolerCore]0x5615dEB798BB3E4dFa0139dFa1b3D433Cc23b72f calldata=act_donateToPair(uint256,bool) args=[4821, true]
 invariant_P4_quoteLPIsValidFloor() (runs: 1, calls: 200, reverts: 0)
[FAIL: front-run strand: a=920971786355083 leftS=0 leftP=599713827055]
	[Sequence] (original: 69, shrunk: 12)
		sender=0x000000000000000000000000000000000000061A addr=[test/run20/UniPoolerCore.sol:UniPoolerCore]0x5615dEB798BB3E4dFa0139dFa1b3D433Cc23b72f calldata=act_poolLooseFloors(uint256) args=[20]
		sender=0xC02aaA39b223FE8D0A0e5C4F27eAD9083C756Cc2 addr=[test/run20/UniPoolerCore.sol:UniPoolerCore]0x5615dEB798BB3E4dFa0139dFa1b3D433Cc23b72f calldata=act_accrueSUSDS(uint256) args=[133812410867453891556620658461843104996382699635207450344956249874967849 [1.338e71]]
		sender=0x0000000000000000000000000000000000000962 addr=[test/run20/UniPoolerCore.sol:UniPoolerCore]0x5615dEB798BB3E4dFa0139dFa1b3D433Cc23b72f calldata=act_dispatch(uint256) args=[13013158163850782713366997678299462213022273325249830271800009451 [1.301e64]]
		sender=0x2260FAC5E5542a773Aa44fBCfeDf7C193bc2C599 addr=[test/run20/UniPoolerCore.sol:UniPoolerCore]0x5615dEB798BB3E4dFa0139dFa1b3D433Cc23b72f calldata=act_donateToPair(uint256,bool) args=[1389718870395722040301536287169290247811472635516916692534 [1.389e57], true]
		sender=0x860824Bb5BDD2211C7FeC16a73B2FdeE189D4AFe addr=[test/run20/UniPoolerCore.sol:UniPoolerCore]0x5615dEB798BB3E4dFa0139dFa1b3D433Cc23b72f calldata=act_poolLooseFloors(uint256) args=[10000000000000 [1e13]]
		sender=0xA0b86991c6218b36c1d19D4a2e9Eb0cE3606eB48 addr=[test/run20/UniPoolerCore.sol:UniPoolerCore]0x5615dEB798BB3E4dFa0139dFa1b3D433Cc23b72f calldata=act_donateToPair(uint256,bool) args=[79465818601769076544862721573431488643122809106559983046359317 [7.946e61], true]
		sender=0x0000000000000000000000000000000000004e35 addr=[test/run20/UniPoolerCore.sol:UniPoolerCore]0x5615dEB798BB3E4dFa0139dFa1b3D433Cc23b72f calldata=act_dispatch(uint256) args=[500000000000 [5e11]]
		sender=0x0000000000000000000000000000000000005574 addr=[test/run20/UniPoolerCore.sol:UniPoolerCore]0x5615dEB798BB3E4dFa0139dFa1b3D433Cc23b72f calldata=act_poolLooseFloors(uint256) args=[920971786355082 [9.209e14]]
		sender=0x000000000000000000000000000000000000106F addr=[test/run20/UniPoolerCore.sol:UniPoolerCore]0x5615dEB798BB3E4dFa0139dFa1b3D433Cc23b72f calldata=act_trade(uint256,bool) args=[53656745397020389870206073148143905429391732946934016806394627431216 [5.365e67], true]
		sender=0xd65281125d815D39cC3e9E2Ed0F8d590e36B3e2C addr=[test/run20/UniPoolerCore.sol:UniPoolerCore]0x5615dEB798BB3E4dFa0139dFa1b3D433Cc23b72f calldata=act_poolQuoted(uint256,uint256) args=[333533318127244792531352381248863527749 [3.335e38], 57688707023 [5.768e10]]
		sender=0xA04e16FCACd7e5CCe81309ffbC2f915C06FeA224 addr=[test/run20/UniPoolerCore.sol:UniPoolerCore]0x5615dEB798BB3E4dFa0139dFa1b3D433Cc23b72f calldata=act_donateToPair(uint256,bool) args=[14465820308837277082431832307725159839 [1.446e37], false]
		sender=0xa3931d71877C0E7a3148CB7Eb4463524FEc27fbD addr=[test/run20/UniPoolerCore.sol:UniPoolerCore]0x5615dEB798BB3E4dFa0139dFa1b3D433Cc23b72f calldata=act_frontRunPool(uint256,uint256,uint256,bool) args=[36905454663140193906888179781688502613981706617026 [3.69e49], 20268238453342735 [2.026e16], 2, true]
 invariant_P8_frontRunNeverStrands() (runs: 8, calls: 1600, reverts: 0)

Encountered a total of 6 failing tests, 65 tests succeeded

Tip: Run `forge test --rerun` to retry only the 6 failed tests

real	4m22.929s
user	45m39.446s
sys	0m2.934s
