No files changed, compilation skipped
note[mixed-case-variable]: mutable variables should use mixedCase
  --> test/NudgeRatchetDelayRelease.t.sol:41:25
   |
41 |     MockMintable public phUSD;
   |                         ^^^^^ help: consider using: `phUsd`
   |
   = help: https://book.getfoundry.sh/reference/forge/forge-lint#mixed-case-variable

note[unused-import]: unused imports should be removed
 --> src/NFTMinterV2.sol:9:9
  |
9 | import {Strings} from "@openzeppelin/contracts/utils/Strings.sol";
  |         ^^^^^^^
  |
  = help: https://book.getfoundry.sh/reference/forge/forge-lint#unused-import

note[mixed-case-variable]: mutable variables should use mixedCase
  --> test/MultiPooler.t.sol:17:17
   |
17 |         uint256 minLP;
   |                 ^^^^^ help: consider using: `minLp`
   |
   = help: https://book.getfoundry.sh/reference/forge/forge-lint#mixed-case-variable

note[screaming-snake-case-immutable]: immutables should use SCREAMING_SNAKE_CASE
  --> test/run20/mutants/UniPoolerV2_M7_DispatchTouchesPair.sol:75:32
   |
75 |     address internal immutable _sUSDS;
   |                                ^^^^^^ help: consider using: `_S_USDS`
   |
   = help: https://book.getfoundry.sh/reference/forge/forge-lint#screaming-snake-case-immutable

note[mixed-case-function]: function names should use mixedCase
  --> src/interfaces/uniswap/IUniswapV2Router02.sol:19:14
   |
19 |     function swapExactTokensForETH(
   |              ^^^^^^^^^^^^^^^^^^^^^ help: consider using: `swapExactTokensForEth`
   |
   = help: https://book.getfoundry.sh/reference/forge/forge-lint#mixed-case-function

note[mixed-case-variable]: mutable variables should use mixedCase
  --> src/MultiPooler.sol:25:17
   |
25 |         uint256 minLP;
   |                 ^^^^^ help: consider using: `minLp`
   |
   = help: https://book.getfoundry.sh/reference/forge/forge-lint#mixed-case-variable

note[mixed-case-variable]: mutable variables should use mixedCase
  --> src/interfaces/IUniboostPooler.sol:12:87
   |
12 |     function pool(uint256 amountIn, uint256 minPairOut, uint256 minTargetOut, uint256 minLP) external;
   |                                                                                       ^^^^^ help: consider using: `minLp`
   |
   = help: https://book.getfoundry.sh/reference/forge/forge-lint#mixed-case-variable

note[screaming-snake-case-immutable]: immutables should use SCREAMING_SNAKE_CASE
  --> test/UniboostMintDebtHook.t.sol:12:30
   |
12 |     uint8 internal immutable _decimals;
   |                              ^^^^^^^^^ help: consider using: `_DECIMALS`
   |
   = help: https://book.getfoundry.sh/reference/forge/forge-lint#screaming-snake-case-immutable

note[mixed-case-variable]: mutable variables should use mixedCase
  --> test/UniboostMintDebtHook.t.sol:29:27
   |
29 |     MockMintable internal phUSD;
   |                           ^^^^^ help: consider using: `phUsd`
   |
   = help: https://book.getfoundry.sh/reference/forge/forge-lint#mixed-case-variable

note[unused-import]: unused imports should be removed
  --> test/val-M03-terminal-reversal.t.sol:10:9
   |
10 | import {NudgeStreamer} from "phoenix-nft-staking/NudgeStreamer.sol";
   |         ^^^^^^^^^^^^^
   |
   = help: https://book.getfoundry.sh/reference/forge/forge-lint#unused-import

note[mixed-case-variable]: mutable variables should use mixedCase
  --> test/MultiPooler.t.sol:41:87
   |
41 |     function pool(uint256 amountIn, uint256 minPairOut, uint256 minTargetOut, uint256 minLP) external override {
   |                                                                                       ^^^^^ help: consider using: `minLp`
   |
   = help: https://book.getfoundry.sh/reference/forge/forge-lint#mixed-case-variable

note[mixed-case-variable]: mutable variables should use mixedCase
   --> test/UniboostMintDebtHook.t.sol:102:22
    |
102 |         MockMintable freshPhUSD = new MockMintable();
    |                      ^^^^^^^^^^ help: consider using: `freshPhUsd`
    |
    = help: https://book.getfoundry.sh/reference/forge/forge-lint#mixed-case-variable

note[mixed-case-function]: function names should use mixedCase
  --> src/interfaces/uniswap/IUniswapV2Router02.sol:29:14
   |
29 |     function swapExactETHForTokens(
   |              ^^^^^^^^^^^^^^^^^^^^^ help: consider using: `swapExactEthForTokens`
   |
   = help: https://book.getfoundry.sh/reference/forge/forge-lint#mixed-case-function

note[unused-import]: unused imports should be removed
  --> test/val-M03-terminal-reversal.t.sol:11:9
   |
11 | import {BatchNFTMinterMultiToken} from "phoenix-nft-staking/BatchNFTMinterMultiToken.sol";
   |         ^^^^^^^^^^^^^^^^^^^^^^^^
   |
   = help: https://book.getfoundry.sh/reference/forge/forge-lint#unused-import

note[screaming-snake-case-immutable]: immutables should use SCREAMING_SNAKE_CASE
  --> test/run20/mutants/UniPoolerV2_M7_DispatchTouchesPair.sol:76:32
   |
76 |     address internal immutable _primeToken;
   |                                ^^^^^^^^^^^ help: consider using: `_PRIME_TOKEN`
   |
   = help: https://book.getfoundry.sh/reference/forge/forge-lint#screaming-snake-case-immutable

note[screaming-snake-case-immutable]: immutables should use SCREAMING_SNAKE_CASE
  --> test/run20/mutants/UniPoolerV2_M7_DispatchTouchesPair.sol:77:32
   |
77 |     address internal immutable _phUSD;
   |                                ^^^^^^ help: consider using: `_PH_USD`
   |
   = help: https://book.getfoundry.sh/reference/forge/forge-lint#screaming-snake-case-immutable

note[screaming-snake-case-immutable]: immutables should use SCREAMING_SNAKE_CASE
  --> test/run20/mutants/UniPoolerV2_M7_DispatchTouchesPair.sol:78:31
   |
78 |     address private immutable _router;
   |                               ^^^^^^^ help: consider using: `_ROUTER`
   |
   = help: https://book.getfoundry.sh/reference/forge/forge-lint#screaming-snake-case-immutable

note[screaming-snake-case-immutable]: immutables should use SCREAMING_SNAKE_CASE
  --> test/run20/mutants/UniPoolerV2_M7_DispatchTouchesPair.sol:79:31
   |
79 |     address private immutable _pair;
   |                               ^^^^^ help: consider using: `_PAIR`
   |
   = help: https://book.getfoundry.sh/reference/forge/forge-lint#screaming-snake-case-immutable

note[screaming-snake-case-immutable]: immutables should use SCREAMING_SNAKE_CASE
  --> test/run20/mutants/UniPoolerV2_M7_DispatchTouchesPair.sol:80:28
   |
80 |     bool private immutable _sUSDSIsToken0;
   |                            ^^^^^^^^^^^^^^ help: consider using: `_S_USDS_IS_TOKEN0`
   |
   = help: https://book.getfoundry.sh/reference/forge/forge-lint#screaming-snake-case-immutable

note[screaming-snake-case-immutable]: immutables should use SCREAMING_SNAKE_CASE
  --> src/hooks/UniboostMintDebtHook.sol:41:32
   |
41 |     IMintable public immutable phUSD;
   |                                ^^^^^ help: consider using: `PH_USD`
   |
   = help: https://book.getfoundry.sh/reference/forge/forge-lint#screaming-snake-case-immutable

note[mixed-case-variable]: mutable variables should use mixedCase
   --> test/MultiPooler.t.sol:159:61
    |
159 |         (uint256 aAmt, uint256 aPair, uint256 aTgt, uint256 aLP) = a.getCall(0);
    |                                                             ^^^ help: consider using: `aLp`
    |
    = help: https://book.getfoundry.sh/reference/forge/forge-lint#mixed-case-variable

note[screaming-snake-case-immutable]: immutables should use SCREAMING_SNAKE_CASE
  --> test/Tier3PromotionInvariants.t.sol:58:43
   |
58 |     PromotionUniV2_Eth internal immutable disp;
   |                                           ^^^^ help: consider using: `DISP`
   |
   = help: https://book.getfoundry.sh/reference/forge/forge-lint#screaming-snake-case-immutable

note[screaming-snake-case-immutable]: immutables should use SCREAMING_SNAKE_CASE
  --> test/Tier3PromotionInvariants.t.sol:60:32
   |
60 |     address internal immutable phUSD;
   |                                ^^^^^ help: consider using: `PH_USD`
   |
   = help: https://book.getfoundry.sh/reference/forge/forge-lint#screaming-snake-case-immutable

note[unused-import]: unused imports should be removed
 --> test/ATokenDispatcherV2Hook.t.sol:8:9
  |
8 | import {DefaultDispatchHook} from "../src/hooks/DefaultDispatchHook.sol";
  |         ^^^^^^^^^^^^^^^^^^^
  |
  = help: https://book.getfoundry.sh/reference/forge/forge-lint#unused-import

note[screaming-snake-case-immutable]: immutables should use SCREAMING_SNAKE_CASE
  --> src/hooks/UniboostMintDebtHook.sol:47:30
   |
47 |     uint256 public immutable scale;
   |                              ^^^^^ help: consider using: `SCALE`
   |
   = help: https://book.getfoundry.sh/reference/forge/forge-lint#screaming-snake-case-immutable

note[mixed-case-variable]: mutable variables should use mixedCase
   --> test/run20/mutants/UniPoolerV2_M7_DispatchTouchesPair.sol:115:50
    |
115 |     event Pooled(address indexed pooler, uint256 sUSDSIn, uint256 swapIn, uint256 phusdOut, uint256 liquidity);
    |                                                  ^^^^^^^ help: consider using: `sUsdsIn`
    |
    = help: https://book.getfoundry.sh/reference/forge/forge-lint#mixed-case-variable

note[mixed-case-variable]: mutable variables should use mixedCase
   --> test/run20/mutants/UniPoolerV2_M7_DispatchTouchesPair.sol:119:26
    |
119 |     event PSMSet(address newPSM);
    |                          ^^^^^^ help: consider using: `newPsm`
    |
    = help: https://book.getfoundry.sh/reference/forge/forge-lint#mixed-case-variable

note[mixed-case-variable]: mutable variables should use mixedCase
   --> test/MultiPooler.t.sol:165:61
    |
165 |         (uint256 bAmt, uint256 bPair, uint256 bTgt, uint256 bLP) = b.getCall(0);
    |                                                             ^^^ help: consider using: `bLp`
    |
    = help: https://book.getfoundry.sh/reference/forge/forge-lint#mixed-case-variable

note[unused-import]: unused imports should be removed
  --> test/val-M03-terminal-reversal.t.sol:12:9
   |
12 | import {ITokenMinterV2 as IStakingTokenMinterV2} from "yield-claim-nft/interfaces/ITokenMinterV2.sol";
   |         ^^^^^^^^^^^^^^^^^^^^^^^^^^^^^^^^^^^^^^^
   |
   = help: https://book.getfoundry.sh/reference/forge/forge-lint#unused-import

note[screaming-snake-case-immutable]: immutables should use SCREAMING_SNAKE_CASE
  --> test/symbolic-run16-uniboost.t.sol:15:30
   |
15 |     uint8 internal immutable _decimals;
   |                              ^^^^^^^^^ help: consider using: `_DECIMALS`
   |
   = help: https://book.getfoundry.sh/reference/forge/forge-lint#screaming-snake-case-immutable

note[screaming-snake-case-immutable]: immutables should use SCREAMING_SNAKE_CASE
  --> test/Tier3PromotionInvariants.t.sol:61:32
   |
61 |     address internal immutable promo;
   |                                ^^^^^ help: consider using: `PROMO`
   |
   = help: https://book.getfoundry.sh/reference/forge/forge-lint#screaming-snake-case-immutable

note[screaming-snake-case-immutable]: immutables should use SCREAMING_SNAKE_CASE
  --> test/Tier3PromotionInvariants.t.sol:62:32
   |
62 |     address internal immutable pair;
   |                                ^^^^ help: consider using: `PAIR`
   |
   = help: https://book.getfoundry.sh/reference/forge/forge-lint#screaming-snake-case-immutable

note[screaming-snake-case-immutable]: immutables should use SCREAMING_SNAKE_CASE
  --> test/Tier3PromotionInvariants.t.sol:63:32
   |
63 |     address internal immutable batchMinter;
   |                                ^^^^^^^^^^^ help: consider using: `BATCH_MINTER`
   |
   = help: https://book.getfoundry.sh/reference/forge/forge-lint#screaming-snake-case-immutable

note[mixed-case-variable]: mutable variables should use mixedCase
  --> test/symbolic-run16-uniboost.t.sol:43:27
   |
43 |     MockMintNoop internal phUSD;
   |                           ^^^^^ help: consider using: `phUsd`
   |
   = help: https://book.getfoundry.sh/reference/forge/forge-lint#mixed-case-variable

note[mixed-case-function]: function names should use mixedCase
   --> test/NFTMinterV2.t.sol:718:14
    |
718 |     function _mintNFTToHolder(address holder) internal returns (uint256 tokenId) {
    |              ^^^^^^^^^^^^^^^^ help: consider using: `_mintNftToHolder`
    |
    = help: https://book.getfoundry.sh/reference/forge/forge-lint#mixed-case-function

note[unused-import]: unused imports should be removed
  --> test/run19-poc-M-03-retirement-strand.t.sol:38:9
   |
38 | import {Ownable} from "@openzeppelin/contracts/access/Ownable.sol";
   |         ^^^^^^^
   |
   = help: https://book.getfoundry.sh/reference/forge/forge-lint#unused-import

note[mixed-case-variable]: mutable variables should use mixedCase
   --> test/run20/mutants/UniPoolerV2_M7_DispatchTouchesPair.sol:147:66
    |
147 |     error UniPoolerV2__InsufficientLP(uint256 liquidity, uint256 minLP);
    |                                                                  ^^^^^ help: consider using: `minLp`
    |
    = help: https://book.getfoundry.sh/reference/forge/forge-lint#mixed-case-variable

note[mixed-case-function]: function names should use mixedCase
  --> test/symbolic-run16-uniboost.t.sol:74:14
   |
74 |     function check_scaleRoundTrip_d0() public {
   |              ^^^^^^^^^^^^^^^^^^^^^^^ help: consider using: `checkScaleRoundTripD0`
   |
   = help: https://book.getfoundry.sh/reference/forge/forge-lint#mixed-case-function

note[mixed-case-function]: function names should use mixedCase
  --> test/symbolic-run16-uniboost.t.sol:78:14
   |
78 |     function check_scaleRoundTrip_d2() public {
   |              ^^^^^^^^^^^^^^^^^^^^^^^ help: consider using: `checkScaleRoundTripD2`
   |
   = help: https://book.getfoundry.sh/reference/forge/forge-lint#mixed-case-function

note[unused-import]: unused imports should be removed
  --> test/NFTMinterV2.t.sol:10:9
   |
10 | import {Pausable} from "@openzeppelin/contracts/utils/Pausable.sol";
   |         ^^^^^^^^
   |
   = help: https://book.getfoundry.sh/reference/forge/forge-lint#unused-import

note[mixed-case-variable]: mutable variables should use mixedCase
  --> src/hooks/UniboostMintDebtHook.sol:81:68
   |
81 |     constructor(address initialOwner, address dispatcher_, address phUSD_, address primeToken_) Ownable(initialOwner) {
   |                                                                    ^^^^^^ help: consider using: `phUsd_`
   |
   = help: https://book.getfoundry.sh/reference/forge/forge-lint#mixed-case-variable

note[screaming-snake-case-immutable]: immutables should use SCREAMING_SNAKE_CASE
  --> test/Tier3PromotionInvariants.t.sol:64:32
   |
64 |     uint256 internal immutable donationSplit;
   |                                ^^^^^^^^^^^^^ help: consider using: `DONATION_SPLIT`
   |
   = help: https://book.getfoundry.sh/reference/forge/forge-lint#screaming-snake-case-immutable

note[mixed-case-function]: function names should use mixedCase
  --> test/symbolic-run16-uniboost.t.sol:82:14
   |
82 |     function check_scaleRoundTrip_d6() public {
   |              ^^^^^^^^^^^^^^^^^^^^^^^ help: consider using: `checkScaleRoundTripD6`
   |
   = help: https://book.getfoundry.sh/reference/forge/forge-lint#mixed-case-function

note[mixed-case-variable]: mutable variables should use mixedCase
   --> test/run20/mutants/UniPoolerV2_M7_DispatchTouchesPair.sol:160:25
    |
160 |     constructor(address sUSDS_, address phUSD_, address router_, address pair_, address initialOwner)
    |                         ^^^^^^ help: consider using: `sUsds_`
    |
    = help: https://book.getfoundry.sh/reference/forge/forge-lint#mixed-case-variable

note[mixed-case-variable]: mutable variables should use mixedCase
   --> test/MultiPooler.t.sol:171:61
    |
171 |         (uint256 cAmt, uint256 cPair, uint256 cTgt, uint256 cLP) = c.getCall(0);
    |                                                             ^^^ help: consider using: `cLp`
    |
    = help: https://book.getfoundry.sh/reference/forge/forge-lint#mixed-case-variable

note[unwrapped-modifier-logic]: wrap modifier logic to reduce code size
  --> src/hooks/UniboostMintDebtHook.sol:69:5
   |
69 | /     modifier onlyOwnerOrRecipient() {
70 | |         if (msg.sender != owner() && msg.sender != recipient) {
71 | |             revert OnlyOwnerOrRecipient();
...  |
74 | |     }
   | |_____^
   |
help: wrap modifier logic to reduce code size
   |
69 ~     modifier onlyOwnerOrRecipient() {
70 +         _onlyOwnerOrRecipient();
71 +         _;
72 +     }
73 + 
74 +     function _onlyOwnerOrRecipient() internal {
75 +         if (msg.sender != owner() && msg.sender != recipient) {
76 +             revert OnlyOwnerOrRecipient();
77 +         }
78 +     }
   |
   = help: https://book.getfoundry.sh/reference/forge/forge-lint#unwrapped-modifier-logic

note[unwrapped-modifier-logic]: wrap modifier logic to reduce code size
  --> src/MultiPooler.sol:38:5
   |
38 | /     modifier onlyPooler() {
39 | |         require(msg.sender == pooler, "MultiPooler: caller not pooler");
40 | |         _;
41 | |     }
   | |_____^
   |
help: wrap modifier logic to reduce code size
   |
38 ~     modifier onlyPooler() {
39 +         _onlyPooler();
40 +         _;
41 +     }
42 + 
43 +     function _onlyPooler() internal {
44 +         require(msg.sender == pooler, "MultiPooler: caller not pooler");
45 +     }
   |
   = help: https://book.getfoundry.sh/reference/forge/forge-lint#unwrapped-modifier-logic

note[mixed-case-function]: function names should use mixedCase
  --> test/symbolic-run16-uniboost.t.sol:86:14
   |
86 |     function check_scaleRoundTrip_d8() public {
   |              ^^^^^^^^^^^^^^^^^^^^^^^ help: consider using: `checkScaleRoundTripD8`
   |
   = help: https://book.getfoundry.sh/reference/forge/forge-lint#mixed-case-function

note[mixed-case-variable]: mutable variables should use mixedCase
  --> test/symbolic-run16-nudgeratchet.t.sol:41:27
   |
41 |     MockMintNoop internal phUSD;
   |                           ^^^^^ help: consider using: `phUsd`
   |
   = help: https://book.getfoundry.sh/reference/forge/forge-lint#mixed-case-variable

note[mixed-case-variable]: mutable variables should use mixedCase
   --> test/run20/mutants/UniPoolerV2_M7_DispatchTouchesPair.sol:160:41
    |
160 |     constructor(address sUSDS_, address phUSD_, address router_, address pair_, address initialOwner)
    |                                         ^^^^^^ help: consider using: `phUsd_`
    |
    = help: https://book.getfoundry.sh/reference/forge/forge-lint#mixed-case-variable

note[mixed-case-function]: function names should use mixedCase
   --> test/run20/mutants/UniPoolerV2_M7_DispatchTouchesPair.sol:188:14
    |
188 |     function sUSDS() external view returns (address) {
    |              ^^^^^ help: consider using: `sUsds`
    |
    = help: https://book.getfoundry.sh/reference/forge/forge-lint#mixed-case-function

note[mixed-case-function]: function names should use mixedCase
   --> test/run20/mutants/UniPoolerV2_M7_DispatchTouchesPair.sol:193:14
    |
193 |     function phUSD() external view returns (address) {
    |              ^^^^^ help: consider using: `phUsd`
    |
    = help: https://book.getfoundry.sh/reference/forge/forge-lint#mixed-case-function

warning[unsafe-typecast]: typecasts that can truncate values should be checked
  --> test/run19-poc-M-03-retirement-strand.t.sol:73:45
   |
73 |                 _mintThroughRatchet(address(uint160(0x100000 + userNonce++)));
   |                                             ^^^^^^^^^^^^^^^^^^^^^^^^^^^^^^^
   |
   = note: consider disabling this lint if you're certain the cast is safe
           
           // casting to 'uint160' is safe because [explain why]
           // forge-lint: disable-next-line(unsafe-typecast)
           
           
   = help: https://book.getfoundry.sh/reference/forge/forge-lint#unsafe-typecast

note[mixed-case-function]: function names should use mixedCase
  --> test/symbolic-run16-uniboost.t.sol:90:14
   |
90 |     function check_scaleRoundTrip_d12() public {
   |              ^^^^^^^^^^^^^^^^^^^^^^^^ help: consider using: `checkScaleRoundTripD12`
   |
   = help: https://book.getfoundry.sh/reference/forge/forge-lint#mixed-case-function

note[mixed-case-variable]: mutable variables should use mixedCase
  --> test/Tier3PromotionInvariants.t.sol:67:20
   |
67 |     uint256 public ghost_usdcDonated; // exact expected cumulative on batchMinter
   |                    ^^^^^^^^^^^^^^^^^ help: consider using: `ghostUsdcDonated`
   |
   = help: https://book.getfoundry.sh/reference/forge/forge-lint#mixed-case-variable

note[named-struct-fields]: prefer initializing structs with named fields
  --> test/MultiPooler.t.sol:43:20
   |
43 |         calls.push(Recorded(amountIn, minPairOut, minTargetOut, minLP));
   |                    ^^^^^^^^^^^^^^^^^^^^^^^^^^^^^^^^^^^^^^^^^^^^^^^^^^^ help: consider using named fields: `Recorded({ amountIn: amountIn, minPairOut: minPairOut, minTargetOut: minTargetOut, minLP: minLP })`
   |
   = help: https://book.getfoundry.sh/reference/forge/forge-lint#named-struct-fields

note[unwrapped-modifier-logic]: wrap modifier logic to reduce code size
  --> src/BurnRecorder.sol:31:5
   |
31 | /     modifier onlyBurner() {
32 | |         require(_burners[msg.sender], "BurnRecorder: caller is not burner");
33 | |         _;
34 | |     }
   | |_____^
   |
help: wrap modifier logic to reduce code size
   |
31 ~     modifier onlyBurner() {
32 +         _onlyBurner();
33 +         _;
34 +     }
35 + 
36 +     function _onlyBurner() internal {
37 +         require(_burners[msg.sender], "BurnRecorder: caller is not burner");
38 +     }
   |
   = help: https://book.getfoundry.sh/reference/forge/forge-lint#unwrapped-modifier-logic

note[screaming-snake-case-immutable]: immutables should use SCREAMING_SNAKE_CASE
  --> test/MedusaUniboost.sol:18:30
   |
18 |     uint8 internal immutable _decimals;
   |                              ^^^^^^^^^ help: consider using: `_DECIMALS`
   |
   = help: https://book.getfoundry.sh/reference/forge/forge-lint#screaming-snake-case-immutable

note[screaming-snake-case-immutable]: immutables should use SCREAMING_SNAKE_CASE
  --> src/hooks/NudgeRatchetMintDebtHook.sol:45:32
   |
45 |     IMintable public immutable phUSD;
   |                                ^^^^^ help: consider using: `PH_USD`
   |
   = help: https://book.getfoundry.sh/reference/forge/forge-lint#screaming-snake-case-immutable

note[mixed-case-function]: function names should use mixedCase
   --> test/run20/mutants/UniPoolerV2_M7_DispatchTouchesPair.sol:208:14
    |
208 |     function sUSDSIsToken0() external view returns (bool) {
    |              ^^^^^^^^^^^^^ help: consider using: `sUsdsIsToken0`
    |
    = help: https://book.getfoundry.sh/reference/forge/forge-lint#mixed-case-function

note[mixed-case-function]: function names should use mixedCase
  --> test/symbolic-run16-uniboost.t.sol:94:14
   |
94 |     function check_scaleRoundTrip_d18() public {
   |              ^^^^^^^^^^^^^^^^^^^^^^^^ help: consider using: `checkScaleRoundTripD18`
   |
   = help: https://book.getfoundry.sh/reference/forge/forge-lint#mixed-case-function

note[mixed-case-function]: function names should use mixedCase
  --> test/symbolic-run16-nudgeratchet.t.sol:58:14
   |
58 |     function check_noOverMint_live(uint256 amount, uint8 ratioArg) public {
   |              ^^^^^^^^^^^^^^^^^^^^^ help: consider using: `checkNoOverMintLive`
   |
   = help: https://book.getfoundry.sh/reference/forge/forge-lint#mixed-case-function

note[mixed-case-variable]: mutable variables should use mixedCase
  --> test/Tier3PromotionInvariants.t.sol:68:20
   |
68 |     uint256 public ghost_ethDonated; // cumulative ETH sent to disp via receive()
   |                    ^^^^^^^^^^^^^^^^ help: consider using: `ghostEthDonated`
   |
   = help: https://book.getfoundry.sh/reference/forge/forge-lint#mixed-case-variable

note[mixed-case-variable]: mutable variables should use mixedCase
  --> test/Tier3PromotionInvariants.t.sol:69:20
   |
69 |     uint256 public ghost_lastLP; // last observed dispatcher LP balance
   |                    ^^^^^^^^^^^^ help: consider using: `ghostLastLp`
   |
   = help: https://book.getfoundry.sh/reference/forge/forge-lint#mixed-case-variable

note[screaming-snake-case-const]: constants should use SCREAMING_SNAKE_CASE
  --> src/dispatchers/PromotionUniV2_Eth.sol:80:29
   |
80 |     address public constant phUSD = 0xf3B5B661b92B75C71fA5Aba8Fd95D7514A9CD605;
   |                             ^^^^^ help: consider using: `PH_USD`
   |
   = help: https://book.getfoundry.sh/reference/forge/forge-lint#screaming-snake-case-const

note[screaming-snake-case-const]: constants should use SCREAMING_SNAKE_CASE
  --> src/dispatchers/PromotionUniV2_Eth.sol:86:29
   |
86 |     address public constant sUSDS = 0xa3931d71877C0E7a3148CB7Eb4463524FEc27fbD;
   |                             ^^^^^ help: consider using: `S_USDS`
   |
   = help: https://book.getfoundry.sh/reference/forge/forge-lint#screaming-snake-case-const

note[mixed-case-variable]: mutable variables should use mixedCase
  --> test/MedusaUniboost.sol:32:27
   |
32 |     MedusaMintable public phUSD;
   |                           ^^^^^ help: consider using: `phUsd`
   |
   = help: https://book.getfoundry.sh/reference/forge/forge-lint#mixed-case-variable

note[mixed-case-function]: function names should use mixedCase
  --> test/symbolic-run16-nudgeratchet.t.sol:88:14
   |
88 |     function check_noOverMint_narrow16(uint16 amount16, uint8 ratioArg) public pure {
   |              ^^^^^^^^^^^^^^^^^^^^^^^^^ help: consider using: `checkNoOverMintNarrow16`
   |
   = help: https://book.getfoundry.sh/reference/forge/forge-lint#mixed-case-function

note[mixed-case-function]: function names should use mixedCase
   --> test/symbolic-run16-nudgeratchet.t.sol:113:14
    |
113 |     function check_floorIdentity_full(uint256 X) public pure {
    |              ^^^^^^^^^^^^^^^^^^^^^^^^ help: consider using: `checkFloorIdentityFull`
    |
    = help: https://book.getfoundry.sh/reference/forge/forge-lint#mixed-case-function

note[mixed-case-function]: function names should use mixedCase
   --> test/symbolic-run16-nudgeratchet.t.sol:124:14
    |
124 |     function check_zeroRatioZeroDebt(uint256 amount) public {
    |              ^^^^^^^^^^^^^^^^^^^^^^^ help: consider using: `checkZeroRatioZeroDebt`
    |
    = help: https://book.getfoundry.sh/reference/forge/forge-lint#mixed-case-function

note[mixed-case-function]: function names should use mixedCase
   --> test/symbolic-run16-nudgeratchet.t.sol:141:14
    |
141 |     function check_singleScale_narrow(uint32 amount32, uint8 ratioArg) public pure {
    |              ^^^^^^^^^^^^^^^^^^^^^^^^ help: consider using: `checkSingleScaleNarrow`
    |
    = help: https://book.getfoundry.sh/reference/forge/forge-lint#mixed-case-function

note[screaming-snake-case-const]: constants should use SCREAMING_SNAKE_CASE
  --> test/run20/FaithfulUniV2.sol:86:28
   |
86 |     string public constant name = "Uniswap V2";
   |                            ^^^^ help: consider using: `NAME`
   |
   = help: https://book.getfoundry.sh/reference/forge/forge-lint#screaming-snake-case-const

note[screaming-snake-case-immutable]: immutables should use SCREAMING_SNAKE_CASE
   --> src/dispatchers/PromotionUniV2_Eth.sol:114:30
    |
114 |     address public immutable promotionToken;
    |                              ^^^^^^^^^^^^^^ help: consider using: `PROMOTION_TOKEN`
    |
    = help: https://book.getfoundry.sh/reference/forge/forge-lint#screaming-snake-case-immutable

note[screaming-snake-case-immutable]: immutables should use SCREAMING_SNAKE_CASE
  --> test/MedusaUniboost.sol:33:30
   |
33 |     uint256 public immutable scale;
   |                              ^^^^^ help: consider using: `SCALE`
   |
   = help: https://book.getfoundry.sh/reference/forge/forge-lint#screaming-snake-case-immutable

note[mixed-case-function]: function names should use mixedCase
   --> test/run20/mutants/UniPoolerV2_M7_DispatchTouchesPair.sol:252:14
    |
252 |     function setPSM(address newPSM) external onlyOwner {
    |              ^^^^^^ help: consider using: `setPsm`
    |
    = help: https://book.getfoundry.sh/reference/forge/forge-lint#mixed-case-function

note[mixed-case-variable]: mutable variables should use mixedCase
   --> test/run20/mutants/UniPoolerV2_M7_DispatchTouchesPair.sol:252:29
    |
252 |     function setPSM(address newPSM) external onlyOwner {
    |                             ^^^^^^ help: consider using: `newPsm`
    |
    = help: https://book.getfoundry.sh/reference/forge/forge-lint#mixed-case-variable

note[mixed-case-variable]: mutable variables should use mixedCase
  --> test/Tier3PromotionInvariants.t.sol:70:20
   |
70 |     uint256 public ghost_poolSuccess;
   |                    ^^^^^^^^^^^^^^^^^ help: consider using: `ghostPoolSuccess`
   |
   = help: https://book.getfoundry.sh/reference/forge/forge-lint#mixed-case-variable

note[mixed-case-variable]: mutable variables should use mixedCase
  --> test/Tier3PromotionInvariants.t.sol:71:20
   |
71 |     uint256 public ghost_poolReverts;
   |                    ^^^^^^^^^^^^^^^^^ help: consider using: `ghostPoolReverts`
   |
   = help: https://book.getfoundry.sh/reference/forge/forge-lint#mixed-case-variable

note[mixed-case-variable]: mutable variables should use mixedCase
  --> test/MedusaUniboost.sol:38:20
   |
38 |     uint256 public ghost_grossPrimeScaled;
   |                    ^^^^^^^^^^^^^^^^^^^^^^ help: consider using: `ghostGrossPrimeScaled`
   |
   = help: https://book.getfoundry.sh/reference/forge/forge-lint#mixed-case-variable

note[mixed-case-variable]: mutable variables should use mixedCase
  --> src/hooks/NudgeRatchetMintDebtHook.sol:78:68
   |
78 |     constructor(address initialOwner, address dispatcher_, address phUSD_) Ownable(initialOwner) {
   |                                                                    ^^^^^^ help: consider using: `phUsd_`
   |
   = help: https://book.getfoundry.sh/reference/forge/forge-lint#mixed-case-variable

note[mixed-case-variable]: mutable variables should use mixedCase
   --> test/run20/mutants/UniPoolerV2_M7_DispatchTouchesPair.sol:302:17
    |
302 |         uint256 donationUSDS = donationEnabled ? (amount * batchDonationSize) / 100 : 0;
    |                 ^^^^^^^^^^^^ help: consider using: `donationUsds`
    |
    = help: https://book.getfoundry.sh/reference/forge/forge-lint#mixed-case-variable

note[mixed-case-function]: function names should use mixedCase
   --> test/symbolic-run16-uniboost.t.sol:103:14
    |
103 |     function check_deployedScale_d6() public {
    |              ^^^^^^^^^^^^^^^^^^^^^^ help: consider using: `checkDeployedScaleD6`
    |
    = help: https://book.getfoundry.sh/reference/forge/forge-lint#mixed-case-function

note[mixed-case-function]: function names should use mixedCase
   --> test/symbolic-run16-uniboost.t.sol:107:14
    |
107 |     function check_deployedScale_d8() public {
    |              ^^^^^^^^^^^^^^^^^^^^^^ help: consider using: `checkDeployedScaleD8`
    |
    = help: https://book.getfoundry.sh/reference/forge/forge-lint#mixed-case-function

note[mixed-case-variable]: mutable variables should use mixedCase
   --> src/dispatchers/PromotionUniV2_Eth.sol:181:26
    |
181 |     event PSMSet(address newPSM);
    |                          ^^^^^^ help: consider using: `newPsm`
    |
    = help: https://book.getfoundry.sh/reference/forge/forge-lint#mixed-case-variable

note[mixed-case-variable]: mutable variables should use mixedCase
   --> test/run20/mutants/UniPoolerV2_M7_DispatchTouchesPair.sol:303:17
    |
303 |         uint256 poolingUSDS = amount - donationUSDS;
    |                 ^^^^^^^^^^^ help: consider using: `poolingUsds`
    |
    = help: https://book.getfoundry.sh/reference/forge/forge-lint#mixed-case-variable

note[mixed-case-variable]: mutable variables should use mixedCase
   --> test/run20/mutants/UniPoolerV2_M7_DispatchTouchesPair.sol:314:21
    |
314 |             uint256 remainingUSDS = IERC20(_primeToken).balanceOf(address(this));
    |                     ^^^^^^^^^^^^^ help: consider using: `remainingUsds`
    |
    = help: https://book.getfoundry.sh/reference/forge/forge-lint#mixed-case-variable

note[screaming-snake-case-const]: constants should use SCREAMING_SNAKE_CASE
  --> test/run20/FaithfulUniV2.sol:87:28
   |
87 |     string public constant symbol = "UNI-V2";
   |                            ^^^^^^ help: consider using: `SYMBOL`
   |
   = help: https://book.getfoundry.sh/reference/forge/forge-lint#screaming-snake-case-const

note[mixed-case-function]: function names should use mixedCase
   --> test/symbolic-run16-uniboost.t.sol:111:14
    |
111 |     function check_deployedScale_d18() public {
    |              ^^^^^^^^^^^^^^^^^^^^^^^ help: consider using: `checkDeployedScaleD18`
    |
    = help: https://book.getfoundry.sh/reference/forge/forge-lint#mixed-case-function

note[mixed-case-function]: function names should use mixedCase
   --> test/symbolic-run16-uniboost.t.sol:119:14
    |
119 |     function check_singleScale_narrow(uint32 amount32, uint8 ratioArg) public pure {
    |              ^^^^^^^^^^^^^^^^^^^^^^^^ help: consider using: `checkSingleScaleNarrow`
    |
    = help: https://book.getfoundry.sh/reference/forge/forge-lint#mixed-case-function

note[mixed-case-variable]: mutable variables should use mixedCase
  --> test/MedusaUniboost.sol:39:20
   |
39 |     uint256 public ghost_expectedDebt;
   |                    ^^^^^^^^^^^^^^^^^^ help: consider using: `ghostExpectedDebt`
   |
   = help: https://book.getfoundry.sh/reference/forge/forge-lint#mixed-case-variable

note[mixed-case-variable]: mutable variables should use mixedCase
  --> test/MedusaUniboost.sol:40:20
   |
40 |     uint256 public ghost_totalMinted;
   |                    ^^^^^^^^^^^^^^^^^ help: consider using: `ghostTotalMinted`
   |
   = help: https://book.getfoundry.sh/reference/forge/forge-lint#mixed-case-variable

note[unwrapped-modifier-logic]: wrap modifier logic to reduce code size
  --> src/hooks/NudgeRatchetMintDebtHook.sol:68:5
   |
68 | /     modifier onlyOwnerOrRecipient() {
69 | |         if (msg.sender != owner() && msg.sender != recipient) {
70 | |             revert OnlyOwnerOrRecipient();
...  |
73 | |     }
   | |_____^
   |
help: wrap modifier logic to reduce code size
   |
68 ~     modifier onlyOwnerOrRecipient() {
69 +         _onlyOwnerOrRecipient();
70 +         _;
71 +     }
72 + 
73 +     function _onlyOwnerOrRecipient() internal {
74 +         if (msg.sender != owner() && msg.sender != recipient) {
75 +             revert OnlyOwnerOrRecipient();
76 +         }
77 +     }
   |
   = help: https://book.getfoundry.sh/reference/forge/forge-lint#unwrapped-modifier-logic

note[mixed-case-function]: function names should use mixedCase
   --> test/symbolic-run16-uniboost.t.sol:135:14
    |
135 |     function check_setRatioInclusiveBound(uint8 newRatio) public {
    |              ^^^^^^^^^^^^^^^^^^^^^^^^^^^^ help: consider using: `checkSetRatioInclusiveBound`
    |
    = help: https://book.getfoundry.sh/reference/forge/forge-lint#mixed-case-function

note[screaming-snake-case-immutable]: immutables should use SCREAMING_SNAKE_CASE
  --> src/hooks/BalancerPoolerMintDebtHook.sol:34:32
   |
34 |     IMintable public immutable phUSD;
   |                                ^^^^^ help: consider using: `PH_USD`
   |
   = help: https://book.getfoundry.sh/reference/forge/forge-lint#screaming-snake-case-immutable

note[mixed-case-variable]: mutable variables should use mixedCase
  --> test/MedusaUniboost.sol:41:20
   |
41 |     uint256 public ghost_expectedTotalMinted;
   |                    ^^^^^^^^^^^^^^^^^^^^^^^^^ help: consider using: `ghostExpectedTotalMinted`
   |
   = help: https://book.getfoundry.sh/reference/forge/forge-lint#mixed-case-variable

note[mixed-case-function]: function names should use mixedCase
   --> test/symbolic-run16-nudgeratchet.t.sol:169:14
    |
169 |     function check_setRatioInclusiveBound(uint8 newRatio) public {
    |              ^^^^^^^^^^^^^^^^^^^^^^^^^^^^ help: consider using: `checkSetRatioInclusiveBound`
    |
    = help: https://book.getfoundry.sh/reference/forge/forge-lint#mixed-case-function

note[screaming-snake-case-const]: constants should use SCREAMING_SNAKE_CASE
  --> test/run20/FaithfulUniV2.sol:88:27
   |
88 |     uint8 public constant decimals = 18;
   |                           ^^^^^^^^ help: consider using: `DECIMALS`
   |
   = help: https://book.getfoundry.sh/reference/forge/forge-lint#screaming-snake-case-const

note[mixed-case-variable]: mutable variables should use mixedCase
   --> test/run20/mutants/UniPoolerV2_M7_DispatchTouchesPair.sol:388:27
    |
388 |     function pool(uint256 sUSDSIn, uint256 minPhusdOut, uint256 minLP)
    |                           ^^^^^^^ help: consider using: `sUsdsIn`
    |
    = help: https://book.getfoundry.sh/reference/forge/forge-lint#mixed-case-variable

note[screaming-snake-case-immutable]: immutables should use SCREAMING_SNAKE_CASE
  --> test/InvariantUniboost.t.sol:12:30
   |
12 |     uint8 internal immutable _decimals;
   |                              ^^^^^^^^^ help: consider using: `_DECIMALS`
   |
   = help: https://book.getfoundry.sh/reference/forge/forge-lint#screaming-snake-case-immutable

note[mixed-case-function]: function names should use mixedCase
   --> src/dispatchers/PromotionUniV2_Eth.sol:306:14
    |
306 |     function withdrawWBTC(address to, uint256 amount) external onlyInsurer {
    |              ^^^^^^^^^^^^ help: consider using: `withdrawWbtc`
    |
    = help: https://book.getfoundry.sh/reference/forge/forge-lint#mixed-case-function

note[mixed-case-variable]: mutable variables should use mixedCase
  --> test/Tier3PromotionInvariants.t.sol:72:20
   |
72 |     uint256 public ghost_dispatches;
   |                    ^^^^^^^^^^^^^^^^ help: consider using: `ghostDispatches`
   |
   = help: https://book.getfoundry.sh/reference/forge/forge-lint#mixed-case-variable

note[screaming-snake-case-immutable]: immutables should use SCREAMING_SNAKE_CASE
  --> test/mocks/MockSkyPSM.sol:26:29
   |
26 |     IERC20 public immutable usdsToken; // USDS (18dp)
   |                             ^^^^^^^^^ help: consider using: `USDS_TOKEN`
   |
   = help: https://book.getfoundry.sh/reference/forge/forge-lint#screaming-snake-case-immutable

note[screaming-snake-case-immutable]: immutables should use SCREAMING_SNAKE_CASE
  --> test/mocks/MockSkyPSM.sol:27:29
   |
27 |     IERC20 public immutable gemToken; // USDC (6dp)
   |                             ^^^^^^^^ help: consider using: `GEM_TOKEN`
   |
   = help: https://book.getfoundry.sh/reference/forge/forge-lint#screaming-snake-case-immutable

note[screaming-snake-case-immutable]: immutables should use SCREAMING_SNAKE_CASE
  --> test/mocks/MockSkyPSM.sol:29:30
   |
29 |     uint256 public immutable to18ConversionFactor; // 1e12 for USDC
   |                              ^^^^^^^^^^^^^^^^^^^^ help: consider using: `TO18_CONVERSION_FACTOR`
   |
   = help: https://book.getfoundry.sh/reference/forge/forge-lint#screaming-snake-case-immutable

note[mixed-case-variable]: mutable variables should use mixedCase
   --> test/run20/mutants/UniPoolerV2_M7_DispatchTouchesPair.sol:388:65
    |
388 |     function pool(uint256 sUSDSIn, uint256 minPhusdOut, uint256 minLP)
    |                                                                 ^^^^^ help: consider using: `minLp`
    |
    = help: https://book.getfoundry.sh/reference/forge/forge-lint#mixed-case-variable

note[mixed-case-variable]: mutable variables should use mixedCase
   --> test/run20/mutants/UniPoolerV2_M7_DispatchTouchesPair.sol:413:17
    |
413 |         uint256 sUSDSRemaining = sUSDSIn - s;
    |                 ^^^^^^^^^^^^^^ help: consider using: `sUsdsRemaining`
    |
    = help: https://book.getfoundry.sh/reference/forge/forge-lint#mixed-case-variable

note[mixed-case-variable]: mutable variables should use mixedCase
   --> test/run20/mutants/UniPoolerV2_M7_DispatchTouchesPair.sol:435:32
    |
435 |     function quotePool(uint256 sUSDSIn) external view returns (uint256 swapIn, uint256 phusdOut, uint256 expectedLP) {
    |                                ^^^^^^^ help: consider using: `sUsdsIn`
    |
    = help: https://book.getfoundry.sh/reference/forge/forge-lint#mixed-case-variable

note[screaming-snake-case-immutable]: immutables should use SCREAMING_SNAKE_CASE
  --> test/InvariantUniboost.t.sol:29:43
   |
29 |     UniboostMintDebtHook public immutable hook;
   |                                           ^^^^ help: consider using: `HOOK`
   |
   = help: https://book.getfoundry.sh/reference/forge/forge-lint#screaming-snake-case-immutable

note[screaming-snake-case-immutable]: immutables should use SCREAMING_SNAKE_CASE
  --> test/InvariantUniboost.t.sol:30:35
   |
30 |     MockMintable public immutable phUSD;
   |                                   ^^^^^ help: consider using: `PH_USD`
   |
   = help: https://book.getfoundry.sh/reference/forge/forge-lint#screaming-snake-case-immutable

note[mixed-case-function]: function names should use mixedCase
   --> src/dispatchers/PromotionUniV2_Eth.sol:313:14
    |
313 |     function setPSM(address newPSM) external onlyOwner {
    |              ^^^^^^ help: consider using: `setPsm`
    |
    = help: https://book.getfoundry.sh/reference/forge/forge-lint#mixed-case-function

note[mixed-case-variable]: mutable variables should use mixedCase
   --> test/run20/mutants/UniPoolerV2_M7_DispatchTouchesPair.sol:435:106
    |
435 |     function quotePool(uint256 sUSDSIn) external view returns (uint256 swapIn, uint256 phusdOut, uint256 expectedLP) {
    |                                                                                                          ^^^^^^^^^^ help: consider using: `expectedLp`
    |
    = help: https://book.getfoundry.sh/reference/forge/forge-lint#mixed-case-variable

note[screaming-snake-case-const]: constants should use SCREAMING_SNAKE_CASE
  --> test/run19-T5-LegBUnboundedEth.t.sol:45:31
   |
45 |     address internal constant phUSD = 0xf3B5B661b92B75C71fA5Aba8Fd95D7514A9CD605;
   |                               ^^^^^ help: consider using: `PH_USD`
   |
   = help: https://book.getfoundry.sh/reference/forge/forge-lint#screaming-snake-case-const

note[screaming-snake-case-const]: constants should use SCREAMING_SNAKE_CASE
   --> test/run20/FaithfulUniV2.sol:318:28
    |
318 |     string public constant name = "Wrapped Ether";
    |                            ^^^^ help: consider using: `NAME`
    |
    = help: https://book.getfoundry.sh/reference/forge/forge-lint#screaming-snake-case-const

note[screaming-snake-case-immutable]: immutables should use SCREAMING_SNAKE_CASE
  --> test/InvariantUniboost.t.sol:31:30
   |
31 |     uint256 public immutable scale; // 10 ** (18 - decimals)
   |                              ^^^^^ help: consider using: `SCALE`
   |
   = help: https://book.getfoundry.sh/reference/forge/forge-lint#screaming-snake-case-immutable

note[mixed-case-variable]: mutable variables should use mixedCase
  --> src/hooks/BalancerPoolerMintDebtHook.sol:66:68
   |
66 |     constructor(address initialOwner, address dispatcher_, address phUSD_) Ownable(initialOwner) {
   |                                                                    ^^^^^^ help: consider using: `phUsd_`
   |
   = help: https://book.getfoundry.sh/reference/forge/forge-lint#mixed-case-variable

note[screaming-snake-case-immutable]: immutables should use SCREAMING_SNAKE_CASE
  --> test/mocks/MockUniV2Amm.sol:18:30
   |
18 |     address public immutable token0;
   |                              ^^^^^^ help: consider using: `TOKEN0`
   |
   = help: https://book.getfoundry.sh/reference/forge/forge-lint#screaming-snake-case-immutable

note[mixed-case-variable]: mutable variables should use mixedCase
  --> test/InvariantUniboost.t.sol:38:20
   |
38 |     uint256 public ghost_grossPrimeScaled;
   |                    ^^^^^^^^^^^^^^^^^^^^^^ help: consider using: `ghostGrossPrimeScaled`
   |
   = help: https://book.getfoundry.sh/reference/forge/forge-lint#mixed-case-variable

note[screaming-snake-case-const]: constants should use SCREAMING_SNAKE_CASE
  --> test/run20/mutants/PromotionUniV2_Eth_MD_SusdsResidual.sol:81:29
   |
81 |     address public constant phUSD = 0xf3B5B661b92B75C71fA5Aba8Fd95D7514A9CD605;
   |                             ^^^^^ help: consider using: `PH_USD`
   |
   = help: https://book.getfoundry.sh/reference/forge/forge-lint#screaming-snake-case-const

note[screaming-snake-case-const]: constants should use SCREAMING_SNAKE_CASE
  --> test/run20/mutants/PromotionUniV2_Eth_MD_SusdsResidual.sol:87:29
   |
87 |     address public constant sUSDS = 0xa3931d71877C0E7a3148CB7Eb4463524FEc27fbD;
   |                             ^^^^^ help: consider using: `S_USDS`
   |
   = help: https://book.getfoundry.sh/reference/forge/forge-lint#screaming-snake-case-const

note[screaming-snake-case-immutable]: immutables should use SCREAMING_SNAKE_CASE
  --> test/mocks/MockUniV2Amm.sol:19:30
   |
19 |     address public immutable token1;
   |                              ^^^^^^ help: consider using: `TOKEN1`
   |
   = help: https://book.getfoundry.sh/reference/forge/forge-lint#screaming-snake-case-immutable

note[mixed-case-variable]: mutable variables should use mixedCase
  --> test/InvariantUniboost.t.sol:40:20
   |
40 |     uint256 public ghost_expectedDebt;
   |                    ^^^^^^^^^^^^^^^^^^ help: consider using: `ghostExpectedDebt`
   |
   = help: https://book.getfoundry.sh/reference/forge/forge-lint#mixed-case-variable

note[mixed-case-variable]: mutable variables should use mixedCase
  --> test/Tier3PromotionInvariants.t.sol:73:20
   |
73 |     uint256 public ghost_ethDonations;
   |                    ^^^^^^^^^^^^^^^^^^ help: consider using: `ghostEthDonations`
   |
   = help: https://book.getfoundry.sh/reference/forge/forge-lint#mixed-case-variable

note[mixed-case-variable]: mutable variables should use mixedCase
  --> test/Tier3PromotionInvariants.t.sol:77:17
   |
77 |         address _USDC,
   |                 ^^^^^ help: consider using: `_usdc`
   |
   = help: https://book.getfoundry.sh/reference/forge/forge-lint#mixed-case-variable

note[screaming-snake-case-immutable]: immutables should use SCREAMING_SNAKE_CASE
   --> test/run20/mutants/PromotionUniV2_Eth_MD_SusdsResidual.sol:115:30
    |
115 |     address public immutable promotionToken;
    |                              ^^^^^^^^^^^^^^ help: consider using: `PROMOTION_TOKEN`
    |
    = help: https://book.getfoundry.sh/reference/forge/forge-lint#screaming-snake-case-immutable

note[screaming-snake-case-immutable]: immutables should use SCREAMING_SNAKE_CASE
  --> test/mocks/MockUniV2Amm.sol:83:39
   |
83 |     MockUniV2AmmPair public immutable pair;
   |                                       ^^^^ help: consider using: `PAIR`
   |
   = help: https://book.getfoundry.sh/reference/forge/forge-lint#screaming-snake-case-immutable

note[unwrapped-modifier-logic]: wrap modifier logic to reduce code size
  --> src/hooks/BalancerPoolerMintDebtHook.sol:56:5
   |
56 | /     modifier onlyOwnerOrRecipient() {
57 | |         if (msg.sender != owner() && msg.sender != recipient) {
58 | |             revert OnlyOwnerOrRecipient();
...  |
61 | |     }
   | |_____^
   |
help: wrap modifier logic to reduce code size
   |
56 ~     modifier onlyOwnerOrRecipient() {
57 +         _onlyOwnerOrRecipient();
58 +         _;
59 +     }
60 + 
61 +     function _onlyOwnerOrRecipient() internal {
62 +         if (msg.sender != owner() && msg.sender != recipient) {
63 +             revert OnlyOwnerOrRecipient();
64 +         }
65 +     }
   |
   = help: https://book.getfoundry.sh/reference/forge/forge-lint#unwrapped-modifier-logic

note[mixed-case-variable]: mutable variables should use mixedCase
  --> test/Tier3PromotionInvariants.t.sol:78:17
   |
78 |         address _phUSD,
   |                 ^^^^^^ help: consider using: `_phUsd`
   |
   = help: https://book.getfoundry.sh/reference/forge/forge-lint#mixed-case-variable

note[mixed-case-variable]: mutable variables should use mixedCase
   --> src/dispatchers/PromotionUniV2_Eth.sol:313:29
    |
313 |     function setPSM(address newPSM) external onlyOwner {
    |                             ^^^^^^ help: consider using: `newPsm`
    |
    = help: https://book.getfoundry.sh/reference/forge/forge-lint#mixed-case-variable

note[screaming-snake-case-immutable]: immutables should use SCREAMING_SNAKE_CASE
  --> test/run20/mutants/UniPoolerV2_M2_LeakAllowance.sol:75:32
   |
75 |     address internal immutable _sUSDS;
   |                                ^^^^^^ help: consider using: `_S_USDS`
   |
   = help: https://book.getfoundry.sh/reference/forge/forge-lint#screaming-snake-case-immutable

note[screaming-snake-case-immutable]: immutables should use SCREAMING_SNAKE_CASE
  --> test/run20/mutants/UniPoolerV2_M2_LeakAllowance.sol:76:32
   |
76 |     address internal immutable _primeToken;
   |                                ^^^^^^^^^^^ help: consider using: `_PRIME_TOKEN`
   |
   = help: https://book.getfoundry.sh/reference/forge/forge-lint#screaming-snake-case-immutable

note[screaming-snake-case-immutable]: immutables should use SCREAMING_SNAKE_CASE
  --> test/run20/mutants/UniPoolerV2_M2_LeakAllowance.sol:77:32
   |
77 |     address internal immutable _phUSD;
   |                                ^^^^^^ help: consider using: `_PH_USD`
   |
   = help: https://book.getfoundry.sh/reference/forge/forge-lint#screaming-snake-case-immutable

note[mixed-case-variable]: mutable variables should use mixedCase
   --> src/dispatchers/PromotionUniV2_Eth.sol:419:17
    |
419 |         uint256 minLP
    |                 ^^^^^ help: consider using: `minLp`
    |
    = help: https://book.getfoundry.sh/reference/forge/forge-lint#mixed-case-variable

warning[erc20-unchecked-transfer]: ERC20 'transfer' and 'transferFrom' calls should check the return value
  --> test/mocks/MockERC4626.sol:28:9
   |
28 |         IERC20(_asset).transferFrom(msg.sender, address(this), assets);
   |         ^^^^^^^^^^^^^^^^^^^^^^^^^^^^^^^^^^^^^^^^^^^^^^^^^^^^^^^^^^^^^^
   |
   = help: https://book.getfoundry.sh/reference/forge/forge-lint#erc20-unchecked-transfer

note[screaming-snake-case-immutable]: immutables should use SCREAMING_SNAKE_CASE
  --> src/dispatchers/NudgeRatchetDelayRelease.sol:41:32
   |
41 |     address internal immutable _token;
   |                                ^^^^^^ help: consider using: `_TOKEN`
   |
   = help: https://book.getfoundry.sh/reference/forge/forge-lint#screaming-snake-case-immutable

note[screaming-snake-case-const]: constants should use SCREAMING_SNAKE_CASE
   --> test/Tier3PromotionInvariants.t.sol:145:31
    |
145 |     address internal constant phUSD = 0xf3B5B661b92B75C71fA5Aba8Fd95D7514A9CD605;
    |                               ^^^^^ help: consider using: `PH_USD`
    |
    = help: https://book.getfoundry.sh/reference/forge/forge-lint#screaming-snake-case-const

note[mixed-case-variable]: mutable variables should use mixedCase
   --> test/run20/mutants/PromotionUniV2_Eth_MD_SusdsResidual.sol:182:26
    |
182 |     event PSMSet(address newPSM);
    |                          ^^^^^^ help: consider using: `newPsm`
    |
    = help: https://book.getfoundry.sh/reference/forge/forge-lint#mixed-case-variable

note[screaming-snake-case-immutable]: immutables should use SCREAMING_SNAKE_CASE
  --> test/run20/mutants/UniPoolerV2_M2_LeakAllowance.sol:78:31
   |
78 |     address private immutable _router;
   |                               ^^^^^^^ help: consider using: `_ROUTER`
   |
   = help: https://book.getfoundry.sh/reference/forge/forge-lint#screaming-snake-case-immutable

note[screaming-snake-case-immutable]: immutables should use SCREAMING_SNAKE_CASE
  --> test/run20/mutants/UniPoolerV2_M2_LeakAllowance.sol:79:31
   |
79 |     address private immutable _pair;
   |                               ^^^^^ help: consider using: `_PAIR`
   |
   = help: https://book.getfoundry.sh/reference/forge/forge-lint#screaming-snake-case-immutable

note[unwrapped-modifier-logic]: wrap modifier logic to reduce code size
  --> src/dispatchers/NudgeRatchetDelayRelease.sol:62:5
   |
62 | /     modifier onlyReleaser() {
63 | |         require(releasers[msg.sender], "NudgeRatchetDelayRelease: caller is not releaser");
64 | |         _;
65 | |     }
   | |_____^
   |
help: wrap modifier logic to reduce code size
   |
62 ~     modifier onlyReleaser() {
63 +         _onlyReleaser();
64 +         _;
65 +     }
66 + 
67 +     function _onlyReleaser() internal {
68 +         require(releasers[msg.sender], "NudgeRatchetDelayRelease: caller is not releaser");
69 +     }
   |
   = help: https://book.getfoundry.sh/reference/forge/forge-lint#unwrapped-modifier-logic

note[screaming-snake-case-const]: constants should use SCREAMING_SNAKE_CASE
   --> test/run20/FaithfulUniV2.sol:319:28
    |
319 |     string public constant symbol = "WETH";
    |                            ^^^^^^ help: consider using: `SYMBOL`
    |
    = help: https://book.getfoundry.sh/reference/forge/forge-lint#screaming-snake-case-const

note[mixed-case-variable]: mutable variables should use mixedCase
   --> src/dispatchers/PromotionUniV2_Eth.sol:459:46
    |
459 |     function _addPhusdPromoLiquidity(uint256 minLP) internal returns (uint256 liquidity) {
    |                                              ^^^^^ help: consider using: `minLp`
    |
    = help: https://book.getfoundry.sh/reference/forge/forge-lint#mixed-case-variable

note[screaming-snake-case-immutable]: immutables should use SCREAMING_SNAKE_CASE
  --> test/mocks/MockERC4626Wrapper.sol:17:31
   |
17 |     address private immutable _asset;
   |                               ^^^^^^ help: consider using: `_ASSET`
   |
   = help: https://book.getfoundry.sh/reference/forge/forge-lint#screaming-snake-case-immutable

note[mixed-case-variable]: mutable variables should use mixedCase
  --> test/InvariantUniboost.t.sol:42:20
   |
42 |     uint256 public ghost_totalMinted;
   |                    ^^^^^^^^^^^^^^^^^ help: consider using: `ghostTotalMinted`
   |
   = help: https://book.getfoundry.sh/reference/forge/forge-lint#mixed-case-variable

note[mixed-case-variable]: mutable variables should use mixedCase
  --> test/InvariantUniboost.t.sol:44:20
   |
44 |     uint256 public ghost_expectedTotalMinted;
   |                    ^^^^^^^^^^^^^^^^^^^^^^^^^ help: consider using: `ghostExpectedTotalMinted`
   |
   = help: https://book.getfoundry.sh/reference/forge/forge-lint#mixed-case-variable

note[mixed-case-variable]: mutable variables should use mixedCase
  --> test/InvariantUniboost.t.sol:46:20
   |
46 |     uint256 public ghost_lastDebt;
   |                    ^^^^^^^^^^^^^^ help: consider using: `ghostLastDebt`
   |
   = help: https://book.getfoundry.sh/reference/forge/forge-lint#mixed-case-variable

note[mixed-case-function]: function names should use mixedCase
   --> test/run20/mutants/PromotionUniV2_Eth_MD_SusdsResidual.sol:307:14
    |
307 |     function withdrawWBTC(address to, uint256 amount) external onlyInsurer {
    |              ^^^^^^^^^^^^ help: consider using: `withdrawWbtc`
    |
    = help: https://book.getfoundry.sh/reference/forge/forge-lint#mixed-case-function

note[mixed-case-function]: function names should use mixedCase
   --> test/run20/mutants/PromotionUniV2_Eth_MD_SusdsResidual.sol:314:14
    |
314 |     function setPSM(address newPSM) external onlyOwner {
    |              ^^^^^^ help: consider using: `setPsm`
    |
    = help: https://book.getfoundry.sh/reference/forge/forge-lint#mixed-case-function

note[mixed-case-variable]: mutable variables should use mixedCase
   --> test/run20/mutants/PromotionUniV2_Eth_MD_SusdsResidual.sol:314:29
    |
314 |     function setPSM(address newPSM) external onlyOwner {
    |                             ^^^^^^ help: consider using: `newPsm`
    |
    = help: https://book.getfoundry.sh/reference/forge/forge-lint#mixed-case-variable

note[mixed-case-variable]: mutable variables should use mixedCase
   --> test/integration/NudgeStreamerDonorIntegration.t.sol:107:27
    |
107 |     MockMintable internal phUSD;
    |                           ^^^^^ help: consider using: `phUsd`
    |
    = help: https://book.getfoundry.sh/reference/forge/forge-lint#mixed-case-variable

note[screaming-snake-case-const]: constants should use SCREAMING_SNAKE_CASE
   --> test/run20/FaithfulUniV2.sol:320:27
    |
320 |     uint8 public constant decimals = 18;
    |                           ^^^^^^^^ help: consider using: `DECIMALS`
    |
    = help: https://book.getfoundry.sh/reference/forge/forge-lint#screaming-snake-case-const

note[screaming-snake-case-immutable]: immutables should use SCREAMING_SNAKE_CASE
  --> test/run20/mutants/UniPoolerV2_M2_LeakAllowance.sol:80:28
   |
80 |     bool private immutable _sUSDSIsToken0;
   |                            ^^^^^^^^^^^^^^ help: consider using: `_S_USDS_IS_TOKEN0`
   |
   = help: https://book.getfoundry.sh/reference/forge/forge-lint#screaming-snake-case-immutable

note[mixed-case-function]: function names should use mixedCase
   --> src/dispatchers/PromotionUniV2_Eth.sol:556:14
    |
556 |     function rescueETH(address to, uint256 amount) external onlyOwner {
    |              ^^^^^^^^^ help: consider using: `rescueEth`
    |
    = help: https://book.getfoundry.sh/reference/forge/forge-lint#mixed-case-function

note[screaming-snake-case-immutable]: immutables should use SCREAMING_SNAKE_CASE
  --> src/dispatchers/Uniboost.sol:61:31
   |
61 |     address private immutable _primeToken;
   |                               ^^^^^^^^^^^ help: consider using: `_PRIME_TOKEN`
   |
   = help: https://book.getfoundry.sh/reference/forge/forge-lint#screaming-snake-case-immutable

note[mixed-case-variable]: mutable variables should use mixedCase
  --> test/InvariantUniboost.t.sol:48:17
   |
48 |     bool public ghost_pulledSinceObserve;
   |                 ^^^^^^^^^^^^^^^^^^^^^^^^ help: consider using: `ghostPulledSinceObserve`
   |
   = help: https://book.getfoundry.sh/reference/forge/forge-lint#mixed-case-variable

note[mixed-case-variable]: mutable variables should use mixedCase
   --> test/integration/NudgeStreamerDonorIntegration.t.sol:398:17
    |
398 |         uint256 donationUSDC = 100e6;
    |                 ^^^^^^^^^^^^ help: consider using: `donationUsdc`
    |
    = help: https://book.getfoundry.sh/reference/forge/forge-lint#mixed-case-variable

note[mixed-case-variable]: mutable variables should use mixedCase
   --> test/run20/mutants/UniPoolerV2_M2_LeakAllowance.sol:115:50
    |
115 |     event Pooled(address indexed pooler, uint256 sUSDSIn, uint256 swapIn, uint256 phusdOut, uint256 liquidity);
    |                                                  ^^^^^^^ help: consider using: `sUsdsIn`
    |
    = help: https://book.getfoundry.sh/reference/forge/forge-lint#mixed-case-variable

note[screaming-snake-case-immutable]: immutables should use SCREAMING_SNAKE_CASE
  --> src/dispatchers/Uniboost.sol:62:31
   |
62 |     address private immutable _router;
   |                               ^^^^^^^ help: consider using: `_ROUTER`
   |
   = help: https://book.getfoundry.sh/reference/forge/forge-lint#screaming-snake-case-immutable

note[screaming-snake-case-immutable]: immutables should use SCREAMING_SNAKE_CASE
  --> test/mocks/MockERC4626Wrapper.sol:18:29
   |
18 |     uint8 private immutable _decimals;
   |                             ^^^^^^^^^ help: consider using: `_DECIMALS`
   |
   = help: https://book.getfoundry.sh/reference/forge/forge-lint#screaming-snake-case-immutable

note[screaming-snake-case-immutable]: immutables should use SCREAMING_SNAKE_CASE
   --> test/run20/FaithfulUniV2.sol:372:30
    |
372 |     address public immutable factory;
    |                              ^^^^^^^ help: consider using: `FACTORY`
    |
    = help: https://book.getfoundry.sh/reference/forge/forge-lint#screaming-snake-case-immutable

note[mixed-case-variable]: mutable variables should use mixedCase
   --> test/run20/FaithfulUniV2.sol:383:43
    |
383 |     constructor(address _factory, address _WETH) {
    |                                           ^^^^^ help: consider using: `_weth`
    |
    = help: https://book.getfoundry.sh/reference/forge/forge-lint#mixed-case-variable

note[unwrapped-modifier-logic]: wrap modifier logic to reduce code size
   --> src/dispatchers/PromotionUniV2_Eth.sol:188:5
    |
188 | /     modifier onlyAuthorizedPooler() {
189 | |         require(poolerAuthVersion[msg.sender] == authVersion, "PromotionUniV2_Eth: caller not authorized pooler");
190 | |         _;
191 | |     }
    | |_____^
    |
help: wrap modifier logic to reduce code size
    |
188 ~     modifier onlyAuthorizedPooler() {
189 +         _onlyAuthorizedPooler();
190 +         _;
191 +     }
192 + 
193 +     function _onlyAuthorizedPooler() internal {
194 +         require(poolerAuthVersion[msg.sender] == authVersion, "PromotionUniV2_Eth: caller not authorized pooler");
195 +     }
    |
    = help: https://book.getfoundry.sh/reference/forge/forge-lint#unwrapped-modifier-logic

note[mixed-case-variable]: mutable variables should use mixedCase
   --> test/run20/mutants/UniPoolerV2_M2_LeakAllowance.sol:119:26
    |
119 |     event PSMSet(address newPSM);
    |                          ^^^^^^ help: consider using: `newPsm`
    |
    = help: https://book.getfoundry.sh/reference/forge/forge-lint#mixed-case-variable

note[mixed-case-variable]: mutable variables should use mixedCase
   --> test/run20/mutants/UniPoolerV2_M2_LeakAllowance.sol:147:66
    |
147 |     error UniPoolerV2__InsufficientLP(uint256 liquidity, uint256 minLP);
    |                                                                  ^^^^^ help: consider using: `minLp`
    |
    = help: https://book.getfoundry.sh/reference/forge/forge-lint#mixed-case-variable

warning[erc20-unchecked-transfer]: ERC20 'transfer' and 'transferFrom' calls should check the return value
  --> test/mocks/MockERC4626Wrapper.sol:53:9
   |
53 |         IERC20(_asset).transfer(receiver, assets);
   |         ^^^^^^^^^^^^^^^^^^^^^^^^^^^^^^^^^^^^^^^^^
   |
   = help: https://book.getfoundry.sh/reference/forge/forge-lint#erc20-unchecked-transfer

note[mixed-case-variable]: mutable variables should use mixedCase
    --> test/BalancerPoolerV2.t.sol:1019:22
     |
1019 |         MockMintable phUSD = new MockMintable();
     |                      ^^^^^ help: consider using: `phUsd`
     |
     = help: https://book.getfoundry.sh/reference/forge/forge-lint#mixed-case-variable

note[mixed-case-function]: function names should use mixedCase
   --> test/run20/FaithfulUniV2.sol:445:14
    |
445 |     function _safeTransferETH(address to, uint256 value) internal {
    |              ^^^^^^^^^^^^^^^^ help: consider using: `_safeTransferEth`
    |
    = help: https://book.getfoundry.sh/reference/forge/forge-lint#mixed-case-function

note[unwrapped-modifier-logic]: wrap modifier logic to reduce code size
   --> src/dispatchers/PromotionUniV2_Eth.sol:193:5
    |
193 | /     modifier onlyInsurer() {
194 | |         require(msg.sender == insurer, "PromotionUniV2_Eth: not insurer");
195 | |         _;
196 | |     }
    | |_____^
    |
help: wrap modifier logic to reduce code size
    |
193 ~     modifier onlyInsurer() {
194 +         _onlyInsurer();
195 +         _;
196 +     }
197 + 
198 +     function _onlyInsurer() internal {
199 +         require(msg.sender == insurer, "PromotionUniV2_Eth: not insurer");
200 +     }
    |
    = help: https://book.getfoundry.sh/reference/forge/forge-lint#unwrapped-modifier-logic

note[unused-import]: unused imports should be removed
 --> test/integration/NudgeStreamerDonorIntegration.t.sol:6:9
  |
6 | import {IERC20} from "@openzeppelin/contracts/token/ERC20/IERC20.sol";
  |         ^^^^^^
  |
  = help: https://book.getfoundry.sh/reference/forge/forge-lint#unused-import

note[mixed-case-variable]: mutable variables should use mixedCase
   --> test/run20/mutants/PromotionUniV2_Eth_MD_SusdsResidual.sol:420:17
    |
420 |         uint256 minLP
    |                 ^^^^^ help: consider using: `minLp`
    |
    = help: https://book.getfoundry.sh/reference/forge/forge-lint#mixed-case-variable

note[mixed-case-variable]: mutable variables should use mixedCase
    --> test/BalancerPoolerV2.t.sol:1044:22
     |
1044 |         MockMintable phUSD = new MockMintable();
     |                      ^^^^^ help: consider using: `phUsd`
     |
     = help: https://book.getfoundry.sh/reference/forge/forge-lint#mixed-case-variable

note[mixed-case-variable]: mutable variables should use mixedCase
   --> test/run20/mutants/UniPoolerV2_M2_LeakAllowance.sol:160:25
    |
160 |     constructor(address sUSDS_, address phUSD_, address router_, address pair_, address initialOwner)
    |                         ^^^^^^ help: consider using: `sUsds_`
    |
    = help: https://book.getfoundry.sh/reference/forge/forge-lint#mixed-case-variable

note[mixed-case-variable]: mutable variables should use mixedCase
   --> test/run20/mutants/UniPoolerV2_M2_LeakAllowance.sol:160:41
    |
160 |     constructor(address sUSDS_, address phUSD_, address router_, address pair_, address initialOwner)
    |                                         ^^^^^^ help: consider using: `phUsd_`
    |
    = help: https://book.getfoundry.sh/reference/forge/forge-lint#mixed-case-variable

note[mixed-case-function]: function names should use mixedCase
   --> test/run20/mutants/UniPoolerV2_M2_LeakAllowance.sol:188:14
    |
188 |     function sUSDS() external view returns (address) {
    |              ^^^^^ help: consider using: `sUsds`
    |
    = help: https://book.getfoundry.sh/reference/forge/forge-lint#mixed-case-function

note[mixed-case-function]: function names should use mixedCase
   --> test/run20/mutants/UniPoolerV2_M2_LeakAllowance.sol:193:14
    |
193 |     function phUSD() external view returns (address) {
    |              ^^^^^ help: consider using: `phUsd`
    |
    = help: https://book.getfoundry.sh/reference/forge/forge-lint#mixed-case-function

note[mixed-case-function]: function names should use mixedCase
   --> test/run20/mutants/UniPoolerV2_M2_LeakAllowance.sol:208:14
    |
208 |     function sUSDSIsToken0() external view returns (bool) {
    |              ^^^^^^^^^^^^^ help: consider using: `sUsdsIsToken0`
    |
    = help: https://book.getfoundry.sh/reference/forge/forge-lint#mixed-case-function

note[mixed-case-function]: function names should use mixedCase
    --> test/BalancerPoolerV2.t.sol:1086:14
     |
1086 |     function _seedSUSDS(uint256 amount) internal {
     |              ^^^^^^^^^^ help: consider using: `_seedSusds`
     |
     = help: https://book.getfoundry.sh/reference/forge/forge-lint#mixed-case-function

note[screaming-snake-case-immutable]: immutables should use SCREAMING_SNAKE_CASE
  --> src/dispatchers/Uniboost.sol:65:30
   |
65 |     address public immutable targetToken;
   |                              ^^^^^^^^^^^ help: consider using: `TARGET_TOKEN`
   |
   = help: https://book.getfoundry.sh/reference/forge/forge-lint#screaming-snake-case-immutable

note[mixed-case-function]: function names should use mixedCase
   --> test/run20/FaithfulUniV2.sol:541:14
    |
541 |     function swapExactETHForTokens(uint256 amountOutMin, address[] calldata path, address to, uint256 deadline)
    |              ^^^^^^^^^^^^^^^^^^^^^ help: consider using: `swapExactEthForTokens`
    |
    = help: https://book.getfoundry.sh/reference/forge/forge-lint#mixed-case-function

note[mixed-case-function]: function names should use mixedCase
   --> test/run20/mutants/UniPoolerV2_M2_LeakAllowance.sol:252:14
    |
252 |     function setPSM(address newPSM) external onlyOwner {
    |              ^^^^^^ help: consider using: `setPsm`
    |
    = help: https://book.getfoundry.sh/reference/forge/forge-lint#mixed-case-function

note[screaming-snake-case-immutable]: immutables should use SCREAMING_SNAKE_CASE
  --> src/dispatchers/NudgeRatchet.sol:55:32
   |
55 |     address internal immutable _token;
   |                                ^^^^^^ help: consider using: `_TOKEN`
   |
   = help: https://book.getfoundry.sh/reference/forge/forge-lint#screaming-snake-case-immutable

warning[unsafe-typecast]: typecasts that can truncate values should be checked
   --> test/integration/NudgeStreamerDonorIntegration.t.sol:186:50
    |
186 |             nftMinter.registerDispatcher(address(uint160(0x1000 + i)), 1, 0);
    |                                                  ^^^^^^^^^^^^^^^^^^^
    |
    = note: consider disabling this lint if you're certain the cast is safe
            
            // casting to 'uint160' is safe because [explain why]
            // forge-lint: disable-next-line(unsafe-typecast)
            
            
    = help: https://book.getfoundry.sh/reference/forge/forge-lint#unsafe-typecast

note[mixed-case-variable]: mutable variables should use mixedCase
   --> test/run20/mutants/PromotionUniV2_Eth_MD_SusdsResidual.sol:460:46
    |
460 |     function _addPhusdPromoLiquidity(uint256 minLP) internal returns (uint256 liquidity) {
    |                                              ^^^^^ help: consider using: `minLp`
    |
    = help: https://book.getfoundry.sh/reference/forge/forge-lint#mixed-case-variable

note[mixed-case-function]: function names should use mixedCase
   --> test/run20/FaithfulUniV2.sol:555:14
    |
555 |     function swapExactTokensForETH(
    |              ^^^^^^^^^^^^^^^^^^^^^ help: consider using: `swapExactTokensForEth`
    |
    = help: https://book.getfoundry.sh/reference/forge/forge-lint#mixed-case-function

note[mixed-case-function]: function names should use mixedCase
    --> test/BalancerPoolerV2.t.sol:1096:14
     |
1096 |     function _ensurePSM() internal {
     |              ^^^^^^^^^^ help: consider using: `_ensurePsm`
     |
     = help: https://book.getfoundry.sh/reference/forge/forge-lint#mixed-case-function

note[mixed-case-variable]: mutable variables should use mixedCase
  --> test/NudgeRatchet.t.sol:42:25
   |
42 |     MockMintable public phUSD;
   |                         ^^^^^ help: consider using: `phUsd`
   |
   = help: https://book.getfoundry.sh/reference/forge/forge-lint#mixed-case-variable

note[mixed-case-variable]: mutable variables should use mixedCase
   --> test/run20/mutants/UniPoolerV2_M2_LeakAllowance.sol:252:29
    |
252 |     function setPSM(address newPSM) external onlyOwner {
    |                             ^^^^^^ help: consider using: `newPsm`
    |
    = help: https://book.getfoundry.sh/reference/forge/forge-lint#mixed-case-variable

note[screaming-snake-case-immutable]: immutables should use SCREAMING_SNAKE_CASE
  --> src/dispatchers/BurnerV2.sol:14:32
   |
14 |     address internal immutable _token;
   |                                ^^^^^^ help: consider using: `_TOKEN`
   |
   = help: https://book.getfoundry.sh/reference/forge/forge-lint#screaming-snake-case-immutable

note[mixed-case-function]: function names should use mixedCase
    --> test/BalancerPoolerV2.t.sol:1140:14
     |
1140 |     function _assertBatchDonatedViaPSM(Vm.Log[] memory logs, uint256 usdsSpent, uint256 usdcDonated) internal view {
     |              ^^^^^^^^^^^^^^^^^^^^^^^^^ help: consider using: `_assertBatchDonatedViaPsm`
     |
     = help: https://book.getfoundry.sh/reference/forge/forge-lint#mixed-case-function

note[mixed-case-variable]: mutable variables should use mixedCase
  --> src/dispatchers/Uniboost.sol:97:89
   |
97 |     event Pooled(address indexed pooler, uint256 primeSpent, uint256 liquidity, uint256 minLP);
   |                                                                                         ^^^^^ help: consider using: `minLp`
   |
   = help: https://book.getfoundry.sh/reference/forge/forge-lint#mixed-case-variable

warning[unsafe-typecast]: typecasts that can truncate values should be checked
   --> test/run20/FaithfulUniV2.sol:198:20
    |
198 |         reserve0 = uint112(balance0);
    |                    ^^^^^^^^^^^^^^^^^
    |
    = note: consider disabling this lint if you're certain the cast is safe
            
            // casting to 'uint112' is safe because [explain why]
            // forge-lint: disable-next-line(unsafe-typecast)
            
            
    = help: https://book.getfoundry.sh/reference/forge/forge-lint#unsafe-typecast

note[screaming-snake-case-immutable]: immutables should use SCREAMING_SNAKE_CASE
  --> src/dispatchers/BurnerV2.sol:15:37
   |
15 |     IBurnRecorder private immutable _burnRecorder;
   |                                     ^^^^^^^^^^^^^ help: consider using: `_BURN_RECORDER`
   |
   = help: https://book.getfoundry.sh/reference/forge/forge-lint#screaming-snake-case-immutable

note[unused-import]: unused imports should be removed
 --> test/BalancerPoolerV2.t.sol:7:9
  |
7 | import {IUnlockCallback} from "../src/interfaces/balancer/IUnlockCallback.sol";
  |         ^^^^^^^^^^^^^^^
  |
  = help: https://book.getfoundry.sh/reference/forge/forge-lint#unused-import

note[mixed-case-variable]: mutable variables should use mixedCase
   --> src/dispatchers/Uniboost.sol:266:87
    |
266 |     function pool(uint256 amountIn, uint256 minPairOut, uint256 minTargetOut, uint256 minLP)
    |                                                                                       ^^^^^ help: consider using: `minLp`
    |
    = help: https://book.getfoundry.sh/reference/forge/forge-lint#mixed-case-variable

note[mixed-case-function]: function names should use mixedCase
  --> test/UniPoolerV2.t.sol:86:14
   |
86 |     function _dealSUSDS(address to, uint256 amount) internal {
   |              ^^^^^^^^^^ help: consider using: `_dealSusds`
   |
   = help: https://book.getfoundry.sh/reference/forge/forge-lint#mixed-case-function

note[unwrapped-modifier-logic]: wrap modifier logic to reduce code size
   --> src/dispatchers/Uniboost.sol:105:5
    |
105 | /     modifier onlyAuthorizedPooler() {
106 | |         require(poolerAuthVersion[msg.sender] == authVersion, "Uniboost: caller not authorized pooler");
107 | |         _;
108 | |     }
    | |_____^
    |
help: wrap modifier logic to reduce code size
    |
105 ~     modifier onlyAuthorizedPooler() {
106 +         _onlyAuthorizedPooler();
107 +         _;
108 +     }
109 + 
110 +     function _onlyAuthorizedPooler() internal {
111 +         require(poolerAuthVersion[msg.sender] == authVersion, "Uniboost: caller not authorized pooler");
112 +     }
    |
    = help: https://book.getfoundry.sh/reference/forge/forge-lint#unwrapped-modifier-logic

warning[unsafe-typecast]: typecasts that can truncate values should be checked
   --> test/run20/FaithfulUniV2.sol:199:20
    |
199 |         reserve1 = uint112(balance1);
    |                    ^^^^^^^^^^^^^^^^^
    |
    = note: consider disabling this lint if you're certain the cast is safe
            
            // casting to 'uint112' is safe because [explain why]
            // forge-lint: disable-next-line(unsafe-typecast)
            
            
    = help: https://book.getfoundry.sh/reference/forge/forge-lint#unsafe-typecast

note[mixed-case-variable]: mutable variables should use mixedCase
   --> test/run20/mutants/UniPoolerV2_M2_LeakAllowance.sol:301:17
    |
301 |         uint256 donationUSDS = donationEnabled ? (amount * batchDonationSize) / 100 : 0;
    |                 ^^^^^^^^^^^^ help: consider using: `donationUsds`
    |
    = help: https://book.getfoundry.sh/reference/forge/forge-lint#mixed-case-variable

note[mixed-case-variable]: mutable variables should use mixedCase
   --> test/run20/mutants/UniPoolerV2_M2_LeakAllowance.sol:302:17
    |
302 |         uint256 poolingUSDS = amount - donationUSDS;
    |                 ^^^^^^^^^^^ help: consider using: `poolingUsds`
    |
    = help: https://book.getfoundry.sh/reference/forge/forge-lint#mixed-case-variable

note[mixed-case-variable]: mutable variables should use mixedCase
   --> test/run20/mutants/UniPoolerV2_M2_LeakAllowance.sol:313:21
    |
313 |             uint256 remainingUSDS = IERC20(_primeToken).balanceOf(address(this));
    |                     ^^^^^^^^^^^^^ help: consider using: `remainingUsds`
    |
    = help: https://book.getfoundry.sh/reference/forge/forge-lint#mixed-case-variable

warning[erc20-unchecked-transfer]: ERC20 'transfer' and 'transferFrom' calls should check the return value
   --> test/run20/FaithfulUniV2.sol:506:9
    |
506 |         UniV2Pair(pair).transferFrom(msg.sender, pair, liquidity);
    |         ^^^^^^^^^^^^^^^^^^^^^^^^^^^^^^^^^^^^^^^^^^^^^^^^^^^^^^^^^
    |
    = help: https://book.getfoundry.sh/reference/forge/forge-lint#erc20-unchecked-transfer

note[mixed-case-function]: function names should use mixedCase
   --> test/run20/mutants/PromotionUniV2_Eth_MD_SusdsResidual.sol:557:14
    |
557 |     function rescueETH(address to, uint256 amount) external onlyOwner {
    |              ^^^^^^^^^ help: consider using: `rescueEth`
    |
    = help: https://book.getfoundry.sh/reference/forge/forge-lint#mixed-case-function

note[screaming-snake-case-immutable]: immutables should use SCREAMING_SNAKE_CASE
  --> test/invariant-run16-mintdebt.t.sol:35:30
   |
35 |     uint8 internal immutable _d;
   |                              ^^ help: consider using: `_D`
   |
   = help: https://book.getfoundry.sh/reference/forge/forge-lint#screaming-snake-case-immutable

note[mixed-case-variable]: mutable variables should use mixedCase
   --> test/run20/mutants/UniPoolerV2_M2_LeakAllowance.sol:387:27
    |
387 |     function pool(uint256 sUSDSIn, uint256 minPhusdOut, uint256 minLP)
    |                           ^^^^^^^ help: consider using: `sUsdsIn`
    |
    = help: https://book.getfoundry.sh/reference/forge/forge-lint#mixed-case-variable

note[mixed-case-variable]: mutable variables should use mixedCase
  --> test/NudgeRatchetMintDebtHook.t.sol:29:27
   |
29 |     MockMintable internal phUSD;
   |                           ^^^^^ help: consider using: `phUsd`
   |
   = help: https://book.getfoundry.sh/reference/forge/forge-lint#mixed-case-variable

note[screaming-snake-case-immutable]: immutables should use SCREAMING_SNAKE_CASE
  --> src/dispatchers/GatherV2.sol:17:32
   |
17 |     address internal immutable _token;
   |                                ^^^^^^ help: consider using: `_TOKEN`
   |
   = help: https://book.getfoundry.sh/reference/forge/forge-lint#screaming-snake-case-immutable

note[screaming-snake-case-immutable]: immutables should use SCREAMING_SNAKE_CASE
  --> test/run20/mutants/UniPoolerV2_M6_QuoteLPOver.sol:75:32
   |
75 |     address internal immutable _sUSDS;
   |                                ^^^^^^ help: consider using: `_S_USDS`
   |
   = help: https://book.getfoundry.sh/reference/forge/forge-lint#screaming-snake-case-immutable

note[mixed-case-variable]: mutable variables should use mixedCase
  --> test/run19-Tier3Nudge.t.sol:97:27
   |
97 |     MockMintable internal phUSD;
   |                           ^^^^^ help: consider using: `phUsd`
   |
   = help: https://book.getfoundry.sh/reference/forge/forge-lint#mixed-case-variable

note[mixed-case-variable]: mutable variables should use mixedCase
  --> test/invariant-run16-mintdebt.t.sol:47:27
   |
47 |     MockMintable internal phUSD;
   |                           ^^^^^ help: consider using: `phUsd`
   |
   = help: https://book.getfoundry.sh/reference/forge/forge-lint#mixed-case-variable

note[mixed-case-variable]: mutable variables should use mixedCase
   --> test/run19-Tier3Nudge.t.sol:112:22
    |
112 |     uint256 internal STREAM_DURATION = 1000;
    |                      ^^^^^^^^^^^^^^^ help: consider using: `streamDuration`
    |
    = help: https://book.getfoundry.sh/reference/forge/forge-lint#mixed-case-variable

note[mixed-case-variable]: mutable variables should use mixedCase
   --> test/run20/mutants/UniPoolerV2_M2_LeakAllowance.sol:387:65
    |
387 |     function pool(uint256 sUSDSIn, uint256 minPhusdOut, uint256 minLP)
    |                                                                 ^^^^^ help: consider using: `minLp`
    |
    = help: https://book.getfoundry.sh/reference/forge/forge-lint#mixed-case-variable

note[screaming-snake-case-immutable]: immutables should use SCREAMING_SNAKE_CASE
  --> test/run20/mutants/UniPoolerV2_M6_QuoteLPOver.sol:76:32
   |
76 |     address internal immutable _primeToken;
   |                                ^^^^^^^^^^^ help: consider using: `_PRIME_TOKEN`
   |
   = help: https://book.getfoundry.sh/reference/forge/forge-lint#screaming-snake-case-immutable

note[screaming-snake-case-immutable]: immutables should use SCREAMING_SNAKE_CASE
  --> test/run20/mutants/UniPoolerV2_M6_QuoteLPOver.sol:77:32
   |
77 |     address internal immutable _phUSD;
   |                                ^^^^^^ help: consider using: `_PH_USD`
   |
   = help: https://book.getfoundry.sh/reference/forge/forge-lint#screaming-snake-case-immutable

note[mixed-case-variable]: mutable variables should use mixedCase
   --> test/run20/mutants/UniPoolerV2_M2_LeakAllowance.sol:412:17
    |
412 |         uint256 sUSDSRemaining = sUSDSIn - s;
    |                 ^^^^^^^^^^^^^^ help: consider using: `sUsdsRemaining`
    |
    = help: https://book.getfoundry.sh/reference/forge/forge-lint#mixed-case-variable

note[mixed-case-variable]: mutable variables should use mixedCase
   --> test/run20/mutants/UniPoolerV2_M2_LeakAllowance.sol:431:32
    |
431 |     function quotePool(uint256 sUSDSIn) external view returns (uint256 swapIn, uint256 phusdOut, uint256 expectedLP) {
    |                                ^^^^^^^ help: consider using: `sUsdsIn`
    |
    = help: https://book.getfoundry.sh/reference/forge/forge-lint#mixed-case-variable

note[mixed-case-variable]: mutable variables should use mixedCase
   --> test/run20/mutants/UniPoolerV2_M2_LeakAllowance.sol:431:106
    |
431 |     function quotePool(uint256 sUSDSIn) external view returns (uint256 swapIn, uint256 phusdOut, uint256 expectedLP) {
    |                                                                                                          ^^^^^^^^^^ help: consider using: `expectedLp`
    |
    = help: https://book.getfoundry.sh/reference/forge/forge-lint#mixed-case-variable

note[mixed-case-function]: function names should use mixedCase
   --> test/UniPoolerV2.t.sol:135:14
    |
135 |     function _leftoverValueInSUSDS(uint256 sUSDSBaseline) internal view returns (uint256 leftS, uint256 leftP) {
    |              ^^^^^^^^^^^^^^^^^^^^^ help: consider using: `_leftoverValueInSusds`
    |
    = help: https://book.getfoundry.sh/reference/forge/forge-lint#mixed-case-function

note[screaming-snake-case-const]: constants should use SCREAMING_SNAKE_CASE
  --> test/PromotionUniV2_Eth.t.sol:54:31
   |
54 |     address internal constant phUSD = 0xf3B5B661b92B75C71fA5Aba8Fd95D7514A9CD605;
   |                               ^^^^^ help: consider using: `PH_USD`
   |
   = help: https://book.getfoundry.sh/reference/forge/forge-lint#screaming-snake-case-const

note[screaming-snake-case-immutable]: immutables should use SCREAMING_SNAKE_CASE
  --> test/run20/mutants/UniPoolerV2_M6_QuoteLPOver.sol:78:31
   |
78 |     address private immutable _router;
   |                               ^^^^^^^ help: consider using: `_ROUTER`
   |
   = help: https://book.getfoundry.sh/reference/forge/forge-lint#screaming-snake-case-immutable

note[screaming-snake-case-immutable]: immutables should use SCREAMING_SNAKE_CASE
  --> test/run20/mutants/UniPoolerV2_M6_QuoteLPOver.sol:79:31
   |
79 |     address private immutable _pair;
   |                               ^^^^^ help: consider using: `_PAIR`
   |
   = help: https://book.getfoundry.sh/reference/forge/forge-lint#screaming-snake-case-immutable

note[mixed-case-variable]: mutable variables should use mixedCase
   --> test/UniPoolerV2.t.sol:135:44
    |
135 |     function _leftoverValueInSUSDS(uint256 sUSDSBaseline) internal view returns (uint256 leftS, uint256 leftP) {
    |                                            ^^^^^^^^^^^^^ help: consider using: `sUsdsBaseline`
    |
    = help: https://book.getfoundry.sh/reference/forge/forge-lint#mixed-case-variable

note[screaming-snake-case-immutable]: immutables should use SCREAMING_SNAKE_CASE
  --> test/run20/mutants/UniPoolerV2_M5_QuoteFee.sol:75:32
   |
75 |     address internal immutable _sUSDS;
   |                                ^^^^^^ help: consider using: `_S_USDS`
   |
   = help: https://book.getfoundry.sh/reference/forge/forge-lint#screaming-snake-case-immutable

note[mixed-case-variable]: mutable variables should use mixedCase
  --> test/NudgeRatchetMintDebtHook.t.sol:75:22
   |
75 |         MockMintable freshPhUSD = new MockMintable();
   |                      ^^^^^^^^^^ help: consider using: `freshPhUsd`
   |
   = help: https://book.getfoundry.sh/reference/forge/forge-lint#mixed-case-variable

note[unwrapped-modifier-logic]: wrap modifier logic to reduce code size
  --> src/dispatchers/ATokenDispatcherV2.sol:44:5
   |
44 | /     modifier onlyMinter() {
45 | |         require(msg.sender == _minter, "ATokenDispatcherV2: caller is not minter");
46 | |         _;
47 | |     }
   | |_____^
   |
help: wrap modifier logic to reduce code size
   |
44 ~     modifier onlyMinter() {
45 +         _onlyMinter();
46 +         _;
47 +     }
48 + 
49 +     function _onlyMinter() internal {
50 +         require(msg.sender == _minter, "ATokenDispatcherV2: caller is not minter");
51 +     }
   |
   = help: https://book.getfoundry.sh/reference/forge/forge-lint#unwrapped-modifier-logic

note[screaming-snake-case-immutable]: immutables should use SCREAMING_SNAKE_CASE
  --> test/run20/mutants/UniPoolerV2_M6_QuoteLPOver.sol:80:28
   |
80 |     bool private immutable _sUSDSIsToken0;
   |                            ^^^^^^^^^^^^^^ help: consider using: `_S_USDS_IS_TOKEN0`
   |
   = help: https://book.getfoundry.sh/reference/forge/forge-lint#screaming-snake-case-immutable

note[screaming-snake-case-const]: constants should use SCREAMING_SNAKE_CASE
  --> test/PromotionUniV2_Eth.t.sol:60:31
   |
60 |     address internal constant sUSDS = 0xa3931d71877C0E7a3148CB7Eb4463524FEc27fbD;
   |                               ^^^^^ help: consider using: `S_USDS`
   |
   = help: https://book.getfoundry.sh/reference/forge/forge-lint#screaming-snake-case-const

note[screaming-snake-case-immutable]: immutables should use SCREAMING_SNAKE_CASE
  --> src/dispatchers/UniPoolerV2.sol:74:32
   |
74 |     address internal immutable _sUSDS;
   |                                ^^^^^^ help: consider using: `_S_USDS`
   |
   = help: https://book.getfoundry.sh/reference/forge/forge-lint#screaming-snake-case-immutable

note[mixed-case-function]: function names should use mixedCase
   --> test/UniPoolerV2.t.sol:167:14
    |
167 |     function _reservesSP() internal view returns (uint256 rS, uint256 rP) {
    |              ^^^^^^^^^^^ help: consider using: `_reservesSp`
    |
    = help: https://book.getfoundry.sh/reference/forge/forge-lint#mixed-case-function

note[mixed-case-variable]: mutable variables should use mixedCase
   --> test/UniPoolerV2.t.sol:173:39
    |
173 |     function _deployPhusdOrdered(bool sUSDSFirst) internal returns (UPMockERC20 token) {
    |                                       ^^^^^^^^^^ help: consider using: `sUsdsFirst`
    |
    = help: https://book.getfoundry.sh/reference/forge/forge-lint#mixed-case-variable

note[screaming-snake-case-immutable]: immutables should use SCREAMING_SNAKE_CASE
  --> test/run20/UniPoolerCore.sol:33:27
   |
33 |     bool public immutable wantSUSDSFirst;
   |                           ^^^^^^^^^^^^^^ help: consider using: `WANT_SUSDS_FIRST`
   |
   = help: https://book.getfoundry.sh/reference/forge/forge-lint#screaming-snake-case-immutable

note[screaming-snake-case-immutable]: immutables should use SCREAMING_SNAKE_CASE
  --> test/run20/mutants/UniPoolerV2_M5_QuoteFee.sol:76:32
   |
76 |     address internal immutable _primeToken;
   |                                ^^^^^^^^^^^ help: consider using: `_PRIME_TOKEN`
   |
   = help: https://book.getfoundry.sh/reference/forge/forge-lint#screaming-snake-case-immutable

note[screaming-snake-case-immutable]: immutables should use SCREAMING_SNAKE_CASE
  --> test/run20/mutants/UniPoolerV2_M3_NoZeroFloorGuard.sol:75:32
   |
75 |     address internal immutable _sUSDS;
   |                                ^^^^^^ help: consider using: `_S_USDS`
   |
   = help: https://book.getfoundry.sh/reference/forge/forge-lint#screaming-snake-case-immutable

note[screaming-snake-case-immutable]: immutables should use SCREAMING_SNAKE_CASE
  --> test/run20/mutants/UniPoolerV2_M3_NoZeroFloorGuard.sol:76:32
   |
76 |     address internal immutable _primeToken;
   |                                ^^^^^^^^^^^ help: consider using: `_PRIME_TOKEN`
   |
   = help: https://book.getfoundry.sh/reference/forge/forge-lint#screaming-snake-case-immutable

note[mixed-case-variable]: mutable variables should use mixedCase
   --> test/PromotionUniV2_Eth.t.sol:331:17
    |
331 |         address newPSM = address(0x1234);
    |                 ^^^^^^ help: consider using: `newPsm`
    |
    = help: https://book.getfoundry.sh/reference/forge/forge-lint#mixed-case-variable

note[screaming-snake-case-immutable]: immutables should use SCREAMING_SNAKE_CASE
  --> test/run20/mutants/UniPoolerV2_M5_QuoteFee.sol:77:32
   |
77 |     address internal immutable _phUSD;
   |                                ^^^^^^ help: consider using: `_PH_USD`
   |
   = help: https://book.getfoundry.sh/reference/forge/forge-lint#screaming-snake-case-immutable

note[unused-import]: unused imports should be removed
  --> test/run19-Tier3Nudge.t.sol:23:9
   |
23 | import {IERC20} from "@openzeppelin/contracts/token/ERC20/IERC20.sol";
   |         ^^^^^^
   |
   = help: https://book.getfoundry.sh/reference/forge/forge-lint#unused-import

note[mixed-case-variable]: mutable variables should use mixedCase
   --> test/UniPoolerV2.t.sol:423:50
    |
423 |     event Pooled(address indexed pooler, uint256 sUSDSIn, uint256 swapIn, uint256 phusdOut, uint256 liquidity);
    |                                                  ^^^^^^^ help: consider using: `sUsdsIn`
    |
    = help: https://book.getfoundry.sh/reference/forge/forge-lint#mixed-case-variable

note[screaming-snake-case-immutable]: immutables should use SCREAMING_SNAKE_CASE
  --> test/run20/UniPoolerCore.sol:34:27
   |
34 |     bool public immutable allowDonations; // unsynced token donations to the pair
   |                           ^^^^^^^^^^^^^^ help: consider using: `ALLOW_DONATIONS`
   |
   = help: https://book.getfoundry.sh/reference/forge/forge-lint#screaming-snake-case-immutable

note[screaming-snake-case-immutable]: immutables should use SCREAMING_SNAKE_CASE
  --> test/run20/mutants/UniPoolerV2_M3_NoZeroFloorGuard.sol:77:32
   |
77 |     address internal immutable _phUSD;
   |                                ^^^^^^ help: consider using: `_PH_USD`
   |
   = help: https://book.getfoundry.sh/reference/forge/forge-lint#screaming-snake-case-immutable

note[mixed-case-variable]: mutable variables should use mixedCase
  --> test/run20/UniPoolerCore.sol:81:17
   |
81 |     bool public v_dust; // leftover > wei-level dust bound after a successful pool
   |                 ^^^^^^ help: consider using: `vDust`
   |
   = help: https://book.getfoundry.sh/reference/forge/forge-lint#mixed-case-variable

note[mixed-case-variable]: mutable variables should use mixedCase
   --> test/UniPoolerV2.t.sol:430:47
    |
430 |         (uint256 qSwap, uint256 qOut, uint256 qLP) = pooler.quotePool(a);
    |                                               ^^^ help: consider using: `qLp`
    |
    = help: https://book.getfoundry.sh/reference/forge/forge-lint#mixed-case-variable

note[screaming-snake-case-immutable]: immutables should use SCREAMING_SNAKE_CASE
  --> test/run20/mutants/UniPoolerV2_M5_QuoteFee.sol:78:31
   |
78 |     address private immutable _router;
   |                               ^^^^^^^ help: consider using: `_ROUTER`
   |
   = help: https://book.getfoundry.sh/reference/forge/forge-lint#screaming-snake-case-immutable

note[screaming-snake-case-immutable]: immutables should use SCREAMING_SNAKE_CASE
  --> test/run20/mutants/UniPoolerV2_M3_NoZeroFloorGuard.sol:78:31
   |
78 |     address private immutable _router;
   |                               ^^^^^^^ help: consider using: `_ROUTER`
   |
   = help: https://book.getfoundry.sh/reference/forge/forge-lint#screaming-snake-case-immutable

note[screaming-snake-case-immutable]: immutables should use SCREAMING_SNAKE_CASE
  --> src/dispatchers/UniPoolerV2.sol:75:32
   |
75 |     address internal immutable _primeToken;
   |                                ^^^^^^^^^^^ help: consider using: `_PRIME_TOKEN`
   |
   = help: https://book.getfoundry.sh/reference/forge/forge-lint#screaming-snake-case-immutable

note[screaming-snake-case-immutable]: immutables should use SCREAMING_SNAKE_CASE
  --> src/dispatchers/UniPoolerV2.sol:76:32
   |
76 |     address internal immutable _phUSD;
   |                                ^^^^^^ help: consider using: `_PH_USD`
   |
   = help: https://book.getfoundry.sh/reference/forge/forge-lint#screaming-snake-case-immutable

note[screaming-snake-case-immutable]: immutables should use SCREAMING_SNAKE_CASE
  --> src/dispatchers/UniPoolerV2.sol:77:31
   |
77 |     address private immutable _router;
   |                               ^^^^^^^ help: consider using: `_ROUTER`
   |
   = help: https://book.getfoundry.sh/reference/forge/forge-lint#screaming-snake-case-immutable

note[screaming-snake-case-immutable]: immutables should use SCREAMING_SNAKE_CASE
  --> src/dispatchers/UniPoolerV2.sol:78:31
   |
78 |     address private immutable _pair;
   |                               ^^^^^ help: consider using: `_PAIR`
   |
   = help: https://book.getfoundry.sh/reference/forge/forge-lint#screaming-snake-case-immutable

note[screaming-snake-case-immutable]: immutables should use SCREAMING_SNAKE_CASE
  --> test/run20/mutants/UniPoolerV2_M5_QuoteFee.sol:79:31
   |
79 |     address private immutable _pair;
   |                               ^^^^^ help: consider using: `_PAIR`
   |
   = help: https://book.getfoundry.sh/reference/forge/forge-lint#screaming-snake-case-immutable

note[mixed-case-variable]: mutable variables should use mixedCase
  --> test/BalancerPoolerMintDebtHook.t.sol:18:27
   |
18 |     MockMintable internal phUSD;
   |                           ^^^^^ help: consider using: `phUsd`
   |
   = help: https://book.getfoundry.sh/reference/forge/forge-lint#mixed-case-variable

warning[unsafe-typecast]: typecasts that can truncate values should be checked
   --> test/run19-Tier3Nudge.t.sol:137:50
    |
137 |             nftMinter.registerDispatcher(address(uint160(0x1000 + i)), 1, 0);
    |                                                  ^^^^^^^^^^^^^^^^^^^
    |
    = note: consider disabling this lint if you're certain the cast is safe
            
            // casting to 'uint160' is safe because [explain why]
            // forge-lint: disable-next-line(unsafe-typecast)
            
            
    = help: https://book.getfoundry.sh/reference/forge/forge-lint#unsafe-typecast

note[mixed-case-variable]: mutable variables should use mixedCase
  --> test/run20/UniPoolerCore.sol:82:17
   |
82 |     bool public v_frontRunDust; // same, specifically on a front-run pool
   |                 ^^^^^^^^^^^^^^ help: consider using: `vFrontRunDust`
   |
   = help: https://book.getfoundry.sh/reference/forge/forge-lint#mixed-case-variable

note[mixed-case-variable]: mutable variables should use mixedCase
  --> test/run20/UniPoolerCore.sol:83:17
   |
83 |     bool public v_allowance; // router allowance != 0 after pool (success or revert)
   |                 ^^^^^^^^^^^ help: consider using: `vAllowance`
   |
   = help: https://book.getfoundry.sh/reference/forge/forge-lint#mixed-case-variable

note[screaming-snake-case-immutable]: immutables should use SCREAMING_SNAKE_CASE
  --> test/run20/mutants/UniPoolerV2_M5_QuoteFee.sol:80:28
   |
80 |     bool private immutable _sUSDSIsToken0;
   |                            ^^^^^^^^^^^^^^ help: consider using: `_S_USDS_IS_TOKEN0`
   |
   = help: https://book.getfoundry.sh/reference/forge/forge-lint#screaming-snake-case-immutable

note[mixed-case-variable]: mutable variables should use mixedCase
   --> test/run20/mutants/UniPoolerV2_M5_QuoteFee.sol:115:50
    |
115 |     event Pooled(address indexed pooler, uint256 sUSDSIn, uint256 swapIn, uint256 phusdOut, uint256 liquidity);
    |                                                  ^^^^^^^ help: consider using: `sUsdsIn`
    |
    = help: https://book.getfoundry.sh/reference/forge/forge-lint#mixed-case-variable

note[mixed-case-variable]: mutable variables should use mixedCase
   --> test/UniPoolerV2.t.sol:495:34
    |
495 |         (, uint256 qOut, uint256 qLP) = pooler.quotePool(a);
    |                                  ^^^ help: consider using: `qLp`
    |
    = help: https://book.getfoundry.sh/reference/forge/forge-lint#mixed-case-variable

note[mixed-case-variable]: mutable variables should use mixedCase
  --> test/run20/UniPoolerCore.sol:84:17
   |
84 |     bool public v_minLP; // pool succeeded with liquidity < minLP
   |                 ^^^^^^^ help: consider using: `vMinLp`
   |
   = help: https://book.getfoundry.sh/reference/forge/forge-lint#mixed-case-variable

note[screaming-snake-case-immutable]: immutables should use SCREAMING_SNAKE_CASE
  --> test/run20/mutants/UniPoolerV2_M3_NoZeroFloorGuard.sol:79:31
   |
79 |     address private immutable _pair;
   |                               ^^^^^ help: consider using: `_PAIR`
   |
   = help: https://book.getfoundry.sh/reference/forge/forge-lint#screaming-snake-case-immutable

note[mixed-case-variable]: mutable variables should use mixedCase
   --> test/run20/mutants/UniPoolerV2_M6_QuoteLPOver.sol:115:50
    |
115 |     event Pooled(address indexed pooler, uint256 sUSDSIn, uint256 swapIn, uint256 phusdOut, uint256 liquidity);
    |                                                  ^^^^^^^ help: consider using: `sUsdsIn`
    |
    = help: https://book.getfoundry.sh/reference/forge/forge-lint#mixed-case-variable

note[mixed-case-variable]: mutable variables should use mixedCase
   --> test/run20/mutants/UniPoolerV2_M5_QuoteFee.sol:119:26
    |
119 |     event PSMSet(address newPSM);
    |                          ^^^^^^ help: consider using: `newPsm`
    |
    = help: https://book.getfoundry.sh/reference/forge/forge-lint#mixed-case-variable

note[mixed-case-variable]: mutable variables should use mixedCase
  --> test/run20/UniPoolerCore.sol:85:17
   |
85 |     bool public v_quoteLP; // quotePool.expectedLP > actual LP (same tx, no interference)
   |                 ^^^^^^^^^ help: consider using: `vQuoteLp`
   |
   = help: https://book.getfoundry.sh/reference/forge/forge-lint#mixed-case-variable

note[mixed-case-variable]: mutable variables should use mixedCase
  --> test/BalancerPoolerMintDebtHook.t.sol:87:22
   |
87 |         MockMintable freshPhUSD = new MockMintable();
   |                      ^^^^^^^^^^ help: consider using: `freshPhUsd`
   |
   = help: https://book.getfoundry.sh/reference/forge/forge-lint#mixed-case-variable

warning[unsafe-typecast]: typecasts that can truncate values should be checked
   --> test/run19-Tier3Nudge.t.sol:277:41
    |
277 |             _mintThroughRatchet(address(uint160(0xB000 + i)));
    |                                         ^^^^^^^^^^^^^^^^^^^
    |
    = note: consider disabling this lint if you're certain the cast is safe
            
            // casting to 'uint160' is safe because [explain why]
            // forge-lint: disable-next-line(unsafe-typecast)
            
            
    = help: https://book.getfoundry.sh/reference/forge/forge-lint#unsafe-typecast

note[screaming-snake-case-immutable]: immutables should use SCREAMING_SNAKE_CASE
  --> src/dispatchers/UniPoolerV2.sol:79:28
   |
79 |     bool private immutable _sUSDSIsToken0;
   |                            ^^^^^^^^^^^^^^ help: consider using: `_S_USDS_IS_TOKEN0`
   |
   = help: https://book.getfoundry.sh/reference/forge/forge-lint#screaming-snake-case-immutable

note[mixed-case-variable]: mutable variables should use mixedCase
   --> test/run20/mutants/UniPoolerV2_M5_QuoteFee.sol:147:66
    |
147 |     error UniPoolerV2__InsufficientLP(uint256 liquidity, uint256 minLP);
    |                                                                  ^^^^^ help: consider using: `minLp`
    |
    = help: https://book.getfoundry.sh/reference/forge/forge-lint#mixed-case-variable

note[screaming-snake-case-immutable]: immutables should use SCREAMING_SNAKE_CASE
  --> test/run20/mutants/UniPoolerV2_M3_NoZeroFloorGuard.sol:80:28
   |
80 |     bool private immutable _sUSDSIsToken0;
   |                            ^^^^^^^^^^^^^^ help: consider using: `_S_USDS_IS_TOKEN0`
   |
   = help: https://book.getfoundry.sh/reference/forge/forge-lint#screaming-snake-case-immutable

warning[unsafe-typecast]: typecasts that can truncate values should be checked
   --> test/run19-Tier3Nudge.t.sol:295:41
    |
295 |             _mintThroughRatchet(address(uint160(0xA000 + i)));
    |                                         ^^^^^^^^^^^^^^^^^^^
    |
    = note: consider disabling this lint if you're certain the cast is safe
            
            // casting to 'uint160' is safe because [explain why]
            // forge-lint: disable-next-line(unsafe-typecast)
            
            
    = help: https://book.getfoundry.sh/reference/forge/forge-lint#unsafe-typecast

note[mixed-case-variable]: mutable variables should use mixedCase
   --> test/run20/mutants/UniPoolerV2_M6_QuoteLPOver.sol:119:26
    |
119 |     event PSMSet(address newPSM);
    |                          ^^^^^^ help: consider using: `newPsm`
    |
    = help: https://book.getfoundry.sh/reference/forge/forge-lint#mixed-case-variable

note[mixed-case-variable]: mutable variables should use mixedCase
   --> test/run20/mutants/UniPoolerV2_M6_QuoteLPOver.sol:147:66
    |
147 |     error UniPoolerV2__InsufficientLP(uint256 liquidity, uint256 minLP);
    |                                                                  ^^^^^ help: consider using: `minLp`
    |
    = help: https://book.getfoundry.sh/reference/forge/forge-lint#mixed-case-variable

note[mixed-case-variable]: mutable variables should use mixedCase
   --> test/run20/mutants/UniPoolerV2_M5_QuoteFee.sol:160:25
    |
160 |     constructor(address sUSDS_, address phUSD_, address router_, address pair_, address initialOwner)
    |                         ^^^^^^ help: consider using: `sUsds_`
    |
    = help: https://book.getfoundry.sh/reference/forge/forge-lint#mixed-case-variable

note[mixed-case-variable]: mutable variables should use mixedCase
   --> test/run20/mutants/UniPoolerV2_M5_QuoteFee.sol:160:41
    |
160 |     constructor(address sUSDS_, address phUSD_, address router_, address pair_, address initialOwner)
    |                                         ^^^^^^ help: consider using: `phUsd_`
    |
    = help: https://book.getfoundry.sh/reference/forge/forge-lint#mixed-case-variable

note[mixed-case-variable]: mutable variables should use mixedCase
   --> src/dispatchers/UniPoolerV2.sol:114:50
    |
114 |     event Pooled(address indexed pooler, uint256 sUSDSIn, uint256 swapIn, uint256 phusdOut, uint256 liquidity);
    |                                                  ^^^^^^^ help: consider using: `sUsdsIn`
    |
    = help: https://book.getfoundry.sh/reference/forge/forge-lint#mixed-case-variable

note[mixed-case-variable]: mutable variables should use mixedCase
   --> test/run20/mutants/UniPoolerV2_M6_QuoteLPOver.sol:160:25
    |
160 |     constructor(address sUSDS_, address phUSD_, address router_, address pair_, address initialOwner)
    |                         ^^^^^^ help: consider using: `sUsds_`
    |
    = help: https://book.getfoundry.sh/reference/forge/forge-lint#mixed-case-variable

note[mixed-case-variable]: mutable variables should use mixedCase
   --> test/run20/mutants/UniPoolerV2_M3_NoZeroFloorGuard.sol:115:50
    |
115 |     event Pooled(address indexed pooler, uint256 sUSDSIn, uint256 swapIn, uint256 phusdOut, uint256 liquidity);
    |                                                  ^^^^^^^ help: consider using: `sUsdsIn`
    |
    = help: https://book.getfoundry.sh/reference/forge/forge-lint#mixed-case-variable

note[mixed-case-variable]: mutable variables should use mixedCase
   --> test/UniPoolerV2.t.sol:519:34
    |
519 |         (, uint256 qOut, uint256 qLP) = pooler.quotePool(a);
    |                                  ^^^ help: consider using: `qLp`
    |
    = help: https://book.getfoundry.sh/reference/forge/forge-lint#mixed-case-variable

note[mixed-case-variable]: mutable variables should use mixedCase
  --> test/run20/UniPoolerCore.sol:86:17
   |
86 |     bool public v_quoteOut; // quotePool.phusdOut != realised swap out (same tx)
   |                 ^^^^^^^^^^ help: consider using: `vQuoteOut`
   |
   = help: https://book.getfoundry.sh/reference/forge/forge-lint#mixed-case-variable

note[mixed-case-variable]: mutable variables should use mixedCase
  --> test/run20/UniPoolerCore.sol:87:17
   |
87 |     bool public v_quoteFloorRejected; // pool(a, quoteOut, quoteLP) reverted with no interference
   |                 ^^^^^^^^^^^^^^^^^^^^ help: consider using: `vQuoteFloorRejected`
   |
   = help: https://book.getfoundry.sh/reference/forge/forge-lint#mixed-case-variable

note[mixed-case-variable]: mutable variables should use mixedCase
   --> test/run20/mutants/UniPoolerV2_M3_NoZeroFloorGuard.sol:119:26
    |
119 |     event PSMSet(address newPSM);
    |                          ^^^^^^ help: consider using: `newPsm`
    |
    = help: https://book.getfoundry.sh/reference/forge/forge-lint#mixed-case-variable

note[mixed-case-variable]: mutable variables should use mixedCase
   --> test/UniPoolerV2.t.sol:521:17
    |
521 |         uint256 minLP = (qLP * 995) / 1000;
    |                 ^^^^^ help: consider using: `minLp`
    |
    = help: https://book.getfoundry.sh/reference/forge/forge-lint#mixed-case-variable

note[unused-import]: unused imports should be removed
 --> test/BalancerPoolerMintDebtHook.t.sol:9:9
  |
9 | import {IMintable} from "../src/interfaces/IMintable.sol";
  |         ^^^^^^^^^
  |
  = help: https://book.getfoundry.sh/reference/forge/forge-lint#unused-import

note[mixed-case-variable]: mutable variables should use mixedCase
   --> test/run20/mutants/UniPoolerV2_M6_QuoteLPOver.sol:160:41
    |
160 |     constructor(address sUSDS_, address phUSD_, address router_, address pair_, address initialOwner)
    |                                         ^^^^^^ help: consider using: `phUsd_`
    |
    = help: https://book.getfoundry.sh/reference/forge/forge-lint#mixed-case-variable

note[mixed-case-variable]: mutable variables should use mixedCase
  --> test/run20/UniPoolerCore.sol:88:17
   |
88 |     bool public v_zeroFloor; // pool with a zero floor did not revert ZeroMinimum
   |                 ^^^^^^^^^^^ help: consider using: `vZeroFloor`
   |
   = help: https://book.getfoundry.sh/reference/forge/forge-lint#mixed-case-variable

note[mixed-case-function]: function names should use mixedCase
   --> test/run20/mutants/UniPoolerV2_M5_QuoteFee.sol:188:14
    |
188 |     function sUSDS() external view returns (address) {
    |              ^^^^^ help: consider using: `sUsds`
    |
    = help: https://book.getfoundry.sh/reference/forge/forge-lint#mixed-case-function

note[mixed-case-variable]: mutable variables should use mixedCase
   --> test/UniPoolerV2.t.sol:538:21
    |
538 |         (,, uint256 qLP) = pooler.quotePool(a);
    |                     ^^^ help: consider using: `qLp`
    |
    = help: https://book.getfoundry.sh/reference/forge/forge-lint#mixed-case-variable

warning[unsafe-typecast]: typecasts that can truncate values should be checked
   --> test/run19-Tier3Nudge.t.sol:477:41
    |
477 |             _mintThroughRatchet(address(uint160(0x10000 + i)));
    |                                         ^^^^^^^^^^^^^^^^^^^^
    |
    = note: consider disabling this lint if you're certain the cast is safe
            
            // casting to 'uint160' is safe because [explain why]
            // forge-lint: disable-next-line(unsafe-typecast)
            
            
    = help: https://book.getfoundry.sh/reference/forge/forge-lint#unsafe-typecast

note[mixed-case-variable]: mutable variables should use mixedCase
  --> test/run20/UniPoolerCore.sol:89:17
   |
89 |     bool public v_dispatch; // dispatch reverted (main or pool()-unavailable twin)
   |                 ^^^^^^^^^^ help: consider using: `vDispatch`
   |
   = help: https://book.getfoundry.sh/reference/forge/forge-lint#mixed-case-variable

note[mixed-case-variable]: mutable variables should use mixedCase
   --> test/run20/mutants/UniPoolerV2_M3_NoZeroFloorGuard.sol:147:66
    |
147 |     error UniPoolerV2__InsufficientLP(uint256 liquidity, uint256 minLP);
    |                                                                  ^^^^^ help: consider using: `minLp`
    |
    = help: https://book.getfoundry.sh/reference/forge/forge-lint#mixed-case-variable

note[mixed-case-function]: function names should use mixedCase
   --> test/run20/mutants/UniPoolerV2_M5_QuoteFee.sol:193:14
    |
193 |     function phUSD() external view returns (address) {
    |              ^^^^^ help: consider using: `phUsd`
    |
    = help: https://book.getfoundry.sh/reference/forge/forge-lint#mixed-case-function

note[mixed-case-function]: function names should use mixedCase
   --> test/run20/mutants/UniPoolerV2_M5_QuoteFee.sol:208:14
    |
208 |     function sUSDSIsToken0() external view returns (bool) {
    |              ^^^^^^^^^^^^^ help: consider using: `sUsdsIsToken0`
    |
    = help: https://book.getfoundry.sh/reference/forge/forge-lint#mixed-case-function

note[mixed-case-variable]: mutable variables should use mixedCase
  --> test/run20/UniPoolerCore.sol:90:17
   |
90 |     bool public v_emptyPair; // pool on empty pair did not revert EmptyPair
   |                 ^^^^^^^^^^^ help: consider using: `vEmptyPair`
   |
   = help: https://book.getfoundry.sh/reference/forge/forge-lint#mixed-case-variable

note[mixed-case-variable]: mutable variables should use mixedCase
   --> src/dispatchers/UniPoolerV2.sol:118:26
    |
118 |     event PSMSet(address newPSM);
    |                          ^^^^^^ help: consider using: `newPsm`
    |
    = help: https://book.getfoundry.sh/reference/forge/forge-lint#mixed-case-variable

note[mixed-case-variable]: mutable variables should use mixedCase
   --> test/UniPoolerV2.t.sol:557:34
    |
557 |         (, uint256 qOut, uint256 qLP) = pooler.quotePool(a);
    |                                  ^^^ help: consider using: `qLp`
    |
    = help: https://book.getfoundry.sh/reference/forge/forge-lint#mixed-case-variable

note[mixed-case-variable]: mutable variables should use mixedCase
   --> test/UniPoolerV2.t.sol:574:34
    |
574 |         (, uint256 qOut, uint256 qLP) = pooler.quotePool(a);
    |                                  ^^^ help: consider using: `qLp`
    |
    = help: https://book.getfoundry.sh/reference/forge/forge-lint#mixed-case-variable

note[mixed-case-variable]: mutable variables should use mixedCase
  --> test/run20/UniPoolerCore.sol:91:17
   |
91 |     bool public v_strandOnRevert; // a reverted pool moved pooler balances
   |                 ^^^^^^^^^^^^^^^^ help: consider using: `vStrandOnRevert`
   |
   = help: https://book.getfoundry.sh/reference/forge/forge-lint#mixed-case-variable

note[mixed-case-variable]: mutable variables should use mixedCase
   --> test/run20/mutants/UniPoolerV2_M3_NoZeroFloorGuard.sol:160:25
    |
160 |     constructor(address sUSDS_, address phUSD_, address router_, address pair_, address initialOwner)
    |                         ^^^^^^ help: consider using: `sUsds_`
    |
    = help: https://book.getfoundry.sh/reference/forge/forge-lint#mixed-case-variable

note[mixed-case-function]: function names should use mixedCase
   --> test/run20/mutants/UniPoolerV2_M6_QuoteLPOver.sol:188:14
    |
188 |     function sUSDS() external view returns (address) {
    |              ^^^^^ help: consider using: `sUsds`
    |
    = help: https://book.getfoundry.sh/reference/forge/forge-lint#mixed-case-function

warning[unsafe-typecast]: typecasts that can truncate values should be checked
   --> test/run19-Tier3Nudge.t.sol:523:45
    |
523 |                 _mintThroughRatchet(address(uint160(0x30000 + h)));
    |                                             ^^^^^^^^^^^^^^^^^^^^
    |
    = note: consider disabling this lint if you're certain the cast is safe
            
            // casting to 'uint160' is safe because [explain why]
            // forge-lint: disable-next-line(unsafe-typecast)
            
            
    = help: https://book.getfoundry.sh/reference/forge/forge-lint#unsafe-typecast

warning[unsafe-typecast]: typecasts that can truncate values should be checked
   --> test/run19-Tier3Nudge.t.sol:541:41
    |
541 |             _mintThroughRatchet(address(uint160(0x20000 + i)));
    |                                         ^^^^^^^^^^^^^^^^^^^^
    |
    = note: consider disabling this lint if you're certain the cast is safe
            
            // casting to 'uint160' is safe because [explain why]
            // forge-lint: disable-next-line(unsafe-typecast)
            
            
    = help: https://book.getfoundry.sh/reference/forge/forge-lint#unsafe-typecast

note[mixed-case-variable]: mutable variables should use mixedCase
   --> test/run20/mutants/UniPoolerV2_M3_NoZeroFloorGuard.sol:160:41
    |
160 |     constructor(address sUSDS_, address phUSD_, address router_, address pair_, address initialOwner)
    |                                         ^^^^^^ help: consider using: `phUsd_`
    |
    = help: https://book.getfoundry.sh/reference/forge/forge-lint#mixed-case-variable

note[screaming-snake-case-const]: constants should use SCREAMING_SNAKE_CASE
  --> test/UniPoolerV2.fork.t.sol:27:31
   |
27 |     address internal constant sUSDS = 0xa3931d71877C0E7a3148CB7Eb4463524FEc27fbD;
   |                               ^^^^^ help: consider using: `S_USDS`
   |
   = help: https://book.getfoundry.sh/reference/forge/forge-lint#screaming-snake-case-const

note[screaming-snake-case-const]: constants should use SCREAMING_SNAKE_CASE
  --> test/UniPoolerV2.fork.t.sol:28:31
   |
28 |     address internal constant phUSD = 0xf3B5B661b92B75C71fA5Aba8Fd95D7514A9CD605;
   |                               ^^^^^ help: consider using: `PH_USD`
   |
   = help: https://book.getfoundry.sh/reference/forge/forge-lint#screaming-snake-case-const

note[mixed-case-variable]: mutable variables should use mixedCase
   --> src/dispatchers/UniPoolerV2.sol:146:66
    |
146 |     error UniPoolerV2__InsufficientLP(uint256 liquidity, uint256 minLP);
    |                                                                  ^^^^^ help: consider using: `minLp`
    |
    = help: https://book.getfoundry.sh/reference/forge/forge-lint#mixed-case-variable

note[mixed-case-variable]: mutable variables should use mixedCase
   --> src/dispatchers/UniPoolerV2.sol:159:25
    |
159 |     constructor(address sUSDS_, address phUSD_, address router_, address pair_, address initialOwner)
    |                         ^^^^^^ help: consider using: `sUsds_`
    |
    = help: https://book.getfoundry.sh/reference/forge/forge-lint#mixed-case-variable

note[screaming-snake-case-immutable]: immutables should use SCREAMING_SNAKE_CASE
  --> test/run20/mutants/UniPoolerV2_M8_NoEmptyPairGuard.sol:75:32
   |
75 |     address internal immutable _sUSDS;
   |                                ^^^^^^ help: consider using: `_S_USDS`
   |
   = help: https://book.getfoundry.sh/reference/forge/forge-lint#screaming-snake-case-immutable

note[mixed-case-variable]: mutable variables should use mixedCase
   --> test/UniPoolerV2.t.sol:608:38
    |
608 |             (, uint256 qOut, uint256 qLP) = up.quotePool(500e18);
    |                                      ^^^ help: consider using: `qLp`
    |
    = help: https://book.getfoundry.sh/reference/forge/forge-lint#mixed-case-variable

note[mixed-case-function]: function names should use mixedCase
   --> test/run20/mutants/UniPoolerV2_M3_NoZeroFloorGuard.sol:188:14
    |
188 |     function sUSDS() external view returns (address) {
    |              ^^^^^ help: consider using: `sUsds`
    |
    = help: https://book.getfoundry.sh/reference/forge/forge-lint#mixed-case-function

note[mixed-case-function]: function names should use mixedCase
   --> test/run20/mutants/UniPoolerV2_M6_QuoteLPOver.sol:193:14
    |
193 |     function phUSD() external view returns (address) {
    |              ^^^^^ help: consider using: `phUsd`
    |
    = help: https://book.getfoundry.sh/reference/forge/forge-lint#mixed-case-function

note[mixed-case-variable]: mutable variables should use mixedCase
   --> src/dispatchers/UniPoolerV2.sol:159:41
    |
159 |     constructor(address sUSDS_, address phUSD_, address router_, address pair_, address initialOwner)
    |                                         ^^^^^^ help: consider using: `phUsd_`
    |
    = help: https://book.getfoundry.sh/reference/forge/forge-lint#mixed-case-variable

note[screaming-snake-case-immutable]: immutables should use SCREAMING_SNAKE_CASE
  --> test/run20/mutants/UniPoolerV2_M8_NoEmptyPairGuard.sol:76:32
   |
76 |     address internal immutable _primeToken;
   |                                ^^^^^^^^^^^ help: consider using: `_PRIME_TOKEN`
   |
   = help: https://book.getfoundry.sh/reference/forge/forge-lint#screaming-snake-case-immutable

note[screaming-snake-case-immutable]: immutables should use SCREAMING_SNAKE_CASE
  --> test/run20/mutants/UniPoolerV2_M8_NoEmptyPairGuard.sol:77:32
   |
77 |     address internal immutable _phUSD;
   |                                ^^^^^^ help: consider using: `_PH_USD`
   |
   = help: https://book.getfoundry.sh/reference/forge/forge-lint#screaming-snake-case-immutable

note[mixed-case-function]: function names should use mixedCase
   --> test/run20/mutants/UniPoolerV2_M6_QuoteLPOver.sol:208:14
    |
208 |     function sUSDSIsToken0() external view returns (bool) {
    |              ^^^^^^^^^^^^^ help: consider using: `sUsdsIsToken0`
    |
    = help: https://book.getfoundry.sh/reference/forge/forge-lint#mixed-case-function

note[mixed-case-function]: function names should use mixedCase
   --> src/dispatchers/UniPoolerV2.sol:187:14
    |
187 |     function sUSDS() external view returns (address) {
    |              ^^^^^ help: consider using: `sUsds`
    |
    = help: https://book.getfoundry.sh/reference/forge/forge-lint#mixed-case-function

note[mixed-case-function]: function names should use mixedCase
  --> test/UniPoolerV2.fork.t.sol:80:14
   |
80 |     function _dispatchUSDS(uint256 amount) internal returns (uint256 shares) {
   |              ^^^^^^^^^^^^^ help: consider using: `_dispatchUsds`
   |
   = help: https://book.getfoundry.sh/reference/forge/forge-lint#mixed-case-function

note[mixed-case-function]: function names should use mixedCase
   --> test/run20/mutants/UniPoolerV2_M3_NoZeroFloorGuard.sol:193:14
    |
193 |     function phUSD() external view returns (address) {
    |              ^^^^^ help: consider using: `phUsd`
    |
    = help: https://book.getfoundry.sh/reference/forge/forge-lint#mixed-case-function

note[screaming-snake-case-immutable]: immutables should use SCREAMING_SNAKE_CASE
  --> test/run20/mutants/UniPoolerV2_M8_NoEmptyPairGuard.sol:78:31
   |
78 |     address private immutable _router;
   |                               ^^^^^^^ help: consider using: `_ROUTER`
   |
   = help: https://book.getfoundry.sh/reference/forge/forge-lint#screaming-snake-case-immutable

note[mixed-case-variable]: mutable variables should use mixedCase
  --> test/run20/UniPoolerCore.sol:94:24
   |
94 |     uint256[12] public cx_dust; // a, minOut, leftS, leftP, boundS, boundP, rS, rP, preRS, preRP, swapOut, flags(1=feeOn,2=frontRun)
   |                        ^^^^^^^ help: consider using: `cxDust`
   |
   = help: https://book.getfoundry.sh/reference/forge/forge-lint#mixed-case-variable

note[mixed-case-variable]: mutable variables should use mixedCase
  --> test/run20/UniPoolerCore.sol:95:23
   |
95 |     uint256[4] public cx_quote; // a, quoteOut, actualOut / quoteLP, actualLP
   |                       ^^^^^^^^ help: consider using: `cxQuote`
   |
   = help: https://book.getfoundry.sh/reference/forge/forge-lint#mixed-case-variable

note[mixed-case-variable]: mutable variables should use mixedCase
  --> test/UniPoolerV2.fork.t.sol:97:52
   |
97 |         (uint256 swapIn, uint256 phusdOut, uint256 expectedLP) = pooler.quotePool(shares);
   |                                                    ^^^^^^^^^^ help: consider using: `expectedLp`
   |
   = help: https://book.getfoundry.sh/reference/forge/forge-lint#mixed-case-variable

note[screaming-snake-case-immutable]: immutables should use SCREAMING_SNAKE_CASE
  --> test/run20/mutants/UniPoolerV2_M8_NoEmptyPairGuard.sol:79:31
   |
79 |     address private immutable _pair;
   |                               ^^^^^ help: consider using: `_PAIR`
   |
   = help: https://book.getfoundry.sh/reference/forge/forge-lint#screaming-snake-case-immutable

note[mixed-case-function]: function names should use mixedCase
   --> src/dispatchers/UniPoolerV2.sol:192:14
    |
192 |     function phUSD() external view returns (address) {
    |              ^^^^^ help: consider using: `phUsd`
    |
    = help: https://book.getfoundry.sh/reference/forge/forge-lint#mixed-case-function

note[mixed-case-variable]: mutable variables should use mixedCase
   --> test/UniPoolerV2.t.sol:735:34
    |
735 |         (, uint256 qOut, uint256 qLP) = pooler.quotePool(amount);
    |                                  ^^^ help: consider using: `qLp`
    |
    = help: https://book.getfoundry.sh/reference/forge/forge-lint#mixed-case-variable

note[mixed-case-function]: function names should use mixedCase
   --> test/run20/mutants/UniPoolerV2_M3_NoZeroFloorGuard.sol:208:14
    |
208 |     function sUSDSIsToken0() external view returns (bool) {
    |              ^^^^^^^^^^^^^ help: consider using: `sUsdsIsToken0`
    |
    = help: https://book.getfoundry.sh/reference/forge/forge-lint#mixed-case-function

note[mixed-case-variable]: mutable variables should use mixedCase
   --> test/UniPoolerV2.fork.t.sol:119:38
    |
119 |         (, uint256 phusdOut, uint256 expectedLP) = pooler.quotePool(shares);
    |                                      ^^^^^^^^^^ help: consider using: `expectedLp`
    |
    = help: https://book.getfoundry.sh/reference/forge/forge-lint#mixed-case-variable

note[mixed-case-function]: function names should use mixedCase
   --> test/run20/mutants/UniPoolerV2_M6_QuoteLPOver.sol:252:14
    |
252 |     function setPSM(address newPSM) external onlyOwner {
    |              ^^^^^^ help: consider using: `setPsm`
    |
    = help: https://book.getfoundry.sh/reference/forge/forge-lint#mixed-case-function

note[mixed-case-function]: function names should use mixedCase
   --> src/dispatchers/UniPoolerV2.sol:207:14
    |
207 |     function sUSDSIsToken0() external view returns (bool) {
    |              ^^^^^^^^^^^^^ help: consider using: `sUsdsIsToken0`
    |
    = help: https://book.getfoundry.sh/reference/forge/forge-lint#mixed-case-function

note[mixed-case-variable]: mutable variables should use mixedCase
   --> test/UniPoolerV2.t.sol:774:34
    |
774 |         (, uint256 qOut, uint256 qLP) = pooler.quotePool(amount);
    |                                  ^^^ help: consider using: `qLp`
    |
    = help: https://book.getfoundry.sh/reference/forge/forge-lint#mixed-case-variable

note[screaming-snake-case-immutable]: immutables should use SCREAMING_SNAKE_CASE
  --> test/run20/mutants/UniPoolerV2_M8_NoEmptyPairGuard.sol:80:28
   |
80 |     bool private immutable _sUSDSIsToken0;
   |                            ^^^^^^^^^^^^^^ help: consider using: `_S_USDS_IS_TOKEN0`
   |
   = help: https://book.getfoundry.sh/reference/forge/forge-lint#screaming-snake-case-immutable

note[mixed-case-variable]: mutable variables should use mixedCase
   --> test/run20/mutants/UniPoolerV2_M8_NoEmptyPairGuard.sol:115:50
    |
115 |     event Pooled(address indexed pooler, uint256 sUSDSIn, uint256 swapIn, uint256 phusdOut, uint256 liquidity);
    |                                                  ^^^^^^^ help: consider using: `sUsdsIn`
    |
    = help: https://book.getfoundry.sh/reference/forge/forge-lint#mixed-case-variable

note[mixed-case-function]: function names should use mixedCase
   --> test/run20/mutants/UniPoolerV2_M3_NoZeroFloorGuard.sol:252:14
    |
252 |     function setPSM(address newPSM) external onlyOwner {
    |              ^^^^^^ help: consider using: `setPsm`
    |
    = help: https://book.getfoundry.sh/reference/forge/forge-lint#mixed-case-function

note[mixed-case-variable]: mutable variables should use mixedCase
   --> test/run20/mutants/UniPoolerV2_M3_NoZeroFloorGuard.sol:252:29
    |
252 |     function setPSM(address newPSM) external onlyOwner {
    |                             ^^^^^^ help: consider using: `newPsm`
    |
    = help: https://book.getfoundry.sh/reference/forge/forge-lint#mixed-case-variable

note[mixed-case-variable]: mutable variables should use mixedCase
   --> test/run20/mutants/UniPoolerV2_M6_QuoteLPOver.sol:252:29
    |
252 |     function setPSM(address newPSM) external onlyOwner {
    |                             ^^^^^^ help: consider using: `newPsm`
    |
    = help: https://book.getfoundry.sh/reference/forge/forge-lint#mixed-case-variable

note[mixed-case-function]: function names should use mixedCase
   --> src/dispatchers/UniPoolerV2.sol:251:14
    |
251 |     function setPSM(address newPSM) external onlyOwner {
    |              ^^^^^^ help: consider using: `setPsm`
    |
    = help: https://book.getfoundry.sh/reference/forge/forge-lint#mixed-case-function

note[mixed-case-variable]: mutable variables should use mixedCase
   --> test/run20/mutants/UniPoolerV2_M8_NoEmptyPairGuard.sol:119:26
    |
119 |     event PSMSet(address newPSM);
    |                          ^^^^^^ help: consider using: `newPsm`
    |
    = help: https://book.getfoundry.sh/reference/forge/forge-lint#mixed-case-variable

note[mixed-case-variable]: mutable variables should use mixedCase
  --> test/run20/UniPoolerCore.sol:96:18
   |
96 |     bytes public cx_dispatchErr;
   |                  ^^^^^^^^^^^^^^ help: consider using: `cxDispatchErr`
   |
   = help: https://book.getfoundry.sh/reference/forge/forge-lint#mixed-case-variable

note[mixed-case-variable]: mutable variables should use mixedCase
  --> test/run20/UniPoolerCore.sol:98:22
   |
98 |     constructor(bool sUSDSFirst_, bool feeOn_, bool allowDonations_, uint256 seedS, uint256 seedP) {
   |                      ^^^^^^^^^^^ help: consider using: `sUsdsFirst_`
   |
   = help: https://book.getfoundry.sh/reference/forge/forge-lint#mixed-case-variable

note[mixed-case-variable]: mutable variables should use mixedCase
   --> src/dispatchers/UniPoolerV2.sol:251:29
    |
251 |     function setPSM(address newPSM) external onlyOwner {
    |                             ^^^^^^ help: consider using: `newPsm`
    |
    = help: https://book.getfoundry.sh/reference/forge/forge-lint#mixed-case-variable

note[unused-import]: unused imports should be removed
 --> test/UniPoolerV2.fork.t.sol:7:9
  |
7 | import {IERC4626} from "@openzeppelin/contracts/interfaces/IERC4626.sol";
  |         ^^^^^^^^
  |
  = help: https://book.getfoundry.sh/reference/forge/forge-lint#unused-import

note[mixed-case-variable]: mutable variables should use mixedCase
   --> test/run20/mutants/UniPoolerV2_M8_NoEmptyPairGuard.sol:147:66
    |
147 |     error UniPoolerV2__InsufficientLP(uint256 liquidity, uint256 minLP);
    |                                                                  ^^^^^ help: consider using: `minLp`
    |
    = help: https://book.getfoundry.sh/reference/forge/forge-lint#mixed-case-variable

note[mixed-case-variable]: mutable variables should use mixedCase
   --> test/UniPoolerV2.t.sol:931:22
    |
931 |         MockMintable phUSDMintable = new MockMintable();
    |                      ^^^^^^^^^^^^^ help: consider using: `phUsdMintable`
    |
    = help: https://book.getfoundry.sh/reference/forge/forge-lint#mixed-case-variable

note[mixed-case-variable]: mutable variables should use mixedCase
   --> test/run20/mutants/UniPoolerV2_M3_NoZeroFloorGuard.sol:301:17
    |
301 |         uint256 donationUSDS = donationEnabled ? (amount * batchDonationSize) / 100 : 0;
    |                 ^^^^^^^^^^^^ help: consider using: `donationUsds`
    |
    = help: https://book.getfoundry.sh/reference/forge/forge-lint#mixed-case-variable

note[mixed-case-variable]: mutable variables should use mixedCase
   --> test/run20/mutants/UniPoolerV2_M3_NoZeroFloorGuard.sol:302:17
    |
302 |         uint256 poolingUSDS = amount - donationUSDS;
    |                 ^^^^^^^^^^^ help: consider using: `poolingUsds`
    |
    = help: https://book.getfoundry.sh/reference/forge/forge-lint#mixed-case-variable

note[mixed-case-variable]: mutable variables should use mixedCase
   --> test/run20/mutants/UniPoolerV2_M8_NoEmptyPairGuard.sol:160:25
    |
160 |     constructor(address sUSDS_, address phUSD_, address router_, address pair_, address initialOwner)
    |                         ^^^^^^ help: consider using: `sUsds_`
    |
    = help: https://book.getfoundry.sh/reference/forge/forge-lint#mixed-case-variable

note[mixed-case-variable]: mutable variables should use mixedCase
   --> test/run20/mutants/UniPoolerV2_M8_NoEmptyPairGuard.sol:160:41
    |
160 |     constructor(address sUSDS_, address phUSD_, address router_, address pair_, address initialOwner)
    |                                         ^^^^^^ help: consider using: `phUsd_`
    |
    = help: https://book.getfoundry.sh/reference/forge/forge-lint#mixed-case-variable

note[mixed-case-function]: function names should use mixedCase
   --> test/run20/mutants/UniPoolerV2_M5_QuoteFee.sol:252:14
    |
252 |     function setPSM(address newPSM) external onlyOwner {
    |              ^^^^^^ help: consider using: `setPsm`
    |
    = help: https://book.getfoundry.sh/reference/forge/forge-lint#mixed-case-function

note[mixed-case-variable]: mutable variables should use mixedCase
   --> test/UniPoolerV2.t.sol:953:22
    |
953 |         MockMintable phUSDMintable = new MockMintable();
    |                      ^^^^^^^^^^^^^ help: consider using: `phUsdMintable`
    |
    = help: https://book.getfoundry.sh/reference/forge/forge-lint#mixed-case-variable

note[mixed-case-variable]: mutable variables should use mixedCase
   --> test/run20/mutants/UniPoolerV2_M6_QuoteLPOver.sol:301:17
    |
301 |         uint256 donationUSDS = donationEnabled ? (amount * batchDonationSize) / 100 : 0;
    |                 ^^^^^^^^^^^^ help: consider using: `donationUsds`
    |
    = help: https://book.getfoundry.sh/reference/forge/forge-lint#mixed-case-variable

note[mixed-case-variable]: mutable variables should use mixedCase
   --> test/run20/mutants/UniPoolerV2_M5_QuoteFee.sol:252:29
    |
252 |     function setPSM(address newPSM) external onlyOwner {
    |                             ^^^^^^ help: consider using: `newPsm`
    |
    = help: https://book.getfoundry.sh/reference/forge/forge-lint#mixed-case-variable

note[mixed-case-variable]: mutable variables should use mixedCase
   --> test/run20/UniPoolerCore.sol:141:34
    |
141 |         (, uint256 qOut, uint256 qLP) = pooler.quotePool(a);
    |                                  ^^^ help: consider using: `qLp`
    |
    = help: https://book.getfoundry.sh/reference/forge/forge-lint#mixed-case-variable

note[screaming-snake-case-immutable]: immutables should use SCREAMING_SNAKE_CASE
  --> test/Uniboost.t.sol:39:30
   |
39 |     address public immutable token0;
   |                              ^^^^^^ help: consider using: `TOKEN0`
   |
   = help: https://book.getfoundry.sh/reference/forge/forge-lint#screaming-snake-case-immutable

note[mixed-case-function]: function names should use mixedCase
   --> test/run20/mutants/UniPoolerV2_M8_NoEmptyPairGuard.sol:188:14
    |
188 |     function sUSDS() external view returns (address) {
    |              ^^^^^ help: consider using: `sUsds`
    |
    = help: https://book.getfoundry.sh/reference/forge/forge-lint#mixed-case-function

note[mixed-case-variable]: mutable variables should use mixedCase
   --> test/run20/mutants/UniPoolerV2_M6_QuoteLPOver.sol:302:17
    |
302 |         uint256 poolingUSDS = amount - donationUSDS;
    |                 ^^^^^^^^^^^ help: consider using: `poolingUsds`
    |
    = help: https://book.getfoundry.sh/reference/forge/forge-lint#mixed-case-variable

note[mixed-case-function]: function names should use mixedCase
   --> test/UniPoolerV2.t.sol:990:14
    |
990 |     function _seedSUSDS(uint256 amount) internal {
    |              ^^^^^^^^^^ help: consider using: `_seedSusds`
    |
    = help: https://book.getfoundry.sh/reference/forge/forge-lint#mixed-case-function

note[mixed-case-variable]: mutable variables should use mixedCase
   --> src/dispatchers/UniPoolerV2.sol:300:17
    |
300 |         uint256 donationUSDS = donationEnabled ? (amount * batchDonationSize) / 100 : 0;
    |                 ^^^^^^^^^^^^ help: consider using: `donationUsds`
    |
    = help: https://book.getfoundry.sh/reference/forge/forge-lint#mixed-case-variable

note[mixed-case-variable]: mutable variables should use mixedCase
   --> src/dispatchers/UniPoolerV2.sol:301:17
    |
301 |         uint256 poolingUSDS = amount - donationUSDS;
    |                 ^^^^^^^^^^^ help: consider using: `poolingUsds`
    |
    = help: https://book.getfoundry.sh/reference/forge/forge-lint#mixed-case-variable

note[mixed-case-variable]: mutable variables should use mixedCase
   --> test/run20/mutants/UniPoolerV2_M6_QuoteLPOver.sol:313:21
    |
313 |             uint256 remainingUSDS = IERC20(_primeToken).balanceOf(address(this));
    |                     ^^^^^^^^^^^^^ help: consider using: `remainingUsds`
    |
    = help: https://book.getfoundry.sh/reference/forge/forge-lint#mixed-case-variable

note[mixed-case-function]: function names should use mixedCase
   --> test/UniPoolerV2.t.sol:996:14
    |
996 |     function _ensurePSM() internal {
    |              ^^^^^^^^^^ help: consider using: `_ensurePsm`
    |
    = help: https://book.getfoundry.sh/reference/forge/forge-lint#mixed-case-function

note[screaming-snake-case-immutable]: immutables should use SCREAMING_SNAKE_CASE
  --> test/Uniboost.t.sol:40:30
   |
40 |     address public immutable token1;
   |                              ^^^^^^ help: consider using: `TOKEN1`
   |
   = help: https://book.getfoundry.sh/reference/forge/forge-lint#screaming-snake-case-immutable

note[mixed-case-variable]: mutable variables should use mixedCase
   --> test/run20/mutants/UniPoolerV2_M3_NoZeroFloorGuard.sol:313:21
    |
313 |             uint256 remainingUSDS = IERC20(_primeToken).balanceOf(address(this));
    |                     ^^^^^^^^^^^^^ help: consider using: `remainingUsds`
    |
    = help: https://book.getfoundry.sh/reference/forge/forge-lint#mixed-case-variable

note[mixed-case-variable]: mutable variables should use mixedCase
   --> test/run20/mutants/UniPoolerV2_M5_QuoteFee.sol:301:17
    |
301 |         uint256 donationUSDS = donationEnabled ? (amount * batchDonationSize) / 100 : 0;
    |                 ^^^^^^^^^^^^ help: consider using: `donationUsds`
    |
    = help: https://book.getfoundry.sh/reference/forge/forge-lint#mixed-case-variable

note[mixed-case-variable]: mutable variables should use mixedCase
   --> test/run20/mutants/UniPoolerV2_M5_QuoteFee.sol:302:17
    |
302 |         uint256 poolingUSDS = amount - donationUSDS;
    |                 ^^^^^^^^^^^ help: consider using: `poolingUsds`
    |
    = help: https://book.getfoundry.sh/reference/forge/forge-lint#mixed-case-variable

note[mixed-case-variable]: mutable variables should use mixedCase
  --> test/Uniboost.t.sol:58:20
   |
58 |     uint256 public configurableLP;
   |                    ^^^^^^^^^^^^^^ help: consider using: `configurableLp`
   |
   = help: https://book.getfoundry.sh/reference/forge/forge-lint#mixed-case-variable

note[mixed-case-variable]: mutable variables should use mixedCase
   --> test/run20/mutants/UniPoolerV2_M3_NoZeroFloorGuard.sol:387:27
    |
387 |     function pool(uint256 sUSDSIn, uint256 minPhusdOut, uint256 minLP)
    |                           ^^^^^^^ help: consider using: `sUsdsIn`
    |
    = help: https://book.getfoundry.sh/reference/forge/forge-lint#mixed-case-variable

note[mixed-case-variable]: mutable variables should use mixedCase
   --> src/dispatchers/UniPoolerV2.sol:312:21
    |
312 |             uint256 remainingUSDS = IERC20(_primeToken).balanceOf(address(this));
    |                     ^^^^^^^^^^^^^ help: consider using: `remainingUsds`
    |
    = help: https://book.getfoundry.sh/reference/forge/forge-lint#mixed-case-variable

note[mixed-case-variable]: mutable variables should use mixedCase
   --> test/run20/mutants/UniPoolerV2_M6_QuoteLPOver.sol:387:27
    |
387 |     function pool(uint256 sUSDSIn, uint256 minPhusdOut, uint256 minLP)
    |                           ^^^^^^^ help: consider using: `sUsdsIn`
    |
    = help: https://book.getfoundry.sh/reference/forge/forge-lint#mixed-case-variable

note[mixed-case-variable]: mutable variables should use mixedCase
   --> test/run20/mutants/UniPoolerV2_M6_QuoteLPOver.sol:387:65
    |
387 |     function pool(uint256 sUSDSIn, uint256 minPhusdOut, uint256 minLP)
    |                                                                 ^^^^^ help: consider using: `minLp`
    |
    = help: https://book.getfoundry.sh/reference/forge/forge-lint#mixed-case-variable

note[mixed-case-variable]: mutable variables should use mixedCase
   --> test/run20/mutants/UniPoolerV2_M5_QuoteFee.sol:313:21
    |
313 |             uint256 remainingUSDS = IERC20(_primeToken).balanceOf(address(this));
    |                     ^^^^^^^^^^^^^ help: consider using: `remainingUsds`
    |
    = help: https://book.getfoundry.sh/reference/forge/forge-lint#mixed-case-variable

note[mixed-case-function]: function names should use mixedCase
   --> test/run20/UniPoolerCore.sol:181:14
    |
181 |     function _mintSUSDS(address to, uint256 shares) internal {
    |              ^^^^^^^^^^ help: consider using: `_mintSusds`
    |
    = help: https://book.getfoundry.sh/reference/forge/forge-lint#mixed-case-function

note[mixed-case-variable]: mutable variables should use mixedCase
   --> src/dispatchers/UniPoolerV2.sol:386:27
    |
386 |     function pool(uint256 sUSDSIn, uint256 minPhusdOut, uint256 minLP)
    |                           ^^^^^^^ help: consider using: `sUsdsIn`
    |
    = help: https://book.getfoundry.sh/reference/forge/forge-lint#mixed-case-variable

note[mixed-case-function]: function names should use mixedCase
   --> test/run20/mutants/UniPoolerV2_M8_NoEmptyPairGuard.sol:193:14
    |
193 |     function phUSD() external view returns (address) {
    |              ^^^^^ help: consider using: `phUsd`
    |
    = help: https://book.getfoundry.sh/reference/forge/forge-lint#mixed-case-function

note[mixed-case-variable]: mutable variables should use mixedCase
   --> test/run20/mutants/UniPoolerV2_M3_NoZeroFloorGuard.sol:387:65
    |
387 |     function pool(uint256 sUSDSIn, uint256 minPhusdOut, uint256 minLP)
    |                                                                 ^^^^^ help: consider using: `minLp`
    |
    = help: https://book.getfoundry.sh/reference/forge/forge-lint#mixed-case-variable

note[mixed-case-variable]: mutable variables should use mixedCase
   --> test/run20/mutants/UniPoolerV2_M5_QuoteFee.sol:387:27
    |
387 |     function pool(uint256 sUSDSIn, uint256 minPhusdOut, uint256 minLP)
    |                           ^^^^^^^ help: consider using: `sUsdsIn`
    |
    = help: https://book.getfoundry.sh/reference/forge/forge-lint#mixed-case-variable

note[mixed-case-variable]: mutable variables should use mixedCase
   --> src/dispatchers/UniPoolerV2.sol:386:65
    |
386 |     function pool(uint256 sUSDSIn, uint256 minPhusdOut, uint256 minLP)
    |                                                                 ^^^^^ help: consider using: `minLp`
    |
    = help: https://book.getfoundry.sh/reference/forge/forge-lint#mixed-case-variable

note[mixed-case-function]: function names should use mixedCase
  --> test/Uniboost.t.sol:79:14
   |
79 |     function setConfigurableLP(uint256 amount) external {
   |              ^^^^^^^^^^^^^^^^^ help: consider using: `setConfigurableLp`
   |
   = help: https://book.getfoundry.sh/reference/forge/forge-lint#mixed-case-function

note[mixed-case-variable]: mutable variables should use mixedCase
   --> test/run20/mutants/UniPoolerV2_M3_NoZeroFloorGuard.sol:412:17
    |
412 |         uint256 sUSDSRemaining = sUSDSIn - s;
    |                 ^^^^^^^^^^^^^^ help: consider using: `sUsdsRemaining`
    |
    = help: https://book.getfoundry.sh/reference/forge/forge-lint#mixed-case-variable

note[mixed-case-function]: function names should use mixedCase
    --> test/UniPoolerV2.t.sol:1028:14
     |
1028 |     function _assertBatchDonatedViaPSM(Vm.Log[] memory logs, uint256 usdsSpent, uint256 usdcDonated) internal view {
     |              ^^^^^^^^^^^^^^^^^^^^^^^^^ help: consider using: `_assertBatchDonatedViaPsm`
     |
     = help: https://book.getfoundry.sh/reference/forge/forge-lint#mixed-case-function

note[mixed-case-variable]: mutable variables should use mixedCase
   --> test/run20/mutants/UniPoolerV2_M5_QuoteFee.sol:387:65
    |
387 |     function pool(uint256 sUSDSIn, uint256 minPhusdOut, uint256 minLP)
    |                                                                 ^^^^^ help: consider using: `minLp`
    |
    = help: https://book.getfoundry.sh/reference/forge/forge-lint#mixed-case-variable

note[mixed-case-variable]: mutable variables should use mixedCase
   --> test/run20/mutants/UniPoolerV2_M5_QuoteFee.sol:412:17
    |
412 |         uint256 sUSDSRemaining = sUSDSIn - s;
    |                 ^^^^^^^^^^^^^^ help: consider using: `sUsdsRemaining`
    |
    = help: https://book.getfoundry.sh/reference/forge/forge-lint#mixed-case-variable

note[mixed-case-variable]: mutable variables should use mixedCase
   --> test/run20/mutants/UniPoolerV2_M3_NoZeroFloorGuard.sol:434:32
    |
434 |     function quotePool(uint256 sUSDSIn) external view returns (uint256 swapIn, uint256 phusdOut, uint256 expectedLP) {
    |                                ^^^^^^^ help: consider using: `sUsdsIn`
    |
    = help: https://book.getfoundry.sh/reference/forge/forge-lint#mixed-case-variable

note[mixed-case-variable]: mutable variables should use mixedCase
   --> test/run20/mutants/UniPoolerV2_M6_QuoteLPOver.sol:412:17
    |
412 |         uint256 sUSDSRemaining = sUSDSIn - s;
    |                 ^^^^^^^^^^^^^^ help: consider using: `sUsdsRemaining`
    |
    = help: https://book.getfoundry.sh/reference/forge/forge-lint#mixed-case-variable

note[mixed-case-variable]: mutable variables should use mixedCase
   --> test/run20/mutants/UniPoolerV2_M6_QuoteLPOver.sol:434:32
    |
434 |     function quotePool(uint256 sUSDSIn) external view returns (uint256 swapIn, uint256 phusdOut, uint256 expectedLP) {
    |                                ^^^^^^^ help: consider using: `sUsdsIn`
    |
    = help: https://book.getfoundry.sh/reference/forge/forge-lint#mixed-case-variable

note[mixed-case-variable]: mutable variables should use mixedCase
   --> test/run20/mutants/UniPoolerV2_M3_NoZeroFloorGuard.sol:434:106
    |
434 |     function quotePool(uint256 sUSDSIn) external view returns (uint256 swapIn, uint256 phusdOut, uint256 expectedLP) {
    |                                                                                                          ^^^^^^^^^^ help: consider using: `expectedLp`
    |
    = help: https://book.getfoundry.sh/reference/forge/forge-lint#mixed-case-variable

note[mixed-case-function]: function names should use mixedCase
   --> test/run20/mutants/UniPoolerV2_M8_NoEmptyPairGuard.sol:208:14
    |
208 |     function sUSDSIsToken0() external view returns (bool) {
    |              ^^^^^^^^^^^^^ help: consider using: `sUsdsIsToken0`
    |
    = help: https://book.getfoundry.sh/reference/forge/forge-lint#mixed-case-function

note[screaming-snake-case-immutable]: immutables should use SCREAMING_SNAKE_CASE
  --> src/dispatchers/BalancerPoolerV2.sol:78:32
   |
78 |     address internal immutable _sUSDS;
   |                                ^^^^^^ help: consider using: `_S_USDS`
   |
   = help: https://book.getfoundry.sh/reference/forge/forge-lint#screaming-snake-case-immutable

note[screaming-snake-case-immutable]: immutables should use SCREAMING_SNAKE_CASE
  --> test/SymbolicUniboostHook.t.sol:16:30
   |
16 |     uint8 internal immutable _decimals;
   |                              ^^^^^^^^^ help: consider using: `_DECIMALS`
   |
   = help: https://book.getfoundry.sh/reference/forge/forge-lint#screaming-snake-case-immutable

note[mixed-case-variable]: mutable variables should use mixedCase
   --> src/dispatchers/UniPoolerV2.sol:411:17
    |
411 |         uint256 sUSDSRemaining = sUSDSIn - s;
    |                 ^^^^^^^^^^^^^^ help: consider using: `sUsdsRemaining`
    |
    = help: https://book.getfoundry.sh/reference/forge/forge-lint#mixed-case-variable

note[mixed-case-function]: function names should use mixedCase
   --> test/run20/mutants/UniPoolerV2_M8_NoEmptyPairGuard.sol:252:14
    |
252 |     function setPSM(address newPSM) external onlyOwner {
    |              ^^^^^^ help: consider using: `setPsm`
    |
    = help: https://book.getfoundry.sh/reference/forge/forge-lint#mixed-case-function

note[mixed-case-variable]: mutable variables should use mixedCase
   --> test/run20/mutants/UniPoolerV2_M8_NoEmptyPairGuard.sol:252:29
    |
252 |     function setPSM(address newPSM) external onlyOwner {
    |                             ^^^^^^ help: consider using: `newPsm`
    |
    = help: https://book.getfoundry.sh/reference/forge/forge-lint#mixed-case-variable

note[mixed-case-variable]: mutable variables should use mixedCase
  --> test/SymbolicUniboostHook.t.sol:56:27
   |
56 |     MockMintNoop internal phUSD;
   |                           ^^^^^ help: consider using: `phUsd`
   |
   = help: https://book.getfoundry.sh/reference/forge/forge-lint#mixed-case-variable

note[mixed-case-variable]: mutable variables should use mixedCase
   --> src/dispatchers/UniPoolerV2.sol:433:32
    |
433 |     function quotePool(uint256 sUSDSIn) external view returns (uint256 swapIn, uint256 phusdOut, uint256 expectedLP) {
    |                                ^^^^^^^ help: consider using: `sUsdsIn`
    |
    = help: https://book.getfoundry.sh/reference/forge/forge-lint#mixed-case-variable

note[mixed-case-variable]: mutable variables should use mixedCase
   --> test/run20/UniPoolerCore.sol:245:58
    |
245 |     function _runPool(uint256 a, uint256 minOut, uint256 minLP, bool frontRun) internal returns (uint8 outcome) {
    |                                                          ^^^^^ help: consider using: `minLp`
    |
    = help: https://book.getfoundry.sh/reference/forge/forge-lint#mixed-case-variable

note[mixed-case-variable]: mutable variables should use mixedCase
   --> test/run20/mutants/UniPoolerV2_M6_QuoteLPOver.sol:434:106
    |
434 |     function quotePool(uint256 sUSDSIn) external view returns (uint256 swapIn, uint256 phusdOut, uint256 expectedLP) {
    |                                                                                                          ^^^^^^^^^^ help: consider using: `expectedLp`
    |
    = help: https://book.getfoundry.sh/reference/forge/forge-lint#mixed-case-variable

note[mixed-case-function]: function names should use mixedCase
  --> test/run20/MedusaRun20.sol:11:14
   |
11 |     function property_P1_leftoverIsWeiDust() public view returns (bool) { return ok_dust(); }
   |              ^^^^^^^^^^^^^^^^^^^^^^^^^^^^^ help: consider using: `propertyP1LeftoverIsWeiDust`
   |
   = help: https://book.getfoundry.sh/reference/forge/forge-lint#mixed-case-function

note[mixed-case-variable]: mutable variables should use mixedCase
   --> src/dispatchers/UniPoolerV2.sol:433:106
    |
433 |     function quotePool(uint256 sUSDSIn) external view returns (uint256 swapIn, uint256 phusdOut, uint256 expectedLP) {
    |                                                                                                          ^^^^^^^^^^ help: consider using: `expectedLp`
    |
    = help: https://book.getfoundry.sh/reference/forge/forge-lint#mixed-case-variable

note[mixed-case-variable]: mutable variables should use mixedCase
   --> test/run20/UniPoolerCore.sol:271:63
    |
271 |     function _afterSuccess(uint256 a, uint256 minOut, uint256 minLP, Snap memory b, bool frontRun) internal {
    |                                                               ^^^^^ help: consider using: `minLp`
    |
    = help: https://book.getfoundry.sh/reference/forge/forge-lint#mixed-case-variable

note[mixed-case-variable]: mutable variables should use mixedCase
   --> test/run20/mutants/UniPoolerV2_M5_QuoteFee.sol:434:32
    |
434 |     function quotePool(uint256 sUSDSIn) external view returns (uint256 swapIn, uint256 phusdOut, uint256 expectedLP) {
    |                                ^^^^^^^ help: consider using: `sUsdsIn`
    |
    = help: https://book.getfoundry.sh/reference/forge/forge-lint#mixed-case-variable

note[unwrapped-modifier-logic]: wrap modifier logic to reduce code size
   --> src/dispatchers/UniPoolerV2.sol:148:5
    |
148 | /     modifier onlyAuthorizedPooler() {
149 | |         require(poolerAuthVersion[msg.sender] == authVersion, "UniPoolerV2: caller not authorized pooler");
150 | |         _;
151 | |     }
    | |_____^
    |
help: wrap modifier logic to reduce code size
    |
148 ~     modifier onlyAuthorizedPooler() {
149 +         _onlyAuthorizedPooler();
150 +         _;
151 +     }
152 + 
153 +     function _onlyAuthorizedPooler() internal {
154 +         require(poolerAuthVersion[msg.sender] == authVersion, "UniPoolerV2: caller not authorized pooler");
155 +     }
    |
    = help: https://book.getfoundry.sh/reference/forge/forge-lint#unwrapped-modifier-logic

note[mixed-case-function]: function names should use mixedCase
   --> test/run20/UniPoolerCore.sol:304:14
    |
304 |     function act_poolQuoted(uint256 aSeed, uint256 tolSeed) public {
    |              ^^^^^^^^^^^^^^ help: consider using: `actPoolQuoted`
    |
    = help: https://book.getfoundry.sh/reference/forge/forge-lint#mixed-case-function

note[screaming-snake-case-immutable]: immutables should use SCREAMING_SNAKE_CASE
  --> test/run20/mutants/UniPoolerV2_M1_NaiveSwap.sol:75:32
   |
75 |     address internal immutable _sUSDS;
   |                                ^^^^^^ help: consider using: `_S_USDS`
   |
   = help: https://book.getfoundry.sh/reference/forge/forge-lint#screaming-snake-case-immutable

note[screaming-snake-case-immutable]: immutables should use SCREAMING_SNAKE_CASE
  --> test/run20/mutants/UniPoolerV2_M1_NaiveSwap.sol:76:32
   |
76 |     address internal immutable _primeToken;
   |                                ^^^^^^^^^^^ help: consider using: `_PRIME_TOKEN`
   |
   = help: https://book.getfoundry.sh/reference/forge/forge-lint#screaming-snake-case-immutable

note[screaming-snake-case-immutable]: immutables should use SCREAMING_SNAKE_CASE
  --> test/run20/mutants/UniPoolerV2_M1_NaiveSwap.sol:77:32
   |
77 |     address internal immutable _phUSD;
   |                                ^^^^^^ help: consider using: `_PH_USD`
   |
   = help: https://book.getfoundry.sh/reference/forge/forge-lint#screaming-snake-case-immutable

note[mixed-case-function]: function names should use mixedCase
   --> test/SymbolicUniboostHook.t.sol:105:14
    |
105 |     function check_noOverMint_d6(uint256 amount, uint8 ratioArg) public {
    |              ^^^^^^^^^^^^^^^^^^^ help: consider using: `checkNoOverMintD6`
    |
    = help: https://book.getfoundry.sh/reference/forge/forge-lint#mixed-case-function

note[mixed-case-function]: function names should use mixedCase
  --> test/run20/MedusaRun20.sol:12:14
   |
12 |     function property_P2_routerAllowancesZero() public view returns (bool) { return ok_allowanceZero(); }
   |              ^^^^^^^^^^^^^^^^^^^^^^^^^^^^^^^^ help: consider using: `propertyP2RouterAllowancesZero`
   |
   = help: https://book.getfoundry.sh/reference/forge/forge-lint#mixed-case-function

note[mixed-case-variable]: mutable variables should use mixedCase
   --> test/run20/mutants/UniPoolerV2_M8_NoEmptyPairGuard.sol:301:17
    |
301 |         uint256 donationUSDS = donationEnabled ? (amount * batchDonationSize) / 100 : 0;
    |                 ^^^^^^^^^^^^ help: consider using: `donationUsds`
    |
    = help: https://book.getfoundry.sh/reference/forge/forge-lint#mixed-case-variable

note[mixed-case-variable]: mutable variables should use mixedCase
   --> test/run20/mutants/UniPoolerV2_M5_QuoteFee.sol:434:106
    |
434 |     function quotePool(uint256 sUSDSIn) external view returns (uint256 swapIn, uint256 phusdOut, uint256 expectedLP) {
    |                                                                                                          ^^^^^^^^^^ help: consider using: `expectedLp`
    |
    = help: https://book.getfoundry.sh/reference/forge/forge-lint#mixed-case-variable

note[mixed-case-function]: function names should use mixedCase
   --> test/SymbolicUniboostHook.t.sol:109:14
    |
109 |     function check_noOverMint_d8(uint256 amount, uint8 ratioArg) public {
    |              ^^^^^^^^^^^^^^^^^^^ help: consider using: `checkNoOverMintD8`
    |
    = help: https://book.getfoundry.sh/reference/forge/forge-lint#mixed-case-function

note[screaming-snake-case-const]: constants should use SCREAMING_SNAKE_CASE
  --> test/run20/mutants/PromotionUniV2_Eth_MC_FloorNotForwarded.sol:81:29
   |
81 |     address public constant phUSD = 0xf3B5B661b92B75C71fA5Aba8Fd95D7514A9CD605;
   |                             ^^^^^ help: consider using: `PH_USD`
   |
   = help: https://book.getfoundry.sh/reference/forge/forge-lint#screaming-snake-case-const

note[mixed-case-function]: function names should use mixedCase
  --> test/run20/MedusaRun20.sol:13:14
   |
13 |     function property_P3_liquidityAtLeastMinLP() public view returns (bool) { return ok_minLP(); }
   |              ^^^^^^^^^^^^^^^^^^^^^^^^^^^^^^^^^ help: consider using: `propertyP3LiquidityAtLeastMinLp`
   |
   = help: https://book.getfoundry.sh/reference/forge/forge-lint#mixed-case-function

note[mixed-case-variable]: mutable variables should use mixedCase
   --> test/run20/mutants/UniPoolerV2_M8_NoEmptyPairGuard.sol:302:17
    |
302 |         uint256 poolingUSDS = amount - donationUSDS;
    |                 ^^^^^^^^^^^ help: consider using: `poolingUsds`
    |
    = help: https://book.getfoundry.sh/reference/forge/forge-lint#mixed-case-variable

note[mixed-case-variable]: mutable variables should use mixedCase
   --> test/run20/mutants/UniPoolerV2_M8_NoEmptyPairGuard.sol:313:21
    |
313 |             uint256 remainingUSDS = IERC20(_primeToken).balanceOf(address(this));
    |                     ^^^^^^^^^^^^^ help: consider using: `remainingUsds`
    |
    = help: https://book.getfoundry.sh/reference/forge/forge-lint#mixed-case-variable

note[mixed-case-variable]: mutable variables should use mixedCase
   --> test/run20/UniPoolerCore.sol:310:17
    |
310 |         uint256 qLP;
    |                 ^^^ help: consider using: `qLp`
    |
    = help: https://book.getfoundry.sh/reference/forge/forge-lint#mixed-case-variable

note[mixed-case-function]: function names should use mixedCase
  --> test/run20/MedusaRun20.sol:14:14
   |
14 |     function property_P4_quoteLPIsValidFloor() public view returns (bool) { return ok_quoteLPFloor(); }
   |              ^^^^^^^^^^^^^^^^^^^^^^^^^^^^^^^ help: consider using: `propertyP4QuoteLpIsValidFloor`
   |
   = help: https://book.getfoundry.sh/reference/forge/forge-lint#mixed-case-function

note[mixed-case-function]: function names should use mixedCase
   --> test/SymbolicUniboostHook.t.sol:113:14
    |
113 |     function check_noOverMint_d18(uint256 amount, uint8 ratioArg) public {
    |              ^^^^^^^^^^^^^^^^^^^^ help: consider using: `checkNoOverMintD18`
    |
    = help: https://book.getfoundry.sh/reference/forge/forge-lint#mixed-case-function

note[screaming-snake-case-const]: constants should use SCREAMING_SNAKE_CASE
  --> test/run20/mutants/PromotionUniV2_Eth_MA_NoZeroFloor.sol:81:29
   |
81 |     address public constant phUSD = 0xf3B5B661b92B75C71fA5Aba8Fd95D7514A9CD605;
   |                             ^^^^^ help: consider using: `PH_USD`
   |
   = help: https://book.getfoundry.sh/reference/forge/forge-lint#screaming-snake-case-const

note[screaming-snake-case-const]: constants should use SCREAMING_SNAKE_CASE
  --> test/run20/mutants/PromotionUniV2_Eth_MA_NoZeroFloor.sol:87:29
   |
87 |     address public constant sUSDS = 0xa3931d71877C0E7a3148CB7Eb4463524FEc27fbD;
   |                             ^^^^^ help: consider using: `S_USDS`
   |
   = help: https://book.getfoundry.sh/reference/forge/forge-lint#screaming-snake-case-const

note[mixed-case-function]: function names should use mixedCase
  --> test/run20/MedusaRun20.sol:15:14
   |
15 |     function property_P5_quotePhusdOutExact() public view returns (bool) { return ok_quoteOutExact(); }
   |              ^^^^^^^^^^^^^^^^^^^^^^^^^^^^^^ help: consider using: `propertyP5QuotePhusdOutExact`
   |
   = help: https://book.getfoundry.sh/reference/forge/forge-lint#mixed-case-function

note[screaming-snake-case-const]: constants should use SCREAMING_SNAKE_CASE
  --> test/run20/mutants/PromotionUniV2_Eth_MC_FloorNotForwarded.sol:87:29
   |
87 |     address public constant sUSDS = 0xa3931d71877C0E7a3148CB7Eb4463524FEc27fbD;
   |                             ^^^^^ help: consider using: `S_USDS`
   |
   = help: https://book.getfoundry.sh/reference/forge/forge-lint#screaming-snake-case-const

note[mixed-case-variable]: mutable variables should use mixedCase
   --> test/run20/mutants/UniPoolerV2_M8_NoEmptyPairGuard.sol:387:27
    |
387 |     function pool(uint256 sUSDSIn, uint256 minPhusdOut, uint256 minLP)
    |                           ^^^^^^^ help: consider using: `sUsdsIn`
    |
    = help: https://book.getfoundry.sh/reference/forge/forge-lint#mixed-case-variable

note[mixed-case-variable]: mutable variables should use mixedCase
   --> test/run20/mutants/UniPoolerV2_M8_NoEmptyPairGuard.sol:387:65
    |
387 |     function pool(uint256 sUSDSIn, uint256 minPhusdOut, uint256 minLP)
    |                                                                 ^^^^^ help: consider using: `minLp`
    |
    = help: https://book.getfoundry.sh/reference/forge/forge-lint#mixed-case-variable

note[mixed-case-function]: function names should use mixedCase
  --> test/run20/MedusaRun20.sol:16:14
   |
16 |     function property_P6_zeroFloorsRevert() public view returns (bool) { return ok_zeroFloorReverts(); }
   |              ^^^^^^^^^^^^^^^^^^^^^^^^^^^^ help: consider using: `propertyP6ZeroFloorsRevert`
   |
   = help: https://book.getfoundry.sh/reference/forge/forge-lint#mixed-case-function

note[screaming-snake-case-immutable]: immutables should use SCREAMING_SNAKE_CASE
   --> test/run20/mutants/PromotionUniV2_Eth_MC_FloorNotForwarded.sol:115:30
    |
115 |     address public immutable promotionToken;
    |                              ^^^^^^^^^^^^^^ help: consider using: `PROMOTION_TOKEN`
    |
    = help: https://book.getfoundry.sh/reference/forge/forge-lint#screaming-snake-case-immutable

note[screaming-snake-case-immutable]: immutables should use SCREAMING_SNAKE_CASE
  --> test/run20/mutants/UniPoolerV2_M1_NaiveSwap.sol:78:31
   |
78 |     address private immutable _router;
   |                               ^^^^^^^ help: consider using: `_ROUTER`
   |
   = help: https://book.getfoundry.sh/reference/forge/forge-lint#screaming-snake-case-immutable

note[screaming-snake-case-immutable]: immutables should use SCREAMING_SNAKE_CASE
   --> test/run20/mutants/PromotionUniV2_Eth_MA_NoZeroFloor.sol:115:30
    |
115 |     address public immutable promotionToken;
    |                              ^^^^^^^^^^^^^^ help: consider using: `PROMOTION_TOKEN`
    |
    = help: https://book.getfoundry.sh/reference/forge/forge-lint#screaming-snake-case-immutable

note[mixed-case-variable]: mutable variables should use mixedCase
   --> test/run20/mutants/UniPoolerV2_M8_NoEmptyPairGuard.sol:412:17
    |
412 |         uint256 sUSDSRemaining = sUSDSIn - s;
    |                 ^^^^^^^^^^^^^^ help: consider using: `sUsdsRemaining`
    |
    = help: https://book.getfoundry.sh/reference/forge/forge-lint#mixed-case-variable

note[screaming-snake-case-immutable]: immutables should use SCREAMING_SNAKE_CASE
  --> src/dispatchers/BalancerPoolerV2.sol:79:32
   |
79 |     address internal immutable _primeToken;
   |                                ^^^^^^^^^^^ help: consider using: `_PRIME_TOKEN`
   |
   = help: https://book.getfoundry.sh/reference/forge/forge-lint#screaming-snake-case-immutable

note[mixed-case-function]: function names should use mixedCase
  --> test/run20/MedusaRun20.sol:17:14
   |
17 |     function property_P7_emptyPairReverts() public view returns (bool) { return ok_emptyPairReverts(); }
   |              ^^^^^^^^^^^^^^^^^^^^^^^^^^^^ help: consider using: `propertyP7EmptyPairReverts`
   |
   = help: https://book.getfoundry.sh/reference/forge/forge-lint#mixed-case-function

note[mixed-case-function]: function names should use mixedCase
  --> test/run20/MedusaRun20.sol:18:14
   |
18 |     function property_P8_frontRunNeverStrands() public view returns (bool) { return ok_frontRunNoStrand(); }
   |              ^^^^^^^^^^^^^^^^^^^^^^^^^^^^^^^^ help: consider using: `propertyP8FrontRunNeverStrands`
   |
   = help: https://book.getfoundry.sh/reference/forge/forge-lint#mixed-case-function

note[mixed-case-function]: function names should use mixedCase
  --> test/run20/MedusaRun20.sol:19:14
   |
19 |     function property_P9_dispatchWorks() public view returns (bool) { return ok_dispatchAlwaysWorks(); }
   |              ^^^^^^^^^^^^^^^^^^^^^^^^^ help: consider using: `propertyP9DispatchWorks`
   |
   = help: https://book.getfoundry.sh/reference/forge/forge-lint#mixed-case-function

note[mixed-case-variable]: mutable variables should use mixedCase
   --> test/run20/UniPoolerCore.sol:318:17
    |
318 |         uint256 minLP = qLP - (qLP * tol) / 10_000;
    |                 ^^^^^ help: consider using: `minLp`
    |
    = help: https://book.getfoundry.sh/reference/forge/forge-lint#mixed-case-variable

note[mixed-case-variable]: mutable variables should use mixedCase
   --> test/run20/UniPoolerCore.sol:324:21
    |
324 |             uint256 actualLP = pair.balanceOf(address(pooler)) - lpBefore;
    |                     ^^^^^^^^ help: consider using: `actualLp`
    |
    = help: https://book.getfoundry.sh/reference/forge/forge-lint#mixed-case-variable

note[mixed-case-function]: function names should use mixedCase
   --> test/run20/UniPoolerCore.sol:342:14
    |
342 |     function act_frontRunPool(uint256 aSeed, uint256 tolSeed, uint256 frontSeed, bool buyPhusd) public {
    |              ^^^^^^^^^^^^^^^^ help: consider using: `actFrontRunPool`
    |
    = help: https://book.getfoundry.sh/reference/forge/forge-lint#mixed-case-function

note[mixed-case-variable]: mutable variables should use mixedCase
   --> test/run20/mutants/PromotionUniV2_Eth_MC_FloorNotForwarded.sol:182:26
    |
182 |     event PSMSet(address newPSM);
    |                          ^^^^^^ help: consider using: `newPsm`
    |
    = help: https://book.getfoundry.sh/reference/forge/forge-lint#mixed-case-variable

note[screaming-snake-case-immutable]: immutables should use SCREAMING_SNAKE_CASE
  --> test/run20/mutants/UniPoolerV2_M1_NaiveSwap.sol:79:31
   |
79 |     address private immutable _pair;
   |                               ^^^^^ help: consider using: `_PAIR`
   |
   = help: https://book.getfoundry.sh/reference/forge/forge-lint#screaming-snake-case-immutable

note[mixed-case-variable]: mutable variables should use mixedCase
   --> test/run20/mutants/UniPoolerV2_M8_NoEmptyPairGuard.sol:434:32
    |
434 |     function quotePool(uint256 sUSDSIn) external view returns (uint256 swapIn, uint256 phusdOut, uint256 expectedLP) {
    |                                ^^^^^^^ help: consider using: `sUsdsIn`
    |
    = help: https://book.getfoundry.sh/reference/forge/forge-lint#mixed-case-variable

note[screaming-snake-case-immutable]: immutables should use SCREAMING_SNAKE_CASE
  --> src/dispatchers/BalancerPoolerV2.sol:81:31
   |
81 |     address private immutable _vault;
   |                               ^^^^^^ help: consider using: `_VAULT`
   |
   = help: https://book.getfoundry.sh/reference/forge/forge-lint#screaming-snake-case-immutable

note[mixed-case-function]: function names should use mixedCase
  --> test/run20/MedusaRun20.sol:38:14
   |
38 |     function property_PA1_allowancesZero() public view returns (bool) { return ok_PA1_allowancesZero(); }
   |              ^^^^^^^^^^^^^^^^^^^^^^^^^^^ help: consider using: `propertyPa1AllowancesZero`
   |
   = help: https://book.getfoundry.sh/reference/forge/forge-lint#mixed-case-function

note[mixed-case-function]: function names should use mixedCase
   --> test/SymbolicUniboostHook.t.sol:124:14
    |
124 |     function check_floorIdentity(uint256 X) public pure {
    |              ^^^^^^^^^^^^^^^^^^^ help: consider using: `checkFloorIdentity`
    |
    = help: https://book.getfoundry.sh/reference/forge/forge-lint#mixed-case-function

note[mixed-case-variable]: mutable variables should use mixedCase
   --> test/run20/mutants/PromotionUniV2_Eth_MA_NoZeroFloor.sol:182:26
    |
182 |     event PSMSet(address newPSM);
    |                          ^^^^^^ help: consider using: `newPsm`
    |
    = help: https://book.getfoundry.sh/reference/forge/forge-lint#mixed-case-variable

note[screaming-snake-case-immutable]: immutables should use SCREAMING_SNAKE_CASE
  --> test/run20/mutants/UniPoolerV2_M1_NaiveSwap.sol:80:28
   |
80 |     bool private immutable _sUSDSIsToken0;
   |                            ^^^^^^^^^^^^^^ help: consider using: `_S_USDS_IS_TOKEN0`
   |
   = help: https://book.getfoundry.sh/reference/forge/forge-lint#screaming-snake-case-immutable

note[mixed-case-variable]: mutable variables should use mixedCase
   --> test/run20/mutants/UniPoolerV2_M8_NoEmptyPairGuard.sol:434:106
    |
434 |     function quotePool(uint256 sUSDSIn) external view returns (uint256 swapIn, uint256 phusdOut, uint256 expectedLP) {
    |                                                                                                          ^^^^^^^^^^ help: consider using: `expectedLp`
    |
    = help: https://book.getfoundry.sh/reference/forge/forge-lint#mixed-case-variable

note[mixed-case-variable]: mutable variables should use mixedCase
   --> test/run20/UniPoolerCore.sol:348:17
    |
348 |         uint256 qLP;
    |                 ^^^ help: consider using: `qLp`
    |
    = help: https://book.getfoundry.sh/reference/forge/forge-lint#mixed-case-variable

note[mixed-case-variable]: mutable variables should use mixedCase
   --> test/run20/UniPoolerCore.sol:356:17
    |
356 |         uint256 minLP = qLP - (qLP * tol) / 10_000;
    |                 ^^^^^ help: consider using: `minLp`
    |
    = help: https://book.getfoundry.sh/reference/forge/forge-lint#mixed-case-variable

note[mixed-case-function]: function names should use mixedCase
   --> test/run20/UniPoolerCore.sol:367:14
    |
367 |     function act_poolLooseFloors(uint256 aSeed) public {
    |              ^^^^^^^^^^^^^^^^^^^ help: consider using: `actPoolLooseFloors`
    |
    = help: https://book.getfoundry.sh/reference/forge/forge-lint#mixed-case-function

note[mixed-case-variable]: mutable variables should use mixedCase
   --> test/run20/mutants/UniPoolerV2_M1_NaiveSwap.sol:115:50
    |
115 |     event Pooled(address indexed pooler, uint256 sUSDSIn, uint256 swapIn, uint256 phusdOut, uint256 liquidity);
    |                                                  ^^^^^^^ help: consider using: `sUsdsIn`
    |
    = help: https://book.getfoundry.sh/reference/forge/forge-lint#mixed-case-variable

note[mixed-case-function]: function names should use mixedCase
   --> test/SymbolicUniboostHook.t.sol:157:14
    |
157 |     function check_floorNarrow_scale1e12(uint32 amount32, uint8 ratioArg) public pure {
    |              ^^^^^^^^^^^^^^^^^^^^^^^^^^^ help: consider using: `checkFloorNarrowScale1e12`
    |
    = help: https://book.getfoundry.sh/reference/forge/forge-lint#mixed-case-function

note[mixed-case-function]: function names should use mixedCase
  --> test/run20/MedusaRun20.sol:39:14
   |
39 |     function property_PA2_zeroFloorReverts() public view returns (bool) { return ok_PA2_zeroFloorReverts(); }
   |              ^^^^^^^^^^^^^^^^^^^^^^^^^^^^^ help: consider using: `propertyPa2ZeroFloorReverts`
   |
   = help: https://book.getfoundry.sh/reference/forge/forge-lint#mixed-case-function

note[screaming-snake-case-immutable]: immutables should use SCREAMING_SNAKE_CASE
  --> src/dispatchers/BalancerPoolerV2.sol:82:31
   |
82 |     address private immutable _router;
   |                               ^^^^^^^ help: consider using: `_ROUTER`
   |
   = help: https://book.getfoundry.sh/reference/forge/forge-lint#screaming-snake-case-immutable

note[screaming-snake-case-immutable]: immutables should use SCREAMING_SNAKE_CASE
  --> src/dispatchers/BalancerPoolerV2.sol:83:28
   |
83 |     bool private immutable _sUSDSIsFirst;
   |                            ^^^^^^^^^^^^^ help: consider using: `_S_USDS_IS_FIRST`
   |
   = help: https://book.getfoundry.sh/reference/forge/forge-lint#screaming-snake-case-immutable

note[mixed-case-function]: function names should use mixedCase
   --> test/SymbolicUniboostHook.t.sol:161:14
    |
161 |     function check_floorNarrow_scale1e10(uint32 amount32, uint8 ratioArg) public pure {
    |              ^^^^^^^^^^^^^^^^^^^^^^^^^^^ help: consider using: `checkFloorNarrowScale1e10`
    |
    = help: https://book.getfoundry.sh/reference/forge/forge-lint#mixed-case-function

note[mixed-case-function]: function names should use mixedCase
  --> test/run20/MedusaRun20.sol:40:14
   |
40 |     function property_PA3_floorHonoured() public view returns (bool) { return ok_PA3_floorHonoured(); }
   |              ^^^^^^^^^^^^^^^^^^^^^^^^^^ help: consider using: `propertyPa3FloorHonoured`
   |
   = help: https://book.getfoundry.sh/reference/forge/forge-lint#mixed-case-function

note[mixed-case-variable]: mutable variables should use mixedCase
  --> test/run20/PromoLegACore.sol:64:17
   |
64 |     bool public v_allowance;
   |                 ^^^^^^^^^^^ help: consider using: `vAllowance`
   |
   = help: https://book.getfoundry.sh/reference/forge/forge-lint#mixed-case-variable

note[mixed-case-variable]: mutable variables should use mixedCase
  --> test/run20/PromoLegACore.sol:65:17
   |
65 |     bool public v_zeroFloor;
   |                 ^^^^^^^^^^^ help: consider using: `vZeroFloor`
   |
   = help: https://book.getfoundry.sh/reference/forge/forge-lint#mixed-case-variable

note[mixed-case-function]: function names should use mixedCase
   --> test/run20/mutants/PromotionUniV2_Eth_MC_FloorNotForwarded.sol:307:14
    |
307 |     function withdrawWBTC(address to, uint256 amount) external onlyInsurer {
    |              ^^^^^^^^^^^^ help: consider using: `withdrawWbtc`
    |
    = help: https://book.getfoundry.sh/reference/forge/forge-lint#mixed-case-function

note[mixed-case-function]: function names should use mixedCase
   --> test/run20/mutants/PromotionUniV2_Eth_MC_FloorNotForwarded.sol:314:14
    |
314 |     function setPSM(address newPSM) external onlyOwner {
    |              ^^^^^^ help: consider using: `setPsm`
    |
    = help: https://book.getfoundry.sh/reference/forge/forge-lint#mixed-case-function

note[mixed-case-variable]: mutable variables should use mixedCase
   --> test/run20/mutants/PromotionUniV2_Eth_MC_FloorNotForwarded.sol:314:29
    |
314 |     function setPSM(address newPSM) external onlyOwner {
    |                             ^^^^^^ help: consider using: `newPsm`
    |
    = help: https://book.getfoundry.sh/reference/forge/forge-lint#mixed-case-variable

note[mixed-case-variable]: mutable variables should use mixedCase
  --> test/run20/PromoLegACore.sol:66:17
   |
66 |     bool public v_floor;
   |                 ^^^^^^^ help: consider using: `vFloor`
   |
   = help: https://book.getfoundry.sh/reference/forge/forge-lint#mixed-case-variable

note[mixed-case-variable]: mutable variables should use mixedCase
   --> test/run20/mutants/PromotionUniV2_Eth_MC_FloorNotForwarded.sol:420:17
    |
420 |         uint256 minLP
    |                 ^^^^^ help: consider using: `minLp`
    |
    = help: https://book.getfoundry.sh/reference/forge/forge-lint#mixed-case-variable

note[mixed-case-function]: function names should use mixedCase
   --> test/SymbolicUniboostHook.t.sol:165:14
    |
165 |     function check_floorNarrow_scale1(uint32 amount32, uint8 ratioArg) public pure {
    |              ^^^^^^^^^^^^^^^^^^^^^^^^ help: consider using: `checkFloorNarrowScale1`
    |
    = help: https://book.getfoundry.sh/reference/forge/forge-lint#mixed-case-function

note[mixed-case-function]: function names should use mixedCase
   --> test/run20/UniPoolerCore.sol:375:14
    |
375 |     function act_poolHighFloor(uint256 aSeed, uint256 extraSeed) public {
    |              ^^^^^^^^^^^^^^^^^ help: consider using: `actPoolHighFloor`
    |
    = help: https://book.getfoundry.sh/reference/forge/forge-lint#mixed-case-function

note[mixed-case-variable]: mutable variables should use mixedCase
   --> test/run20/mutants/UniPoolerV2_M1_NaiveSwap.sol:119:26
    |
119 |     event PSMSet(address newPSM);
    |                          ^^^^^^ help: consider using: `newPsm`
    |
    = help: https://book.getfoundry.sh/reference/forge/forge-lint#mixed-case-variable

note[mixed-case-variable]: mutable variables should use mixedCase
  --> test/run20/PromoLegACore.sol:67:17
   |
67 |     bool public v_susdsResidual;
   |                 ^^^^^^^^^^^^^^^ help: consider using: `vSusdsResidual`
   |
   = help: https://book.getfoundry.sh/reference/forge/forge-lint#mixed-case-variable

note[mixed-case-variable]: mutable variables should use mixedCase
  --> test/run20/PromoLegACore.sol:68:18
   |
68 |     bytes public cx_zeroFloorErr;
   |                  ^^^^^^^^^^^^^^^ help: consider using: `cxZeroFloorErr`
   |
   = help: https://book.getfoundry.sh/reference/forge/forge-lint#mixed-case-variable

note[mixed-case-variable]: mutable variables should use mixedCase
   --> test/run20/UniPoolerCore.sol:379:73
    |
379 |         try pooler.quotePool(a) returns (uint256, uint256 qOut, uint256 qLP) {
    |                                                                         ^^^ help: consider using: `qLp`
    |
    = help: https://book.getfoundry.sh/reference/forge/forge-lint#mixed-case-variable

note[mixed-case-function]: function names should use mixedCase
   --> test/run20/mutants/PromotionUniV2_Eth_MA_NoZeroFloor.sol:307:14
    |
307 |     function withdrawWBTC(address to, uint256 amount) external onlyInsurer {
    |              ^^^^^^^^^^^^ help: consider using: `withdrawWbtc`
    |
    = help: https://book.getfoundry.sh/reference/forge/forge-lint#mixed-case-function

note[mixed-case-variable]: mutable variables should use mixedCase
   --> src/dispatchers/BalancerPoolerV2.sol:116:50
    |
116 |     event Pooled(address indexed pooler, uint256 sUSDSPooled, uint256 bptReceived, uint256 minBPT);
    |                                                  ^^^^^^^^^^^ help: consider using: `sUsdsPooled`
    |
    = help: https://book.getfoundry.sh/reference/forge/forge-lint#mixed-case-variable

note[mixed-case-function]: function names should use mixedCase
   --> test/SymbolicUniboostHook.t.sol:170:14
    |
170 |     function check_floorMonotoneNarrow(uint32 a, uint32 b) public pure {
    |              ^^^^^^^^^^^^^^^^^^^^^^^^^ help: consider using: `checkFloorMonotoneNarrow`
    |
    = help: https://book.getfoundry.sh/reference/forge/forge-lint#mixed-case-function

note[mixed-case-function]: function names should use mixedCase
   --> test/SymbolicUniboostHook.t.sol:176:14
    |
176 |     function check_ratioMonotoneNarrow(uint32 amount32, uint8 rLo, uint8 rHi) public pure {
    |              ^^^^^^^^^^^^^^^^^^^^^^^^^ help: consider using: `checkRatioMonotoneNarrow`
    |
    = help: https://book.getfoundry.sh/reference/forge/forge-lint#mixed-case-function

note[mixed-case-function]: function names should use mixedCase
   --> test/run20/mutants/PromotionUniV2_Eth_MA_NoZeroFloor.sol:314:14
    |
314 |     function setPSM(address newPSM) external onlyOwner {
    |              ^^^^^^ help: consider using: `setPsm`
    |
    = help: https://book.getfoundry.sh/reference/forge/forge-lint#mixed-case-function

note[mixed-case-variable]: mutable variables should use mixedCase
   --> test/run20/mutants/PromotionUniV2_Eth_MC_FloorNotForwarded.sol:460:46
    |
460 |     function _addPhusdPromoLiquidity(uint256 minLP) internal returns (uint256 liquidity) {
    |                                              ^^^^^ help: consider using: `minLp`
    |
    = help: https://book.getfoundry.sh/reference/forge/forge-lint#mixed-case-variable

note[mixed-case-function]: function names should use mixedCase
  --> test/run20/MedusaRun20.sol:41:14
   |
41 |     function property_PA4_noSusdsResidual() public view returns (bool) { return ok_PA4_noSusdsResidual(); }
   |              ^^^^^^^^^^^^^^^^^^^^^^^^^^^^ help: consider using: `propertyPa4NoSusdsResidual`
   |
   = help: https://book.getfoundry.sh/reference/forge/forge-lint#mixed-case-function

note[mixed-case-function]: function names should use mixedCase
   --> test/run20/UniPoolerCore.sol:387:14
    |
387 |     function act_poolZeroFloor(uint256 aSeed, uint256 floorSeed, uint8 which) public {
    |              ^^^^^^^^^^^^^^^^^ help: consider using: `actPoolZeroFloor`
    |
    = help: https://book.getfoundry.sh/reference/forge/forge-lint#mixed-case-function

note[mixed-case-variable]: mutable variables should use mixedCase
   --> test/run20/mutants/UniPoolerV2_M1_NaiveSwap.sol:147:66
    |
147 |     error UniPoolerV2__InsufficientLP(uint256 liquidity, uint256 minLP);
    |                                                                  ^^^^^ help: consider using: `minLp`
    |
    = help: https://book.getfoundry.sh/reference/forge/forge-lint#mixed-case-variable

note[mixed-case-function]: function names should use mixedCase
   --> test/run20/PromoLegACore.sol:199:14
    |
199 |     function act_dispatch(uint256 seed) public {
    |              ^^^^^^^^^^^^ help: consider using: `actDispatch`
    |
    = help: https://book.getfoundry.sh/reference/forge/forge-lint#mixed-case-function

note[mixed-case-variable]: mutable variables should use mixedCase
   --> test/run20/mutants/PromotionUniV2_Eth_MA_NoZeroFloor.sol:314:29
    |
314 |     function setPSM(address newPSM) external onlyOwner {
    |                             ^^^^^^ help: consider using: `newPsm`
    |
    = help: https://book.getfoundry.sh/reference/forge/forge-lint#mixed-case-variable

note[mixed-case-function]: function names should use mixedCase
   --> test/run20/mutants/PromotionUniV2_Eth_MC_FloorNotForwarded.sol:557:14
    |
557 |     function rescueETH(address to, uint256 amount) external onlyOwner {
    |              ^^^^^^^^^ help: consider using: `rescueEth`
    |
    = help: https://book.getfoundry.sh/reference/forge/forge-lint#mixed-case-function

note[mixed-case-variable]: mutable variables should use mixedCase
  --> test/run20/DonationStrand.t.sol:45:34
   |
45 |         (, uint256 qOut, uint256 qLP) = pooler.quotePool(a);
   |                                  ^^^ help: consider using: `qLp`
   |
   = help: https://book.getfoundry.sh/reference/forge/forge-lint#mixed-case-variable

note[mixed-case-function]: function names should use mixedCase
   --> test/SymbolicUniboostHook.t.sol:204:14
    |
204 |     function check_noOverflow_d6(uint256 amount, uint8 ratioArg) public {
    |              ^^^^^^^^^^^^^^^^^^^ help: consider using: `checkNoOverflowD6`
    |
    = help: https://book.getfoundry.sh/reference/forge/forge-lint#mixed-case-function

note[mixed-case-variable]: mutable variables should use mixedCase
   --> test/run20/mutants/PromotionUniV2_Eth_MA_NoZeroFloor.sol:420:17
    |
420 |         uint256 minLP
    |                 ^^^^^ help: consider using: `minLp`
    |
    = help: https://book.getfoundry.sh/reference/forge/forge-lint#mixed-case-variable

note[mixed-case-variable]: mutable variables should use mixedCase
   --> test/run20/mutants/UniPoolerV2_M1_NaiveSwap.sol:160:25
    |
160 |     constructor(address sUSDS_, address phUSD_, address router_, address pair_, address initialOwner)
    |                         ^^^^^^ help: consider using: `sUsds_`
    |
    = help: https://book.getfoundry.sh/reference/forge/forge-lint#mixed-case-variable

note[mixed-case-variable]: mutable variables should use mixedCase
  --> test/run20/DonationStrand.t.sol:72:34
   |
72 |         (, uint256 qOut, uint256 qLP) = pooler.quotePool(a);
   |                                  ^^^ help: consider using: `qLp`
   |
   = help: https://book.getfoundry.sh/reference/forge/forge-lint#mixed-case-variable

note[mixed-case-variable]: mutable variables should use mixedCase
  --> test/run20/DonationStrand.t.sol:96:34
   |
96 |         (, uint256 qOut, uint256 qLP) = pooler.quotePool(a);
   |                                  ^^^ help: consider using: `qLp`
   |
   = help: https://book.getfoundry.sh/reference/forge/forge-lint#mixed-case-variable

note[screaming-snake-case-const]: constants should use SCREAMING_SNAKE_CASE
  --> test/run20/mutants/PromotionUniV2_Eth_MB_LeakAllowance.sol:81:29
   |
81 |     address public constant phUSD = 0xf3B5B661b92B75C71fA5Aba8Fd95D7514A9CD605;
   |                             ^^^^^ help: consider using: `PH_USD`
   |
   = help: https://book.getfoundry.sh/reference/forge/forge-lint#screaming-snake-case-const

note[mixed-case-function]: function names should use mixedCase
   --> test/run20/PromoLegACore.sol:203:14
    |
203 |     function act_pool(uint256 aSeed, uint256 tolSeed) public {
    |              ^^^^^^^^ help: consider using: `actPool`
    |
    = help: https://book.getfoundry.sh/reference/forge/forge-lint#mixed-case-function

note[mixed-case-function]: function names should use mixedCase
   --> test/SymbolicUniboostHook.t.sol:208:14
    |
208 |     function check_noOverflow_d18(uint256 amount, uint8 ratioArg) public {
    |              ^^^^^^^^^^^^^^^^^^^^ help: consider using: `checkNoOverflowD18`
    |
    = help: https://book.getfoundry.sh/reference/forge/forge-lint#mixed-case-function

note[mixed-case-function]: function names should use mixedCase
   --> test/SymbolicUniboostHook.t.sol:213:14
    |
213 |     function check_pureMath_noOverflow(uint256 amount, uint256 scale, uint256 ratioArg) public pure {
    |              ^^^^^^^^^^^^^^^^^^^^^^^^^ help: consider using: `checkPureMathNoOverflow`
    |
    = help: https://book.getfoundry.sh/reference/forge/forge-lint#mixed-case-function

note[screaming-snake-case-const]: constants should use SCREAMING_SNAKE_CASE
  --> test/run20/mutants/PromotionUniV2_Eth_MB_LeakAllowance.sol:87:29
   |
87 |     address public constant sUSDS = 0xa3931d71877C0E7a3148CB7Eb4463524FEc27fbD;
   |                             ^^^^^ help: consider using: `S_USDS`
   |
   = help: https://book.getfoundry.sh/reference/forge/forge-lint#screaming-snake-case-const

note[mixed-case-function]: function names should use mixedCase
   --> test/run20/PromoLegACore.sol:209:14
    |
209 |     function act_poolZeroFloor(uint256 aSeed, uint256 otherSeed) public {
    |              ^^^^^^^^^^^^^^^^^ help: consider using: `actPoolZeroFloor`
    |
    = help: https://book.getfoundry.sh/reference/forge/forge-lint#mixed-case-function

note[mixed-case-variable]: mutable variables should use mixedCase
   --> test/run20/mutants/PromotionUniV2_Eth_MA_NoZeroFloor.sol:460:46
    |
460 |     function _addPhusdPromoLiquidity(uint256 minLP) internal returns (uint256 liquidity) {
    |                                              ^^^^^ help: consider using: `minLp`
    |
    = help: https://book.getfoundry.sh/reference/forge/forge-lint#mixed-case-variable

note[mixed-case-variable]: mutable variables should use mixedCase
  --> test/run20/DonationStrand.t.sol:99:17
   |
99 |         uint256 minLP = qLP * 99 / 100;
   |                 ^^^^^ help: consider using: `minLp`
   |
   = help: https://book.getfoundry.sh/reference/forge/forge-lint#mixed-case-variable

note[mixed-case-variable]: mutable variables should use mixedCase
   --> test/run20/mutants/UniPoolerV2_M1_NaiveSwap.sol:160:41
    |
160 |     constructor(address sUSDS_, address phUSD_, address router_, address pair_, address initialOwner)
    |                                         ^^^^^^ help: consider using: `phUsd_`
    |
    = help: https://book.getfoundry.sh/reference/forge/forge-lint#mixed-case-variable

note[mixed-case-function]: function names should use mixedCase
   --> test/SymbolicUniboostHook.t.sol:226:14
    |
226 |     function check_monotonicRatio_d6(uint256 amount, uint8 ratioLo, uint8 ratioHi) public {
    |              ^^^^^^^^^^^^^^^^^^^^^^^ help: consider using: `checkMonotonicRatioD6`
    |
    = help: https://book.getfoundry.sh/reference/forge/forge-lint#mixed-case-function

note[mixed-case-variable]: mutable variables should use mixedCase
   --> src/dispatchers/BalancerPoolerV2.sol:116:92
    |
116 |     event Pooled(address indexed pooler, uint256 sUSDSPooled, uint256 bptReceived, uint256 minBPT);
    |                                                                                            ^^^^^^ help: consider using: `minBpt`
    |
    = help: https://book.getfoundry.sh/reference/forge/forge-lint#mixed-case-variable

note[mixed-case-variable]: mutable variables should use mixedCase
   --> src/dispatchers/BalancerPoolerV2.sol:120:26
    |
120 |     event PSMSet(address newPSM);
    |                          ^^^^^^ help: consider using: `newPsm`
    |
    = help: https://book.getfoundry.sh/reference/forge/forge-lint#mixed-case-variable

note[mixed-case-function]: function names should use mixedCase
   --> test/run20/mutants/PromotionUniV2_Eth_MA_NoZeroFloor.sol:557:14
    |
557 |     function rescueETH(address to, uint256 amount) external onlyOwner {
    |              ^^^^^^^^^ help: consider using: `rescueEth`
    |
    = help: https://book.getfoundry.sh/reference/forge/forge-lint#mixed-case-function

note[mixed-case-function]: function names should use mixedCase
   --> test/SymbolicUniboostHook.t.sol:248:14
    |
248 |     function check_floorMonotone(uint256 a, uint256 b) public pure {
    |              ^^^^^^^^^^^^^^^^^^^ help: consider using: `checkFloorMonotone`
    |
    = help: https://book.getfoundry.sh/reference/forge/forge-lint#mixed-case-function

note[screaming-snake-case-immutable]: immutables should use SCREAMING_SNAKE_CASE
   --> test/run20/mutants/PromotionUniV2_Eth_MB_LeakAllowance.sol:115:30
    |
115 |     address public immutable promotionToken;
    |                              ^^^^^^^^^^^^^^ help: consider using: `PROMOTION_TOKEN`
    |
    = help: https://book.getfoundry.sh/reference/forge/forge-lint#screaming-snake-case-immutable

note[mixed-case-function]: function names should use mixedCase
   --> test/run20/PromoLegACore.sol:226:14
    |
226 |     function act_poolHighFloor(uint256 aSeed, uint256 extraSeed) public {
    |              ^^^^^^^^^^^^^^^^^ help: consider using: `actPoolHighFloor`
    |
    = help: https://book.getfoundry.sh/reference/forge/forge-lint#mixed-case-function

note[mixed-case-function]: function names should use mixedCase
   --> test/SymbolicUniboostHook.t.sol:259:14
    |
259 |     function check_ratioGuard(uint8 newRatio) public {
    |              ^^^^^^^^^^^^^^^^ help: consider using: `checkRatioGuard`
    |
    = help: https://book.getfoundry.sh/reference/forge/forge-lint#mixed-case-function

note[mixed-case-variable]: mutable variables should use mixedCase
   --> test/run20/UniPoolerCore.sol:393:17
    |
393 |         uint256 minLP = w == 0 ? f : 0;
    |                 ^^^^^ help: consider using: `minLp`
    |
    = help: https://book.getfoundry.sh/reference/forge/forge-lint#mixed-case-variable

note[mixed-case-variable]: mutable variables should use mixedCase
   --> test/run20/mutants/PromotionUniV2_Eth_MB_LeakAllowance.sol:182:26
    |
182 |     event PSMSet(address newPSM);
    |                          ^^^^^^ help: consider using: `newPsm`
    |
    = help: https://book.getfoundry.sh/reference/forge/forge-lint#mixed-case-variable

note[mixed-case-variable]: mutable variables should use mixedCase
   --> src/dispatchers/BalancerPoolerV2.sol:142:17
    |
142 |         address sUSDS_,
    |                 ^^^^^^ help: consider using: `sUsds_`
    |
    = help: https://book.getfoundry.sh/reference/forge/forge-lint#mixed-case-variable

note[mixed-case-function]: function names should use mixedCase
   --> test/run20/PromoLegACore.sol:249:14
    |
249 |     function act_trade(uint256 amtSeed, bool buyPhusd) public {
    |              ^^^^^^^^^ help: consider using: `actTrade`
    |
    = help: https://book.getfoundry.sh/reference/forge/forge-lint#mixed-case-function

note[mixed-case-function]: function names should use mixedCase
   --> test/run20/mutants/PromotionUniV2_Eth_MB_LeakAllowance.sol:307:14
    |
307 |     function withdrawWBTC(address to, uint256 amount) external onlyInsurer {
    |              ^^^^^^^^^^^^ help: consider using: `withdrawWbtc`
    |
    = help: https://book.getfoundry.sh/reference/forge/forge-lint#mixed-case-function

note[mixed-case-variable]: mutable variables should use mixedCase
   --> src/dispatchers/BalancerPoolerV2.sol:146:14
    |
146 |         bool sUSDSIsFirst_,
    |              ^^^^^^^^^^^^^ help: consider using: `sUsdsIsFirst_`
    |
    = help: https://book.getfoundry.sh/reference/forge/forge-lint#mixed-case-variable

note[mixed-case-function]: function names should use mixedCase
   --> src/dispatchers/BalancerPoolerV2.sol:166:14
    |
166 |     function sUSDS() external view returns (address) {
    |              ^^^^^ help: consider using: `sUsds`
    |
    = help: https://book.getfoundry.sh/reference/forge/forge-lint#mixed-case-function

note[screaming-snake-case-immutable]: immutables should use SCREAMING_SNAKE_CASE
 --> test/run20/Run20Tokens.sol:9:29
  |
9 |     uint8 private immutable _dec;
  |                             ^^^^ help: consider using: `_DEC`
  |
  = help: https://book.getfoundry.sh/reference/forge/forge-lint#screaming-snake-case-immutable

note[screaming-snake-case-immutable]: immutables should use SCREAMING_SNAKE_CASE
  --> test/run20/Run20Tokens.sol:43:30
   |
43 |     address public immutable asset;
   |                              ^^^^^ help: consider using: `ASSET`
   |
   = help: https://book.getfoundry.sh/reference/forge/forge-lint#screaming-snake-case-immutable

note[mixed-case-function]: function names should use mixedCase
  --> test/run20/Symbolic.t.sol:50:14
   |
50 |     function exposed_swapAmount(uint256 r, uint256 a) external pure returns (uint256) {
   |              ^^^^^^^^^^^^^^^^^^ help: consider using: `exposedSwapAmount`
   |
   = help: https://book.getfoundry.sh/reference/forge/forge-lint#mixed-case-function

note[mixed-case-function]: function names should use mixedCase
   --> test/run20/UniPoolerCore.sol:407:14
    |
407 |     function act_dispatch(uint256 amtSeed) public {
    |              ^^^^^^^^^^^^ help: consider using: `actDispatch`
    |
    = help: https://book.getfoundry.sh/reference/forge/forge-lint#mixed-case-function

note[mixed-case-function]: function names should use mixedCase
   --> test/run20/mutants/UniPoolerV2_M1_NaiveSwap.sol:188:14
    |
188 |     function sUSDS() external view returns (address) {
    |              ^^^^^ help: consider using: `sUsds`
    |
    = help: https://book.getfoundry.sh/reference/forge/forge-lint#mixed-case-function

note[screaming-snake-case-immutable]: immutables should use SCREAMING_SNAKE_CASE
  --> test/run20/mutants/UniPoolerV2_M4_NoMinLPCheck.sol:75:32
   |
75 |     address internal immutable _sUSDS;
   |                                ^^^^^^ help: consider using: `_S_USDS`
   |
   = help: https://book.getfoundry.sh/reference/forge/forge-lint#screaming-snake-case-immutable

note[mixed-case-function]: function names should use mixedCase
  --> test/run20/Symbolic.t.sol:89:14
   |
89 |     function check_L0_swapAmount_real_noPanic_sLtA(uint256 r, uint256 a) public view {
   |              ^^^^^^^^^^^^^^^^^^^^^^^^^^^^^^^^^^^^^ help: consider using: `checkL0SwapAmountRealNoPanicSLtA`
   |
   = help: https://book.getfoundry.sh/reference/forge/forge-lint#mixed-case-function

note[mixed-case-function]: function names should use mixedCase
   --> test/run20/UniPoolerCore.sol:414:14
    |
414 |     function act_poolEmpty(uint256 aSeed, uint256 fSeed) public {
    |              ^^^^^^^^^^^^^ help: consider using: `actPoolEmpty`
    |
    = help: https://book.getfoundry.sh/reference/forge/forge-lint#mixed-case-function

note[mixed-case-function]: function names should use mixedCase
   --> test/run20/UniPoolerCore.sol:433:14
    |
433 |     function act_trade(uint256 amtSeed, bool buyPhusd) public {
    |              ^^^^^^^^^ help: consider using: `actTrade`
    |
    = help: https://book.getfoundry.sh/reference/forge/forge-lint#mixed-case-function

note[screaming-snake-case-immutable]: immutables should use SCREAMING_SNAKE_CASE
  --> test/run20/mutants/UniPoolerV2_M4_NoMinLPCheck.sol:76:32
   |
76 |     address internal immutable _primeToken;
   |                                ^^^^^^^^^^^ help: consider using: `_PRIME_TOKEN`
   |
   = help: https://book.getfoundry.sh/reference/forge/forge-lint#screaming-snake-case-immutable

note[screaming-snake-case-immutable]: immutables should use SCREAMING_SNAKE_CASE
  --> test/run20/mutants/UniPoolerV2_M4_NoMinLPCheck.sol:77:32
   |
77 |     address internal immutable _phUSD;
   |                                ^^^^^^ help: consider using: `_PH_USD`
   |
   = help: https://book.getfoundry.sh/reference/forge/forge-lint#screaming-snake-case-immutable

note[mixed-case-function]: function names should use mixedCase
   --> test/run20/mutants/UniPoolerV2_M1_NaiveSwap.sol:193:14
    |
193 |     function phUSD() external view returns (address) {
    |              ^^^^^ help: consider using: `phUsd`
    |
    = help: https://book.getfoundry.sh/reference/forge/forge-lint#mixed-case-function

note[mixed-case-function]: function names should use mixedCase
   --> test/run20/PromoLegACore.sol:269:14
    |
269 |     function act_toggleFee() public {
    |              ^^^^^^^^^^^^^ help: consider using: `actToggleFee`
    |
    = help: https://book.getfoundry.sh/reference/forge/forge-lint#mixed-case-function

note[mixed-case-function]: function names should use mixedCase
   --> test/run20/Symbolic.t.sol:101:14
    |
101 |     function check_L0_swapAmount_real_noPanic_sLtA_narrow(uint256 r, uint256 a) public view {
    |              ^^^^^^^^^^^^^^^^^^^^^^^^^^^^^^^^^^^^^^^^^^^^ help: consider using: `checkL0SwapAmountRealNoPanicSLtANarrow`
    |
    = help: https://book.getfoundry.sh/reference/forge/forge-lint#mixed-case-function

note[mixed-case-function]: function names should use mixedCase
   --> src/dispatchers/BalancerPoolerV2.sol:227:14
    |
227 |     function setPSM(address newPSM) external onlyOwner {
    |              ^^^^^^ help: consider using: `setPsm`
    |
    = help: https://book.getfoundry.sh/reference/forge/forge-lint#mixed-case-function

note[screaming-snake-case-immutable]: immutables should use SCREAMING_SNAKE_CASE
  --> test/run20/mutants/UniPoolerV2_M4_NoMinLPCheck.sol:78:31
   |
78 |     address private immutable _router;
   |                               ^^^^^^^ help: consider using: `_ROUTER`
   |
   = help: https://book.getfoundry.sh/reference/forge/forge-lint#screaming-snake-case-immutable

warning[erc20-unchecked-transfer]: ERC20 'transfer' and 'transferFrom' calls should check the return value
  --> test/run20/DonationStrand.t.sol:49:9
   |
49 |         susds.transfer(address(pair), x); // no sync
   |         ^^^^^^^^^^^^^^^^^^^^^^^^^^^^^^^^
   |
   = help: https://book.getfoundry.sh/reference/forge/forge-lint#erc20-unchecked-transfer

warning[erc20-unchecked-transfer]: ERC20 'transfer' and 'transferFrom' calls should check the return value
  --> test/run20/DonationStrand.t.sol:76:9
   |
76 |         susds.transfer(address(pair), x);
   |         ^^^^^^^^^^^^^^^^^^^^^^^^^^^^^^^^
   |
   = help: https://book.getfoundry.sh/reference/forge/forge-lint#erc20-unchecked-transfer

note[mixed-case-function]: function names should use mixedCase
   --> test/run20/mutants/PromotionUniV2_Eth_MB_LeakAllowance.sol:314:14
    |
314 |     function setPSM(address newPSM) external onlyOwner {
    |              ^^^^^^ help: consider using: `setPsm`
    |
    = help: https://book.getfoundry.sh/reference/forge/forge-lint#mixed-case-function

note[mixed-case-variable]: mutable variables should use mixedCase
   --> test/run20/mutants/PromotionUniV2_Eth_MB_LeakAllowance.sol:314:29
    |
314 |     function setPSM(address newPSM) external onlyOwner {
    |                             ^^^^^^ help: consider using: `newPsm`
    |
    = help: https://book.getfoundry.sh/reference/forge/forge-lint#mixed-case-variable

note[screaming-snake-case-immutable]: immutables should use SCREAMING_SNAKE_CASE
  --> test/run20/mutants/UniPoolerV2_M4_NoMinLPCheck.sol:79:31
   |
79 |     address private immutable _pair;
   |                               ^^^^^ help: consider using: `_PAIR`
   |
   = help: https://book.getfoundry.sh/reference/forge/forge-lint#screaming-snake-case-immutable

note[mixed-case-variable]: mutable variables should use mixedCase
   --> test/run20/mutants/PromotionUniV2_Eth_MB_LeakAllowance.sol:420:17
    |
420 |         uint256 minLP
    |                 ^^^^^ help: consider using: `minLp`
    |
    = help: https://book.getfoundry.sh/reference/forge/forge-lint#mixed-case-variable

note[mixed-case-function]: function names should use mixedCase
   --> test/run20/mutants/UniPoolerV2_M1_NaiveSwap.sol:208:14
    |
208 |     function sUSDSIsToken0() external view returns (bool) {
    |              ^^^^^^^^^^^^^ help: consider using: `sUsdsIsToken0`
    |
    = help: https://book.getfoundry.sh/reference/forge/forge-lint#mixed-case-function

note[mixed-case-function]: function names should use mixedCase
   --> test/run20/UniPoolerCore.sol:457:14
    |
457 |     function act_toggleFee() public {
    |              ^^^^^^^^^^^^^ help: consider using: `actToggleFee`
    |
    = help: https://book.getfoundry.sh/reference/forge/forge-lint#mixed-case-function

note[mixed-case-function]: function names should use mixedCase
   --> test/run20/UniPoolerCore.sol:463:14
    |
463 |     function act_thirdPartyLiquidity(uint256 amtSeed, bool add) public {
    |              ^^^^^^^^^^^^^^^^^^^^^^^ help: consider using: `actThirdPartyLiquidity`
    |
    = help: https://book.getfoundry.sh/reference/forge/forge-lint#mixed-case-function

note[mixed-case-variable]: mutable variables should use mixedCase
   --> src/dispatchers/BalancerPoolerV2.sol:227:29
    |
227 |     function setPSM(address newPSM) external onlyOwner {
    |                             ^^^^^^ help: consider using: `newPsm`
    |
    = help: https://book.getfoundry.sh/reference/forge/forge-lint#mixed-case-variable

note[mixed-case-variable]: mutable variables should use mixedCase
   --> test/run20/mutants/PromotionUniV2_Eth_MB_LeakAllowance.sol:460:46
    |
460 |     function _addPhusdPromoLiquidity(uint256 minLP) internal returns (uint256 liquidity) {
    |                                              ^^^^^ help: consider using: `minLp`
    |
    = help: https://book.getfoundry.sh/reference/forge/forge-lint#mixed-case-variable

note[screaming-snake-case-immutable]: immutables should use SCREAMING_SNAKE_CASE
  --> test/run20/mutants/UniPoolerV2_M4_NoMinLPCheck.sol:80:28
   |
80 |     bool private immutable _sUSDSIsToken0;
   |                            ^^^^^^^^^^^^^^ help: consider using: `_S_USDS_IS_TOKEN0`
   |
   = help: https://book.getfoundry.sh/reference/forge/forge-lint#screaming-snake-case-immutable

note[mixed-case-function]: function names should use mixedCase
   --> test/run20/Symbolic.t.sol:114:14
    |
114 |     function check_L0_ozSqrt_isFloorSqrt(uint256 x) public pure {
    |              ^^^^^^^^^^^^^^^^^^^^^^^^^^^ help: consider using: `checkL0OzSqrtIsFloorSqrt`
    |
    = help: https://book.getfoundry.sh/reference/forge/forge-lint#mixed-case-function

note[mixed-case-function]: function names should use mixedCase
   --> test/run20/Symbolic.t.sol:124:14
    |
124 |     function check_L1_noUnderflow(uint256 r, uint256 a, uint256 y) public pure {
    |              ^^^^^^^^^^^^^^^^^^^^ help: consider using: `checkL1NoUnderflow`
    |
    = help: https://book.getfoundry.sh/reference/forge/forge-lint#mixed-case-function

note[mixed-case-function]: function names should use mixedCase
   --> test/run20/PromoLegACore.sol:273:14
    |
273 |     function act_setTin(uint256 seed) public {
    |              ^^^^^^^^^^ help: consider using: `actSetTin`
    |
    = help: https://book.getfoundry.sh/reference/forge/forge-lint#mixed-case-function

note[mixed-case-function]: function names should use mixedCase
   --> test/run20/PromoLegACore.sol:277:14
    |
277 |     function act_accrueSUSDS(uint256 bpsSeed) public {
    |              ^^^^^^^^^^^^^^^ help: consider using: `actAccrueSusds`
    |
    = help: https://book.getfoundry.sh/reference/forge/forge-lint#mixed-case-function

note[mixed-case-function]: function names should use mixedCase
   --> test/run20/PromoLegACore.sol:286:14
    |
286 |     function ok_PA1_allowancesZero() public view returns (bool) {
    |              ^^^^^^^^^^^^^^^^^^^^^ help: consider using: `okPa1AllowancesZero`
    |
    = help: https://book.getfoundry.sh/reference/forge/forge-lint#mixed-case-function

note[mixed-case-variable]: mutable variables should use mixedCase
   --> test/run20/mutants/UniPoolerV2_M4_NoMinLPCheck.sol:115:50
    |
115 |     event Pooled(address indexed pooler, uint256 sUSDSIn, uint256 swapIn, uint256 phusdOut, uint256 liquidity);
    |                                                  ^^^^^^^ help: consider using: `sUsdsIn`
    |
    = help: https://book.getfoundry.sh/reference/forge/forge-lint#mixed-case-variable

note[mixed-case-variable]: mutable variables should use mixedCase
   --> src/dispatchers/BalancerPoolerV2.sol:276:17
    |
276 |         uint256 donationUSDS = donationEnabled ? (amount * batchDonationSize) / 100 : 0;
    |                 ^^^^^^^^^^^^ help: consider using: `donationUsds`
    |
    = help: https://book.getfoundry.sh/reference/forge/forge-lint#mixed-case-variable

note[mixed-case-function]: function names should use mixedCase
   --> test/run20/mutants/PromotionUniV2_Eth_MB_LeakAllowance.sol:556:14
    |
556 |     function rescueETH(address to, uint256 amount) external onlyOwner {
    |              ^^^^^^^^^ help: consider using: `rescueEth`
    |
    = help: https://book.getfoundry.sh/reference/forge/forge-lint#mixed-case-function

note[mixed-case-function]: function names should use mixedCase
   --> test/run20/UniPoolerCore.sol:485:14
    |
485 |     function act_accrueSUSDS(uint256 bpsSeed) public {
    |              ^^^^^^^^^^^^^^^ help: consider using: `actAccrueSusds`
    |
    = help: https://book.getfoundry.sh/reference/forge/forge-lint#mixed-case-function

note[mixed-case-variable]: mutable variables should use mixedCase
   --> test/run20/mutants/UniPoolerV2_M4_NoMinLPCheck.sol:119:26
    |
119 |     event PSMSet(address newPSM);
    |                          ^^^^^^ help: consider using: `newPsm`
    |
    = help: https://book.getfoundry.sh/reference/forge/forge-lint#mixed-case-variable

note[mixed-case-function]: function names should use mixedCase
   --> test/run20/Symbolic.t.sol:134:14
    |
134 |     function check_L1_sLtA(uint256 r, uint256 a, uint256 y) public pure {
    |              ^^^^^^^^^^^^^ help: consider using: `checkL1SLtA`
    |
    = help: https://book.getfoundry.sh/reference/forge/forge-lint#mixed-case-function

note[mixed-case-function]: function names should use mixedCase
   --> test/run20/PromoLegACore.sol:290:14
    |
290 |     function ok_PA2_zeroFloorReverts() public view returns (bool) {
    |              ^^^^^^^^^^^^^^^^^^^^^^^ help: consider using: `okPa2ZeroFloorReverts`
    |
    = help: https://book.getfoundry.sh/reference/forge/forge-lint#mixed-case-function

note[mixed-case-function]: function names should use mixedCase
   --> test/run20/UniPoolerCore.sol:493:14
    |
493 |     function act_donateToPair(uint256 amtSeed, bool donateS) public {
    |              ^^^^^^^^^^^^^^^^ help: consider using: `actDonateToPair`
    |
    = help: https://book.getfoundry.sh/reference/forge/forge-lint#mixed-case-function

note[mixed-case-variable]: mutable variables should use mixedCase
   --> test/run20/mutants/UniPoolerV2_M4_NoMinLPCheck.sol:147:66
    |
147 |     error UniPoolerV2__InsufficientLP(uint256 liquidity, uint256 minLP);
    |                                                                  ^^^^^ help: consider using: `minLp`
    |
    = help: https://book.getfoundry.sh/reference/forge/forge-lint#mixed-case-variable

note[mixed-case-variable]: mutable variables should use mixedCase
   --> test/run20/mutants/UniPoolerV2_M4_NoMinLPCheck.sol:160:25
    |
160 |     constructor(address sUSDS_, address phUSD_, address router_, address pair_, address initialOwner)
    |                         ^^^^^^ help: consider using: `sUsds_`
    |
    = help: https://book.getfoundry.sh/reference/forge/forge-lint#mixed-case-variable

note[mixed-case-function]: function names should use mixedCase
   --> test/run20/UniPoolerCore.sol:501:14
    |
501 |     function act_syncOrSkim(bool doSync) public {
    |              ^^^^^^^^^^^^^^ help: consider using: `actSyncOrSkim`
    |
    = help: https://book.getfoundry.sh/reference/forge/forge-lint#mixed-case-function

note[mixed-case-function]: function names should use mixedCase
   --> test/run20/Symbolic.t.sol:148:14
    |
148 |     function check_L1_sIsFloorRoot(uint256 r, uint256 a, uint256 y) public pure {
    |              ^^^^^^^^^^^^^^^^^^^^^ help: consider using: `checkL1SIsFloorRoot`
    |
    = help: https://book.getfoundry.sh/reference/forge/forge-lint#mixed-case-function

note[mixed-case-function]: function names should use mixedCase
   --> test/run20/PromoLegACore.sol:294:14
    |
294 |     function ok_PA3_floorHonoured() public view returns (bool) {
    |              ^^^^^^^^^^^^^^^^^^^^ help: consider using: `okPa3FloorHonoured`
    |
    = help: https://book.getfoundry.sh/reference/forge/forge-lint#mixed-case-function

note[mixed-case-variable]: mutable variables should use mixedCase
   --> test/run20/mutants/UniPoolerV2_M4_NoMinLPCheck.sol:160:41
    |
160 |     constructor(address sUSDS_, address phUSD_, address router_, address pair_, address initialOwner)
    |                                         ^^^^^^ help: consider using: `phUsd_`
    |
    = help: https://book.getfoundry.sh/reference/forge/forge-lint#mixed-case-variable

note[mixed-case-function]: function names should use mixedCase
   --> test/run20/UniPoolerCore.sol:507:14
    |
507 |     function ok_dust() public view returns (bool) {
    |              ^^^^^^^ help: consider using: `okDust`
    |
    = help: https://book.getfoundry.sh/reference/forge/forge-lint#mixed-case-function

note[mixed-case-function]: function names should use mixedCase
   --> test/run20/PromoLegACore.sol:298:14
    |
298 |     function ok_PA4_noSusdsResidual() public view returns (bool) {
    |              ^^^^^^^^^^^^^^^^^^^^^^ help: consider using: `okPa4NoSusdsResidual`
    |
    = help: https://book.getfoundry.sh/reference/forge/forge-lint#mixed-case-function

note[mixed-case-function]: function names should use mixedCase
   --> test/run20/mutants/UniPoolerV2_M4_NoMinLPCheck.sol:188:14
    |
188 |     function sUSDS() external view returns (address) {
    |              ^^^^^ help: consider using: `sUsds`
    |
    = help: https://book.getfoundry.sh/reference/forge/forge-lint#mixed-case-function

warning[erc20-unchecked-transfer]: ERC20 'transfer' and 'transferFrom' calls should check the return value
   --> test/run20/PromoLegACore.sol:120:13
    |
120 |             WETH9(payable(WETH)).transfer(to, amt);
    |             ^^^^^^^^^^^^^^^^^^^^^^^^^^^^^^^^^^^^^^
    |
    = help: https://book.getfoundry.sh/reference/forge/forge-lint#erc20-unchecked-transfer

note[mixed-case-function]: function names should use mixedCase
   --> test/run20/UniPoolerCore.sol:511:14
    |
511 |     function ok_frontRunNoStrand() public view returns (bool) {
    |              ^^^^^^^^^^^^^^^^^^^ help: consider using: `okFrontRunNoStrand`
    |
    = help: https://book.getfoundry.sh/reference/forge/forge-lint#mixed-case-function

note[mixed-case-variable]: mutable variables should use mixedCase
   --> src/dispatchers/BalancerPoolerV2.sol:277:17
    |
277 |         uint256 poolingUSDS = amount - donationUSDS;
    |                 ^^^^^^^^^^^ help: consider using: `poolingUsds`
    |
    = help: https://book.getfoundry.sh/reference/forge/forge-lint#mixed-case-variable

note[mixed-case-function]: function names should use mixedCase
   --> test/run20/mutants/UniPoolerV2_M1_NaiveSwap.sol:252:14
    |
252 |     function setPSM(address newPSM) external onlyOwner {
    |              ^^^^^^ help: consider using: `setPsm`
    |
    = help: https://book.getfoundry.sh/reference/forge/forge-lint#mixed-case-function

note[mixed-case-function]: function names should use mixedCase
   --> test/run20/UniPoolerCore.sol:515:14
    |
515 |     function ok_allowanceZero() public view returns (bool) {
    |              ^^^^^^^^^^^^^^^^ help: consider using: `okAllowanceZero`
    |
    = help: https://book.getfoundry.sh/reference/forge/forge-lint#mixed-case-function

note[mixed-case-function]: function names should use mixedCase
   --> test/run20/UniPoolerCore.sol:520:14
    |
520 |     function ok_minLP() public view returns (bool) {
    |              ^^^^^^^^ help: consider using: `okMinLp`
    |
    = help: https://book.getfoundry.sh/reference/forge/forge-lint#mixed-case-function

note[mixed-case-function]: function names should use mixedCase
   --> test/run20/UniPoolerCore.sol:524:14
    |
524 |     function ok_quoteLPFloor() public view returns (bool) {
    |              ^^^^^^^^^^^^^^^ help: consider using: `okQuoteLpFloor`
    |
    = help: https://book.getfoundry.sh/reference/forge/forge-lint#mixed-case-function

note[mixed-case-variable]: mutable variables should use mixedCase
   --> src/dispatchers/BalancerPoolerV2.sol:288:21
    |
288 |             uint256 remainingUSDS = IERC20(_primeToken).balanceOf(address(this));
    |                     ^^^^^^^^^^^^^ help: consider using: `remainingUsds`
    |
    = help: https://book.getfoundry.sh/reference/forge/forge-lint#mixed-case-variable

note[mixed-case-variable]: mutable variables should use mixedCase
   --> test/run20/mutants/UniPoolerV2_M1_NaiveSwap.sol:252:29
    |
252 |     function setPSM(address newPSM) external onlyOwner {
    |                             ^^^^^^ help: consider using: `newPsm`
    |
    = help: https://book.getfoundry.sh/reference/forge/forge-lint#mixed-case-variable

note[mixed-case-function]: function names should use mixedCase
   --> test/run20/Symbolic.t.sol:159:14
    |
159 |     function check_L1_sIsFloorRoot_narrow(uint256 r, uint256 a, uint256 y) public pure {
    |              ^^^^^^^^^^^^^^^^^^^^^^^^^^^^ help: consider using: `checkL1SIsFloorRootNarrow`
    |
    = help: https://book.getfoundry.sh/reference/forge/forge-lint#mixed-case-function

note[mixed-case-function]: function names should use mixedCase
   --> test/run20/Symbolic.t.sol:173:14
    |
173 |     function check_L2_quoteOutEqGetAmountOut(uint256 s, uint256 rS, uint256 rP) public pure {
    |              ^^^^^^^^^^^^^^^^^^^^^^^^^^^^^^^ help: consider using: `checkL2QuoteOutEqGetAmountOut`
    |
    = help: https://book.getfoundry.sh/reference/forge/forge-lint#mixed-case-function

note[mixed-case-function]: function names should use mixedCase
   --> test/run20/Symbolic.t.sol:183:14
    |
183 |     function check_L2_quoteOutPassesK(uint256 s, uint256 rS, uint256 rP) public pure {
    |              ^^^^^^^^^^^^^^^^^^^^^^^^ help: consider using: `checkL2QuoteOutPassesK`
    |
    = help: https://book.getfoundry.sh/reference/forge/forge-lint#mixed-case-function

note[mixed-case-function]: function names should use mixedCase
   --> test/run20/mutants/UniPoolerV2_M4_NoMinLPCheck.sol:193:14
    |
193 |     function phUSD() external view returns (address) {
    |              ^^^^^ help: consider using: `phUsd`
    |
    = help: https://book.getfoundry.sh/reference/forge/forge-lint#mixed-case-function

note[mixed-case-variable]: mutable variables should use mixedCase
   --> test/run20/mutants/UniPoolerV2_M1_NaiveSwap.sol:301:17
    |
301 |         uint256 donationUSDS = donationEnabled ? (amount * batchDonationSize) / 100 : 0;
    |                 ^^^^^^^^^^^^ help: consider using: `donationUsds`
    |
    = help: https://book.getfoundry.sh/reference/forge/forge-lint#mixed-case-variable

note[mixed-case-variable]: mutable variables should use mixedCase
   --> test/run20/mutants/UniPoolerV2_M1_NaiveSwap.sol:302:17
    |
302 |         uint256 poolingUSDS = amount - donationUSDS;
    |                 ^^^^^^^^^^^ help: consider using: `poolingUsds`
    |
    = help: https://book.getfoundry.sh/reference/forge/forge-lint#mixed-case-variable

note[mixed-case-function]: function names should use mixedCase
   --> test/run20/UniPoolerCore.sol:528:14
    |
528 |     function ok_quoteOutExact() public view returns (bool) {
    |              ^^^^^^^^^^^^^^^^ help: consider using: `okQuoteOutExact`
    |
    = help: https://book.getfoundry.sh/reference/forge/forge-lint#mixed-case-function

note[mixed-case-function]: function names should use mixedCase
   --> test/run20/UniPoolerCore.sol:532:14
    |
532 |     function ok_zeroFloorReverts() public view returns (bool) {
    |              ^^^^^^^^^^^^^^^^^^^ help: consider using: `okZeroFloorReverts`
    |
    = help: https://book.getfoundry.sh/reference/forge/forge-lint#mixed-case-function

note[mixed-case-variable]: mutable variables should use mixedCase
   --> test/run20/mutants/UniPoolerV2_M1_NaiveSwap.sol:313:21
    |
313 |             uint256 remainingUSDS = IERC20(_primeToken).balanceOf(address(this));
    |                     ^^^^^^^^^^^^^ help: consider using: `remainingUsds`
    |
    = help: https://book.getfoundry.sh/reference/forge/forge-lint#mixed-case-variable

note[mixed-case-variable]: mutable variables should use mixedCase
   --> src/dispatchers/BalancerPoolerV2.sol:356:27
    |
356 |     function pool(uint256 minBPT) external onlyAuthorizedPooler whenNotPaused nonReentrant {
    |                           ^^^^^^ help: consider using: `minBpt`
    |
    = help: https://book.getfoundry.sh/reference/forge/forge-lint#mixed-case-variable

note[mixed-case-function]: function names should use mixedCase
   --> test/run20/mutants/UniPoolerV2_M4_NoMinLPCheck.sol:208:14
    |
208 |     function sUSDSIsToken0() external view returns (bool) {
    |              ^^^^^^^^^^^^^ help: consider using: `sUsdsIsToken0`
    |
    = help: https://book.getfoundry.sh/reference/forge/forge-lint#mixed-case-function

note[mixed-case-function]: function names should use mixedCase
   --> test/run20/Symbolic.t.sol:196:14
    |
196 |     function check_L2_lpTermMonotoneInSupply(uint256 amt, uint256 ts, uint256 ts2, uint256 rr) public pure {
    |              ^^^^^^^^^^^^^^^^^^^^^^^^^^^^^^^ help: consider using: `checkL2LpTermMonotoneInSupply`
    |
    = help: https://book.getfoundry.sh/reference/forge/forge-lint#mixed-case-function

note[mixed-case-variable]: mutable variables should use mixedCase
   --> test/run20/mutants/UniPoolerV2_M1_NaiveSwap.sol:387:27
    |
387 |     function pool(uint256 sUSDSIn, uint256 minPhusdOut, uint256 minLP)
    |                           ^^^^^^^ help: consider using: `sUsdsIn`
    |
    = help: https://book.getfoundry.sh/reference/forge/forge-lint#mixed-case-variable

note[mixed-case-variable]: mutable variables should use mixedCase
   --> test/run20/mutants/UniPoolerV2_M1_NaiveSwap.sol:387:65
    |
387 |     function pool(uint256 sUSDSIn, uint256 minPhusdOut, uint256 minLP)
    |                                                                 ^^^^^ help: consider using: `minLp`
    |
    = help: https://book.getfoundry.sh/reference/forge/forge-lint#mixed-case-variable

note[mixed-case-variable]: mutable variables should use mixedCase
   --> src/dispatchers/BalancerPoolerV2.sol:357:17
    |
357 |         uint256 sUSDSAmount = IERC20(_sUSDS).balanceOf(address(this));
    |                 ^^^^^^^^^^^ help: consider using: `sUsdsAmount`
    |
    = help: https://book.getfoundry.sh/reference/forge/forge-lint#mixed-case-variable

note[mixed-case-function]: function names should use mixedCase
   --> test/run20/mutants/UniPoolerV2_M4_NoMinLPCheck.sol:252:14
    |
252 |     function setPSM(address newPSM) external onlyOwner {
    |              ^^^^^^ help: consider using: `setPsm`
    |
    = help: https://book.getfoundry.sh/reference/forge/forge-lint#mixed-case-function

note[mixed-case-function]: function names should use mixedCase
   --> test/run20/Symbolic.t.sol:227:14
    |
227 |     function check_L2_dust_snapshot_1to1_06(uint256 a, uint256 s) public pure {
    |              ^^^^^^^^^^^^^^^^^^^^^^^^^^^^^^ help: consider using: `checkL2DustSnapshot1to106`
    |
    = help: https://book.getfoundry.sh/reference/forge/forge-lint#mixed-case-function

note[mixed-case-function]: function names should use mixedCase
   --> test/run20/Symbolic.t.sol:239:14
    |
239 |     function check_L2_dust_snapshot_skew10(uint256 a, uint256 s) public pure {
    |              ^^^^^^^^^^^^^^^^^^^^^^^^^^^^^ help: consider using: `checkL2DustSnapshotSkew10`
    |
    = help: https://book.getfoundry.sh/reference/forge/forge-lint#mixed-case-function

note[mixed-case-function]: function names should use mixedCase
   --> test/run20/Symbolic.t.sol:251:14
    |
251 |     function check_L2_dust_generality_2pow24(uint256 r, uint256 rP, uint256 a, uint256 s) public pure {
    |              ^^^^^^^^^^^^^^^^^^^^^^^^^^^^^^^ help: consider using: `checkL2DustGenerality2pow24`
    |
    = help: https://book.getfoundry.sh/reference/forge/forge-lint#mixed-case-function

note[mixed-case-variable]: mutable variables should use mixedCase
   --> test/run20/mutants/UniPoolerV2_M4_NoMinLPCheck.sol:252:29
    |
252 |     function setPSM(address newPSM) external onlyOwner {
    |                             ^^^^^^ help: consider using: `newPsm`
    |
    = help: https://book.getfoundry.sh/reference/forge/forge-lint#mixed-case-variable

note[mixed-case-variable]: mutable variables should use mixedCase
   --> test/run20/mutants/UniPoolerV2_M1_NaiveSwap.sol:412:17
    |
412 |         uint256 sUSDSRemaining = sUSDSIn - s;
    |                 ^^^^^^^^^^^^^^ help: consider using: `sUsdsRemaining`
    |
    = help: https://book.getfoundry.sh/reference/forge/forge-lint#mixed-case-variable

note[mixed-case-variable]: mutable variables should use mixedCase
   --> src/dispatchers/BalancerPoolerV2.sol:368:34
    |
368 |         (address pooler, uint256 sUSDSAmount, uint256 minBPT) = abi.decode(data, (address, uint256, uint256));
    |                                  ^^^^^^^^^^^ help: consider using: `sUsdsAmount`
    |
    = help: https://book.getfoundry.sh/reference/forge/forge-lint#mixed-case-variable

note[mixed-case-variable]: mutable variables should use mixedCase
   --> src/dispatchers/BalancerPoolerV2.sol:368:55
    |
368 |         (address pooler, uint256 sUSDSAmount, uint256 minBPT) = abi.decode(data, (address, uint256, uint256));
    |                                                       ^^^^^^ help: consider using: `minBpt`
    |
    = help: https://book.getfoundry.sh/reference/forge/forge-lint#mixed-case-variable

note[mixed-case-function]: function names should use mixedCase
   --> test/run20/UniPoolerCore.sol:536:14
    |
536 |     function ok_emptyPairReverts() public view returns (bool) {
    |              ^^^^^^^^^^^^^^^^^^^ help: consider using: `okEmptyPairReverts`
    |
    = help: https://book.getfoundry.sh/reference/forge/forge-lint#mixed-case-function

note[mixed-case-variable]: mutable variables should use mixedCase
   --> test/run20/mutants/UniPoolerV2_M1_NaiveSwap.sol:434:32
    |
434 |     function quotePool(uint256 sUSDSIn) external view returns (uint256 swapIn, uint256 phusdOut, uint256 expectedLP) {
    |                                ^^^^^^^ help: consider using: `sUsdsIn`
    |
    = help: https://book.getfoundry.sh/reference/forge/forge-lint#mixed-case-variable

note[mixed-case-function]: function names should use mixedCase
   --> test/run20/Symbolic.t.sol:261:14
    |
261 |     function check_L2_dust_generality_2pow64(uint256 r, uint256 rP, uint256 a, uint256 s) public pure {
    |              ^^^^^^^^^^^^^^^^^^^^^^^^^^^^^^^ help: consider using: `checkL2DustGenerality2pow64`
    |
    = help: https://book.getfoundry.sh/reference/forge/forge-lint#mixed-case-function

note[mixed-case-function]: function names should use mixedCase
   --> test/run20/UniPoolerCore.sol:540:14
    |
540 |     function ok_dispatchAlwaysWorks() public view returns (bool) {
    |              ^^^^^^^^^^^^^^^^^^^^^^ help: consider using: `okDispatchAlwaysWorks`
    |
    = help: https://book.getfoundry.sh/reference/forge/forge-lint#mixed-case-function

note[mixed-case-function]: function names should use mixedCase
   --> src/dispatchers/BalancerPoolerV2.sol:405:14
    |
405 |     function getIdealBPT() external returns (uint256 bptAmountOut) {
    |              ^^^^^^^^^^^ help: consider using: `getIdealBpt`
    |
    = help: https://book.getfoundry.sh/reference/forge/forge-lint#mixed-case-function

note[unused-import]: unused imports should be removed
  --> test/run20/UniPoolerCore.sol:23:9
   |
23 | import {IERC20} from "@openzeppelin/contracts/token/ERC20/IERC20.sol";
   |         ^^^^^^
   |
   = help: https://book.getfoundry.sh/reference/forge/forge-lint#unused-import

note[mixed-case-variable]: mutable variables should use mixedCase
   --> test/run20/mutants/UniPoolerV2_M1_NaiveSwap.sol:434:106
    |
434 |     function quotePool(uint256 sUSDSIn) external view returns (uint256 swapIn, uint256 phusdOut, uint256 expectedLP) {
    |                                                                                                          ^^^^^^^^^^ help: consider using: `expectedLp`
    |
    = help: https://book.getfoundry.sh/reference/forge/forge-lint#mixed-case-variable

note[mixed-case-variable]: mutable variables should use mixedCase
   --> src/dispatchers/BalancerPoolerV2.sol:406:17
    |
406 |         uint256 sUSDSAmount = IERC20(_sUSDS).balanceOf(address(this));
    |                 ^^^^^^^^^^^ help: consider using: `sUsdsAmount`
    |
    = help: https://book.getfoundry.sh/reference/forge/forge-lint#mixed-case-variable

note[mixed-case-variable]: mutable variables should use mixedCase
   --> test/run20/mutants/UniPoolerV2_M4_NoMinLPCheck.sol:301:17
    |
301 |         uint256 donationUSDS = donationEnabled ? (amount * batchDonationSize) / 100 : 0;
    |                 ^^^^^^^^^^^^ help: consider using: `donationUsds`
    |
    = help: https://book.getfoundry.sh/reference/forge/forge-lint#mixed-case-variable

note[mixed-case-function]: function names should use mixedCase
   --> test/run20/Symbolic.t.sol:285:14
    |
285 |     function check_L3_spentLeBalance_conv1e12(uint256 U, uint256 tout) public pure {
    |              ^^^^^^^^^^^^^^^^^^^^^^^^^^^^^^^^ help: consider using: `checkL3SpentLeBalanceConv1e12`
    |
    = help: https://book.getfoundry.sh/reference/forge/forge-lint#mixed-case-function

note[mixed-case-function]: function names should use mixedCase
   --> src/dispatchers/BalancerPoolerV2.sol:424:14
    |
424 |     function withdrawBPT(address recipient, uint256 amount) external onlyOwner {
    |              ^^^^^^^^^^^ help: consider using: `withdrawBpt`
    |
    = help: https://book.getfoundry.sh/reference/forge/forge-lint#mixed-case-function

note[mixed-case-variable]: mutable variables should use mixedCase
   --> test/run20/mutants/UniPoolerV2_M4_NoMinLPCheck.sol:302:17
    |
302 |         uint256 poolingUSDS = amount - donationUSDS;
    |                 ^^^^^^^^^^^ help: consider using: `poolingUsds`
    |
    = help: https://book.getfoundry.sh/reference/forge/forge-lint#mixed-case-variable

note[mixed-case-variable]: mutable variables should use mixedCase
   --> test/run20/mutants/UniPoolerV2_M4_NoMinLPCheck.sol:313:21
    |
313 |             uint256 remainingUSDS = IERC20(_primeToken).balanceOf(address(this));
    |                     ^^^^^^^^^^^^^ help: consider using: `remainingUsds`
    |
    = help: https://book.getfoundry.sh/reference/forge/forge-lint#mixed-case-variable

note[mixed-case-variable]: mutable variables should use mixedCase
   --> test/run20/mutants/UniPoolerV2_M4_NoMinLPCheck.sol:387:27
    |
387 |     function pool(uint256 sUSDSIn, uint256 minPhusdOut, uint256 minLP)
    |                           ^^^^^^^ help: consider using: `sUsdsIn`
    |
    = help: https://book.getfoundry.sh/reference/forge/forge-lint#mixed-case-variable

note[mixed-case-function]: function names should use mixedCase
   --> test/run20/Symbolic.t.sol:294:14
    |
294 |     function check_L3_approvalEqualsPsmPull_conv1e12(uint256 U, uint256 tout) public pure {
    |              ^^^^^^^^^^^^^^^^^^^^^^^^^^^^^^^^^^^^^^^ help: consider using: `checkL3ApprovalEqualsPsmPullConv1e12`
    |
    = help: https://book.getfoundry.sh/reference/forge/forge-lint#mixed-case-function

note[mixed-case-variable]: mutable variables should use mixedCase
   --> test/run20/mutants/UniPoolerV2_M4_NoMinLPCheck.sol:387:65
    |
387 |     function pool(uint256 sUSDSIn, uint256 minPhusdOut, uint256 minLP)
    |                                                                 ^^^^^ help: consider using: `minLp`
    |
    = help: https://book.getfoundry.sh/reference/forge/forge-lint#mixed-case-variable

note[mixed-case-function]: function names should use mixedCase
   --> test/run20/Symbolic.t.sol:303:14
    |
303 |     function check_L3_dustBounded_conv1e12(uint256 U, uint256 tout) public pure {
    |              ^^^^^^^^^^^^^^^^^^^^^^^^^^^^^ help: consider using: `checkL3DustBoundedConv1e12`
    |
    = help: https://book.getfoundry.sh/reference/forge/forge-lint#mixed-case-function

note[mixed-case-function]: function names should use mixedCase
   --> test/run20/Symbolic.t.sol:311:14
    |
311 |     function check_L3_spentLeBalance_and_pull_symbolicConv(uint256 U, uint256 conv, uint256 tout) public pure {
    |              ^^^^^^^^^^^^^^^^^^^^^^^^^^^^^^^^^^^^^^^^^^^^^ help: consider using: `checkL3SpentLeBalanceAndPullSymbolicConv`
    |
    = help: https://book.getfoundry.sh/reference/forge/forge-lint#mixed-case-function

note[mixed-case-variable]: mutable variables should use mixedCase
   --> test/run20/mutants/UniPoolerV2_M4_NoMinLPCheck.sol:412:17
    |
412 |         uint256 sUSDSRemaining = sUSDSIn - s;
    |                 ^^^^^^^^^^^^^^ help: consider using: `sUsdsRemaining`
    |
    = help: https://book.getfoundry.sh/reference/forge/forge-lint#mixed-case-variable

note[unwrapped-modifier-logic]: wrap modifier logic to reduce code size
   --> src/dispatchers/BalancerPoolerV2.sol:136:5
    |
136 | /     modifier onlyAuthorizedPooler() {
137 | |         require(poolerAuthVersion[msg.sender] == authVersion, "BalancerPoolerV2: caller not authorized pooler");
138 | |         _;
139 | |     }
    | |_____^
    |
help: wrap modifier logic to reduce code size
    |
136 ~     modifier onlyAuthorizedPooler() {
137 +         _onlyAuthorizedPooler();
138 +         _;
139 +     }
140 + 
141 +     function _onlyAuthorizedPooler() internal {
142 +         require(poolerAuthVersion[msg.sender] == authVersion, "BalancerPoolerV2: caller not authorized pooler");
143 +     }
    |
    = help: https://book.getfoundry.sh/reference/forge/forge-lint#unwrapped-modifier-logic

note[mixed-case-function]: function names should use mixedCase
   --> test/run20/Symbolic.t.sol:350:14
    |
350 |     function check_B_L3_psm_tout0(uint256 U) public pure { _l3(U, 0); }
    |              ^^^^^^^^^^^^^^^^^^^^ help: consider using: `checkBL3PsmTout0`
    |
    = help: https://book.getfoundry.sh/reference/forge/forge-lint#mixed-case-function

note[mixed-case-function]: function names should use mixedCase
   --> test/run20/Symbolic.t.sol:353:14
    |
353 |     function check_B_L3_psm_tout1pct(uint256 U) public pure { _l3(U, 1e16); }
    |              ^^^^^^^^^^^^^^^^^^^^^^^ help: consider using: `checkBL3PsmTout1pct`
    |
    = help: https://book.getfoundry.sh/reference/forge/forge-lint#mixed-case-function

note[mixed-case-function]: function names should use mixedCase
   --> test/run20/Symbolic.t.sol:356:14
    |
356 |     function check_B_L3_psm_tout10bps(uint256 U) public pure { _l3(U, 1e15); }
    |              ^^^^^^^^^^^^^^^^^^^^^^^^ help: consider using: `checkBL3PsmTout10bps`
    |
    = help: https://book.getfoundry.sh/reference/forge/forge-lint#mixed-case-function

note[mixed-case-function]: function names should use mixedCase
   --> test/run20/Symbolic.t.sol:359:14
    |
359 |     function check_B_L3_psm_tout100pct(uint256 U) public pure { _l3(U, 1e18); }
    |              ^^^^^^^^^^^^^^^^^^^^^^^^^ help: consider using: `checkBL3PsmTout100pct`
    |
    = help: https://book.getfoundry.sh/reference/forge/forge-lint#mixed-case-function

note[mixed-case-function]: function names should use mixedCase
   --> test/run20/Symbolic.t.sol:362:14
    |
362 |     function check_B_L3_psm_symbolicTout(uint256 U, uint256 tout) public pure {
    |              ^^^^^^^^^^^^^^^^^^^^^^^^^^^ help: consider using: `checkBL3PsmSymbolicTout`
    |
    = help: https://book.getfoundry.sh/reference/forge/forge-lint#mixed-case-function

note[mixed-case-function]: function names should use mixedCase
   --> test/run20/Symbolic.t.sol:369:14
    |
369 |     function check_B_L1_noUnderflow_2pow32(uint64 r, uint64 a, uint64 y) public pure {
    |              ^^^^^^^^^^^^^^^^^^^^^^^^^^^^^ help: consider using: `checkBL1NoUnderflow2pow32`
    |
    = help: https://book.getfoundry.sh/reference/forge/forge-lint#mixed-case-function

note[mixed-case-function]: function names should use mixedCase
   --> test/run20/Symbolic.t.sol:381:14
    |
381 |     function check_B_L1_sLtA_2pow32(uint64 r, uint64 a, uint64 y) public pure {
    |              ^^^^^^^^^^^^^^^^^^^^^^ help: consider using: `checkBL1SLtA2pow32`
    |
    = help: https://book.getfoundry.sh/reference/forge/forge-lint#mixed-case-function

note[mixed-case-variable]: mutable variables should use mixedCase
   --> test/run20/mutants/UniPoolerV2_M4_NoMinLPCheck.sol:434:32
    |
434 |     function quotePool(uint256 sUSDSIn) external view returns (uint256 swapIn, uint256 phusdOut, uint256 expectedLP) {
    |                                ^^^^^^^ help: consider using: `sUsdsIn`
    |
    = help: https://book.getfoundry.sh/reference/forge/forge-lint#mixed-case-variable

note[mixed-case-variable]: mutable variables should use mixedCase
   --> test/run20/mutants/UniPoolerV2_M4_NoMinLPCheck.sol:434:106
    |
434 |     function quotePool(uint256 sUSDSIn) external view returns (uint256 swapIn, uint256 phusdOut, uint256 expectedLP) {
    |                                                                                                          ^^^^^^^^^^ help: consider using: `expectedLp`
    |
    = help: https://book.getfoundry.sh/reference/forge/forge-lint#mixed-case-variable

note[mixed-case-function]: function names should use mixedCase
   --> test/run20/Symbolic.t.sol:392:14
    |
392 |     function check_B_L1_sLtA_divFree_2pow112(uint256 r, uint256 a, uint256 y) public pure {
    |              ^^^^^^^^^^^^^^^^^^^^^^^^^^^^^^^ help: consider using: `checkBL1SLtADivFree2pow112`
    |
    = help: https://book.getfoundry.sh/reference/forge/forge-lint#mixed-case-function

note[mixed-case-function]: function names should use mixedCase
   --> test/run20/Symbolic.t.sol:402:14
    |
402 |     function check_B_L1_floorRoot_2pow24(uint64 r, uint64 a, uint64 y) public pure {
    |              ^^^^^^^^^^^^^^^^^^^^^^^^^^^ help: consider using: `checkBL1FloorRoot2pow24`
    |
    = help: https://book.getfoundry.sh/reference/forge/forge-lint#mixed-case-function

note[mixed-case-function]: function names should use mixedCase
   --> test/run20/Symbolic.t.sol:417:14
    |
417 |     function check_B_L2_quoteOutPassesK_2pow32(uint64 s, uint64 rS, uint64 rP) public pure {
    |              ^^^^^^^^^^^^^^^^^^^^^^^^^^^^^^^^^ help: consider using: `checkBL2QuoteOutPassesK2pow32`
    |
    = help: https://book.getfoundry.sh/reference/forge/forge-lint#mixed-case-function

note[mixed-case-variable]: mutable variables should use mixedCase
   --> test/run20/Symbolic.t.sol:420:36
    |
420 |             uint256 S = s; uint256 RS = rS; uint256 RP = rP;
    |                                    ^^ help: consider using: `rs`
    |
    = help: https://book.getfoundry.sh/reference/forge/forge-lint#mixed-case-variable

note[mixed-case-variable]: mutable variables should use mixedCase
   --> test/run20/Symbolic.t.sol:420:53
    |
420 |             uint256 S = s; uint256 RS = rS; uint256 RP = rP;
    |                                                     ^^ help: consider using: `rp`
    |
    = help: https://book.getfoundry.sh/reference/forge/forge-lint#mixed-case-variable

note[mixed-case-function]: function names should use mixedCase
   --> test/run20/Symbolic.t.sol:428:14
    |
428 |     function check_B_L2_lpTermMonotone_2pow48(uint64 amt, uint64 ts, uint64 ts2, uint64 rr) public pure {
    |              ^^^^^^^^^^^^^^^^^^^^^^^^^^^^^^^^ help: consider using: `checkBL2LpTermMonotone2pow48`
    |
    = help: https://book.getfoundry.sh/reference/forge/forge-lint#mixed-case-function

note[mixed-case-function]: function names should use mixedCase
   --> test/run20/Symbolic.t.sol:437:14
    |
437 |     function check_B_L0_ozSqrt_floor_2pow32(uint64 x) public pure {
    |              ^^^^^^^^^^^^^^^^^^^^^^^^^^^^^^ help: consider using: `checkBL0OzSqrtFloor2pow32`
    |
    = help: https://book.getfoundry.sh/reference/forge/forge-lint#mixed-case-function

warning[unsafe-typecast]: typecasts that can truncate values should be checked
  --> test/run20/Symbolic.t.sol:95:20
   |
95 |             assert(bytes4(err) == UniPoolerV2.UniPoolerV2__AmountTooSmall.selector);
   |                    ^^^^^^^^^^^
   |
   = note: consider disabling this lint if you're certain the cast is safe
           
           // casting to 'bytes4' is safe because [explain why]
           // forge-lint: disable-next-line(unsafe-typecast)
           
           
   = help: https://book.getfoundry.sh/reference/forge/forge-lint#unsafe-typecast

warning[unsafe-typecast]: typecasts that can truncate values should be checked
   --> test/run20/Symbolic.t.sol:107:20
    |
107 |             assert(bytes4(err) == UniPoolerV2.UniPoolerV2__AmountTooSmall.selector);
    |                    ^^^^^^^^^^^
    |
    = note: consider disabling this lint if you're certain the cast is safe
            
            // casting to 'bytes4' is safe because [explain why]
            // forge-lint: disable-next-line(unsafe-typecast)
            
            
    = help: https://book.getfoundry.sh/reference/forge/forge-lint#unsafe-typecast


Running 7 tests for test/run20/Symbolic.t.sol:UniPoolerV2SymbolicRun20
setup: 0.05s (decode: 0.02s, run: 0.02s)
ERROR    solver_output.error='executor has been shutdown'                       
         (solver_output.returncode=-1)                                          
ERROR    solver_output.error='executor has been shutdown'                       
         (solver_output.returncode=-1)                                          
ERROR    solver_output.error='executor has been shutdown'                       
         (solver_output.returncode=-1)                                          
ERROR    solver_output.error='executor has been shutdown'                       
         (solver_output.returncode=-1)                                          
ERROR    solver_output.error='executor has been shutdown'                       
         (solver_output.returncode=-1)                                          
ERROR    solver_output.error='executor has been shutdown'                       
         (solver_output.returncode=-1)                                          
ERROR    solver_output.error='executor has been shutdown'                       
         (solver_output.returncode=-1)                                          
ERROR    solver_output.error='executor has been shutdown'                       
         (solver_output.returncode=-1)                                          
ERROR    solver_output.error='executor has been shutdown'                       
         (solver_output.returncode=-1)                                          
ERROR    solver_output.error='executor has been shutdown'                       
         (solver_output.returncode=-1)                                          
ERROR    solver_output.error='executor has been shutdown'                       
         (solver_output.returncode=-1)                                          
ERROR    solver_output.error='executor has been shutdown'                       
         (solver_output.returncode=-1)                                          
ERROR    solver_output.error='executor has been shutdown'                       
         (solver_output.returncode=-1)                                          
ERROR    solver_output.error='executor has been shutdown'                       
         (solver_output.returncode=-1)                                          
ERROR    solver_output.error='executor has been shutdown'                       
         (solver_output.returncode=-1)                                          
ERROR    solver_output.error='executor has been shutdown'                       
         (solver_output.returncode=-1)                                          
ERROR    solver_output.error='executor has been shutdown'                       
         (solver_output.returncode=-1)                                          
ERROR    solver_output.error='executor has been shutdown'                       
         (solver_output.returncode=-1)                                          
ERROR    solver_output.error='executor has been shutdown'                       
         (solver_output.returncode=-1)                                          
ERROR    solver_output.error='executor has been shutdown'                       
         (solver_output.returncode=-1)                                          
ERROR    solver_output.error='executor has been shutdown'                       
         (solver_output.returncode=-1)                                          
ERROR    solver_output.error='executor has been shutdown'                       
         (solver_output.returncode=-1)                                          
ERROR    solver_output.error='executor has been shutdown'                       
         (solver_output.returncode=-1)                                          
ERROR    solver_output.error='executor has been shutdown'                       
         (solver_output.returncode=-1)                                          
ERROR    solver_output.error='executor has been shutdown'                       
         (solver_output.returncode=-1)                                          
ERROR    solver_output.error='executor has been shutdown'                       
         (solver_output.returncode=-1)                                          
ERROR    solver_output.error='executor has been shutdown'                       
         (solver_output.returncode=-1)                                          
ERROR    solver_output.error='executor has been shutdown'                       
         (solver_output.returncode=-1)                                          
ERROR    solver_output.error='executor has been shutdown'                       
         (solver_output.returncode=-1)                                          
ERROR    solver_output.error='executor has been shutdown'                       
         (solver_output.returncode=-1)                                          
ERROR    solver_output.error='executor has been shutdown'                       
         (solver_output.returncode=-1)                                          
ERROR    solver_output.error='executor has been shutdown'                       
         (solver_output.returncode=-1)                                          
ERROR    solver_output.error='executor has been shutdown'                       
         (solver_output.returncode=-1)                                          
ERROR    solver_output.error='executor has been shutdown'                       
         (solver_output.returncode=-1)                                          
ERROR    solver_output.error='executor has been shutdown'                       
         (solver_output.returncode=-1)                                          
ERROR    solver_output.error='executor has been shutdown'                       
         (solver_output.returncode=-1)                                          
ERROR    solver_output.error='executor has been shutdown'                       
         (solver_output.returncode=-1)                                          
ERROR    solver_output.error='executor has been shutdown'                       
         (solver_output.returncode=-1)                                          
ERROR    solver_output.error='executor has been shutdown'                       
         (solver_output.returncode=-1)                                          
ERROR    solver_output.error='executor has been shutdown'                       
         (solver_output.returncode=-1)                                          
ERROR    solver_output.error='executor has been shutdown'                       
         (solver_output.returncode=-1)                                          
ERROR    solver_output.error='executor has been shutdown'                       
         (solver_output.returncode=-1)                                          
ERROR    solver_output.error='executor has been shutdown'                       
         (solver_output.returncode=-1)                                          
ERROR    solver_output.error='executor has been shutdown'                       
         (solver_output.returncode=-1)                                          
ERROR    solver_output.error='executor has been shutdown'                       
         (solver_output.returncode=-1)                                          
ERROR    solver_output.error='executor has been shutdown'                       
         (solver_output.returncode=-1)                                          
ERROR    solver_output.error='executor has been shutdown'                       
         (solver_output.returncode=-1)                                          
ERROR    solver_output.error='executor has been shutdown'                       
         (solver_output.returncode=-1)                                          
ERROR    solver_output.error='executor has been shutdown'                       
         (solver_output.returncode=-1)                                          
ERROR    solver_output.error='executor has been shutdown'                       
         (solver_output.returncode=-1)                                          
ERROR    solver_output.error='executor has been shutdown'                       
         (solver_output.returncode=-1)                                          
ERROR    solver_output.error='executor has been shutdown'                       
         (solver_output.returncode=-1)                                          
ERROR    solver_output.error='executor has been shutdown'                       
         (solver_output.returncode=-1)                                          
ERROR    solver_output.error='executor has been shutdown'                       
         (solver_output.returncode=-1)                                          
ERROR    solver_output.error='executor has been shutdown'                       
         (solver_output.returncode=-1)                                          
ERROR    solver_output.error='executor has been shutdown'                       
         (solver_output.returncode=-1)                                          
ERROR    solver_output.error='executor has been shutdown'                       
         (solver_output.returncode=-1)                                          
ERROR    solver_output.error='executor has been shutdown'                       
         (solver_output.returncode=-1)                                          
ERROR    solver_output.error='executor has been shutdown'                       
         (solver_output.returncode=-1)                                          
ERROR    solver_output.error='executor has been shutdown'                       
         (solver_output.returncode=-1)                                          
ERROR    solver_output.error='executor has been shutdown'                       
         (solver_output.returncode=-1)                                          
ERROR    solver_output.error='executor has been shutdown'                       
         (solver_output.returncode=-1)                                          
ERROR    solver_output.error='executor has been shutdown'                       
         (solver_output.returncode=-1)                                          
ERROR    solver_output.error='executor has been shutdown'                       
         (solver_output.returncode=-1)                                          
ERROR    solver_output.error='executor has been shutdown'                       
         (solver_output.returncode=-1)                                          
ERROR    solver_output.error='executor has been shutdown'                       
         (solver_output.returncode=-1)                                          
ERROR    solver_output.error='executor has been shutdown'                       
         (solver_output.returncode=-1)                                          
ERROR    solver_output.error='executor has been shutdown'                       
         (solver_output.returncode=-1)                                          
ERROR    solver_output.error='executor has been shutdown'                       
         (solver_output.returncode=-1)                                          
ERROR    solver_output.error='executor has been shutdown'                       
         (solver_output.returncode=-1)                                          
ERROR    solver_output.error='executor has been shutdown'                       
         (solver_output.returncode=-1)                                          
ERROR    solver_output.error='executor has been shutdown'                       
         (solver_output.returncode=-1)                                          
ERROR    solver_output.error='executor has been shutdown'                       
         (solver_output.returncode=-1)                                          
ERROR    solver_output.error='executor has been shutdown'                       
         (solver_output.returncode=-1)                                          
ERROR    solver_output.error='executor has been shutdown'                       
         (solver_output.returncode=-1)                                          
ERROR    solver_output.error='executor has been shutdown'                       
         (solver_output.returncode=-1)                                          
ERROR    solver_output.error='executor has been shutdown'                       
         (solver_output.returncode=-1)                                          
ERROR    solver_output.error='executor has been shutdown'                       
         (solver_output.returncode=-1)                                          
ERROR    solver_output.error='executor has been shutdown'                       
         (solver_output.returncode=-1)                                          
ERROR    solver_output.error='executor has been shutdown'                       
         (solver_output.returncode=-1)                                          
ERROR    solver_output.error='executor has been shutdown'                       
         (solver_output.returncode=-1)                                          
ERROR    solver_output.error='executor has been shutdown'                       
         (solver_output.returncode=-1)                                          
ERROR    solver_output.error='executor has been shutdown'                       
         (solver_output.returncode=-1)                                          
ERROR    solver_output.error='executor has been shutdown'                       
         (solver_output.returncode=-1)                                          
ERROR    solver_output.error='executor has been shutdown'                       
         (solver_output.returncode=-1)                                          
ERROR    solver_output.error='executor has been shutdown'                       
         (solver_output.returncode=-1)                                          
