[1m[32m⇾[0m[0m [1mReading the configuration file at: [1mmedusa-run20.json[0m[0m
⇾ Compiling targets with crytic-compile
⇾ Running command:
/home/justin/.local/bin/crytic-compile . --export-format solc --foundry-compile-all
⇾ Finished compiling targets in 13s
⇾ artifacts: Medusa is running against a new set of build artifacts
⇾ No Slither cached results found at slither_results.json
⇾ Running Slither:
/home/justin/.local/bin/slither . --ignore-compile --print echidna --json -
warn Failed to run slither
‣ exit status 1
⇾ Running with a timeout of 1200 seconds
⇾ Setting up test chain
⇾ Finished setting up test chain
⇾ Creating corpus...
⇾ Initializing corpus...
⇾ Fuzzing with 4 workers
⇾ [NOT STARTED] Property Test: MedusaUniPoolerB.property_P3_liquidityAtLeastMinLP()
⇾ [NOT STARTED] Property Test: MedusaUniPoolerB.property_P9_dispatchWorks()
⇾ [NOT STARTED] Property Test: MedusaUniPoolerB.property_P6_zeroFloorsRevert()
⇾ [NOT STARTED] Property Test: MedusaUniPoolerB.property_P7_emptyPairReverts()
⇾ [NOT STARTED] Property Test: MedusaUniPoolerB.property_P8_frontRunNeverStrands()
⇾ [NOT STARTED] Property Test: MedusaUniPoolerB.property_P1_leftoverIsWeiDust()
⇾ [NOT STARTED] Property Test: MedusaUniPoolerB.property_P5_quotePhusdOutExact()
⇾ [NOT STARTED] Property Test: MedusaUniPoolerB.property_P2_routerAllowancesZero()
⇾ [NOT STARTED] Property Test: MedusaUniPoolerB.property_P4_quoteLPIsValidFloor()
⇾ [NOT STARTED] Property Test: MedusaUniPoolerA.property_P4_quoteLPIsValidFloor()
⇾ [NOT STARTED] Property Test: MedusaUniPoolerA.property_P1_leftoverIsWeiDust()
⇾ [NOT STARTED] Property Test: MedusaUniPoolerA.property_P9_dispatchWorks()
⇾ [NOT STARTED] Property Test: MedusaUniPoolerA.property_P3_liquidityAtLeastMinLP()
⇾ [NOT STARTED] Property Test: MedusaUniPoolerA.property_P5_quotePhusdOutExact()
⇾ [NOT STARTED] Property Test: MedusaUniPoolerA.property_P7_emptyPairReverts()
⇾ [NOT STARTED] Property Test: MedusaUniPoolerA.property_P6_zeroFloorsRevert()
⇾ [NOT STARTED] Property Test: MedusaUniPoolerA.property_P2_routerAllowancesZero()
⇾ [NOT STARTED] Property Test: MedusaUniPoolerA.property_P8_frontRunNeverStrands()
⇾ [NOT STARTED] Property Test: MedusaUniPoolerDonate.property_P3_liquidityAtLeastMinLP()
⇾ [NOT STARTED] Property Test: MedusaUniPoolerDonate.property_P2_routerAllowancesZero()
⇾ [NOT STARTED] Property Test: MedusaUniPoolerDonate.property_P6_zeroFloorsRevert()
⇾ [NOT STARTED] Property Test: MedusaUniPoolerDonate.property_P7_emptyPairReverts()
⇾ [NOT STARTED] Property Test: MedusaUniPoolerDonate.property_P9_dispatchWorks()
⇾ [NOT STARTED] Property Test: MedusaUniPoolerDonate.property_P8_frontRunNeverStrands()
⇾ [NOT STARTED] Property Test: MedusaUniPoolerDonate.property_P5_quotePhusdOutExact()
⇾ [NOT STARTED] Property Test: MedusaUniPoolerDonate.property_P4_quoteLPIsValidFloor()
⇾ [NOT STARTED] Property Test: MedusaUniPoolerDonate.property_P1_leftoverIsWeiDust()
⇾ [NOT STARTED] Property Test: MedusaPromoLegA.property_PA3_floorHonoured()
⇾ [NOT STARTED] Property Test: MedusaPromoLegA.property_PA2_zeroFloorReverts()
⇾ [NOT STARTED] Property Test: MedusaPromoLegA.property_PA4_noSusdsResidual()
⇾ [NOT STARTED] Property Test: MedusaPromoLegA.property_PA1_allowancesZero()
⇾ fuzz: elapsed:       0s, calls:          0 (     0/sec), seq/s:      0, branches:   6312, corpus:     0, failures: 0/0, gas/s:            0
⇾ [Worker 1] Shrinking call sequence for Property Test: MedusaUniPoolerDonate.property_P4_quoteLPIsValidFloor() with 2 call(s)
⇾ [Worker 3] Shrinking call sequence for Property Test: MedusaUniPoolerDonate.property_P1_leftoverIsWeiDust() with 2 call(s)
⇾ [Worker 2] Shrinking call sequence for Property Test: MedusaUniPoolerDonate.property_P1_leftoverIsWeiDust() with 2 call(s)
⇾ [Worker 0] Shrinking call sequence for Property Test: MedusaUniPoolerDonate.property_P1_leftoverIsWeiDust() with 2 call(s)
⇾ fuzz: elapsed:       3s, calls:         12 (     3/sec), seq/s:      1, branches:   7111, corpus:    12, failures: 0/6, gas/s:      1170341
⇾ fuzz: elapsed:       6s, calls:         12 (     0/sec), seq/s:      0, branches:   7111, corpus:    12, failures: 0/6, gas/s:            0
⇾ [Worker 2] Shrinking complete after 5000 attempts (limit: 5000)
⇾ fuzz: elapsed:       9s, calls:         12 (     0/sec), seq/s:      0, branches:   7111, corpus:    12, failures: 0/6, gas/s:            0
⇾ [Worker 3] Shrinking complete after 5000 attempts (limit: 5000)
⇾ [Worker 1] Shrinking complete after 5000 attempts (limit: 5000)
⇾ [Worker 0] Shrinking complete after 5000 attempts (limit: 5000)
⇾ [FAILED] Property Test: MedusaUniPoolerDonate.property_P1_leftoverIsWeiDust()
Test for method "MedusaUniPoolerDonate.property_P1_leftoverIsWeiDust()" failed after the following call sequence:
[Call Sequence]
1) MedusaUniPoolerDonate.act_donateToPair(uint256,bool)(1382737899866502049916777039933324836439839, false) (block=36, time=36, gas=500000000, gasprice=0, value=0, sender=0x20000)
2) MedusaUniPoolerDonate.act_poolLooseFloors(uint256)(28948022309335630874122031076528642301466429724209721769036508196300007527631) (block=36, time=36, gas=500000000, gasprice=0, value=0, sender=0x10000)
[Execution Trace]
 => [call] MedusaUniPoolerDonate.act_poolLooseFloors(uint256)(28948022309335630874122031076528642301466429724209721769036508196300007527631) (addr=0x38b3b548c9D05824d9bCd44561931Ef45734C98a, value=0, sender=0x10000)
	 => [call] R20SUSDS.balanceOf(address)(0x3aa0599f2686121d0586cB124e76BBbf6eF46502) (addr=0x9A6F1e74347a08b8d93FB1441922E06af8D8eaCa, value=<nil>, sender=0x38b3b548c9D05824d9bCd44561931Ef45734C98a)
		 => [return (63529411764705882352941)]
	 => [call] R20SUSDS.balanceOf(address)(0x3aa0599f2686121d0586cB124e76BBbf6eF46502) (addr=0x9A6F1e74347a08b8d93FB1441922E06af8D8eaCa, value=<nil>, sender=0x38b3b548c9D05824d9bCd44561931Ef45734C98a)
		 => [return (63529411764705882352941)]
	 => [call] R20Phusd.balanceOf(address)(0x3aa0599f2686121d0586cB124e76BBbf6eF46502) (addr=0x9E18f151aCA7bc62BB44fF292A71800F788adfc5, value=<nil>, sender=0x38b3b548c9D05824d9bCd44561931Ef45734C98a)
		 => [return (0)]
	 => [call] UniV2Pair.balanceOf(address)(0x3aa0599f2686121d0586cB124e76BBbf6eF46502) (addr=0x82e8b49dBE53FaEa835CdB720eb513E1442976dD, value=<nil>, sender=0x38b3b548c9D05824d9bCd44561931Ef45734C98a)
		 => [return (10827883747902104690081)]
	 => [call] UniV2Pair.getReserves()() (addr=0x82e8b49dBE53FaEa835CdB720eb513E1442976dD, value=<nil>, sender=0x38b3b548c9D05824d9bCd44561931Ef45734C98a)
		 => [return (1021176470588235294117647, 1060000000000000000000000, 11)]
	 => [call] UniPoolerV2.pool(uint256,uint256,uint256)(61275792282815071098251, 1, 1) (addr=0x3aa0599f2686121d0586cB124e76BBbf6eF46502, value=0, sender=0x38b3b548c9D05824d9bCd44561931Ef45734C98a)
		 => [call] R20SUSDS.balanceOf(address)(0x3aa0599f2686121d0586cB124e76BBbf6eF46502) (addr=0x9A6F1e74347a08b8d93FB1441922E06af8D8eaCa, value=<nil>, sender=0x3aa0599f2686121d0586cB124e76BBbf6eF46502)
			 => [return (63529411764705882352941)]
		 => [call] UniV2Pair.getReserves()() (addr=0x82e8b49dBE53FaEa835CdB720eb513E1442976dD, value=<nil>, sender=0x3aa0599f2686121d0586cB124e76BBbf6eF46502)
			 => [return (1021176470588235294117647, 1060000000000000000000000, 11)]
		 => [call] R20SUSDS.approve(address,uint256)(0xF553fE5E00d0BB13860C95876250818bCBEEE550, 30236938088550984285277) (addr=0x9A6F1e74347a08b8d93FB1441922E06af8D8eaCa, value=0, sender=0x3aa0599f2686121d0586cB124e76BBbf6eF46502)
			 => [event] Approval(0x3aa0599f2686121d0586cB124e76BBbf6eF46502, 0xF553fE5E00d0BB13860C95876250818bCBEEE550, 30236938088550984285277)
			 => [return (true)]
		 => [call] UniV2Router02.swapExactTokensForTokens(uint256,uint256,address[],address,uint256)(30236938088550984285277, 1, [0x9A6F1e74347a08b8d93FB1441922E06af8D8eaCa, 0x9E18f151aCA7bc62BB44fF292A71800F788adfc5], 0x3aa0599f2686121d0586cB124e76BBbf6eF46502, 36) (addr=0xF553fE5E00d0BB13860C95876250818bCBEEE550, value=0, sender=0x3aa0599f2686121d0586cB124e76BBbf6eF46502)
			 => [call] UniV2Factory.getPair(address,address)(0x9A6F1e74347a08b8d93FB1441922E06af8D8eaCa, 0x9E18f151aCA7bc62BB44fF292A71800F788adfc5) (addr=0x5169503Ac064d5fA3Fe6fA375907F5275faF6aBc, value=<nil>, sender=0xF553fE5E00d0BB13860C95876250818bCBEEE550)
				 => [return (0x82e8b49dBE53FaEa835CdB720eb513E1442976dD)]
			 => [call] UniV2Pair.getReserves()() (addr=0x82e8b49dBE53FaEa835CdB720eb513E1442976dD, value=<nil>, sender=0xF553fE5E00d0BB13860C95876250818bCBEEE550)
				 => [return (1021176470588235294117647, 1060000000000000000000000, 11)]
			 => [call] UniV2Factory.getPair(address,address)(0x9A6F1e74347a08b8d93FB1441922E06af8D8eaCa, 0x9E18f151aCA7bc62BB44fF292A71800F788adfc5) (addr=0x5169503Ac064d5fA3Fe6fA375907F5275faF6aBc, value=<nil>, sender=0xF553fE5E00d0BB13860C95876250818bCBEEE550)
				 => [return (0x82e8b49dBE53FaEa835CdB720eb513E1442976dD)]
			 => [call] R20SUSDS.transferFrom(address,address,uint256)(0x3aa0599f2686121d0586cB124e76BBbf6eF46502, 0x82e8b49dBE53FaEa835CdB720eb513E1442976dD, 30236938088550984285277) (addr=0x9A6F1e74347a08b8d93FB1441922E06af8D8eaCa, value=0, sender=0xF553fE5E00d0BB13860C95876250818bCBEEE550)
				 => [event] Transfer(0x3aa0599f2686121d0586cB124e76BBbf6eF46502, 0x82e8b49dBE53FaEa835CdB720eb513E1442976dD, 30236938088550984285277)
				 => [return (true)]
			 => [call] UniV2Factory.getPair(address,address)(0x9A6F1e74347a08b8d93FB1441922E06af8D8eaCa, 0x9E18f151aCA7bc62BB44fF292A71800F788adfc5) (addr=0x5169503Ac064d5fA3Fe6fA375907F5275faF6aBc, value=<nil>, sender=0xF553fE5E00d0BB13860C95876250818bCBEEE550)
				 => [return (0x82e8b49dBE53FaEa835CdB720eb513E1442976dD)]
			 => [call] UniV2Pair.swap(uint256,uint256,address,bytes)(0, 30395045189941426542373, 0x3aa0599f2686121d0586cB124e76BBbf6eF46502, ) (addr=0x82e8b49dBE53FaEa835CdB720eb513E1442976dD, value=0, sender=0xF553fE5E00d0BB13860C95876250818bCBEEE550)
				 => [call] R20Phusd.transfer(address,uint256)(0x3aa0599f2686121d0586cB124e76BBbf6eF46502, 30395045189941426542373) (addr=0x9E18f151aCA7bc62BB44fF292A71800F788adfc5, value=0, sender=0x82e8b49dBE53FaEa835CdB720eb513E1442976dD)
					 => [event] Transfer(0x82e8b49dBE53FaEa835CdB720eb513E1442976dD, 0x3aa0599f2686121d0586cB124e76BBbf6eF46502, 30395045189941426542373)
					 => [return (true)]
				 => [call] R20SUSDS.balanceOf(address)(0x82e8b49dBE53FaEa835CdB720eb513E1442976dD) (addr=0x9A6F1e74347a08b8d93FB1441922E06af8D8eaCa, value=<nil>, sender=0x82e8b49dBE53FaEa835CdB720eb513E1442976dD)
					 => [return (1051413408676786278402924)]
				 => [call] R20Phusd.balanceOf(address)(0x82e8b49dBE53FaEa835CdB720eb513E1442976dD) (addr=0x9E18f151aCA7bc62BB44fF292A71800F788adfc5, value=<nil>, sender=0x82e8b49dBE53FaEa835CdB720eb513E1442976dD)
					 => [return (1060355905349046306085205)]
				 => [event] Sync(1051413408676786278402924, 1060355905349046306085205)
				 => [event] Swap(0xF553fE5E00d0BB13860C95876250818bCBEEE550, 30236938088550984285277, 30750950538987732627578, 0, 30395045189941426542373, 0x3aa0599f2686121d0586cB124e76BBbf6eF46502)
				 => [return ()]
			 => [return ([30236938088550984285277, 30395045189941426542373])]
		 => [call] R20SUSDS.approve(address,uint256)(0xF553fE5E00d0BB13860C95876250818bCBEEE550, 0) (addr=0x9A6F1e74347a08b8d93FB1441922E06af8D8eaCa, value=0, sender=0x3aa0599f2686121d0586cB124e76BBbf6eF46502)
			 => [event] Approval(0x3aa0599f2686121d0586cB124e76BBbf6eF46502, 0xF553fE5E00d0BB13860C95876250818bCBEEE550, 0)
			 => [return (true)]
		 => [call] R20SUSDS.approve(address,uint256)(0xF553fE5E00d0BB13860C95876250818bCBEEE550, 31038854194264086812974) (addr=0x9A6F1e74347a08b8d93FB1441922E06af8D8eaCa, value=0, sender=0x3aa0599f2686121d0586cB124e76BBbf6eF46502)
			 => [event] Approval(0x3aa0599f2686121d0586cB124e76BBbf6eF46502, 0xF553fE5E00d0BB13860C95876250818bCBEEE550, 31038854194264086812974)
			 => [return (true)]
		 => [call] R20Phusd.approve(address,uint256)(0xF553fE5E00d0BB13860C95876250818bCBEEE550, 30395045189941426542373) (addr=0x9E18f151aCA7bc62BB44fF292A71800F788adfc5, value=0, sender=0x3aa0599f2686121d0586cB124e76BBbf6eF46502)
			 => [event] Approval(0x3aa0599f2686121d0586cB124e76BBbf6eF46502, 0xF553fE5E00d0BB13860C95876250818bCBEEE550, 30395045189941426542373)
			 => [return (true)]
		 => [call] UniV2Router02.addLiquidity(address,address,uint256,uint256,uint256,uint256,address,uint256)(0x9A6F1e74347a08b8d93FB1441922E06af8D8eaCa, 0x9E18f151aCA7bc62BB44fF292A71800F788adfc5, 31038854194264086812974, 30395045189941426542373, 0, 0, 0x3aa0599f2686121d0586cB124e76BBbf6eF46502, 36) (addr=0xF553fE5E00d0BB13860C95876250818bCBEEE550, value=0, sender=0x3aa0599f2686121d0586cB124e76BBbf6eF46502)
			 => [call] UniV2Factory.getPair(address,address)(0x9A6F1e74347a08b8d93FB1441922E06af8D8eaCa, 0x9E18f151aCA7bc62BB44fF292A71800F788adfc5) (addr=0x5169503Ac064d5fA3Fe6fA375907F5275faF6aBc, value=<nil>, sender=0xF553fE5E00d0BB13860C95876250818bCBEEE550)
				 => [return (0x82e8b49dBE53FaEa835CdB720eb513E1442976dD)]
			 => [call] UniV2Factory.getPair(address,address)(0x9A6F1e74347a08b8d93FB1441922E06af8D8eaCa, 0x9E18f151aCA7bc62BB44fF292A71800F788adfc5) (addr=0x5169503Ac064d5fA3Fe6fA375907F5275faF6aBc, value=<nil>, sender=0xF553fE5E00d0BB13860C95876250818bCBEEE550)
				 => [return (0x82e8b49dBE53FaEa835CdB720eb513E1442976dD)]
			 => [call] UniV2Pair.getReserves()() (addr=0x82e8b49dBE53FaEa835CdB720eb513E1442976dD, value=<nil>, sender=0xF553fE5E00d0BB13860C95876250818bCBEEE550)
				 => [return (1051413408676786278402924, 1060355905349046306085205, 36)]
			 => [call] UniV2Factory.getPair(address,address)(0x9A6F1e74347a08b8d93FB1441922E06af8D8eaCa, 0x9E18f151aCA7bc62BB44fF292A71800F788adfc5) (addr=0x5169503Ac064d5fA3Fe6fA375907F5275faF6aBc, value=<nil>, sender=0xF553fE5E00d0BB13860C95876250818bCBEEE550)
				 => [return (0x82e8b49dBE53FaEa835CdB720eb513E1442976dD)]
			 => [call] R20SUSDS.transferFrom(address,address,uint256)(0x3aa0599f2686121d0586cB124e76BBbf6eF46502, 0x82e8b49dBE53FaEa835CdB720eb513E1442976dD, 30138709002164199830532) (addr=0x9A6F1e74347a08b8d93FB1441922E06af8D8eaCa, value=0, sender=0xF553fE5E00d0BB13860C95876250818bCBEEE550)
				 => [event] Transfer(0x3aa0599f2686121d0586cB124e76BBbf6eF46502, 0x82e8b49dBE53FaEa835CdB720eb513E1442976dD, 30138709002164199830532)
				 => [return (true)]
			 => [call] R20Phusd.transferFrom(address,address,uint256)(0x3aa0599f2686121d0586cB124e76BBbf6eF46502, 0x82e8b49dBE53FaEa835CdB720eb513E1442976dD, 30395045189941426542373) (addr=0x9E18f151aCA7bc62BB44fF292A71800F788adfc5, value=0, sender=0xF553fE5E00d0BB13860C95876250818bCBEEE550)
				 => [event] Transfer(0x3aa0599f2686121d0586cB124e76BBbf6eF46502, 0x82e8b49dBE53FaEa835CdB720eb513E1442976dD, 30395045189941426542373)
				 => [return (true)]
			 => [call] UniV2Pair.mint(address)(0x3aa0599f2686121d0586cB124e76BBbf6eF46502) (addr=0x82e8b49dBE53FaEa835CdB720eb513E1442976dD, value=0, sender=0xF553fE5E00d0BB13860C95876250818bCBEEE550)
				 => [call] R20SUSDS.balanceOf(address)(0x82e8b49dBE53FaEa835CdB720eb513E1442976dD) (addr=0x9A6F1e74347a08b8d93FB1441922E06af8D8eaCa, value=<nil>, sender=0x82e8b49dBE53FaEa835CdB720eb513E1442976dD)
					 => [return (1081552117678950478233456)]
				 => [call] R20Phusd.balanceOf(address)(0x82e8b49dBE53FaEa835CdB720eb513E1442976dD) (addr=0x9E18f151aCA7bc62BB44fF292A71800F788adfc5, value=<nil>, sender=0x82e8b49dBE53FaEa835CdB720eb513E1442976dD)
					 => [return (1090750950538987732627578)]
				 => [call] UniV2Factory.feeTo()() (addr=0x5169503Ac064d5fA3Fe6fA375907F5275faF6aBc, value=<nil>, sender=0x82e8b49dBE53FaEa835CdB720eb513E1442976dD)
					 => [return (0xFee5)]
				 => [event] Transfer(0x0, 0xFee5, 2546422681696952753513)
				 => [event] Transfer(0x0, 0x3aa0599f2686121d0586cB124e76BBbf6eF46502, 29895819406573637813209)
				 => [event] Sync(1081552117678950478233456, 1090750950538987732627578)
				 => [event] Mint(0xF553fE5E00d0BB13860C95876250818bCBEEE550, 30138709002164199830532, 30395045189941426542373)
				 => [return (29895819406573637813209)]
			 => [return (30138709002164199830532, 30395045189941426542373, 29895819406573637813209)]
		 => [call] R20SUSDS.approve(address,uint256)(0xF553fE5E00d0BB13860C95876250818bCBEEE550, 0) (addr=0x9A6F1e74347a08b8d93FB1441922E06af8D8eaCa, value=0, sender=0x3aa0599f2686121d0586cB124e76BBbf6eF46502)
			 => [event] Approval(0x3aa0599f2686121d0586cB124e76BBbf6eF46502, 0xF553fE5E00d0BB13860C95876250818bCBEEE550, 0)
			 => [return (true)]
		 => [call] R20Phusd.approve(address,uint256)(0xF553fE5E00d0BB13860C95876250818bCBEEE550, 0) (addr=0x9E18f151aCA7bc62BB44fF292A71800F788adfc5, value=0, sender=0x3aa0599f2686121d0586cB124e76BBbf6eF46502)
			 => [event] Approval(0x3aa0599f2686121d0586cB124e76BBbf6eF46502, 0xF553fE5E00d0BB13860C95876250818bCBEEE550, 0)
			 => [return (true)]
		 => [event] Pooled(0x38b3b548c9D05824d9bCd44561931Ef45734C98a, 61275792282815071098251, 30236938088550984285277, 30395045189941426542373, 29895819406573637813209)
		 => [return ()]
	 => [call] UniV2Factory.feeTo()() (addr=0x5169503Ac064d5fA3Fe6fA375907F5275faF6aBc, value=<nil>, sender=0x38b3b548c9D05824d9bCd44561931Ef45734C98a)
		 => [return (0xFee5)]
	 => [call] R20SUSDS.balanceOf(address)(0x3aa0599f2686121d0586cB124e76BBbf6eF46502) (addr=0x9A6F1e74347a08b8d93FB1441922E06af8D8eaCa, value=<nil>, sender=0x38b3b548c9D05824d9bCd44561931Ef45734C98a)
		 => [return (3153764673990698237132)]
	 => [call] R20Phusd.balanceOf(address)(0x3aa0599f2686121d0586cB124e76BBbf6eF46502) (addr=0x9E18f151aCA7bc62BB44fF292A71800F788adfc5, value=<nil>, sender=0x38b3b548c9D05824d9bCd44561931Ef45734C98a)
		 => [return (0)]
	 => [call] UniV2Pair.balanceOf(address)(0x3aa0599f2686121d0586cB124e76BBbf6eF46502) (addr=0x82e8b49dBE53FaEa835CdB720eb513E1442976dD, value=<nil>, sender=0x38b3b548c9D05824d9bCd44561931Ef45734C98a)
		 => [return (40723703154475742503290)]
	 => [call] UniV2Pair.getReserves()() (addr=0x82e8b49dBE53FaEa835CdB720eb513E1442976dD, value=<nil>, sender=0x38b3b548c9D05824d9bCd44561931Ef45734C98a)
		 => [return (1081552117678950478233456, 1090750950538987732627578, 36)]
	 => [call] UniV2Router02.lastOut(address,address)(0x9A6F1e74347a08b8d93FB1441922E06af8D8eaCa, 0x9E18f151aCA7bc62BB44fF292A71800F788adfc5) (addr=0xF553fE5E00d0BB13860C95876250818bCBEEE550, value=<nil>, sender=0x38b3b548c9D05824d9bCd44561931Ef45734C98a)
		 => [return (30395045189941426542373)]
	 => [call] UniV2Factory.feeTo()() (addr=0x5169503Ac064d5fA3Fe6fA375907F5275faF6aBc, value=<nil>, sender=0x38b3b548c9D05824d9bCd44561931Ef45734C98a)
		 => [return (0xFee5)]
	 => [call] R20SUSDS.allowance(address,address)(0x3aa0599f2686121d0586cB124e76BBbf6eF46502, 0xF553fE5E00d0BB13860C95876250818bCBEEE550) (addr=0x9A6F1e74347a08b8d93FB1441922E06af8D8eaCa, value=<nil>, sender=0x38b3b548c9D05824d9bCd44561931Ef45734C98a)
		 => [return (0)]
	 => [call] R20Phusd.allowance(address,address)(0x3aa0599f2686121d0586cB124e76BBbf6eF46502, 0xF553fE5E00d0BB13860C95876250818bCBEEE550) (addr=0x9E18f151aCA7bc62BB44fF292A71800F788adfc5, value=<nil>, sender=0x38b3b548c9D05824d9bCd44561931Ef45734C98a)
		 => [return (0)]
	 => [return ()]

[Property Test Execution Trace]
[Execution Trace]
 => [call] MedusaUniPoolerDonate.property_P1_leftoverIsWeiDust()() (addr=0x38b3b548c9D05824d9bCd44561931Ef45734C98a, value=0, sender=0x10000)
	 => [return (false)]

⇾ [FAILED] Property Test: MedusaUniPoolerDonate.property_P4_quoteLPIsValidFloor()
Test for method "MedusaUniPoolerDonate.property_P4_quoteLPIsValidFloor()" failed after the following call sequence:
[Call Sequence]
1) MedusaUniPoolerDonate.act_donateToPair(uint256,bool)(25108406941763057650544319554827788898011431851668902531313, false) (block=36, time=36, gas=500000000, gasprice=0, value=0, sender=0x30000)
2) MedusaUniPoolerDonate.act_poolQuoted(uint256,uint256)(210624589540751731115072220793977497270717555792622771602666760488, 904626128525679451156885035042740810902934680636989806471704575402472964338) (block=36, time=36, gas=500000000, gasprice=0, value=0, sender=0x20000)
[Execution Trace]
 => [call] MedusaUniPoolerDonate.act_poolQuoted(uint256,uint256)(210624589540751731115072220793977497270717555792622771602666760488, 904626128525679451156885035042740810902934680636989806471704575402472964338) (addr=0x38b3b548c9D05824d9bCd44561931Ef45734C98a, value=0, sender=0x20000)
	 => [call] R20SUSDS.balanceOf(address)(0x3aa0599f2686121d0586cB124e76BBbf6eF46502) (addr=0x9A6F1e74347a08b8d93FB1441922E06af8D8eaCa, value=<nil>, sender=0x38b3b548c9D05824d9bCd44561931Ef45734C98a)
		 => [return (63529411764705882352941)]
	 => [call] UniPoolerV2.quotePool(uint256)(32824926637418060767488) (addr=0x3aa0599f2686121d0586cB124e76BBbf6eF46502, value=<nil>, sender=0x38b3b548c9D05824d9bCd44561931Ef45734C98a)
		 => [call] UniV2Pair.getReserves()() (addr=0x82e8b49dBE53FaEa835CdB720eb513E1442976dD, value=<nil>, sender=0x3aa0599f2686121d0586cB124e76BBbf6eF46502)
			 => [return (1021176470588235294117647, 1060000000000000000000000, 11)]
		 => [call] UniV2Pair.totalSupply()() (addr=0x82e8b49dBE53FaEa835CdB720eb513E1442976dD, value=<nil>, sender=0x3aa0599f2686121d0586cB124e76BBbf6eF46502)
			 => [return (1040393584642242367441634)]
		 => [return (16307110917263354556479, 16611823010340350612104, 16564145991220832137112)]
	 => [call] UniV2Pair.balanceOf(address)(0x3aa0599f2686121d0586cB124e76BBbf6eF46502) (addr=0x82e8b49dBE53FaEa835CdB720eb513E1442976dD, value=<nil>, sender=0x38b3b548c9D05824d9bCd44561931Ef45734C98a)
		 => [return (10827883747902104690081)]
	 => [call] R20SUSDS.balanceOf(address)(0x3aa0599f2686121d0586cB124e76BBbf6eF46502) (addr=0x9A6F1e74347a08b8d93FB1441922E06af8D8eaCa, value=<nil>, sender=0x38b3b548c9D05824d9bCd44561931Ef45734C98a)
		 => [return (63529411764705882352941)]
	 => [call] R20Phusd.balanceOf(address)(0x3aa0599f2686121d0586cB124e76BBbf6eF46502) (addr=0x9E18f151aCA7bc62BB44fF292A71800F788adfc5, value=<nil>, sender=0x38b3b548c9D05824d9bCd44561931Ef45734C98a)
		 => [return (0)]
	 => [call] UniV2Pair.balanceOf(address)(0x3aa0599f2686121d0586cB124e76BBbf6eF46502) (addr=0x82e8b49dBE53FaEa835CdB720eb513E1442976dD, value=<nil>, sender=0x38b3b548c9D05824d9bCd44561931Ef45734C98a)
		 => [return (10827883747902104690081)]
	 => [call] UniV2Pair.getReserves()() (addr=0x82e8b49dBE53FaEa835CdB720eb513E1442976dD, value=<nil>, sender=0x38b3b548c9D05824d9bCd44561931Ef45734C98a)
		 => [return (1021176470588235294117647, 1060000000000000000000000, 11)]
	 => [call] UniPoolerV2.pool(uint256,uint256,uint256)(32824926637418060767488, 16523780348385546753860, 16476356017467361726786) (addr=0x3aa0599f2686121d0586cB124e76BBbf6eF46502, value=0, sender=0x38b3b548c9D05824d9bCd44561931Ef45734C98a)
		 => [call] R20SUSDS.balanceOf(address)(0x3aa0599f2686121d0586cB124e76BBbf6eF46502) (addr=0x9A6F1e74347a08b8d93FB1441922E06af8D8eaCa, value=<nil>, sender=0x3aa0599f2686121d0586cB124e76BBbf6eF46502)
			 => [return (63529411764705882352941)]
		 => [call] UniV2Pair.getReserves()() (addr=0x82e8b49dBE53FaEa835CdB720eb513E1442976dD, value=<nil>, sender=0x3aa0599f2686121d0586cB124e76BBbf6eF46502)
			 => [return (1021176470588235294117647, 1060000000000000000000000, 11)]
		 => [call] R20SUSDS.approve(address,uint256)(0xF553fE5E00d0BB13860C95876250818bCBEEE550, 16307110917263354556479) (addr=0x9A6F1e74347a08b8d93FB1441922E06af8D8eaCa, value=0, sender=0x3aa0599f2686121d0586cB124e76BBbf6eF46502)
			 => [event] Approval(0x3aa0599f2686121d0586cB124e76BBbf6eF46502, 0xF553fE5E00d0BB13860C95876250818bCBEEE550, 16307110917263354556479)
			 => [return (true)]
		 => [call] UniV2Router02.swapExactTokensForTokens(uint256,uint256,address[],address,uint256)(16307110917263354556479, 16523780348385546753860, [0x9A6F1e74347a08b8d93FB1441922E06af8D8eaCa, 0x9E18f151aCA7bc62BB44fF292A71800F788adfc5], 0x3aa0599f2686121d0586cB124e76BBbf6eF46502, 36) (addr=0xF553fE5E00d0BB13860C95876250818bCBEEE550, value=0, sender=0x3aa0599f2686121d0586cB124e76BBbf6eF46502)
			 => [call] UniV2Factory.getPair(address,address)(0x9A6F1e74347a08b8d93FB1441922E06af8D8eaCa, 0x9E18f151aCA7bc62BB44fF292A71800F788adfc5) (addr=0x5169503Ac064d5fA3Fe6fA375907F5275faF6aBc, value=<nil>, sender=0xF553fE5E00d0BB13860C95876250818bCBEEE550)
				 => [return (0x82e8b49dBE53FaEa835CdB720eb513E1442976dD)]
			 => [call] UniV2Pair.getReserves()() (addr=0x82e8b49dBE53FaEa835CdB720eb513E1442976dD, value=<nil>, sender=0xF553fE5E00d0BB13860C95876250818bCBEEE550)
				 => [return (1021176470588235294117647, 1060000000000000000000000, 11)]
			 => [call] UniV2Factory.getPair(address,address)(0x9A6F1e74347a08b8d93FB1441922E06af8D8eaCa, 0x9E18f151aCA7bc62BB44fF292A71800F788adfc5) (addr=0x5169503Ac064d5fA3Fe6fA375907F5275faF6aBc, value=<nil>, sender=0xF553fE5E00d0BB13860C95876250818bCBEEE550)
				 => [return (0x82e8b49dBE53FaEa835CdB720eb513E1442976dD)]
			 => [call] R20SUSDS.transferFrom(address,address,uint256)(0x3aa0599f2686121d0586cB124e76BBbf6eF46502, 0x82e8b49dBE53FaEa835CdB720eb513E1442976dD, 16307110917263354556479) (addr=0x9A6F1e74347a08b8d93FB1441922E06af8D8eaCa, value=0, sender=0xF553fE5E00d0BB13860C95876250818bCBEEE550)
				 => [event] Transfer(0x3aa0599f2686121d0586cB124e76BBbf6eF46502, 0x82e8b49dBE53FaEa835CdB720eb513E1442976dD, 16307110917263354556479)
				 => [return (true)]
			 => [call] UniV2Factory.getPair(address,address)(0x9A6F1e74347a08b8d93FB1441922E06af8D8eaCa, 0x9E18f151aCA7bc62BB44fF292A71800F788adfc5) (addr=0x5169503Ac064d5fA3Fe6fA375907F5275faF6aBc, value=<nil>, sender=0xF553fE5E00d0BB13860C95876250818bCBEEE550)
				 => [return (0x82e8b49dBE53FaEa835CdB720eb513E1442976dD)]
			 => [call] UniV2Pair.swap(uint256,uint256,address,bytes)(0, 16611823010340350612104, 0x3aa0599f2686121d0586cB124e76BBbf6eF46502, ) (addr=0x82e8b49dBE53FaEa835CdB720eb513E1442976dD, value=0, sender=0xF553fE5E00d0BB13860C95876250818bCBEEE550)
				 => [call] R20Phusd.transfer(address,uint256)(0x3aa0599f2686121d0586cB124e76BBbf6eF46502, 16611823010340350612104) (addr=0x9E18f151aCA7bc62BB44fF292A71800F788adfc5, value=0, sender=0x82e8b49dBE53FaEa835CdB720eb513E1442976dD)
					 => [event] Transfer(0x82e8b49dBE53FaEa835CdB720eb513E1442976dD, 0x3aa0599f2686121d0586cB124e76BBbf6eF46502, 16611823010340350612104)
					 => [return (true)]
				 => [call] R20SUSDS.balanceOf(address)(0x82e8b49dBE53FaEa835CdB720eb513E1442976dD) (addr=0x9A6F1e74347a08b8d93FB1441922E06af8D8eaCa, value=<nil>, sender=0x82e8b49dBE53FaEa835CdB720eb513E1442976dD)
					 => [return (1037483581505498648674126)]
				 => [call] R20Phusd.balanceOf(address)(0x82e8b49dBE53FaEa835CdB720eb513E1442976dD) (addr=0x9E18f151aCA7bc62BB44fF292A71800F788adfc5, value=<nil>, sender=0x82e8b49dBE53FaEa835CdB720eb513E1442976dD)
					 => [return (1090840164617822678323252)]
				 => [event] Sync(1037483581505498648674126, 1090840164617822678323252)
				 => [event] Swap(0xF553fE5E00d0BB13860C95876250818bCBEEE550, 16307110917263354556479, 47451987628163028935356, 0, 16611823010340350612104, 0x3aa0599f2686121d0586cB124e76BBbf6eF46502)
				 => [return ()]
			 => [return ([16307110917263354556479, 16611823010340350612104])]
		 => [call] R20SUSDS.approve(address,uint256)(0xF553fE5E00d0BB13860C95876250818bCBEEE550, 0) (addr=0x9A6F1e74347a08b8d93FB1441922E06af8D8eaCa, value=0, sender=0x3aa0599f2686121d0586cB124e76BBbf6eF46502)
			 => [event] Approval(0x3aa0599f2686121d0586cB124e76BBbf6eF46502, 0xF553fE5E00d0BB13860C95876250818bCBEEE550, 0)
			 => [return (true)]
		 => [call] R20SUSDS.approve(address,uint256)(0xF553fE5E00d0BB13860C95876250818bCBEEE550, 16517815720154706211009) (addr=0x9A6F1e74347a08b8d93FB1441922E06af8D8eaCa, value=0, sender=0x3aa0599f2686121d0586cB124e76BBbf6eF46502)
			 => [event] Approval(0x3aa0599f2686121d0586cB124e76BBbf6eF46502, 0xF553fE5E00d0BB13860C95876250818bCBEEE550, 16517815720154706211009)
			 => [return (true)]
		 => [call] R20Phusd.approve(address,uint256)(0xF553fE5E00d0BB13860C95876250818bCBEEE550, 16611823010340350612104) (addr=0x9E18f151aCA7bc62BB44fF292A71800F788adfc5, value=0, sender=0x3aa0599f2686121d0586cB124e76BBbf6eF46502)
			 => [event] Approval(0x3aa0599f2686121d0586cB124e76BBbf6eF46502, 0xF553fE5E00d0BB13860C95876250818bCBEEE550, 16611823010340350612104)
			 => [return (true)]
		 => [call] UniV2Router02.addLiquidity(address,address,uint256,uint256,uint256,uint256,address,uint256)(0x9A6F1e74347a08b8d93FB1441922E06af8D8eaCa, 0x9E18f151aCA7bc62BB44fF292A71800F788adfc5, 16517815720154706211009, 16611823010340350612104, 0, 0, 0x3aa0599f2686121d0586cB124e76BBbf6eF46502, 36) (addr=0xF553fE5E00d0BB13860C95876250818bCBEEE550, value=0, sender=0x3aa0599f2686121d0586cB124e76BBbf6eF46502)
			 => [call] UniV2Factory.getPair(address,address)(0x9A6F1e74347a08b8d93FB1441922E06af8D8eaCa, 0x9E18f151aCA7bc62BB44fF292A71800F788adfc5) (addr=0x5169503Ac064d5fA3Fe6fA375907F5275faF6aBc, value=<nil>, sender=0xF553fE5E00d0BB13860C95876250818bCBEEE550)
				 => [return (0x82e8b49dBE53FaEa835CdB720eb513E1442976dD)]
			 => [call] UniV2Factory.getPair(address,address)(0x9A6F1e74347a08b8d93FB1441922E06af8D8eaCa, 0x9E18f151aCA7bc62BB44fF292A71800F788adfc5) (addr=0x5169503Ac064d5fA3Fe6fA375907F5275faF6aBc, value=<nil>, sender=0xF553fE5E00d0BB13860C95876250818bCBEEE550)
				 => [return (0x82e8b49dBE53FaEa835CdB720eb513E1442976dD)]
			 => [call] UniV2Pair.getReserves()() (addr=0x82e8b49dBE53FaEa835CdB720eb513E1442976dD, value=<nil>, sender=0xF553fE5E00d0BB13860C95876250818bCBEEE550)
				 => [return (1037483581505498648674126, 1090840164617822678323252, 36)]
			 => [call] UniV2Factory.getPair(address,address)(0x9A6F1e74347a08b8d93FB1441922E06af8D8eaCa, 0x9E18f151aCA7bc62BB44fF292A71800F788adfc5) (addr=0x5169503Ac064d5fA3Fe6fA375907F5275faF6aBc, value=<nil>, sender=0xF553fE5E00d0BB13860C95876250818bCBEEE550)
				 => [return (0x82e8b49dBE53FaEa835CdB720eb513E1442976dD)]
			 => [call] R20SUSDS.transferFrom(address,address,uint256)(0x3aa0599f2686121d0586cB124e76BBbf6eF46502, 0x82e8b49dBE53FaEa835CdB720eb513E1442976dD, 15799284066645537510605) (addr=0x9A6F1e74347a08b8d93FB1441922E06af8D8eaCa, value=0, sender=0xF553fE5E00d0BB13860C95876250818bCBEEE550)
				 => [event] Transfer(0x3aa0599f2686121d0586cB124e76BBbf6eF46502, 0x82e8b49dBE53FaEa835CdB720eb513E1442976dD, 15799284066645537510605)
				 => [return (true)]
			 => [call] R20Phusd.transferFrom(address,address,uint256)(0x3aa0599f2686121d0586cB124e76BBbf6eF46502, 0x82e8b49dBE53FaEa835CdB720eb513E1442976dD, 16611823010340350612104) (addr=0x9E18f151aCA7bc62BB44fF292A71800F788adfc5, value=0, sender=0xF553fE5E00d0BB13860C95876250818bCBEEE550)
				 => [event] Transfer(0x3aa0599f2686121d0586cB124e76BBbf6eF46502, 0x82e8b49dBE53FaEa835CdB720eb513E1442976dD, 16611823010340350612104)
				 => [return (true)]
			 => [call] UniV2Pair.mint(address)(0x3aa0599f2686121d0586cB124e76BBbf6eF46502) (addr=0x82e8b49dBE53FaEa835CdB720eb513E1442976dD, value=0, sender=0xF553fE5E00d0BB13860C95876250818bCBEEE550)
				 => [call] R20SUSDS.balanceOf(address)(0x82e8b49dBE53FaEa835CdB720eb513E1442976dD) (addr=0x9A6F1e74347a08b8d93FB1441922E06af8D8eaCa, value=<nil>, sender=0x82e8b49dBE53FaEa835CdB720eb513E1442976dD)
					 => [return (1053282865572144186184731)]
				 => [call] R20Phusd.balanceOf(address)(0x82e8b49dBE53FaEa835CdB720eb513E1442976dD) (addr=0x9E18f151aCA7bc62BB44fF292A71800F788adfc5, value=<nil>, sender=0x82e8b49dBE53FaEa835CdB720eb513E1442976dD)
					 => [return (1107451987628163028935356)]
				 => [call] UniV2Factory.feeTo()() (addr=0x5169503Ac064d5fA3Fe6fA375907F5275faF6aBc, value=<nil>, sender=0x82e8b49dBE53FaEa835CdB720eb513E1442976dD)
					 => [return (0xFee5)]
				 => [event] Transfer(0x0, 0xFee5, 3831450518668835933318)
				 => [event] Transfer(0x0, 0x3aa0599f2686121d0586cB124e76BBbf6eF46502, 15901946068457104867029)
				 => [event] Sync(1053282865572144186184731, 1107451987628163028935356)
				 => [event] Mint(0xF553fE5E00d0BB13860C95876250818bCBEEE550, 15799284066645537510605, 16611823010340350612104)
				 => [return (15901946068457104867029)]
			 => [return (15799284066645537510605, 16611823010340350612104, 15901946068457104867029)]
		 => [revert (error: UniPoolerV2__InsufficientLP(15901946068457104867029, 16476356017467361726786))]
	 => [call] R20SUSDS.balanceOf(address)(0x3aa0599f2686121d0586cB124e76BBbf6eF46502) (addr=0x9A6F1e74347a08b8d93FB1441922E06af8D8eaCa, value=<nil>, sender=0x38b3b548c9D05824d9bCd44561931Ef45734C98a)
		 => [return (63529411764705882352941)]
	 => [call] R20Phusd.balanceOf(address)(0x3aa0599f2686121d0586cB124e76BBbf6eF46502) (addr=0x9E18f151aCA7bc62BB44fF292A71800F788adfc5, value=<nil>, sender=0x38b3b548c9D05824d9bCd44561931Ef45734C98a)
		 => [return (0)]
	 => [call] UniV2Pair.balanceOf(address)(0x3aa0599f2686121d0586cB124e76BBbf6eF46502) (addr=0x82e8b49dBE53FaEa835CdB720eb513E1442976dD, value=<nil>, sender=0x38b3b548c9D05824d9bCd44561931Ef45734C98a)
		 => [return (10827883747902104690081)]
	 => [call] R20SUSDS.allowance(address,address)(0x3aa0599f2686121d0586cB124e76BBbf6eF46502, 0xF553fE5E00d0BB13860C95876250818bCBEEE550) (addr=0x9A6F1e74347a08b8d93FB1441922E06af8D8eaCa, value=<nil>, sender=0x38b3b548c9D05824d9bCd44561931Ef45734C98a)
		 => [return (0)]
	 => [call] R20Phusd.allowance(address,address)(0x3aa0599f2686121d0586cB124e76BBbf6eF46502, 0xF553fE5E00d0BB13860C95876250818bCBEEE550) (addr=0x9E18f151aCA7bc62BB44fF292A71800F788adfc5, value=<nil>, sender=0x38b3b548c9D05824d9bCd44561931Ef45734C98a)
		 => [return (0)]
	 => [return ()]

[Property Test Execution Trace]
[Execution Trace]
 => [call] MedusaUniPoolerDonate.property_P4_quoteLPIsValidFloor()() (addr=0x38b3b548c9D05824d9bCd44561931Ef45734C98a, value=0, sender=0x10000)
	 => [return (false)]

⇾ fuzz: elapsed:      12s, calls:       2980 (   988/sec), seq/s:     36, branches:  10405, corpus:   121, failures: 4/115, gas/s:    239272585
⇾ fuzz: elapsed:      15s, calls:       9107 (  2042/sec), seq/s:     34, branches:  11085, corpus:   222, failures: 4/219, gas/s:    604114728
⇾ Finished running call sequences in the corpus in 17s
⇾ corpus: health: 92%, sequences: 301 (277 valid, 13 invalid)
⇾ fuzz: elapsed:      18s, calls:      14485 (  1792/sec), seq/s:     26, branches:  11618, corpus:   292, failures: 4/298, gas/s:    553726007
⇾ fuzz: elapsed:      21s, calls:      21728 (  2414/sec), seq/s:     23, branches:  11720, corpus:   299, failures: 4/369, gas/s:    981879854
⇾ fuzz: elapsed:      24s, calls:      28973 (  2414/sec), seq/s:     24, branches:  11748, corpus:   303, failures: 4/442, gas/s:   1117497356
⇾ fuzz: elapsed:      27s, calls:      36339 (  2455/sec), seq/s:     24, branches:  11781, corpus:   308, failures: 4/517, gas/s:   1276080519
⇾ fuzz: elapsed:      30s, calls:      43366 (  2341/sec), seq/s:     23, branches:  11793, corpus:   310, failures: 4/587, gas/s:    759814991
⇾ fuzz: elapsed:      33s, calls:      49544 (  2058/sec), seq/s:     20, branches:  11857, corpus:   316, failures: 4/649, gas/s:    902126423
⇾ fuzz: elapsed:      36s, calls:      56065 (  2173/sec), seq/s:     20, branches:  11875, corpus:   317, failures: 4/712, gas/s:    755201390
⇾ fuzz: elapsed:      39s, calls:      62643 (  2192/sec), seq/s:     22, branches:  11894, corpus:   320, failures: 4/779, gas/s:    608836284
⇾ fuzz: elapsed:      42s, calls:      69233 (  2196/sec), seq/s:     21, branches:  11942, corpus:   325, failures: 4/845, gas/s:    584281939
⇾ fuzz: elapsed:      45s, calls:      75741 (  2169/sec), seq/s:     21, branches:  11954, corpus:   326, failures: 4/910, gas/s:    578337552
⇾ fuzz: elapsed:      48s, calls:      82521 (  2255/sec), seq/s:     22, branches:  11978, corpus:   330, failures: 4/978, gas/s:    421577937
⇾ fuzz: elapsed:      51s, calls:      89399 (  2291/sec), seq/s:     22, branches:  12011, corpus:   332, failures: 4/1046, gas/s:    745832521
⇾ fuzz: elapsed:      54s, calls:      95956 (  2183/sec), seq/s:     21, branches:  12017, corpus:   333, failures: 4/1112, gas/s:    593615827
⇾ fuzz: elapsed:      57s, calls:     102896 (  2313/sec), seq/s:     23, branches:  12034, corpus:   335, failures: 4/1182, gas/s:    608886552
⇾ fuzz: elapsed:    1m00s, calls:     109702 (  2268/sec), seq/s:     22, branches:  12042, corpus:   337, failures: 4/1250, gas/s:    629036184
⇾ fuzz: elapsed:    1m03s, calls:     116298 (  2198/sec), seq/s:     21, branches:  12048, corpus:   338, failures: 4/1315, gas/s:    791088709
⇾ fuzz: elapsed:    1m06s, calls:     123048 (  2249/sec), seq/s:     22, branches:  12117, corpus:   342, failures: 4/1382, gas/s:    596803183
⇾ fuzz: elapsed:    1m09s, calls:     129881 (  2276/sec), seq/s:     22, branches:  12138, corpus:   345, failures: 4/1451, gas/s:    633366231
⇾ fuzz: elapsed:    1m12s, calls:     136226 (  2114/sec), seq/s:     20, branches:  12189, corpus:   348, failures: 4/1514, gas/s:    571714077
⇾ [Worker 0] Shrinking call sequence for Property Test: MedusaUniPoolerDonate.property_P8_frontRunNeverStrands() with 80 call(s)
⇾ fuzz: elapsed:    1m15s, calls:     142015 (  1928/sec), seq/s:     19, branches:  12210, corpus:   350, failures: 4/1573, gas/s:    389336026
⇾ fuzz: elapsed:    1m18s, calls:     146680 (  1554/sec), seq/s:     15, branches:  12243, corpus:   353, failures: 4/1619, gas/s:    459800679
⇾ fuzz: elapsed:    1m21s, calls:     151640 (  1652/sec), seq/s:     16, branches:  12256, corpus:   355, failures: 4/1669, gas/s:    482299659
⇾ fuzz: elapsed:    1m24s, calls:     156746 (  1698/sec), seq/s:     17, branches:  12269, corpus:   357, failures: 4/1721, gas/s:    826393979
⇾ fuzz: elapsed:    1m27s, calls:     161894 (  1715/sec), seq/s:     16, branches:  12280, corpus:   358, failures: 4/1772, gas/s:    531968760
⇾ [Worker 0] Shrinking complete after 5000 attempts (limit: 5000)
⇾ fuzz: elapsed:    1m30s, calls:     167149 (  1751/sec), seq/s:     17, branches:  12287, corpus:   359, failures: 4/1825, gas/s:    844227842
⇾ [FAILED] Property Test: MedusaUniPoolerDonate.property_P8_frontRunNeverStrands()
Test for method "MedusaUniPoolerDonate.property_P8_frontRunNeverStrands()" failed after the following call sequence:
[Call Sequence]
1) MedusaUniPoolerDonate.act_donateToPair(uint256,bool)(3412752256397222515744898553901990470888808003050534851581074130337294552, true) (block=36, time=36, gas=500000000, gasprice=0, value=0, sender=0x20000)
2) MedusaUniPoolerDonate.act_frontRunPool(uint256,uint256,uint256,bool)(452312848583266392185369063500105143103269412413714100045848621606416664269, 226152973471115142066922320953452937037368511157173360662104855290439118606, 0, false) (block=36, time=36, gas=500000000, gasprice=0, value=0, sender=0x20000)
[Execution Trace]
 => [call] MedusaUniPoolerDonate.act_frontRunPool(uint256,uint256,uint256,bool)(452312848583266392185369063500105143103269412413714100045848621606416664269, 226152973471115142066922320953452937037368511157173360662104855290439118606, 0, false) (addr=0x38b3b548c9D05824d9bCd44561931Ef45734C98a, value=0, sender=0x20000)
	 => [call] R20SUSDS.balanceOf(address)(0x3aa0599f2686121d0586cB124e76BBbf6eF46502) (addr=0x9A6F1e74347a08b8d93FB1441922E06af8D8eaCa, value=<nil>, sender=0x38b3b548c9D05824d9bCd44561931Ef45734C98a)
		 => [return (63529411764705882352941)]
	 => [call] UniPoolerV2.quotePool(uint256)(18156501908042489316489) (addr=0x3aa0599f2686121d0586cB124e76BBbf6eF46502, value=<nil>, sender=0x38b3b548c9D05824d9bCd44561931Ef45734C98a)
		 => [call] UniV2Pair.getReserves()() (addr=0x82e8b49dBE53FaEa835CdB720eb513E1442976dD, value=<nil>, sender=0x3aa0599f2686121d0586cB124e76BBbf6eF46502)
			 => [return (1021176470588235294117647, 1060000000000000000000000, 11)]
		 => [call] UniV2Pair.totalSupply()() (addr=0x82e8b49dBE53FaEa835CdB720eb513E1442976dD, value=<nil>, sender=0x3aa0599f2686121d0586cB124e76BBbf6eF46502)
			 => [return (1040393584642242367441634)]
		 => [return (9051830797690418705200, 9285716543557226840419, 9194507082308796983818)]
	 => [call] UniV2Pair.getReserves()() (addr=0x82e8b49dBE53FaEa835CdB720eb513E1442976dD, value=<nil>, sender=0x38b3b548c9D05824d9bCd44561931Ef45734C98a)
		 => [return (1021176470588235294117647, 1060000000000000000000000, 11)]
	 => [call] R20Phusd.mint(address,uint256)(0x38b3b548c9D05824d9bCd44561931Ef45734C98a, 1) (addr=0x9E18f151aCA7bc62BB44fF292A71800F788adfc5, value=0, sender=0x38b3b548c9D05824d9bCd44561931Ef45734C98a)
		 => [event] Transfer(0x0, 0x38b3b548c9D05824d9bCd44561931Ef45734C98a, 1)
		 => [return ()]
	 => [call] R20Phusd.approve(address,uint256)(0xF553fE5E00d0BB13860C95876250818bCBEEE550, 1) (addr=0x9E18f151aCA7bc62BB44fF292A71800F788adfc5, value=0, sender=0x38b3b548c9D05824d9bCd44561931Ef45734C98a)
		 => [event] Approval(0x38b3b548c9D05824d9bCd44561931Ef45734C98a, 0xF553fE5E00d0BB13860C95876250818bCBEEE550, 1)
		 => [return (true)]
	 => [call] UniV2Router02.swapExactTokensForTokens(uint256,uint256,address[],address,uint256)(1, 0, [0x9E18f151aCA7bc62BB44fF292A71800F788adfc5, 0x9A6F1e74347a08b8d93FB1441922E06af8D8eaCa], 0x38b3b548c9D05824d9bCd44561931Ef45734C98a, 36) (addr=0xF553fE5E00d0BB13860C95876250818bCBEEE550, value=0, sender=0x38b3b548c9D05824d9bCd44561931Ef45734C98a)
		 => [call] UniV2Factory.getPair(address,address)(0x9E18f151aCA7bc62BB44fF292A71800F788adfc5, 0x9A6F1e74347a08b8d93FB1441922E06af8D8eaCa) (addr=0x5169503Ac064d5fA3Fe6fA375907F5275faF6aBc, value=<nil>, sender=0xF553fE5E00d0BB13860C95876250818bCBEEE550)
			 => [return (0x82e8b49dBE53FaEa835CdB720eb513E1442976dD)]
		 => [call] UniV2Pair.getReserves()() (addr=0x82e8b49dBE53FaEa835CdB720eb513E1442976dD, value=<nil>, sender=0xF553fE5E00d0BB13860C95876250818bCBEEE550)
			 => [return (1021176470588235294117647, 1060000000000000000000000, 11)]
		 => [call] UniV2Factory.getPair(address,address)(0x9E18f151aCA7bc62BB44fF292A71800F788adfc5, 0x9A6F1e74347a08b8d93FB1441922E06af8D8eaCa) (addr=0x5169503Ac064d5fA3Fe6fA375907F5275faF6aBc, value=<nil>, sender=0xF553fE5E00d0BB13860C95876250818bCBEEE550)
			 => [return (0x82e8b49dBE53FaEa835CdB720eb513E1442976dD)]
		 => [call] R20Phusd.transferFrom(address,address,uint256)(0x38b3b548c9D05824d9bCd44561931Ef45734C98a, 0x82e8b49dBE53FaEa835CdB720eb513E1442976dD, 1) (addr=0x9E18f151aCA7bc62BB44fF292A71800F788adfc5, value=0, sender=0xF553fE5E00d0BB13860C95876250818bCBEEE550)
			 => [event] Transfer(0x38b3b548c9D05824d9bCd44561931Ef45734C98a, 0x82e8b49dBE53FaEa835CdB720eb513E1442976dD, 1)
			 => [return (true)]
		 => [call] UniV2Factory.getPair(address,address)(0x9E18f151aCA7bc62BB44fF292A71800F788adfc5, 0x9A6F1e74347a08b8d93FB1441922E06af8D8eaCa) (addr=0x5169503Ac064d5fA3Fe6fA375907F5275faF6aBc, value=<nil>, sender=0xF553fE5E00d0BB13860C95876250818bCBEEE550)
			 => [return (0x82e8b49dBE53FaEa835CdB720eb513E1442976dD)]
		 => [call] UniV2Pair.swap(uint256,uint256,address,bytes)(0, 0, 0x38b3b548c9D05824d9bCd44561931Ef45734C98a, ) (addr=0x82e8b49dBE53FaEa835CdB720eb513E1442976dD, value=0, sender=0xF553fE5E00d0BB13860C95876250818bCBEEE550)
			 => [revert ('UniswapV2: INSUFFICIENT_OUTPUT_AMOUNT')]
		 => [revert ('UniswapV2: INSUFFICIENT_OUTPUT_AMOUNT')]
	 => [call] R20SUSDS.balanceOf(address)(0x3aa0599f2686121d0586cB124e76BBbf6eF46502) (addr=0x9A6F1e74347a08b8d93FB1441922E06af8D8eaCa, value=<nil>, sender=0x38b3b548c9D05824d9bCd44561931Ef45734C98a)
		 => [return (63529411764705882352941)]
	 => [call] R20Phusd.balanceOf(address)(0x3aa0599f2686121d0586cB124e76BBbf6eF46502) (addr=0x9E18f151aCA7bc62BB44fF292A71800F788adfc5, value=<nil>, sender=0x38b3b548c9D05824d9bCd44561931Ef45734C98a)
		 => [return (0)]
	 => [call] UniV2Pair.balanceOf(address)(0x3aa0599f2686121d0586cB124e76BBbf6eF46502) (addr=0x82e8b49dBE53FaEa835CdB720eb513E1442976dD, value=<nil>, sender=0x38b3b548c9D05824d9bCd44561931Ef45734C98a)
		 => [return (10827883747902104690081)]
	 => [call] UniV2Pair.getReserves()() (addr=0x82e8b49dBE53FaEa835CdB720eb513E1442976dD, value=<nil>, sender=0x38b3b548c9D05824d9bCd44561931Ef45734C98a)
		 => [return (1021176470588235294117647, 1060000000000000000000000, 11)]
	 => [call] UniPoolerV2.pool(uint256,uint256,uint256)(18156501908042489316489, 9007145047250510035207, 8918671869839533074304) (addr=0x3aa0599f2686121d0586cB124e76BBbf6eF46502, value=0, sender=0x38b3b548c9D05824d9bCd44561931Ef45734C98a)
		 => [call] R20SUSDS.balanceOf(address)(0x3aa0599f2686121d0586cB124e76BBbf6eF46502) (addr=0x9A6F1e74347a08b8d93FB1441922E06af8D8eaCa, value=<nil>, sender=0x3aa0599f2686121d0586cB124e76BBbf6eF46502)
			 => [return (63529411764705882352941)]
		 => [call] UniV2Pair.getReserves()() (addr=0x82e8b49dBE53FaEa835CdB720eb513E1442976dD, value=<nil>, sender=0x3aa0599f2686121d0586cB124e76BBbf6eF46502)
			 => [return (1021176470588235294117647, 1060000000000000000000000, 11)]
		 => [call] R20SUSDS.approve(address,uint256)(0xF553fE5E00d0BB13860C95876250818bCBEEE550, 9051830797690418705200) (addr=0x9A6F1e74347a08b8d93FB1441922E06af8D8eaCa, value=0, sender=0x3aa0599f2686121d0586cB124e76BBbf6eF46502)
			 => [event] Approval(0x3aa0599f2686121d0586cB124e76BBbf6eF46502, 0xF553fE5E00d0BB13860C95876250818bCBEEE550, 9051830797690418705200)
			 => [return (true)]
		 => [call] UniV2Router02.swapExactTokensForTokens(uint256,uint256,address[],address,uint256)(9051830797690418705200, 9007145047250510035207, [0x9A6F1e74347a08b8d93FB1441922E06af8D8eaCa, 0x9E18f151aCA7bc62BB44fF292A71800F788adfc5], 0x3aa0599f2686121d0586cB124e76BBbf6eF46502, 36) (addr=0xF553fE5E00d0BB13860C95876250818bCBEEE550, value=0, sender=0x3aa0599f2686121d0586cB124e76BBbf6eF46502)
			 => [call] UniV2Factory.getPair(address,address)(0x9A6F1e74347a08b8d93FB1441922E06af8D8eaCa, 0x9E18f151aCA7bc62BB44fF292A71800F788adfc5) (addr=0x5169503Ac064d5fA3Fe6fA375907F5275faF6aBc, value=<nil>, sender=0xF553fE5E00d0BB13860C95876250818bCBEEE550)
				 => [return (0x82e8b49dBE53FaEa835CdB720eb513E1442976dD)]
			 => [call] UniV2Pair.getReserves()() (addr=0x82e8b49dBE53FaEa835CdB720eb513E1442976dD, value=<nil>, sender=0xF553fE5E00d0BB13860C95876250818bCBEEE550)
				 => [return (1021176470588235294117647, 1060000000000000000000000, 11)]
			 => [call] UniV2Factory.getPair(address,address)(0x9A6F1e74347a08b8d93FB1441922E06af8D8eaCa, 0x9E18f151aCA7bc62BB44fF292A71800F788adfc5) (addr=0x5169503Ac064d5fA3Fe6fA375907F5275faF6aBc, value=<nil>, sender=0xF553fE5E00d0BB13860C95876250818bCBEEE550)
				 => [return (0x82e8b49dBE53FaEa835CdB720eb513E1442976dD)]
			 => [call] R20SUSDS.transferFrom(address,address,uint256)(0x3aa0599f2686121d0586cB124e76BBbf6eF46502, 0x82e8b49dBE53FaEa835CdB720eb513E1442976dD, 9051830797690418705200) (addr=0x9A6F1e74347a08b8d93FB1441922E06af8D8eaCa, value=0, sender=0xF553fE5E00d0BB13860C95876250818bCBEEE550)
				 => [event] Transfer(0x3aa0599f2686121d0586cB124e76BBbf6eF46502, 0x82e8b49dBE53FaEa835CdB720eb513E1442976dD, 9051830797690418705200)
				 => [return (true)]
			 => [call] UniV2Factory.getPair(address,address)(0x9A6F1e74347a08b8d93FB1441922E06af8D8eaCa, 0x9E18f151aCA7bc62BB44fF292A71800F788adfc5) (addr=0x5169503Ac064d5fA3Fe6fA375907F5275faF6aBc, value=<nil>, sender=0xF553fE5E00d0BB13860C95876250818bCBEEE550)
				 => [return (0x82e8b49dBE53FaEa835CdB720eb513E1442976dD)]
			 => [call] UniV2Pair.swap(uint256,uint256,address,bytes)(0, 9285716543557226840419, 0x3aa0599f2686121d0586cB124e76BBbf6eF46502, ) (addr=0x82e8b49dBE53FaEa835CdB720eb513E1442976dD, value=0, sender=0xF553fE5E00d0BB13860C95876250818bCBEEE550)
				 => [call] R20Phusd.transfer(address,uint256)(0x3aa0599f2686121d0586cB124e76BBbf6eF46502, 9285716543557226840419) (addr=0x9E18f151aCA7bc62BB44fF292A71800F788adfc5, value=0, sender=0x82e8b49dBE53FaEa835CdB720eb513E1442976dD)
					 => [event] Transfer(0x82e8b49dBE53FaEa835CdB720eb513E1442976dD, 0x3aa0599f2686121d0586cB124e76BBbf6eF46502, 9285716543557226840419)
					 => [return (true)]
				 => [call] R20SUSDS.balanceOf(address)(0x82e8b49dBE53FaEa835CdB720eb513E1442976dD) (addr=0x9A6F1e74347a08b8d93FB1441922E06af8D8eaCa, value=<nil>, sender=0x82e8b49dBE53FaEa835CdB720eb513E1442976dD)
					 => [return (1059191070208875176676261)]
				 => [call] R20Phusd.balanceOf(address)(0x82e8b49dBE53FaEa835CdB720eb513E1442976dD) (addr=0x9E18f151aCA7bc62BB44fF292A71800F788adfc5, value=<nil>, sender=0x82e8b49dBE53FaEa835CdB720eb513E1442976dD)
					 => [return (1050714283456442773159581)]
				 => [event] Sync(1059191070208875176676261, 1050714283456442773159581)
				 => [event] Swap(0xF553fE5E00d0BB13860C95876250818bCBEEE550, 38014599620639882558614, 0, 0, 9285716543557226840419, 0x3aa0599f2686121d0586cB124e76BBbf6eF46502)
				 => [return ()]
			 => [return ([9051830797690418705200, 9285716543557226840419])]
		 => [call] R20SUSDS.approve(address,uint256)(0xF553fE5E00d0BB13860C95876250818bCBEEE550, 0) (addr=0x9A6F1e74347a08b8d93FB1441922E06af8D8eaCa, value=0, sender=0x3aa0599f2686121d0586cB124e76BBbf6eF46502)
			 => [event] Approval(0x3aa0599f2686121d0586cB124e76BBbf6eF46502, 0xF553fE5E00d0BB13860C95876250818bCBEEE550, 0)
			 => [return (true)]
		 => [call] R20SUSDS.approve(address,uint256)(0xF553fE5E00d0BB13860C95876250818bCBEEE550, 9104671110352070611289) (addr=0x9A6F1e74347a08b8d93FB1441922E06af8D8eaCa, value=0, sender=0x3aa0599f2686121d0586cB124e76BBbf6eF46502)
			 => [event] Approval(0x3aa0599f2686121d0586cB124e76BBbf6eF46502, 0xF553fE5E00d0BB13860C95876250818bCBEEE550, 9104671110352070611289)
			 => [return (true)]
		 => [call] R20Phusd.approve(address,uint256)(0xF553fE5E00d0BB13860C95876250818bCBEEE550, 9285716543557226840419) (addr=0x9E18f151aCA7bc62BB44fF292A71800F788adfc5, value=0, sender=0x3aa0599f2686121d0586cB124e76BBbf6eF46502)
			 => [event] Approval(0x3aa0599f2686121d0586cB124e76BBbf6eF46502, 0xF553fE5E00d0BB13860C95876250818bCBEEE550, 9285716543557226840419)
			 => [return (true)]
		 => [call] UniV2Router02.addLiquidity(address,address,uint256,uint256,uint256,uint256,address,uint256)(0x9A6F1e74347a08b8d93FB1441922E06af8D8eaCa, 0x9E18f151aCA7bc62BB44fF292A71800F788adfc5, 9104671110352070611289, 9285716543557226840419, 0, 0, 0x3aa0599f2686121d0586cB124e76BBbf6eF46502, 36) (addr=0xF553fE5E00d0BB13860C95876250818bCBEEE550, value=0, sender=0x3aa0599f2686121d0586cB124e76BBbf6eF46502)
			 => [call] UniV2Factory.getPair(address,address)(0x9A6F1e74347a08b8d93FB1441922E06af8D8eaCa, 0x9E18f151aCA7bc62BB44fF292A71800F788adfc5) (addr=0x5169503Ac064d5fA3Fe6fA375907F5275faF6aBc, value=<nil>, sender=0xF553fE5E00d0BB13860C95876250818bCBEEE550)
				 => [return (0x82e8b49dBE53FaEa835CdB720eb513E1442976dD)]
			 => [call] UniV2Factory.getPair(address,address)(0x9A6F1e74347a08b8d93FB1441922E06af8D8eaCa, 0x9E18f151aCA7bc62BB44fF292A71800F788adfc5) (addr=0x5169503Ac064d5fA3Fe6fA375907F5275faF6aBc, value=<nil>, sender=0xF553fE5E00d0BB13860C95876250818bCBEEE550)
				 => [return (0x82e8b49dBE53FaEa835CdB720eb513E1442976dD)]
			 => [call] UniV2Pair.getReserves()() (addr=0x82e8b49dBE53FaEa835CdB720eb513E1442976dD, value=<nil>, sender=0xF553fE5E00d0BB13860C95876250818bCBEEE550)
				 => [return (1059191070208875176676261, 1050714283456442773159581, 36)]
			 => [call] UniV2Factory.getPair(address,address)(0x9A6F1e74347a08b8d93FB1441922E06af8D8eaCa, 0x9E18f151aCA7bc62BB44fF292A71800F788adfc5) (addr=0x5169503Ac064d5fA3Fe6fA375907F5275faF6aBc, value=<nil>, sender=0xF553fE5E00d0BB13860C95876250818bCBEEE550)
				 => [return (0x82e8b49dBE53FaEa835CdB720eb513E1442976dD)]
			 => [call] R20SUSDS.transferFrom(address,address,uint256)(0x3aa0599f2686121d0586cB124e76BBbf6eF46502, 0x82e8b49dBE53FaEa835CdB720eb513E1442976dD, 9104671110352070611289) (addr=0x9A6F1e74347a08b8d93FB1441922E06af8D8eaCa, value=0, sender=0xF553fE5E00d0BB13860C95876250818bCBEEE550)
				 => [event] Transfer(0x3aa0599f2686121d0586cB124e76BBbf6eF46502, 0x82e8b49dBE53FaEa835CdB720eb513E1442976dD, 9104671110352070611289)
				 => [return (true)]
			 => [call] R20Phusd.transferFrom(address,address,uint256)(0x3aa0599f2686121d0586cB124e76BBbf6eF46502, 0x82e8b49dBE53FaEa835CdB720eb513E1442976dD, 9031805734477756748578) (addr=0x9E18f151aCA7bc62BB44fF292A71800F788adfc5, value=0, sender=0xF553fE5E00d0BB13860C95876250818bCBEEE550)
				 => [event] Transfer(0x3aa0599f2686121d0586cB124e76BBbf6eF46502, 0x82e8b49dBE53FaEa835CdB720eb513E1442976dD, 9031805734477756748578)
				 => [return (true)]
			 => [call] UniV2Pair.mint(address)(0x3aa0599f2686121d0586cB124e76BBbf6eF46502) (addr=0x82e8b49dBE53FaEa835CdB720eb513E1442976dD, value=0, sender=0xF553fE5E00d0BB13860C95876250818bCBEEE550)
				 => [call] R20SUSDS.balanceOf(address)(0x82e8b49dBE53FaEa835CdB720eb513E1442976dD) (addr=0x9A6F1e74347a08b8d93FB1441922E06af8D8eaCa, value=<nil>, sender=0x82e8b49dBE53FaEa835CdB720eb513E1442976dD)
					 => [return (1068295741319227247287550)]
				 => [call] R20Phusd.balanceOf(address)(0x82e8b49dBE53FaEa835CdB720eb513E1442976dD) (addr=0x9E18f151aCA7bc62BB44fF292A71800F788adfc5, value=<nil>, sender=0x82e8b49dBE53FaEa835CdB720eb513E1442976dD)
					 => [return (1059746089190920529908159)]
				 => [call] UniV2Factory.feeTo()() (addr=0x5169503Ac064d5fA3Fe6fA375907F5275faF6aBc, value=<nil>, sender=0x82e8b49dBE53FaEa835CdB720eb513E1442976dD)
					 => [return (0xFee5)]
				 => [event] Transfer(0x0, 0xFee5, 2394916504006287393337)
				 => [event] Transfer(0x0, 0x3aa0599f2686121d0586cB124e76BBbf6eF46502, 8963676722388999785032)
				 => [event] Sync(1068295741319227247287550, 1059746089190920529908159)
				 => [event] Mint(0xF553fE5E00d0BB13860C95876250818bCBEEE550, 9104671110352070611289, 9031805734477756748578)
				 => [return (8963676722388999785032)]
			 => [return (9104671110352070611289, 9031805734477756748578, 8963676722388999785032)]
		 => [call] R20SUSDS.approve(address,uint256)(0xF553fE5E00d0BB13860C95876250818bCBEEE550, 0) (addr=0x9A6F1e74347a08b8d93FB1441922E06af8D8eaCa, value=0, sender=0x3aa0599f2686121d0586cB124e76BBbf6eF46502)
			 => [event] Approval(0x3aa0599f2686121d0586cB124e76BBbf6eF46502, 0xF553fE5E00d0BB13860C95876250818bCBEEE550, 0)
			 => [return (true)]
		 => [call] R20Phusd.approve(address,uint256)(0xF553fE5E00d0BB13860C95876250818bCBEEE550, 0) (addr=0x9E18f151aCA7bc62BB44fF292A71800F788adfc5, value=0, sender=0x3aa0599f2686121d0586cB124e76BBbf6eF46502)
			 => [event] Approval(0x3aa0599f2686121d0586cB124e76BBbf6eF46502, 0xF553fE5E00d0BB13860C95876250818bCBEEE550, 0)
			 => [return (true)]
		 => [event] Pooled(0x38b3b548c9D05824d9bCd44561931Ef45734C98a, 18156501908042489316489, 9051830797690418705200, 9285716543557226840419, 8963676722388999785032)
		 => [return ()]
	 => [call] UniV2Factory.feeTo()() (addr=0x5169503Ac064d5fA3Fe6fA375907F5275faF6aBc, value=<nil>, sender=0x38b3b548c9D05824d9bCd44561931Ef45734C98a)
		 => [return (0xFee5)]
	 => [call] R20SUSDS.balanceOf(address)(0x3aa0599f2686121d0586cB124e76BBbf6eF46502) (addr=0x9A6F1e74347a08b8d93FB1441922E06af8D8eaCa, value=<nil>, sender=0x38b3b548c9D05824d9bCd44561931Ef45734C98a)
		 => [return (45372909856663393036452)]
	 => [call] R20Phusd.balanceOf(address)(0x3aa0599f2686121d0586cB124e76BBbf6eF46502) (addr=0x9E18f151aCA7bc62BB44fF292A71800F788adfc5, value=<nil>, sender=0x38b3b548c9D05824d9bCd44561931Ef45734C98a)
		 => [return (253910809079470091841)]
	 => [call] UniV2Pair.balanceOf(address)(0x3aa0599f2686121d0586cB124e76BBbf6eF46502) (addr=0x82e8b49dBE53FaEa835CdB720eb513E1442976dD, value=<nil>, sender=0x38b3b548c9D05824d9bCd44561931Ef45734C98a)
		 => [return (19791560470291104475113)]
	 => [call] UniV2Pair.getReserves()() (addr=0x82e8b49dBE53FaEa835CdB720eb513E1442976dD, value=<nil>, sender=0x38b3b548c9D05824d9bCd44561931Ef45734C98a)
		 => [return (1068295741319227247287550, 1059746089190920529908159, 36)]
	 => [call] UniV2Router02.lastOut(address,address)(0x9A6F1e74347a08b8d93FB1441922E06af8D8eaCa, 0x9E18f151aCA7bc62BB44fF292A71800F788adfc5) (addr=0xF553fE5E00d0BB13860C95876250818bCBEEE550, value=<nil>, sender=0x38b3b548c9D05824d9bCd44561931Ef45734C98a)
		 => [return (9285716543557226840419)]
	 => [call] UniV2Factory.feeTo()() (addr=0x5169503Ac064d5fA3Fe6fA375907F5275faF6aBc, value=<nil>, sender=0x38b3b548c9D05824d9bCd44561931Ef45734C98a)
		 => [return (0xFee5)]
	 => [call] R20SUSDS.allowance(address,address)(0x3aa0599f2686121d0586cB124e76BBbf6eF46502, 0xF553fE5E00d0BB13860C95876250818bCBEEE550) (addr=0x9A6F1e74347a08b8d93FB1441922E06af8D8eaCa, value=<nil>, sender=0x38b3b548c9D05824d9bCd44561931Ef45734C98a)
		 => [return (0)]
	 => [call] R20Phusd.allowance(address,address)(0x3aa0599f2686121d0586cB124e76BBbf6eF46502, 0xF553fE5E00d0BB13860C95876250818bCBEEE550) (addr=0x9E18f151aCA7bc62BB44fF292A71800F788adfc5, value=<nil>, sender=0x38b3b548c9D05824d9bCd44561931Ef45734C98a)
		 => [return (0)]
	 => [return ()]

[Property Test Execution Trace]
[Execution Trace]
 => [call] MedusaUniPoolerDonate.property_P8_frontRunNeverStrands()() (addr=0x38b3b548c9D05824d9bCd44561931Ef45734C98a, value=0, sender=0x10000)
	 => [return (false)]

⇾ fuzz: elapsed:    1m33s, calls:     174097 (  2315/sec), seq/s:     22, branches:  12287, corpus:   359, failures: 5/1894, gas/s:    474960427
⇾ fuzz: elapsed:    1m36s, calls:     181014 (  2305/sec), seq/s:     22, branches:  12325, corpus:   364, failures: 5/1963, gas/s:    928212700
⇾ fuzz: elapsed:    1m39s, calls:     187929 (  2304/sec), seq/s:     22, branches:  12368, corpus:   368, failures: 5/2031, gas/s:    459968912
⇾ fuzz: elapsed:    1m42s, calls:     194927 (  2332/sec), seq/s:     23, branches:  12404, corpus:   373, failures: 5/2101, gas/s:    785696547
⇾ fuzz: elapsed:    1m45s, calls:     201719 (  2262/sec), seq/s:     22, branches:  12410, corpus:   373, failures: 5/2169, gas/s:    610733105
⇾ fuzz: elapsed:    1m48s, calls:     208643 (  2305/sec), seq/s:     23, branches:  12516, corpus:   381, failures: 5/2240, gas/s:    939294568
⇾ fuzz: elapsed:    1m51s, calls:     215770 (  2374/sec), seq/s:     23, branches:  12537, corpus:   384, failures: 5/2310, gas/s:    630736546
⇾ fuzz: elapsed:    1m54s, calls:     222852 (  2359/sec), seq/s:     23, branches:  12572, corpus:   385, failures: 5/2381, gas/s:    475912188
⇾ fuzz: elapsed:    1m57s, calls:     229790 (  2312/sec), seq/s:     23, branches:  12621, corpus:   391, failures: 5/2451, gas/s:    971464002
⇾ fuzz: elapsed:    2m00s, calls:     237450 (  2552/sec), seq/s:     25, branches:  12628, corpus:   393, failures: 5/2527, gas/s:   1151984127
⇾ fuzz: elapsed:    2m03s, calls:     244582 (  2376/sec), seq/s:     23, branches:  12635, corpus:   394, failures: 5/2599, gas/s:    618510024
⇾ fuzz: elapsed:    2m06s, calls:     251711 (  2375/sec), seq/s:     23, branches:  12674, corpus:   398, failures: 5/2670, gas/s:    790392825
⇾ fuzz: elapsed:    2m09s, calls:     259233 (  2507/sec), seq/s:     24, branches:  12691, corpus:   401, failures: 5/2745, gas/s:    455332817
⇾ fuzz: elapsed:    2m12s, calls:     266083 (  2283/sec), seq/s:     22, branches:  12720, corpus:   404, failures: 5/2813, gas/s:    945038742
⇾ fuzz: elapsed:    2m15s, calls:     273082 (  2331/sec), seq/s:     23, branches:  12727, corpus:   405, failures: 5/2884, gas/s:   1251101766
⇾ fuzz: elapsed:    2m18s, calls:     280459 (  2457/sec), seq/s:     24, branches:  12737, corpus:   407, failures: 5/2957, gas/s:    646846820
⇾ fuzz: elapsed:    2m21s, calls:     287597 (  2377/sec), seq/s:     23, branches:  12737, corpus:   407, failures: 5/3029, gas/s:    597549363
⇾ fuzz: elapsed:    2m24s, calls:     294467 (  2289/sec), seq/s:     22, branches:  12743, corpus:   408, failures: 5/3097, gas/s:    760643897
⇾ fuzz: elapsed:    2m27s, calls:     301693 (  2408/sec), seq/s:     24, branches:  12775, corpus:   410, failures: 5/3170, gas/s:    631133983
⇾ fuzz: elapsed:    2m30s, calls:     308816 (  2373/sec), seq/s:     23, branches:  12781, corpus:   411, failures: 5/3240, gas/s:   1128803785
⇾ fuzz: elapsed:    2m33s, calls:     316197 (  2459/sec), seq/s:     24, branches:  12799, corpus:   413, failures: 5/3314, gas/s:    800184481
⇾ fuzz: elapsed:    2m36s, calls:     323563 (  2453/sec), seq/s:     24, branches:  12806, corpus:   414, failures: 5/3388, gas/s:    802916356
⇾ fuzz: elapsed:    2m39s, calls:     331048 (  2494/sec), seq/s:     24, branches:  12812, corpus:   415, failures: 5/3463, gas/s:    488684026
⇾ fuzz: elapsed:    2m42s, calls:     338571 (  2507/sec), seq/s:     24, branches:  12843, corpus:   417, failures: 5/3537, gas/s:    504904272
⇾ fuzz: elapsed:    2m45s, calls:     345948 (  2457/sec), seq/s:     24, branches:  12855, corpus:   418, failures: 5/3612, gas/s:    815769325
⇾ fuzz: elapsed:    2m48s, calls:     353339 (  2463/sec), seq/s:     24, branches:  12855, corpus:   418, failures: 5/3685, gas/s:    822561248
⇾ fuzz: elapsed:    2m51s, calls:     361306 (  2654/sec), seq/s:     26, branches:  12872, corpus:   420, failures: 5/3764, gas/s:    983522718
⇾ fuzz: elapsed:    2m54s, calls:     368340 (  2344/sec), seq/s:     23, branches:  12904, corpus:   423, failures: 5/3836, gas/s:    788931127
⇾ fuzz: elapsed:    2m57s, calls:     375470 (  2376/sec), seq/s:     23, branches:  12949, corpus:   426, failures: 5/3907, gas/s:    792027667
⇾ fuzz: elapsed:    3m00s, calls:     383060 (  2529/sec), seq/s:     25, branches:  12971, corpus:   427, failures: 5/3984, gas/s:    659131141
⇾ fuzz: elapsed:    3m03s, calls:     390570 (  2502/sec), seq/s:     24, branches:  12971, corpus:   427, failures: 5/4058, gas/s:    797686847
⇾ fuzz: elapsed:    3m06s, calls:     397881 (  2435/sec), seq/s:     24, branches:  12984, corpus:   429, failures: 5/4131, gas/s:    964996574
⇾ fuzz: elapsed:    3m09s, calls:     405020 (  2377/sec), seq/s:     23, branches:  12991, corpus:   430, failures: 5/4203, gas/s:    494411316
⇾ fuzz: elapsed:    3m12s, calls:     412618 (  2531/sec), seq/s:     25, branches:  12997, corpus:   431, failures: 5/4279, gas/s:    820090695
⇾ fuzz: elapsed:    3m15s, calls:     420151 (  2510/sec), seq/s:     24, branches:  13002, corpus:   432, failures: 5/4354, gas/s:    968664176
⇾ fuzz: elapsed:    3m18s, calls:     427291 (  2379/sec), seq/s:     23, branches:  13002, corpus:   432, failures: 5/4425, gas/s:    948752547
⇾ fuzz: elapsed:    3m21s, calls:     434248 (  2317/sec), seq/s:     23, branches:  13017, corpus:   434, failures: 5/4495, gas/s:    600456838
⇾ fuzz: elapsed:    3m24s, calls:     441711 (  2486/sec), seq/s:     24, branches:  13035, corpus:   436, failures: 5/4569, gas/s:    457738080
⇾ fuzz: elapsed:    3m27s, calls:     448733 (  2339/sec), seq/s:     23, branches:  13066, corpus:   440, failures: 5/4640, gas/s:    602528207
⇾ fuzz: elapsed:    3m30s, calls:     455968 (  2410/sec), seq/s:     23, branches:  13066, corpus:   440, failures: 5/4712, gas/s:    962084785
⇾ fuzz: elapsed:    3m33s, calls:     463965 (  2664/sec), seq/s:     26, branches:  13072, corpus:   441, failures: 5/4791, gas/s:    700206489
⇾ fuzz: elapsed:    3m36s, calls:     471184 (  2405/sec), seq/s:     24, branches:  13085, corpus:   443, failures: 5/4865, gas/s:    645111248
⇾ fuzz: elapsed:    3m39s, calls:     478274 (  2361/sec), seq/s:     23, branches:  13104, corpus:   445, failures: 5/4935, gas/s:    621295073
⇾ fuzz: elapsed:    3m42s, calls:     485478 (  2401/sec), seq/s:     24, branches:  13130, corpus:   449, failures: 5/5008, gas/s:    623584787
⇾ fuzz: elapsed:    3m45s, calls:     492628 (  2382/sec), seq/s:     23, branches:  13160, corpus:   453, failures: 5/5080, gas/s:    616570215
⇾ fuzz: elapsed:    3m48s, calls:     500271 (  2546/sec), seq/s:     25, branches:  13160, corpus:   453, failures: 5/5156, gas/s:    824653069
⇾ fuzz: elapsed:    3m51s, calls:     507438 (  2388/sec), seq/s:     23, branches:  13174, corpus:   454, failures: 5/5227, gas/s:    945155988
⇾ fuzz: elapsed:    3m54s, calls:     514731 (  2429/sec), seq/s:     24, branches:  13181, corpus:   455, failures: 5/5300, gas/s:    624702079
⇾ fuzz: elapsed:    3m57s, calls:     522002 (  2423/sec), seq/s:     24, branches:  13181, corpus:   455, failures: 5/5373, gas/s:   1126936165
⇾ fuzz: elapsed:    4m00s, calls:     529228 (  2407/sec), seq/s:     23, branches:  13181, corpus:   455, failures: 5/5444, gas/s:    631149796
⇾ fuzz: elapsed:    4m03s, calls:     536512 (  2426/sec), seq/s:     24, branches:  13181, corpus:   455, failures: 5/5517, gas/s:    638344670
⇾ fuzz: elapsed:    4m06s, calls:     544242 (  2576/sec), seq/s:     25, branches:  13188, corpus:   456, failures: 5/5595, gas/s:    844729123
⇾ fuzz: elapsed:    4m09s, calls:     551323 (  2358/sec), seq/s:     23, branches:  13207, corpus:   459, failures: 5/5665, gas/s:   1289540281
⇾ fuzz: elapsed:    4m12s, calls:     558707 (  2460/sec), seq/s:     24, branches:  13207, corpus:   459, failures: 5/5739, gas/s:    973422368
⇾ fuzz: elapsed:    4m15s, calls:     566222 (  2503/sec), seq/s:     24, branches:  13211, corpus:   460, failures: 5/5814, gas/s:    827760033
⇾ fuzz: elapsed:    4m18s, calls:     573431 (  2402/sec), seq/s:     24, branches:  13223, corpus:   461, failures: 5/5888, gas/s:    962708536
⇾ fuzz: elapsed:    4m21s, calls:     580692 (  2420/sec), seq/s:     23, branches:  13229, corpus:   462, failures: 5/5960, gas/s:    805656042
⇾ fuzz: elapsed:    4m24s, calls:     587847 (  2383/sec), seq/s:     23, branches:  13235, corpus:   463, failures: 5/6030, gas/s:    632696852
⇾ fuzz: elapsed:    4m27s, calls:     595168 (  2439/sec), seq/s:     24, branches:  13253, corpus:   464, failures: 5/6104, gas/s:    634487592
⇾ fuzz: elapsed:    4m30s, calls:     602548 (  2459/sec), seq/s:     24, branches:  13260, corpus:   465, failures: 5/6178, gas/s:    646640281
⇾ fuzz: elapsed:    4m33s, calls:     609802 (  2417/sec), seq/s:     23, branches:  13284, corpus:   468, failures: 5/6250, gas/s:    627887539
⇾ fuzz: elapsed:    4m36s, calls:     617285 (  2493/sec), seq/s:     25, branches:  13292, corpus:   469, failures: 5/6326, gas/s:    951670017
⇾ fuzz: elapsed:    4m39s, calls:     624826 (  2513/sec), seq/s:     24, branches:  13292, corpus:   469, failures: 5/6401, gas/s:    808295196
⇾ fuzz: elapsed:    4m42s, calls:     631990 (  2387/sec), seq/s:     23, branches:  13305, corpus:   471, failures: 5/6473, gas/s:    599222952
⇾ fuzz: elapsed:    4m45s, calls:     639108 (  2371/sec), seq/s:     23, branches:  13319, corpus:   472, failures: 5/6544, gas/s:   1108044803
⇾ fuzz: elapsed:    4m48s, calls:     646902 (  2596/sec), seq/s:     25, branches:  13319, corpus:   472, failures: 5/6622, gas/s:    831056718
⇾ fuzz: elapsed:    4m51s, calls:     654018 (  2371/sec), seq/s:     23, branches:  13332, corpus:   474, failures: 5/6693, gas/s:    772849760
⇾ fuzz: elapsed:    4m54s, calls:     661328 (  2435/sec), seq/s:     23, branches:  13344, corpus:   475, failures: 5/6765, gas/s:   1121517905
⇾ fuzz: elapsed:    4m57s, calls:     668692 (  2453/sec), seq/s:     25, branches:  13350, corpus:   476, failures: 5/6841, gas/s:   1284230227
⇾ fuzz: elapsed:    5m00s, calls:     676003 (  2436/sec), seq/s:     23, branches:  13350, corpus:   476, failures: 5/6913, gas/s:    613310501
⇾ fuzz: elapsed:    5m03s, calls:     682324 (  2106/sec), seq/s:     20, branches:  13352, corpus:   477, failures: 5/6975, gas/s:    411176287
⇾ fuzz: elapsed:    5m06s, calls:     688947 (  2206/sec), seq/s:     22, branches:  13352, corpus:   477, failures: 5/7042, gas/s:    920941043
⇾ fuzz: elapsed:    5m09s, calls:     695409 (  2153/sec), seq/s:     21, branches:  13352, corpus:   477, failures: 5/7106, gas/s:   1080624925
⇾ fuzz: elapsed:    5m12s, calls:     701791 (  2127/sec), seq/s:     21, branches:  13352, corpus:   477, failures: 5/7170, gas/s:    554811619
⇾ Pruned 22 corpus items in 14.051267944s. Total pruned this run: 22
⇾ fuzz: elapsed:    5m15s, calls:     709085 (  2430/sec), seq/s:     24, branches:  13352, corpus:   455, failures: 5/7244, gas/s:    802808577
⇾ fuzz: elapsed:    5m18s, calls:     716493 (  2467/sec), seq/s:     24, branches:  13352, corpus:   455, failures: 5/7317, gas/s:    816710650
⇾ fuzz: elapsed:    5m21s, calls:     723681 (  2395/sec), seq/s:     23, branches:  13357, corpus:   456, failures: 5/7389, gas/s:    627932725
⇾ fuzz: elapsed:    5m24s, calls:     730857 (  2391/sec), seq/s:     24, branches:  13357, corpus:   456, failures: 5/7462, gas/s:    628123430
⇾ fuzz: elapsed:    5m27s, calls:     738354 (  2498/sec), seq/s:     24, branches:  13357, corpus:   456, failures: 5/7537, gas/s:    640410128
⇾ fuzz: elapsed:    5m30s, calls:     745777 (  2473/sec), seq/s:     24, branches:  13357, corpus:   456, failures: 5/7610, gas/s:    784491166
⇾ fuzz: elapsed:    5m33s, calls:     752923 (  2380/sec), seq/s:     23, branches:  13363, corpus:   457, failures: 5/7681, gas/s:    946011485
⇾ fuzz: elapsed:    5m36s, calls:     759930 (  2329/sec), seq/s:     23, branches:  13363, corpus:   457, failures: 5/7753, gas/s:    594124985
⇾ fuzz: elapsed:    5m39s, calls:     767071 (  2380/sec), seq/s:     23, branches:  13370, corpus:   458, failures: 5/7823, gas/s:    487602901
⇾ fuzz: elapsed:    5m42s, calls:     773871 (  2265/sec), seq/s:     22, branches:  13383, corpus:   460, failures: 5/7891, gas/s:    596492531
⇾ fuzz: elapsed:    5m45s, calls:     781041 (  2389/sec), seq/s:     23, branches:  13383, corpus:   460, failures: 5/7963, gas/s:    608963624
⇾ fuzz: elapsed:    5m48s, calls:     788549 (  2501/sec), seq/s:     24, branches:  13384, corpus:   461, failures: 5/8038, gas/s:    801536293
⇾ fuzz: elapsed:    5m51s, calls:     795407 (  2285/sec), seq/s:     22, branches:  13392, corpus:   462, failures: 5/8106, gas/s:    776163550
⇾ fuzz: elapsed:    5m54s, calls:     802393 (  2328/sec), seq/s:     23, branches:  13398, corpus:   463, failures: 5/8177, gas/s:    776101462
⇾ fuzz: elapsed:    5m57s, calls:     809985 (  2530/sec), seq/s:     25, branches:  13398, corpus:   463, failures: 5/8253, gas/s:    806791910
⇾ fuzz: elapsed:    6m00s, calls:     816835 (  2281/sec), seq/s:     22, branches:  13416, corpus:   464, failures: 5/8321, gas/s:    769384813
⇾ fuzz: elapsed:    6m03s, calls:     823615 (  2259/sec), seq/s:     22, branches:  13434, corpus:   466, failures: 5/8389, gas/s:    920749050
⇾ fuzz: elapsed:    6m06s, calls:     830811 (  2398/sec), seq/s:     23, branches:  13434, corpus:   466, failures: 5/8461, gas/s:   1145192037
⇾ fuzz: elapsed:    6m09s, calls:     837876 (  2353/sec), seq/s:     23, branches:  13440, corpus:   466, failures: 5/8532, gas/s:    935506211
⇾ fuzz: elapsed:    6m12s, calls:     844884 (  2335/sec), seq/s:     22, branches:  13440, corpus:   467, failures: 5/8601, gas/s:    763686974
⇾ fuzz: elapsed:    6m15s, calls:     852122 (  2411/sec), seq/s:     24, branches:  13440, corpus:   467, failures: 5/8675, gas/s:    827278751
⇾ fuzz: elapsed:    6m18s, calls:     859704 (  2525/sec), seq/s:     24, branches:  13440, corpus:   467, failures: 5/8750, gas/s:   1150530030
⇾ fuzz: elapsed:    6m21s, calls:     867054 (  2439/sec), seq/s:     24, branches:  13453, corpus:   468, failures: 5/8823, gas/s:    803019483
⇾ fuzz: elapsed:    6m24s, calls:     874180 (  2374/sec), seq/s:     23, branches:  13453, corpus:   468, failures: 5/8894, gas/s:   1448456276
⇾ fuzz: elapsed:    6m27s, calls:     881583 (  2467/sec), seq/s:     24, branches:  13462, corpus:   469, failures: 5/8969, gas/s:    639593141
⇾ fuzz: elapsed:    6m30s, calls:     888958 (  2456/sec), seq/s:     24, branches:  13468, corpus:   470, failures: 5/9042, gas/s:    791361252
⇾ fuzz: elapsed:    6m33s, calls:     895848 (  2295/sec), seq/s:     22, branches:  13468, corpus:   470, failures: 5/9111, gas/s:    783084809
⇾ fuzz: elapsed:    6m36s, calls:     902890 (  2347/sec), seq/s:     22, branches:  13475, corpus:   471, failures: 5/9180, gas/s:    939505645
⇾ fuzz: elapsed:    6m39s, calls:     910047 (  2385/sec), seq/s:     24, branches:  13475, corpus:   471, failures: 5/9253, gas/s:    935561076
⇾ fuzz: elapsed:    6m42s, calls:     917328 (  2426/sec), seq/s:     24, branches:  13488, corpus:   472, failures: 5/9326, gas/s:    443226429
⇾ fuzz: elapsed:    6m45s, calls:     924463 (  2377/sec), seq/s:     23, branches:  13494, corpus:   473, failures: 5/9397, gas/s:    620048537
⇾ fuzz: elapsed:    6m48s, calls:     932329 (  2621/sec), seq/s:     25, branches:  13506, corpus:   474, failures: 5/9475, gas/s:    650372686
⇾ fuzz: elapsed:    6m51s, calls:     939759 (  2476/sec), seq/s:     24, branches:  13506, corpus:   474, failures: 5/9550, gas/s:    777123671
⇾ fuzz: elapsed:    6m54s, calls:     947015 (  2418/sec), seq/s:     24, branches:  13506, corpus:   474, failures: 5/9623, gas/s:    635734606
⇾ fuzz: elapsed:    6m57s, calls:     954197 (  2393/sec), seq/s:     23, branches:  13512, corpus:   475, failures: 5/9695, gas/s:    785578129
⇾ fuzz: elapsed:    7m00s, calls:     961718 (  2505/sec), seq/s:     24, branches:  13519, corpus:   476, failures: 5/9770, gas/s:    952229137
⇾ fuzz: elapsed:    7m03s, calls:     968992 (  2423/sec), seq/s:     24, branches:  13519, corpus:   476, failures: 5/9843, gas/s:   1424880803
⇾ fuzz: elapsed:    7m06s, calls:     976270 (  2425/sec), seq/s:     23, branches:  13519, corpus:   476, failures: 5/9915, gas/s:    784825737
⇾ fuzz: elapsed:    7m09s, calls:     983681 (  2469/sec), seq/s:     24, branches:  13519, corpus:   476, failures: 5/9990, gas/s:    802498511
⇾ fuzz: elapsed:    7m12s, calls:     991038 (  2451/sec), seq/s:     24, branches:  13526, corpus:   477, failures: 5/10063, gas/s:    644979189
⇾ fuzz: elapsed:    7m15s, calls:     998292 (  2417/sec), seq/s:     23, branches:  13526, corpus:   477, failures: 5/10135, gas/s:    479645212
⇾ fuzz: elapsed:    7m18s, calls:    1005581 (  2428/sec), seq/s:     24, branches:  13526, corpus:   477, failures: 5/10208, gas/s:   1280033283
⇾ fuzz: elapsed:    7m21s, calls:    1013377 (  2598/sec), seq/s:     25, branches:  13526, corpus:   477, failures: 5/10286, gas/s:    813987470
⇾ fuzz: elapsed:    7m24s, calls:    1020694 (  2437/sec), seq/s:     24, branches:  13544, corpus:   478, failures: 5/10359, gas/s:   1130741726
⇾ fuzz: elapsed:    7m27s, calls:    1027813 (  2372/sec), seq/s:     23, branches:  13544, corpus:   478, failures: 5/10431, gas/s:    626629477
⇾ fuzz: elapsed:    7m30s, calls:    1035440 (  2540/sec), seq/s:     25, branches:  13544, corpus:   478, failures: 5/10507, gas/s:    810238718
⇾ fuzz: elapsed:    7m33s, calls:    1042506 (  2354/sec), seq/s:     23, branches:  13544, corpus:   478, failures: 5/10578, gas/s:   1413606106
⇾ fuzz: elapsed:    7m36s, calls:    1049601 (  2364/sec), seq/s:     23, branches:  13544, corpus:   478, failures: 5/10648, gas/s:    634772133
⇾ fuzz: elapsed:    7m39s, calls:    1056677 (  2357/sec), seq/s:     23, branches:  13544, corpus:   478, failures: 5/10720, gas/s:    453143399
⇾ fuzz: elapsed:    7m42s, calls:    1064237 (  2507/sec), seq/s:     24, branches:  13544, corpus:   478, failures: 5/10795, gas/s:   1299342910
⇾ fuzz: elapsed:    7m45s, calls:    1071713 (  2490/sec), seq/s:     24, branches:  13544, corpus:   478, failures: 5/10870, gas/s:    504715115
⇾ fuzz: elapsed:    7m48s, calls:    1078956 (  2412/sec), seq/s:     23, branches:  13544, corpus:   478, failures: 5/10941, gas/s:   1099096771
⇾ fuzz: elapsed:    7m51s, calls:    1086429 (  2490/sec), seq/s:     25, branches:  13544, corpus:   478, failures: 5/11018, gas/s:    821251916
⇾ fuzz: elapsed:    7m54s, calls:    1094144 (  2570/sec), seq/s:     25, branches:  13550, corpus:   479, failures: 5/11095, gas/s:   1634285768
⇾ fuzz: elapsed:    7m57s, calls:    1101513 (  2456/sec), seq/s:     24, branches:  13550, corpus:   479, failures: 5/11168, gas/s:   1121836271
⇾ fuzz: elapsed:    8m00s, calls:    1108761 (  2415/sec), seq/s:     23, branches:  13550, corpus:   479, failures: 5/11239, gas/s:    459363478
⇾ fuzz: elapsed:    8m03s, calls:    1116438 (  2558/sec), seq/s:     25, branches:  13550, corpus:   479, failures: 5/11317, gas/s:   1324346416
⇾ fuzz: elapsed:    8m06s, calls:    1123724 (  2427/sec), seq/s:     23, branches:  13550, corpus:   479, failures: 5/11389, gas/s:    956883983
⇾ fuzz: elapsed:    8m09s, calls:    1130840 (  2370/sec), seq/s:     23, branches:  13550, corpus:   479, failures: 5/11461, gas/s:    798260677
⇾ fuzz: elapsed:    8m12s, calls:    1138083 (  2413/sec), seq/s:     24, branches:  13556, corpus:   480, failures: 5/11534, gas/s:   1132323546
⇾ fuzz: elapsed:    8m15s, calls:    1145475 (  2463/sec), seq/s:     24, branches:  13562, corpus:   481, failures: 5/11608, gas/s:   1468121958
⇾ fuzz: elapsed:    8m18s, calls:    1152682 (  2401/sec), seq/s:     23, branches:  13562, corpus:   481, failures: 5/11680, gas/s:    788305313
⇾ fuzz: elapsed:    8m21s, calls:    1159843 (  2386/sec), seq/s:     23, branches:  13562, corpus:   481, failures: 5/11752, gas/s:    477213588
⇾ fuzz: elapsed:    8m24s, calls:    1167130 (  2428/sec), seq/s:     23, branches:  13576, corpus:   482, failures: 5/11823, gas/s:    962637693
⇾ fuzz: elapsed:    8m27s, calls:    1174930 (  2599/sec), seq/s:     25, branches:  13576, corpus:   482, failures: 5/11901, gas/s:    658173153
⇾ fuzz: elapsed:    8m30s, calls:    1182056 (  2373/sec), seq/s:     24, branches:  13576, corpus:   482, failures: 5/11974, gas/s:    625169283
⇾ fuzz: elapsed:    8m33s, calls:    1189355 (  2431/sec), seq/s:     24, branches:  13576, corpus:   482, failures: 5/12047, gas/s:    480801209
⇾ fuzz: elapsed:    8m36s, calls:    1197124 (  2589/sec), seq/s:     25, branches:  13580, corpus:   483, failures: 5/12124, gas/s:    506999735
⇾ fuzz: elapsed:    8m39s, calls:    1204042 (  2304/sec), seq/s:     23, branches:  13580, corpus:   483, failures: 5/12194, gas/s:    430498051
⇾ fuzz: elapsed:    8m42s, calls:    1210831 (  2262/sec), seq/s:     21, branches:  13580, corpus:   483, failures: 5/12260, gas/s:   1107467265
⇾ fuzz: elapsed:    8m45s, calls:    1218459 (  2542/sec), seq/s:     25, branches:  13580, corpus:   483, failures: 5/12337, gas/s:    671886093
⇾ fuzz: elapsed:    8m48s, calls:    1225442 (  2326/sec), seq/s:     22, branches:  13580, corpus:   483, failures: 5/12406, gas/s:    792492798
⇾ fuzz: elapsed:    8m51s, calls:    1232292 (  2283/sec), seq/s:     23, branches:  13580, corpus:   483, failures: 5/12476, gas/s:   1095057962
⇾ fuzz: elapsed:    8m54s, calls:    1239860 (  2521/sec), seq/s:     25, branches:  13580, corpus:   483, failures: 5/12552, gas/s:    650328258
⇾ fuzz: elapsed:    8m57s, calls:    1246634 (  2257/sec), seq/s:     22, branches:  13580, corpus:   483, failures: 5/12619, gas/s:    749250874
⇾ fuzz: elapsed:    9m00s, calls:    1253431 (  2265/sec), seq/s:     22, branches:  13580, corpus:   483, failures: 5/12687, gas/s:    782884571
⇾ fuzz: elapsed:    9m03s, calls:    1260456 (  2340/sec), seq/s:     23, branches:  13580, corpus:   483, failures: 5/12758, gas/s:   1110800897
⇾ fuzz: elapsed:    9m06s, calls:    1267278 (  2273/sec), seq/s:     22, branches:  13591, corpus:   484, failures: 5/12827, gas/s:    784350841
⇾ fuzz: elapsed:    9m09s, calls:    1274336 (  2351/sec), seq/s:     22, branches:  13591, corpus:   484, failures: 5/12896, gas/s:    937023091
⇾ fuzz: elapsed:    9m12s, calls:    1281215 (  2292/sec), seq/s:     22, branches:  13591, corpus:   484, failures: 5/12965, gas/s:    611065477
⇾ fuzz: elapsed:    9m15s, calls:    1288070 (  2284/sec), seq/s:     22, branches:  13591, corpus:   484, failures: 5/13033, gas/s:    770488511
⇾ fuzz: elapsed:    9m18s, calls:    1294811 (  2245/sec), seq/s:     22, branches:  13604, corpus:   486, failures: 5/13100, gas/s:    644374600
⇾ fuzz: elapsed:    9m21s, calls:    1301555 (  2247/sec), seq/s:     22, branches:  13604, corpus:   486, failures: 5/13169, gas/s:    908594418
⇾ fuzz: elapsed:    9m24s, calls:    1308135 (  2192/sec), seq/s:     21, branches:  13604, corpus:   486, failures: 5/13234, gas/s:   1048050098
⇾ fuzz: elapsed:    9m27s, calls:    1314983 (  2282/sec), seq/s:     22, branches:  13604, corpus:   486, failures: 5/13303, gas/s:    762187029
⇾ fuzz: elapsed:    9m30s, calls:    1322099 (  2370/sec), seq/s:     23, branches:  13604, corpus:   486, failures: 5/13375, gas/s:    630008541
⇾ fuzz: elapsed:    9m33s, calls:    1329151 (  2350/sec), seq/s:     22, branches:  13610, corpus:   487, failures: 5/13443, gas/s:    630394354
⇾ fuzz: elapsed:    9m36s, calls:    1336418 (  2421/sec), seq/s:     24, branches:  13610, corpus:   487, failures: 5/13516, gas/s:    776301151
⇾ fuzz: elapsed:    9m39s, calls:    1343452 (  2343/sec), seq/s:     23, branches:  13610, corpus:   487, failures: 5/13587, gas/s:    440944564
⇾ fuzz: elapsed:    9m42s, calls:    1350728 (  2423/sec), seq/s:     24, branches:  13610, corpus:   487, failures: 5/13660, gas/s:    954547292
⇾ fuzz: elapsed:    9m46s, calls:    1357864 (  2377/sec), seq/s:     23, branches:  13610, corpus:   487, failures: 5/13731, gas/s:   1119778874
⇾ fuzz: elapsed:    9m49s, calls:    1364782 (  2305/sec), seq/s:     22, branches:  13610, corpus:   487, failures: 5/13800, gas/s:    602505889
⇾ fuzz: elapsed:    9m52s, calls:    1371723 (  2313/sec), seq/s:     23, branches:  13610, corpus:   487, failures: 5/13870, gas/s:   1096794391
⇾ fuzz: elapsed:    9m55s, calls:    1379006 (  2426/sec), seq/s:     24, branches:  13616, corpus:   488, failures: 5/13943, gas/s:    461419671
⇾ fuzz: elapsed:    9m58s, calls:    1386084 (  2358/sec), seq/s:     23, branches:  13616, corpus:   488, failures: 5/14014, gas/s:    936979943
⇾ fuzz: elapsed:   10m01s, calls:    1392937 (  2284/sec), seq/s:     22, branches:  13616, corpus:   488, failures: 5/14083, gas/s:    937633575
⇾ fuzz: elapsed:   10m04s, calls:    1399508 (  2190/sec), seq/s:     21, branches:  13616, corpus:   488, failures: 5/14147, gas/s:    583002283
⇾ fuzz: elapsed:   10m07s, calls:    1405316 (  1935/sec), seq/s:     19, branches:  13616, corpus:   488, failures: 5/14205, gas/s:   1347059333
⇾ fuzz: elapsed:   10m10s, calls:    1411746 (  2142/sec), seq/s:     21, branches:  13616, corpus:   488, failures: 5/14270, gas/s:    746189146
⇾ fuzz: elapsed:   10m13s, calls:    1418115 (  2122/sec), seq/s:     21, branches:  13616, corpus:   488, failures: 5/14334, gas/s:    890673201
⇾ fuzz: elapsed:   10m16s, calls:    1424174 (  2019/sec), seq/s:     19, branches:  13616, corpus:   488, failures: 5/14394, gas/s:    527927333
⇾ Pruned 6 corpus items in 15.620267151s. Total pruned this run: 28
⇾ fuzz: elapsed:   10m19s, calls:    1431396 (  2407/sec), seq/s:     23, branches:  13616, corpus:   482, failures: 5/14466, gas/s:    787395998
⇾ fuzz: elapsed:   10m22s, calls:    1438776 (  2459/sec), seq/s:     24, branches:  13616, corpus:   482, failures: 5/14540, gas/s:    797053974
⇾ fuzz: elapsed:   10m25s, calls:    1445780 (  2334/sec), seq/s:     23, branches:  13616, corpus:   482, failures: 5/14610, gas/s:    942194556
⇾ fuzz: elapsed:   10m28s, calls:    1453294 (  2503/sec), seq/s:     25, branches:  13616, corpus:   482, failures: 5/14686, gas/s:    802732345
⇾ fuzz: elapsed:   10m31s, calls:    1460688 (  2463/sec), seq/s:     24, branches:  13622, corpus:   483, failures: 5/14760, gas/s:    818329476
⇾ fuzz: elapsed:   10m34s, calls:    1467708 (  2339/sec), seq/s:     22, branches:  13622, corpus:   483, failures: 5/14829, gas/s:   1906574242
⇾ fuzz: elapsed:   10m37s, calls:    1475082 (  2457/sec), seq/s:     24, branches:  13622, corpus:   483, failures: 5/14904, gas/s:   1139198606
⇾ fuzz: elapsed:   10m40s, calls:    1482364 (  2427/sec), seq/s:     23, branches:  13622, corpus:   483, failures: 5/14976, gas/s:    801522118
⇾ fuzz: elapsed:   10m43s, calls:    1489660 (  2431/sec), seq/s:     24, branches:  13622, corpus:   483, failures: 5/15049, gas/s:    791242341
⇾ fuzz: elapsed:   10m46s, calls:    1496932 (  2422/sec), seq/s:     24, branches:  13622, corpus:   483, failures: 5/15122, gas/s:   1289296597
⇾ fuzz: elapsed:   10m49s, calls:    1504086 (  2383/sec), seq/s:     23, branches:  13622, corpus:   483, failures: 5/15193, gas/s:   1119453216
⇾ fuzz: elapsed:   10m52s, calls:    1510991 (  2301/sec), seq/s:     22, branches:  13622, corpus:   483, failures: 5/15262, gas/s:    930796562
⇾ fuzz: elapsed:   10m55s, calls:    1518220 (  2409/sec), seq/s:     24, branches:  13627, corpus:   484, failures: 5/15336, gas/s:   1129595660
⇾ fuzz: elapsed:   10m58s, calls:    1525746 (  2507/sec), seq/s:     24, branches:  13627, corpus:   484, failures: 5/15410, gas/s:    960342339
⇾ fuzz: elapsed:   11m01s, calls:    1532877 (  2376/sec), seq/s:     23, branches:  13627, corpus:   484, failures: 5/15482, gas/s:    637027683
⇾ fuzz: elapsed:   11m04s, calls:    1540334 (  2484/sec), seq/s:     24, branches:  13627, corpus:   484, failures: 5/15555, gas/s:    467028652
⇾ fuzz: elapsed:   11m07s, calls:    1547742 (  2468/sec), seq/s:     24, branches:  13627, corpus:   484, failures: 5/15629, gas/s:    794501083
⇾ fuzz: elapsed:   11m10s, calls:    1555221 (  2491/sec), seq/s:     25, branches:  13627, corpus:   484, failures: 5/15705, gas/s:   1296570917
⇾ fuzz: elapsed:   11m13s, calls:    1562855 (  2543/sec), seq/s:     25, branches:  13627, corpus:   484, failures: 5/15781, gas/s:    961973986
⇾ fuzz: elapsed:   11m16s, calls:    1570161 (  2434/sec), seq/s:     24, branches:  13627, corpus:   484, failures: 5/15854, gas/s:    801660281
⇾ fuzz: elapsed:   11m19s, calls:    1577373 (  2403/sec), seq/s:     23, branches:  13627, corpus:   484, failures: 5/15926, gas/s:    465057659
⇾ fuzz: elapsed:   11m22s, calls:    1584984 (  2536/sec), seq/s:     25, branches:  13627, corpus:   484, failures: 5/16002, gas/s:   1787227556
⇾ fuzz: elapsed:   11m25s, calls:    1592132 (  2381/sec), seq/s:     23, branches:  13627, corpus:   484, failures: 5/16074, gas/s:    619023137
⇾ fuzz: elapsed:   11m28s, calls:    1599381 (  2415/sec), seq/s:     23, branches:  13627, corpus:   484, failures: 5/16146, gas/s:    617905240
⇾ fuzz: elapsed:   11m31s, calls:    1606888 (  2501/sec), seq/s:     25, branches:  13627, corpus:   484, failures: 5/16222, gas/s:    814116015
⇾ fuzz: elapsed:   11m34s, calls:    1613633 (  2247/sec), seq/s:     22, branches:  13627, corpus:   484, failures: 5/16290, gas/s:    598757782
⇾ fuzz: elapsed:   11m37s, calls:    1621049 (  2471/sec), seq/s:     24, branches:  13627, corpus:   484, failures: 5/16363, gas/s:   1295305817
⇾ fuzz: elapsed:   11m40s, calls:    1628397 (  2448/sec), seq/s:     24, branches:  13627, corpus:   484, failures: 5/16436, gas/s:    780606250
⇾ fuzz: elapsed:   11m43s, calls:    1636045 (  2549/sec), seq/s:     25, branches:  13627, corpus:   484, failures: 5/16512, gas/s:    975473846
⇾ fuzz: elapsed:   11m46s, calls:    1643623 (  2524/sec), seq/s:     25, branches:  13627, corpus:   484, failures: 5/16589, gas/s:   1135774183
⇾ fuzz: elapsed:   11m49s, calls:    1650995 (  2457/sec), seq/s:     24, branches:  13627, corpus:   484, failures: 5/16663, gas/s:    970796051
⇾ fuzz: elapsed:   11m52s, calls:    1658597 (  2533/sec), seq/s:     25, branches:  13627, corpus:   484, failures: 5/16739, gas/s:    806034678
⇾ fuzz: elapsed:   11m55s, calls:    1666223 (  2536/sec), seq/s:     25, branches:  13627, corpus:   484, failures: 5/16815, gas/s:    663769142
⇾ fuzz: elapsed:   11m58s, calls:    1673604 (  2459/sec), seq/s:     24, branches:  13627, corpus:   484, failures: 5/16888, gas/s:    633582135
⇾ fuzz: elapsed:   12m01s, calls:    1680508 (  2301/sec), seq/s:     22, branches:  13627, corpus:   484, failures: 5/16957, gas/s:    767588534
⇾ fuzz: elapsed:   12m04s, calls:    1687888 (  2458/sec), seq/s:     24, branches:  13627, corpus:   484, failures: 5/17031, gas/s:    815461044
⇾ fuzz: elapsed:   12m07s, calls:    1694544 (  2218/sec), seq/s:     22, branches:  13628, corpus:   485, failures: 5/17098, gas/s:    592548804
⇾ fuzz: elapsed:   12m10s, calls:    1701903 (  2452/sec), seq/s:     24, branches:  13628, corpus:   485, failures: 5/17171, gas/s:    944823081
⇾ fuzz: elapsed:   12m13s, calls:    1709516 (  2537/sec), seq/s:     25, branches:  13628, corpus:   485, failures: 5/17249, gas/s:    978370686
⇾ fuzz: elapsed:   12m16s, calls:    1716882 (  2453/sec), seq/s:     23, branches:  13628, corpus:   485, failures: 5/17321, gas/s:   1440874756
⇾ fuzz: elapsed:   12m19s, calls:    1724293 (  2469/sec), seq/s:     24, branches:  13628, corpus:   485, failures: 5/17396, gas/s:   1451963555
⇾ fuzz: elapsed:   12m22s, calls:    1731718 (  2469/sec), seq/s:     24, branches:  13628, corpus:   485, failures: 5/17470, gas/s:    800102748
⇾ fuzz: elapsed:   12m25s, calls:    1739364 (  2547/sec), seq/s:     25, branches:  13628, corpus:   485, failures: 5/17546, gas/s:    978302315
⇾ fuzz: elapsed:   12m28s, calls:    1746889 (  2507/sec), seq/s:     25, branches:  13628, corpus:   485, failures: 5/17622, gas/s:    969969969
⇾ fuzz: elapsed:   12m31s, calls:    1754127 (  2411/sec), seq/s:     23, branches:  13628, corpus:   485, failures: 5/17694, gas/s:   1616604195
⇾ fuzz: elapsed:   12m34s, calls:    1761130 (  2332/sec), seq/s:     23, branches:  13628, corpus:   485, failures: 5/17764, gas/s:    944606732
⇾ fuzz: elapsed:   12m37s, calls:    1768440 (  2436/sec), seq/s:     24, branches:  13628, corpus:   485, failures: 5/17837, gas/s:   1155472349
⇾ fuzz: elapsed:   12m40s, calls:    1775346 (  2300/sec), seq/s:     22, branches:  13628, corpus:   485, failures: 5/17906, gas/s:   1101962213
⇾ fuzz: elapsed:   12m43s, calls:    1782683 (  2442/sec), seq/s:     24, branches:  13640, corpus:   487, failures: 5/17979, gas/s:   1773249708
⇾ fuzz: elapsed:   12m46s, calls:    1790462 (  2591/sec), seq/s:     25, branches:  13640, corpus:   487, failures: 5/18057, gas/s:   1322411496
⇾ fuzz: elapsed:   12m49s, calls:    1797285 (  2274/sec), seq/s:     22, branches:  13640, corpus:   487, failures: 5/18125, gas/s:   1424089574
⇾ fuzz: elapsed:   12m52s, calls:    1804885 (  2532/sec), seq/s:     25, branches:  13640, corpus:   487, failures: 5/18202, gas/s:    998103354
⇾ fuzz: elapsed:   12m55s, calls:    1812072 (  2394/sec), seq/s:     23, branches:  13640, corpus:   487, failures: 5/18274, gas/s:   1117585706
⇾ fuzz: elapsed:   12m58s, calls:    1819255 (  2393/sec), seq/s:     23, branches:  13647, corpus:   488, failures: 5/18346, gas/s:   1126343319
⇾ fuzz: elapsed:   13m01s, calls:    1826585 (  2441/sec), seq/s:     23, branches:  13647, corpus:   488, failures: 5/18418, gas/s:   1113468100
⇾ fuzz: elapsed:   13m04s, calls:    1833593 (  2334/sec), seq/s:     23, branches:  13647, corpus:   488, failures: 5/18488, gas/s:    951890444
⇾ fuzz: elapsed:   13m07s, calls:    1840384 (  2263/sec), seq/s:     22, branches:  13647, corpus:   488, failures: 5/18556, gas/s:   1580217898
⇾ fuzz: elapsed:   13m10s, calls:    1847025 (  2212/sec), seq/s:     22, branches:  13647, corpus:   488, failures: 5/18623, gas/s:    458687245
⇾ fuzz: elapsed:   13m13s, calls:    1853881 (  2285/sec), seq/s:     22, branches:  13647, corpus:   488, failures: 5/18692, gas/s:    917439756
⇾ fuzz: elapsed:   13m16s, calls:    1861527 (  2547/sec), seq/s:     25, branches:  13647, corpus:   488, failures: 5/18769, gas/s:    968265422
⇾ fuzz: elapsed:   13m19s, calls:    1868931 (  2467/sec), seq/s:     24, branches:  13647, corpus:   488, failures: 5/18842, gas/s:    962208029
⇾ fuzz: elapsed:   13m22s, calls:    1875989 (  2351/sec), seq/s:     23, branches:  13647, corpus:   488, failures: 5/18912, gas/s:    779235425
⇾ fuzz: elapsed:   13m25s, calls:    1883157 (  2388/sec), seq/s:     24, branches:  13647, corpus:   488, failures: 5/18985, gas/s:   1268582307
⇾ fuzz: elapsed:   13m28s, calls:    1890434 (  2425/sec), seq/s:     23, branches:  13647, corpus:   488, failures: 5/19057, gas/s:   1142550583
⇾ fuzz: elapsed:   13m31s, calls:    1896966 (  2176/sec), seq/s:     21, branches:  13647, corpus:   488, failures: 5/19123, gas/s:    569065726
⇾ fuzz: elapsed:   13m34s, calls:    1903336 (  2123/sec), seq/s:     21, branches:  13647, corpus:   488, failures: 5/19187, gas/s:    751526204
⇾ fuzz: elapsed:   13m37s, calls:    1910667 (  2442/sec), seq/s:     23, branches:  13647, corpus:   488, failures: 5/19259, gas/s:   1127654607
⇾ fuzz: elapsed:   13m40s, calls:    1917305 (  2212/sec), seq/s:     22, branches:  13658, corpus:   489, failures: 5/19326, gas/s:    950288450
⇾ fuzz: elapsed:   13m43s, calls:    1924218 (  2303/sec), seq/s:     22, branches:  13658, corpus:   489, failures: 5/19395, gas/s:   1260567880
⇾ fuzz: elapsed:   13m46s, calls:    1931906 (  2561/sec), seq/s:     25, branches:  13658, corpus:   489, failures: 5/19472, gas/s:    817940938
⇾ fuzz: elapsed:   13m49s, calls:    1939207 (  2432/sec), seq/s:     24, branches:  13658, corpus:   489, failures: 5/19545, gas/s:    801081414
⇾ fuzz: elapsed:   13m52s, calls:    1946414 (  2401/sec), seq/s:     23, branches:  13658, corpus:   489, failures: 5/19617, gas/s:    626642776
⇾ fuzz: elapsed:   13m55s, calls:    1953935 (  2506/sec), seq/s:     25, branches:  13658, corpus:   489, failures: 5/19693, gas/s:   1127830529
⇾ fuzz: elapsed:   13m58s, calls:    1961265 (  2442/sec), seq/s:     24, branches:  13658, corpus:   489, failures: 5/19766, gas/s:   1447734466
⇾ fuzz: elapsed:   14m01s, calls:    1968555 (  2429/sec), seq/s:     23, branches:  13658, corpus:   489, failures: 5/19838, gas/s:    626534333
⇾ fuzz: elapsed:   14m04s, calls:    1975333 (  2259/sec), seq/s:     22, branches:  13658, corpus:   489, failures: 5/19906, gas/s:    914119308
⇾ fuzz: elapsed:   14m07s, calls:    1982183 (  2283/sec), seq/s:     22, branches:  13658, corpus:   489, failures: 5/19975, gas/s:   1434638979
⇾ fuzz: elapsed:   14m10s, calls:    1989052 (  2281/sec), seq/s:     22, branches:  13658, corpus:   489, failures: 5/20043, gas/s:    921062266
⇾ fuzz: elapsed:   14m13s, calls:    1995544 (  2163/sec), seq/s:     21, branches:  13658, corpus:   489, failures: 5/20108, gas/s:    737395666
⇾ fuzz: elapsed:   14m16s, calls:    2001877 (  2109/sec), seq/s:     21, branches:  13658, corpus:   489, failures: 5/20172, gas/s:    560894632
⇾ fuzz: elapsed:   14m19s, calls:    2008864 (  2328/sec), seq/s:     23, branches:  13658, corpus:   489, failures: 5/20242, gas/s:    759013530
⇾ fuzz: elapsed:   14m22s, calls:    2015839 (  2324/sec), seq/s:     23, branches:  13658, corpus:   489, failures: 5/20312, gas/s:   1088796654
⇾ fuzz: elapsed:   14m25s, calls:    2023027 (  2394/sec), seq/s:     23, branches:  13658, corpus:   489, failures: 5/20383, gas/s:   1605492266
⇾ fuzz: elapsed:   14m28s, calls:    2030452 (  2474/sec), seq/s:     24, branches:  13658, corpus:   489, failures: 5/20456, gas/s:   1121016086
⇾ fuzz: elapsed:   14m31s, calls:    2037614 (  2386/sec), seq/s:     24, branches:  13658, corpus:   489, failures: 5/20529, gas/s:   1115086877
⇾ fuzz: elapsed:   14m34s, calls:    2045001 (  2460/sec), seq/s:     24, branches:  13658, corpus:   489, failures: 5/20603, gas/s:    952634347
⇾ fuzz: elapsed:   14m37s, calls:    2052347 (  2447/sec), seq/s:     24, branches:  13658, corpus:   489, failures: 5/20676, gas/s:    616122954
⇾ fuzz: elapsed:   14m40s, calls:    2059588 (  2412/sec), seq/s:     24, branches:  13658, corpus:   489, failures: 5/20749, gas/s:    958904129
⇾ fuzz: elapsed:   14m43s, calls:    2066438 (  2282/sec), seq/s:     22, branches:  13658, corpus:   489, failures: 5/20817, gas/s:   1582029581
⇾ fuzz: elapsed:   14m46s, calls:    2073621 (  2393/sec), seq/s:     23, branches:  13658, corpus:   489, failures: 5/20889, gas/s:   1296367612
⇾ fuzz: elapsed:   14m49s, calls:    2080522 (  2298/sec), seq/s:     22, branches:  13667, corpus:   490, failures: 5/20957, gas/s:   1398850939
⇾ fuzz: elapsed:   14m52s, calls:    2087705 (  2394/sec), seq/s:     23, branches:  13667, corpus:   490, failures: 5/21029, gas/s:   1272183898
⇾ fuzz: elapsed:   14m55s, calls:    2095333 (  2541/sec), seq/s:     25, branches:  13667, corpus:   490, failures: 5/21106, gas/s:    985124573
⇾ fuzz: elapsed:   14m58s, calls:    2102520 (  2395/sec), seq/s:     23, branches:  13667, corpus:   490, failures: 5/21178, gas/s:    615601724
⇾ fuzz: elapsed:   15m01s, calls:    2109450 (  2309/sec), seq/s:     22, branches:  13667, corpus:   490, failures: 5/21247, gas/s:    922760907
⇾ fuzz: elapsed:   15m04s, calls:    2116223 (  2257/sec), seq/s:     22, branches:  13667, corpus:   490, failures: 5/21315, gas/s:    446482707
⇾ fuzz: elapsed:   15m07s, calls:    2122283 (  2019/sec), seq/s:     19, branches:  13667, corpus:   490, failures: 5/21375, gas/s:    720346860
⇾ fuzz: elapsed:   15m10s, calls:    2128348 (  2020/sec), seq/s:     20, branches:  13667, corpus:   490, failures: 5/21436, gas/s:   1216448123
⇾ fuzz: elapsed:   15m13s, calls:    2134774 (  2141/sec), seq/s:     21, branches:  13667, corpus:   490, failures: 5/21500, gas/s:    894504066
⇾ fuzz: elapsed:   15m16s, calls:    2139949 (  1724/sec), seq/s:     17, branches:  13667, corpus:   490, failures: 5/21552, gas/s:    513787381
⇾ Pruned 2 corpus items in 16.345282579s. Total pruned this run: 30
⇾ fuzz: elapsed:   15m19s, calls:    2146324 (  2124/sec), seq/s:     20, branches:  13667, corpus:   488, failures: 5/21615, gas/s:   1068710435
⇾ fuzz: elapsed:   15m22s, calls:    2153345 (  2339/sec), seq/s:     23, branches:  13667, corpus:   488, failures: 5/21686, gas/s:    943273099
⇾ fuzz: elapsed:   15m25s, calls:    2160352 (  2333/sec), seq/s:     23, branches:  13667, corpus:   488, failures: 5/21756, gas/s:    782168997
⇾ fuzz: elapsed:   15m28s, calls:    2166479 (  2041/sec), seq/s:     20, branches:  13667, corpus:   488, failures: 5/21818, gas/s:    881875653
⇾ fuzz: elapsed:   15m31s, calls:    2173597 (  2370/sec), seq/s:     23, branches:  13667, corpus:   488, failures: 5/21889, gas/s:   1278924127
⇾ fuzz: elapsed:   15m34s, calls:    2180296 (  2232/sec), seq/s:     22, branches:  13667, corpus:   488, failures: 5/21956, gas/s:   1261243557
⇾ fuzz: elapsed:   15m37s, calls:    2187342 (  2348/sec), seq/s:     23, branches:  13667, corpus:   488, failures: 5/22026, gas/s:    631039610
⇾ fuzz: elapsed:   15m40s, calls:    2194797 (  2483/sec), seq/s:     24, branches:  13667, corpus:   488, failures: 5/22101, gas/s:    994139025
⇾ fuzz: elapsed:   15m43s, calls:    2201683 (  2294/sec), seq/s:     22, branches:  13667, corpus:   488, failures: 5/22169, gas/s:   1098351071
⇾ fuzz: elapsed:   15m46s, calls:    2208459 (  2257/sec), seq/s:     22, branches:  13667, corpus:   488, failures: 5/22238, gas/s:    750866811
⇾ fuzz: elapsed:   15m49s, calls:    2215422 (  2319/sec), seq/s:     22, branches:  13667, corpus:   488, failures: 5/22307, gas/s:    598420996
⇾ fuzz: elapsed:   15m52s, calls:    2222179 (  2252/sec), seq/s:     22, branches:  13673, corpus:   489, failures: 5/22374, gas/s:   1087925927
⇾ fuzz: elapsed:   15m55s, calls:    2229423 (  2413/sec), seq/s:     24, branches:  13673, corpus:   489, failures: 5/22447, gas/s:    636830213
⇾ fuzz: elapsed:   15m58s, calls:    2236827 (  2467/sec), seq/s:     24, branches:  13673, corpus:   489, failures: 5/22520, gas/s:    791717709
⇾ fuzz: elapsed:   16m01s, calls:    2243853 (  2340/sec), seq/s:     23, branches:  13673, corpus:   489, failures: 5/22591, gas/s:    938326782
⇾ fuzz: elapsed:   16m04s, calls:    2250564 (  2235/sec), seq/s:     22, branches:  13673, corpus:   489, failures: 5/22659, gas/s:    929708451
⇾ fuzz: elapsed:   16m07s, calls:    2257683 (  2372/sec), seq/s:     23, branches:  13673, corpus:   489, failures: 5/22729, gas/s:   1108763711
⇾ fuzz: elapsed:   16m10s, calls:    2264657 (  2324/sec), seq/s:     23, branches:  13673, corpus:   489, failures: 5/22799, gas/s:   1611694940
⇾ fuzz: elapsed:   16m13s, calls:    2271817 (  2383/sec), seq/s:     23, branches:  13673, corpus:   489, failures: 5/22871, gas/s:   1270559693
⇾ fuzz: elapsed:   16m16s, calls:    2279504 (  2562/sec), seq/s:     25, branches:  13673, corpus:   489, failures: 5/22947, gas/s:   1286012095
⇾ fuzz: elapsed:   16m19s, calls:    2285776 (  2089/sec), seq/s:     20, branches:  13673, corpus:   489, failures: 5/23009, gas/s:    384991361
⇾ fuzz: elapsed:   16m22s, calls:    2292075 (  2099/sec), seq/s:     21, branches:  13673, corpus:   489, failures: 5/23073, gas/s:   1047738463
⇾ fuzz: elapsed:   16m25s, calls:    2298972 (  2297/sec), seq/s:     22, branches:  13673, corpus:   489, failures: 5/23141, gas/s:    600400113
⇾ fuzz: elapsed:   16m28s, calls:    2305609 (  2211/sec), seq/s:     22, branches:  13673, corpus:   489, failures: 5/23209, gas/s:   1250895663
⇾ fuzz: elapsed:   16m31s, calls:    2312122 (  2169/sec), seq/s:     21, branches:  13673, corpus:   489, failures: 5/23274, gas/s:   1068129724
⇾ fuzz: elapsed:   16m34s, calls:    2319373 (  2415/sec), seq/s:     24, branches:  13673, corpus:   489, failures: 5/23347, gas/s:    951268910
⇾ fuzz: elapsed:   16m37s, calls:    2325415 (  2013/sec), seq/s:     19, branches:  13673, corpus:   489, failures: 5/23406, gas/s:   1203423686
⇾ fuzz: elapsed:   16m40s, calls:    2331324 (  1965/sec), seq/s:     19, branches:  13673, corpus:   489, failures: 5/23465, gas/s:    863181854
⇾ fuzz: elapsed:   16m43s, calls:    2337331 (  2002/sec), seq/s:     20, branches:  13673, corpus:   489, failures: 5/23526, gas/s:    545451210
⇾ fuzz: elapsed:   16m46s, calls:    2343063 (  1909/sec), seq/s:     18, branches:  13673, corpus:   489, failures: 5/23583, gas/s:    527495624
⇾ fuzz: elapsed:   16m49s, calls:    2348964 (  1966/sec), seq/s:     19, branches:  13673, corpus:   489, failures: 5/23642, gas/s:    543194188
⇾ fuzz: elapsed:   16m52s, calls:    2355418 (  2150/sec), seq/s:     21, branches:  13673, corpus:   489, failures: 5/23707, gas/s:   1063711654
⇾ fuzz: elapsed:   16m55s, calls:    2362086 (  2220/sec), seq/s:     22, branches:  13673, corpus:   489, failures: 5/23774, gas/s:    747098275
⇾ fuzz: elapsed:   16m58s, calls:    2368456 (  2122/sec), seq/s:     21, branches:  13673, corpus:   489, failures: 5/23838, gas/s:    897986427
⇾ fuzz: elapsed:   17m01s, calls:    2375884 (  2474/sec), seq/s:     24, branches:  13673, corpus:   489, failures: 5/23911, gas/s:    627940904
⇾ fuzz: elapsed:   17m04s, calls:    2382978 (  2363/sec), seq/s:     23, branches:  13673, corpus:   489, failures: 5/23983, gas/s:    628862211
⇾ fuzz: elapsed:   17m07s, calls:    2389635 (  2210/sec), seq/s:     21, branches:  13673, corpus:   489, failures: 5/24049, gas/s:   1406732184
⇾ fuzz: elapsed:   17m10s, calls:    2396878 (  2414/sec), seq/s:     23, branches:  13673, corpus:   489, failures: 5/24121, gas/s:    787149104
⇾ fuzz: elapsed:   17m13s, calls:    2404023 (  2380/sec), seq/s:     23, branches:  13673, corpus:   489, failures: 5/24193, gas/s:    957257419
⇾ fuzz: elapsed:   17m16s, calls:    2411100 (  2352/sec), seq/s:     23, branches:  13673, corpus:   489, failures: 5/24264, gas/s:   1109734682
⇾ fuzz: elapsed:   17m19s, calls:    2418414 (  2436/sec), seq/s:     24, branches:  13673, corpus:   489, failures: 5/24338, gas/s:    963806635
⇾ fuzz: elapsed:   17m22s, calls:    2425217 (  2267/sec), seq/s:     22, branches:  13673, corpus:   489, failures: 5/24405, gas/s:    940264097
⇾ fuzz: elapsed:   17m25s, calls:    2431865 (  2215/sec), seq/s:     22, branches:  13673, corpus:   489, failures: 5/24472, gas/s:    736377899
⇾ fuzz: elapsed:   17m28s, calls:    2438836 (  2323/sec), seq/s:     22, branches:  13673, corpus:   489, failures: 5/24541, gas/s:   1423046186
⇾ fuzz: elapsed:   17m31s, calls:    2445726 (  2296/sec), seq/s:     22, branches:  13673, corpus:   489, failures: 5/24610, gas/s:   1082300856
⇾ fuzz: elapsed:   17m34s, calls:    2453032 (  2434/sec), seq/s:     24, branches:  13673, corpus:   489, failures: 5/24683, gas/s:   1119376871
⇾ fuzz: elapsed:   17m37s, calls:    2460163 (  2376/sec), seq/s:     23, branches:  13673, corpus:   489, failures: 5/24754, gas/s:    771414814
⇾ fuzz: elapsed:   17m40s, calls:    2467292 (  2375/sec), seq/s:     23, branches:  13673, corpus:   489, failures: 5/24826, gas/s:   1115441761
⇾ fuzz: elapsed:   17m43s, calls:    2474616 (  2440/sec), seq/s:     24, branches:  13673, corpus:   489, failures: 5/24899, gas/s:    771534798
⇾ fuzz: elapsed:   17m46s, calls:    2482366 (  2583/sec), seq/s:     25, branches:  13673, corpus:   489, failures: 5/24976, gas/s:   1146172837
⇾ fuzz: elapsed:   17m49s, calls:    2489636 (  2423/sec), seq/s:     24, branches:  13673, corpus:   489, failures: 5/25050, gas/s:    765469286
⇾ fuzz: elapsed:   17m52s, calls:    2496257 (  2206/sec), seq/s:     21, branches:  13673, corpus:   489, failures: 5/25115, gas/s:    921236933
⇾ fuzz: elapsed:   17m55s, calls:    2503304 (  2347/sec), seq/s:     23, branches:  13673, corpus:   489, failures: 5/25185, gas/s:    762673434
⇾ fuzz: elapsed:   17m58s, calls:    2509355 (  2015/sec), seq/s:     19, branches:  13673, corpus:   489, failures: 5/25245, gas/s:    907312575
⇾ fuzz: elapsed:   18m01s, calls:    2515112 (  1917/sec), seq/s:     19, branches:  13673, corpus:   489, failures: 5/25305, gas/s:    855884155
⇾ fuzz: elapsed:   18m04s, calls:    2522419 (  2434/sec), seq/s:     23, branches:  13673, corpus:   489, failures: 5/25377, gas/s:    787324168
⇾ fuzz: elapsed:   18m07s, calls:    2529290 (  2289/sec), seq/s:     22, branches:  13673, corpus:   489, failures: 5/25445, gas/s:    615606610
⇾ fuzz: elapsed:   18m10s, calls:    2536329 (  2345/sec), seq/s:     23, branches:  13673, corpus:   489, failures: 5/25516, gas/s:    951831173
⇾ fuzz: elapsed:   18m13s, calls:    2543977 (  2548/sec), seq/s:     24, branches:  13673, corpus:   489, failures: 5/25591, gas/s:    970519752
⇾ fuzz: elapsed:   18m16s, calls:    2550942 (  2320/sec), seq/s:     23, branches:  13673, corpus:   489, failures: 5/25662, gas/s:   1252949631
⇾ fuzz: elapsed:   18m19s, calls:    2558194 (  2415/sec), seq/s:     23, branches:  13673, corpus:   489, failures: 5/25734, gas/s:    629279193
⇾ fuzz: elapsed:   18m22s, calls:    2565677 (  2494/sec), seq/s:     25, branches:  13673, corpus:   489, failures: 5/25810, gas/s:    794346857
⇾ fuzz: elapsed:   18m25s, calls:    2572640 (  2320/sec), seq/s:     22, branches:  13673, corpus:   489, failures: 5/25878, gas/s:    605872621
⇾ fuzz: elapsed:   18m28s, calls:    2579606 (  2320/sec), seq/s:     23, branches:  13673, corpus:   489, failures: 5/25948, gas/s:   1101317043
⇾ fuzz: elapsed:   18m31s, calls:    2586638 (  2342/sec), seq/s:     23, branches:  13673, corpus:   489, failures: 5/26019, gas/s:    949939037
⇾ fuzz: elapsed:   18m34s, calls:    2593420 (  2259/sec), seq/s:     22, branches:  13673, corpus:   489, failures: 5/26086, gas/s:    927923157
⇾ fuzz: elapsed:   18m37s, calls:    2600594 (  2384/sec), seq/s:     23, branches:  13673, corpus:   489, failures: 5/26158, gas/s:    953173796
⇾ fuzz: elapsed:   18m40s, calls:    2607576 (  2326/sec), seq/s:     23, branches:  13673, corpus:   489, failures: 5/26228, gas/s:    458069824
⇾ fuzz: elapsed:   18m43s, calls:    2614656 (  2359/sec), seq/s:     23, branches:  13673, corpus:   489, failures: 5/26299, gas/s:    748815029
⇾ fuzz: elapsed:   18m46s, calls:    2622137 (  2493/sec), seq/s:     25, branches:  13673, corpus:   489, failures: 5/26375, gas/s:    474038722
⇾ fuzz: elapsed:   18m49s, calls:    2629153 (  2336/sec), seq/s:     22, branches:  13673, corpus:   489, failures: 5/26444, gas/s:    599822127
⇾ fuzz: elapsed:   18m52s, calls:    2636434 (  2426/sec), seq/s:     24, branches:  13673, corpus:   489, failures: 5/26517, gas/s:    783379021
⇾ fuzz: elapsed:   18m55s, calls:    2643734 (  2432/sec), seq/s:     23, branches:  13673, corpus:   489, failures: 5/26589, gas/s:   1475981241
⇾ fuzz: elapsed:   18m58s, calls:    2650665 (  2309/sec), seq/s:     23, branches:  13673, corpus:   489, failures: 5/26659, gas/s:    943544788
⇾ fuzz: elapsed:   19m01s, calls:    2657776 (  2368/sec), seq/s:     23, branches:  13673, corpus:   489, failures: 5/26731, gas/s:   1580404496
⇾ fuzz: elapsed:   19m04s, calls:    2665069 (  2430/sec), seq/s:     23, branches:  13673, corpus:   489, failures: 5/26802, gas/s:    788437041
⇾ fuzz: elapsed:   19m07s, calls:    2672033 (  2321/sec), seq/s:     23, branches:  13673, corpus:   489, failures: 5/26872, gas/s:    797515362
⇾ fuzz: elapsed:   19m10s, calls:    2679114 (  2359/sec), seq/s:     23, branches:  13673, corpus:   489, failures: 5/26944, gas/s:   1265163983
⇾ fuzz: elapsed:   19m13s, calls:    2686610 (  2497/sec), seq/s:     24, branches:  13673, corpus:   489, failures: 5/27019, gas/s:   1134185734
⇾ fuzz: elapsed:   19m16s, calls:    2693771 (  2385/sec), seq/s:     23, branches:  13673, corpus:   489, failures: 5/27091, gas/s:   1447707104
⇾ fuzz: elapsed:   19m19s, calls:    2700840 (  2354/sec), seq/s:     23, branches:  13673, corpus:   489, failures: 5/27162, gas/s:   1459684791
⇾ fuzz: elapsed:   19m22s, calls:    2708390 (  2516/sec), seq/s:     24, branches:  13673, corpus:   489, failures: 5/27237, gas/s:   1132831769
⇾ fuzz: elapsed:   19m25s, calls:    2715294 (  2300/sec), seq/s:     22, branches:  13673, corpus:   489, failures: 5/27305, gas/s:   2076587969
⇾ fuzz: elapsed:   19m28s, calls:    2722500 (  2401/sec), seq/s:     23, branches:  13673, corpus:   489, failures: 5/27377, gas/s:   1112663422
⇾ fuzz: elapsed:   19m31s, calls:    2729724 (  2407/sec), seq/s:     23, branches:  13673, corpus:   489, failures: 5/27449, gas/s:   1282550396
⇾ fuzz: elapsed:   19m34s, calls:    2736710 (  2327/sec), seq/s:     23, branches:  13673, corpus:   489, failures: 5/27519, gas/s:    777557166
⇾ fuzz: elapsed:   19m37s, calls:    2743970 (  2419/sec), seq/s:     23, branches:  13673, corpus:   489, failures: 5/27591, gas/s:   1602301609
⇾ fuzz: elapsed:   19m40s, calls:    2751118 (  2381/sec), seq/s:     24, branches:  13673, corpus:   489, failures: 5/27664, gas/s:   1125360839
⇾ fuzz: elapsed:   19m43s, calls:    2758438 (  2439/sec), seq/s:     24, branches:  13673, corpus:   489, failures: 5/27737, gas/s:    967385845
⇾ fuzz: elapsed:   19m46s, calls:    2765859 (  2473/sec), seq/s:     24, branches:  13673, corpus:   489, failures: 5/27810, gas/s:   1143455327
⇾ fuzz: elapsed:   19m49s, calls:    2773191 (  2443/sec), seq/s:     24, branches:  13673, corpus:   489, failures: 5/27883, gas/s:   1141655434
⇾ fuzz: elapsed:   19m52s, calls:    2780271 (  2359/sec), seq/s:     23, branches:  13673, corpus:   489, failures: 5/27955, gas/s:    938273040
⇾ fuzz: elapsed:   19m55s, calls:    2787615 (  2447/sec), seq/s:     24, branches:  13673, corpus:   489, failures: 5/28029, gas/s:    971706786
⇾ fuzz: elapsed:   19m58s, calls:    2794631 (  2337/sec), seq/s:     23, branches:  13673, corpus:   489, failures: 5/28099, gas/s:   1100880901
⇾ Fuzzer stopped, test results follow below ...
⇾ [PASSED] Property Test: MedusaPromoLegA.property_PA1_allowancesZero()
⇾ [PASSED] Property Test: MedusaPromoLegA.property_PA2_zeroFloorReverts()
⇾ [PASSED] Property Test: MedusaPromoLegA.property_PA3_floorHonoured()
⇾ [PASSED] Property Test: MedusaPromoLegA.property_PA4_noSusdsResidual()
⇾ [PASSED] Property Test: MedusaUniPoolerA.property_P1_leftoverIsWeiDust()
⇾ [PASSED] Property Test: MedusaUniPoolerA.property_P2_routerAllowancesZero()
⇾ [PASSED] Property Test: MedusaUniPoolerA.property_P3_liquidityAtLeastMinLP()
⇾ [PASSED] Property Test: MedusaUniPoolerA.property_P4_quoteLPIsValidFloor()
⇾ [PASSED] Property Test: MedusaUniPoolerA.property_P5_quotePhusdOutExact()
⇾ [PASSED] Property Test: MedusaUniPoolerA.property_P6_zeroFloorsRevert()
⇾ [PASSED] Property Test: MedusaUniPoolerA.property_P7_emptyPairReverts()
⇾ [PASSED] Property Test: MedusaUniPoolerA.property_P8_frontRunNeverStrands()
⇾ [PASSED] Property Test: MedusaUniPoolerA.property_P9_dispatchWorks()
⇾ [PASSED] Property Test: MedusaUniPoolerB.property_P1_leftoverIsWeiDust()
⇾ [PASSED] Property Test: MedusaUniPoolerB.property_P2_routerAllowancesZero()
⇾ [PASSED] Property Test: MedusaUniPoolerB.property_P3_liquidityAtLeastMinLP()
⇾ [PASSED] Property Test: MedusaUniPoolerB.property_P4_quoteLPIsValidFloor()
⇾ [PASSED] Property Test: MedusaUniPoolerB.property_P5_quotePhusdOutExact()
⇾ [PASSED] Property Test: MedusaUniPoolerB.property_P6_zeroFloorsRevert()
⇾ [PASSED] Property Test: MedusaUniPoolerB.property_P7_emptyPairReverts()
⇾ [PASSED] Property Test: MedusaUniPoolerB.property_P8_frontRunNeverStrands()
⇾ [PASSED] Property Test: MedusaUniPoolerB.property_P9_dispatchWorks()
⇾ [PASSED] Property Test: MedusaUniPoolerDonate.property_P2_routerAllowancesZero()
⇾ [PASSED] Property Test: MedusaUniPoolerDonate.property_P3_liquidityAtLeastMinLP()
⇾ [PASSED] Property Test: MedusaUniPoolerDonate.property_P5_quotePhusdOutExact()
⇾ [PASSED] Property Test: MedusaUniPoolerDonate.property_P6_zeroFloorsRevert()
⇾ [PASSED] Property Test: MedusaUniPoolerDonate.property_P7_emptyPairReverts()
⇾ [PASSED] Property Test: MedusaUniPoolerDonate.property_P9_dispatchWorks()
⇾ [FAILED] Property Test: MedusaUniPoolerDonate.property_P1_leftoverIsWeiDust()
Test for method "MedusaUniPoolerDonate.property_P1_leftoverIsWeiDust()" failed after the following call sequence:
[Call Sequence]
1) MedusaUniPoolerDonate.act_donateToPair(uint256,bool)(12805482936351794200515880389514425570225498532921062489596640, true) (block=36, time=36, gas=500000000, gasprice=0, value=0, sender=0x20000)
2) MedusaUniPoolerDonate.act_poolLooseFloors(uint256)(5986310711069612498549078807238498033134561503209985) (block=36, time=36, gas=500000000, gasprice=0, value=0, sender=0x30000)
[Execution Trace]
 => [call] MedusaUniPoolerDonate.act_poolLooseFloors(uint256)(5986310711069612498549078807238498033134561503209985) (addr=0x38b3b548c9D05824d9bCd44561931Ef45734C98a, value=0, sender=0x30000)
	 => [call] R20SUSDS.balanceOf(address)(0x3aa0599f2686121d0586cB124e76BBbf6eF46502) (addr=0x9A6F1e74347a08b8d93FB1441922E06af8D8eaCa, value=<nil>, sender=0x38b3b548c9D05824d9bCd44561931Ef45734C98a)
		 => [return (63529411764705882352941)]
	 => [call] R20SUSDS.balanceOf(address)(0x3aa0599f2686121d0586cB124e76BBbf6eF46502) (addr=0x9A6F1e74347a08b8d93FB1441922E06af8D8eaCa, value=<nil>, sender=0x38b3b548c9D05824d9bCd44561931Ef45734C98a)
		 => [return (63529411764705882352941)]
	 => [call] R20Phusd.balanceOf(address)(0x3aa0599f2686121d0586cB124e76BBbf6eF46502) (addr=0x9E18f151aCA7bc62BB44fF292A71800F788adfc5, value=<nil>, sender=0x38b3b548c9D05824d9bCd44561931Ef45734C98a)
		 => [return (0)]
	 => [call] UniV2Pair.balanceOf(address)(0x3aa0599f2686121d0586cB124e76BBbf6eF46502) (addr=0x82e8b49dBE53FaEa835CdB720eb513E1442976dD, value=<nil>, sender=0x38b3b548c9D05824d9bCd44561931Ef45734C98a)
		 => [return (10827883747902104690081)]
	 => [call] UniV2Pair.getReserves()() (addr=0x82e8b49dBE53FaEa835CdB720eb513E1442976dD, value=<nil>, sender=0x38b3b548c9D05824d9bCd44561931Ef45734C98a)
		 => [return (1021176470588235294117647, 1060000000000000000000000, 11)]
	 => [call] UniPoolerV2.pool(uint256,uint256,uint256)(51126821273854858540445, 1, 1) (addr=0x3aa0599f2686121d0586cB124e76BBbf6eF46502, value=0, sender=0x38b3b548c9D05824d9bCd44561931Ef45734C98a)
		 => [call] R20SUSDS.balanceOf(address)(0x3aa0599f2686121d0586cB124e76BBbf6eF46502) (addr=0x9A6F1e74347a08b8d93FB1441922E06af8D8eaCa, value=<nil>, sender=0x3aa0599f2686121d0586cB124e76BBbf6eF46502)
			 => [return (63529411764705882352941)]
		 => [call] UniV2Pair.getReserves()() (addr=0x82e8b49dBE53FaEa835CdB720eb513E1442976dD, value=<nil>, sender=0x3aa0599f2686121d0586cB124e76BBbf6eF46502)
			 => [return (1021176470588235294117647, 1060000000000000000000000, 11)]
		 => [call] R20SUSDS.approve(address,uint256)(0xF553fE5E00d0BB13860C95876250818bCBEEE550, 25289144539402343744363) (addr=0x9A6F1e74347a08b8d93FB1441922E06af8D8eaCa, value=0, sender=0x3aa0599f2686121d0586cB124e76BBbf6eF46502)
			 => [event] Approval(0x3aa0599f2686121d0586cB124e76BBbf6eF46502, 0xF553fE5E00d0BB13860C95876250818bCBEEE550, 25289144539402343744363)
			 => [return (true)]
		 => [call] UniV2Router02.swapExactTokensForTokens(uint256,uint256,address[],address,uint256)(25289144539402343744363, 1, [0x9A6F1e74347a08b8d93FB1441922E06af8D8eaCa, 0x9E18f151aCA7bc62BB44fF292A71800F788adfc5], 0x3aa0599f2686121d0586cB124e76BBbf6eF46502, 36) (addr=0xF553fE5E00d0BB13860C95876250818bCBEEE550, value=0, sender=0x3aa0599f2686121d0586cB124e76BBbf6eF46502)
			 => [call] UniV2Factory.getPair(address,address)(0x9A6F1e74347a08b8d93FB1441922E06af8D8eaCa, 0x9E18f151aCA7bc62BB44fF292A71800F788adfc5) (addr=0x5169503Ac064d5fA3Fe6fA375907F5275faF6aBc, value=<nil>, sender=0xF553fE5E00d0BB13860C95876250818bCBEEE550)
				 => [return (0x82e8b49dBE53FaEa835CdB720eb513E1442976dD)]
			 => [call] UniV2Pair.getReserves()() (addr=0x82e8b49dBE53FaEa835CdB720eb513E1442976dD, value=<nil>, sender=0xF553fE5E00d0BB13860C95876250818bCBEEE550)
				 => [return (1021176470588235294117647, 1060000000000000000000000, 11)]
			 => [call] UniV2Factory.getPair(address,address)(0x9A6F1e74347a08b8d93FB1441922E06af8D8eaCa, 0x9E18f151aCA7bc62BB44fF292A71800F788adfc5) (addr=0x5169503Ac064d5fA3Fe6fA375907F5275faF6aBc, value=<nil>, sender=0xF553fE5E00d0BB13860C95876250818bCBEEE550)
				 => [return (0x82e8b49dBE53FaEa835CdB720eb513E1442976dD)]
			 => [call] R20SUSDS.transferFrom(address,address,uint256)(0x3aa0599f2686121d0586cB124e76BBbf6eF46502, 0x82e8b49dBE53FaEa835CdB720eb513E1442976dD, 25289144539402343744363) (addr=0x9A6F1e74347a08b8d93FB1441922E06af8D8eaCa, value=0, sender=0xF553fE5E00d0BB13860C95876250818bCBEEE550)
				 => [event] Transfer(0x3aa0599f2686121d0586cB124e76BBbf6eF46502, 0x82e8b49dBE53FaEa835CdB720eb513E1442976dD, 25289144539402343744363)
				 => [return (true)]
			 => [call] UniV2Factory.getPair(address,address)(0x9A6F1e74347a08b8d93FB1441922E06af8D8eaCa, 0x9E18f151aCA7bc62BB44fF292A71800F788adfc5) (addr=0x5169503Ac064d5fA3Fe6fA375907F5275faF6aBc, value=<nil>, sender=0xF553fE5E00d0BB13860C95876250818bCBEEE550)
				 => [return (0x82e8b49dBE53FaEa835CdB720eb513E1442976dD)]
			 => [call] UniV2Pair.swap(uint256,uint256,address,bytes)(0, 25541222848397309431923, 0x3aa0599f2686121d0586cB124e76BBbf6eF46502, ) (addr=0x82e8b49dBE53FaEa835CdB720eb513E1442976dD, value=0, sender=0xF553fE5E00d0BB13860C95876250818bCBEEE550)
				 => [call] R20Phusd.transfer(address,uint256)(0x3aa0599f2686121d0586cB124e76BBbf6eF46502, 25541222848397309431923) (addr=0x9E18f151aCA7bc62BB44fF292A71800F788adfc5, value=0, sender=0x82e8b49dBE53FaEa835CdB720eb513E1442976dD)
					 => [event] Transfer(0x82e8b49dBE53FaEa835CdB720eb513E1442976dD, 0x3aa0599f2686121d0586cB124e76BBbf6eF46502, 25541222848397309431923)
					 => [return (true)]
				 => [call] R20SUSDS.balanceOf(address)(0x82e8b49dBE53FaEa835CdB720eb513E1442976dD) (addr=0x9A6F1e74347a08b8d93FB1441922E06af8D8eaCa, value=<nil>, sender=0x82e8b49dBE53FaEa835CdB720eb513E1442976dD)
					 => [return (1067446362789401869386545)]
				 => [call] R20Phusd.balanceOf(address)(0x82e8b49dBE53FaEa835CdB720eb513E1442976dD) (addr=0x9E18f151aCA7bc62BB44fF292A71800F788adfc5, value=<nil>, sender=0x82e8b49dBE53FaEa835CdB720eb513E1442976dD)
					 => [return (1034458777151602690568077)]
				 => [event] Sync(1067446362789401869386545, 1034458777151602690568077)
				 => [event] Swap(0xF553fE5E00d0BB13860C95876250818bCBEEE550, 46269892201166575268898, 0, 0, 25541222848397309431923, 0x3aa0599f2686121d0586cB124e76BBbf6eF46502)
				 => [return ()]
			 => [return ([25289144539402343744363, 25541222848397309431923])]
		 => [call] R20SUSDS.approve(address,uint256)(0xF553fE5E00d0BB13860C95876250818bCBEEE550, 0) (addr=0x9A6F1e74347a08b8d93FB1441922E06af8D8eaCa, value=0, sender=0x3aa0599f2686121d0586cB124e76BBbf6eF46502)
			 => [event] Approval(0x3aa0599f2686121d0586cB124e76BBbf6eF46502, 0xF553fE5E00d0BB13860C95876250818bCBEEE550, 0)
			 => [return (true)]
		 => [call] R20SUSDS.approve(address,uint256)(0xF553fE5E00d0BB13860C95876250818bCBEEE550, 25837676734452514796082) (addr=0x9A6F1e74347a08b8d93FB1441922E06af8D8eaCa, value=0, sender=0x3aa0599f2686121d0586cB124e76BBbf6eF46502)
			 => [event] Approval(0x3aa0599f2686121d0586cB124e76BBbf6eF46502, 0xF553fE5E00d0BB13860C95876250818bCBEEE550, 25837676734452514796082)
			 => [return (true)]
		 => [call] R20Phusd.approve(address,uint256)(0xF553fE5E00d0BB13860C95876250818bCBEEE550, 25541222848397309431923) (addr=0x9E18f151aCA7bc62BB44fF292A71800F788adfc5, value=0, sender=0x3aa0599f2686121d0586cB124e76BBbf6eF46502)
			 => [event] Approval(0x3aa0599f2686121d0586cB124e76BBbf6eF46502, 0xF553fE5E00d0BB13860C95876250818bCBEEE550, 25541222848397309431923)
			 => [return (true)]
		 => [call] UniV2Router02.addLiquidity(address,address,uint256,uint256,uint256,uint256,address,uint256)(0x9A6F1e74347a08b8d93FB1441922E06af8D8eaCa, 0x9E18f151aCA7bc62BB44fF292A71800F788adfc5, 25837676734452514796082, 25541222848397309431923, 0, 0, 0x3aa0599f2686121d0586cB124e76BBbf6eF46502, 36) (addr=0xF553fE5E00d0BB13860C95876250818bCBEEE550, value=0, sender=0x3aa0599f2686121d0586cB124e76BBbf6eF46502)
			 => [call] UniV2Factory.getPair(address,address)(0x9A6F1e74347a08b8d93FB1441922E06af8D8eaCa, 0x9E18f151aCA7bc62BB44fF292A71800F788adfc5) (addr=0x5169503Ac064d5fA3Fe6fA375907F5275faF6aBc, value=<nil>, sender=0xF553fE5E00d0BB13860C95876250818bCBEEE550)
				 => [return (0x82e8b49dBE53FaEa835CdB720eb513E1442976dD)]
			 => [call] UniV2Factory.getPair(address,address)(0x9A6F1e74347a08b8d93FB1441922E06af8D8eaCa, 0x9E18f151aCA7bc62BB44fF292A71800F788adfc5) (addr=0x5169503Ac064d5fA3Fe6fA375907F5275faF6aBc, value=<nil>, sender=0xF553fE5E00d0BB13860C95876250818bCBEEE550)
				 => [return (0x82e8b49dBE53FaEa835CdB720eb513E1442976dD)]
			 => [call] UniV2Pair.getReserves()() (addr=0x82e8b49dBE53FaEa835CdB720eb513E1442976dD, value=<nil>, sender=0xF553fE5E00d0BB13860C95876250818bCBEEE550)
				 => [return (1067446362789401869386545, 1034458777151602690568077, 36)]
			 => [call] UniV2Factory.getPair(address,address)(0x9A6F1e74347a08b8d93FB1441922E06af8D8eaCa, 0x9E18f151aCA7bc62BB44fF292A71800F788adfc5) (addr=0x5169503Ac064d5fA3Fe6fA375907F5275faF6aBc, value=<nil>, sender=0xF553fE5E00d0BB13860C95876250818bCBEEE550)
				 => [return (0x82e8b49dBE53FaEa835CdB720eb513E1442976dD)]
			 => [call] R20SUSDS.transferFrom(address,address,uint256)(0x3aa0599f2686121d0586cB124e76BBbf6eF46502, 0x82e8b49dBE53FaEa835CdB720eb513E1442976dD, 25837676734452514796082) (addr=0x9A6F1e74347a08b8d93FB1441922E06af8D8eaCa, value=0, sender=0xF553fE5E00d0BB13860C95876250818bCBEEE550)
				 => [event] Transfer(0x3aa0599f2686121d0586cB124e76BBbf6eF46502, 0x82e8b49dBE53FaEa835CdB720eb513E1442976dD, 25837676734452514796082)
				 => [return (true)]
			 => [call] R20Phusd.transferFrom(address,address,uint256)(0x3aa0599f2686121d0586cB124e76BBbf6eF46502, 0x82e8b49dBE53FaEa835CdB720eb513E1442976dD, 25039207974174692956355) (addr=0x9E18f151aCA7bc62BB44fF292A71800F788adfc5, value=0, sender=0xF553fE5E00d0BB13860C95876250818bCBEEE550)
				 => [event] Transfer(0x3aa0599f2686121d0586cB124e76BBbf6eF46502, 0x82e8b49dBE53FaEa835CdB720eb513E1442976dD, 25039207974174692956355)
				 => [return (true)]
			 => [call] UniV2Pair.mint(address)(0x3aa0599f2686121d0586cB124e76BBbf6eF46502) (addr=0x82e8b49dBE53FaEa835CdB720eb513E1442976dD, value=0, sender=0xF553fE5E00d0BB13860C95876250818bCBEEE550)
				 => [call] R20SUSDS.balanceOf(address)(0x82e8b49dBE53FaEa835CdB720eb513E1442976dD) (addr=0x9A6F1e74347a08b8d93FB1441922E06af8D8eaCa, value=<nil>, sender=0x82e8b49dBE53FaEa835CdB720eb513E1442976dD)
					 => [return (1093284039523854384182627)]
				 => [call] R20Phusd.balanceOf(address)(0x82e8b49dBE53FaEa835CdB720eb513E1442976dD) (addr=0x9E18f151aCA7bc62BB44fF292A71800F788adfc5, value=<nil>, sender=0x82e8b49dBE53FaEa835CdB720eb513E1442976dD)
					 => [return (1059497985125777383524432)]
				 => [call] UniV2Factory.feeTo()() (addr=0x5169503Ac064d5fA3Fe6fA375907F5275faF6aBc, value=<nil>, sender=0x82e8b49dBE53FaEa835CdB720eb513E1442976dD)
					 => [return (0xFee5)]
				 => [event] Transfer(0x0, 0xFee5, 1721609847859402124339)
				 => [event] Transfer(0x0, 0x3aa0599f2686121d0586cB124e76BBbf6eF46502, 25224532542258143820696)
				 => [event] Sync(1093284039523854384182627, 1059497985125777383524432)
				 => [event] Mint(0xF553fE5E00d0BB13860C95876250818bCBEEE550, 25837676734452514796082, 25039207974174692956355)
				 => [return (25224532542258143820696)]
			 => [return (25837676734452514796082, 25039207974174692956355, 25224532542258143820696)]
		 => [call] R20SUSDS.approve(address,uint256)(0xF553fE5E00d0BB13860C95876250818bCBEEE550, 0) (addr=0x9A6F1e74347a08b8d93FB1441922E06af8D8eaCa, value=0, sender=0x3aa0599f2686121d0586cB124e76BBbf6eF46502)
			 => [event] Approval(0x3aa0599f2686121d0586cB124e76BBbf6eF46502, 0xF553fE5E00d0BB13860C95876250818bCBEEE550, 0)
			 => [return (true)]
		 => [call] R20Phusd.approve(address,uint256)(0xF553fE5E00d0BB13860C95876250818bCBEEE550, 0) (addr=0x9E18f151aCA7bc62BB44fF292A71800F788adfc5, value=0, sender=0x3aa0599f2686121d0586cB124e76BBbf6eF46502)
			 => [event] Approval(0x3aa0599f2686121d0586cB124e76BBbf6eF46502, 0xF553fE5E00d0BB13860C95876250818bCBEEE550, 0)
			 => [return (true)]
		 => [event] Pooled(0x38b3b548c9D05824d9bCd44561931Ef45734C98a, 51126821273854858540445, 25289144539402343744363, 25541222848397309431923, 25224532542258143820696)
		 => [return ()]
	 => [call] UniV2Factory.feeTo()() (addr=0x5169503Ac064d5fA3Fe6fA375907F5275faF6aBc, value=<nil>, sender=0x38b3b548c9D05824d9bCd44561931Ef45734C98a)
		 => [return (0xFee5)]
	 => [call] R20SUSDS.balanceOf(address)(0x3aa0599f2686121d0586cB124e76BBbf6eF46502) (addr=0x9A6F1e74347a08b8d93FB1441922E06af8D8eaCa, value=<nil>, sender=0x38b3b548c9D05824d9bCd44561931Ef45734C98a)
		 => [return (12402590490851023812496)]
	 => [call] R20Phusd.balanceOf(address)(0x3aa0599f2686121d0586cB124e76BBbf6eF46502) (addr=0x9E18f151aCA7bc62BB44fF292A71800F788adfc5, value=<nil>, sender=0x38b3b548c9D05824d9bCd44561931Ef45734C98a)
		 => [return (502014874222616475568)]
	 => [call] UniV2Pair.balanceOf(address)(0x3aa0599f2686121d0586cB124e76BBbf6eF46502) (addr=0x82e8b49dBE53FaEa835CdB720eb513E1442976dD, value=<nil>, sender=0x38b3b548c9D05824d9bCd44561931Ef45734C98a)
		 => [return (36052416290160248510777)]
	 => [call] UniV2Pair.getReserves()() (addr=0x82e8b49dBE53FaEa835CdB720eb513E1442976dD, value=<nil>, sender=0x38b3b548c9D05824d9bCd44561931Ef45734C98a)
		 => [return (1093284039523854384182627, 1059497985125777383524432, 36)]
	 => [call] UniV2Router02.lastOut(address,address)(0x9A6F1e74347a08b8d93FB1441922E06af8D8eaCa, 0x9E18f151aCA7bc62BB44fF292A71800F788adfc5) (addr=0xF553fE5E00d0BB13860C95876250818bCBEEE550, value=<nil>, sender=0x38b3b548c9D05824d9bCd44561931Ef45734C98a)
		 => [return (25541222848397309431923)]
	 => [call] UniV2Factory.feeTo()() (addr=0x5169503Ac064d5fA3Fe6fA375907F5275faF6aBc, value=<nil>, sender=0x38b3b548c9D05824d9bCd44561931Ef45734C98a)
		 => [return (0xFee5)]
	 => [call] R20SUSDS.allowance(address,address)(0x3aa0599f2686121d0586cB124e76BBbf6eF46502, 0xF553fE5E00d0BB13860C95876250818bCBEEE550) (addr=0x9A6F1e74347a08b8d93FB1441922E06af8D8eaCa, value=<nil>, sender=0x38b3b548c9D05824d9bCd44561931Ef45734C98a)
		 => [return (0)]
	 => [call] R20Phusd.allowance(address,address)(0x3aa0599f2686121d0586cB124e76BBbf6eF46502, 0xF553fE5E00d0BB13860C95876250818bCBEEE550) (addr=0x9E18f151aCA7bc62BB44fF292A71800F788adfc5, value=<nil>, sender=0x38b3b548c9D05824d9bCd44561931Ef45734C98a)
		 => [return (0)]
	 => [return ()]

[Property Test Execution Trace]
[Execution Trace]
 => [call] MedusaUniPoolerDonate.property_P1_leftoverIsWeiDust()() (addr=0x38b3b548c9D05824d9bCd44561931Ef45734C98a, value=0, sender=0x10000)
	 => [return (false)]

⇾ [FAILED] Property Test: MedusaUniPoolerDonate.property_P4_quoteLPIsValidFloor()
Test for method "MedusaUniPoolerDonate.property_P4_quoteLPIsValidFloor()" failed after the following call sequence:
[Call Sequence]
1) MedusaUniPoolerDonate.act_donateToPair(uint256,bool)(25108406941763057650544319554827788898011431851668902531313, false) (block=36, time=36, gas=500000000, gasprice=0, value=0, sender=0x30000)
2) MedusaUniPoolerDonate.act_poolQuoted(uint256,uint256)(210624589540751731115072220793977497270717555792622771602666760488, 904626128525679451156885035042740810902934680636989806471704575402472964338) (block=36, time=36, gas=500000000, gasprice=0, value=0, sender=0x20000)
[Execution Trace]
 => [call] MedusaUniPoolerDonate.act_poolQuoted(uint256,uint256)(210624589540751731115072220793977497270717555792622771602666760488, 904626128525679451156885035042740810902934680636989806471704575402472964338) (addr=0x38b3b548c9D05824d9bCd44561931Ef45734C98a, value=0, sender=0x20000)
	 => [call] R20SUSDS.balanceOf(address)(0x3aa0599f2686121d0586cB124e76BBbf6eF46502) (addr=0x9A6F1e74347a08b8d93FB1441922E06af8D8eaCa, value=<nil>, sender=0x38b3b548c9D05824d9bCd44561931Ef45734C98a)
		 => [return (63529411764705882352941)]
	 => [call] UniPoolerV2.quotePool(uint256)(32824926637418060767488) (addr=0x3aa0599f2686121d0586cB124e76BBbf6eF46502, value=<nil>, sender=0x38b3b548c9D05824d9bCd44561931Ef45734C98a)
		 => [call] UniV2Pair.getReserves()() (addr=0x82e8b49dBE53FaEa835CdB720eb513E1442976dD, value=<nil>, sender=0x3aa0599f2686121d0586cB124e76BBbf6eF46502)
			 => [return (1021176470588235294117647, 1060000000000000000000000, 11)]
		 => [call] UniV2Pair.totalSupply()() (addr=0x82e8b49dBE53FaEa835CdB720eb513E1442976dD, value=<nil>, sender=0x3aa0599f2686121d0586cB124e76BBbf6eF46502)
			 => [return (1040393584642242367441634)]
		 => [return (16307110917263354556479, 16611823010340350612104, 16564145991220832137112)]
	 => [call] UniV2Pair.balanceOf(address)(0x3aa0599f2686121d0586cB124e76BBbf6eF46502) (addr=0x82e8b49dBE53FaEa835CdB720eb513E1442976dD, value=<nil>, sender=0x38b3b548c9D05824d9bCd44561931Ef45734C98a)
		 => [return (10827883747902104690081)]
	 => [call] R20SUSDS.balanceOf(address)(0x3aa0599f2686121d0586cB124e76BBbf6eF46502) (addr=0x9A6F1e74347a08b8d93FB1441922E06af8D8eaCa, value=<nil>, sender=0x38b3b548c9D05824d9bCd44561931Ef45734C98a)
		 => [return (63529411764705882352941)]
	 => [call] R20Phusd.balanceOf(address)(0x3aa0599f2686121d0586cB124e76BBbf6eF46502) (addr=0x9E18f151aCA7bc62BB44fF292A71800F788adfc5, value=<nil>, sender=0x38b3b548c9D05824d9bCd44561931Ef45734C98a)
		 => [return (0)]
	 => [call] UniV2Pair.balanceOf(address)(0x3aa0599f2686121d0586cB124e76BBbf6eF46502) (addr=0x82e8b49dBE53FaEa835CdB720eb513E1442976dD, value=<nil>, sender=0x38b3b548c9D05824d9bCd44561931Ef45734C98a)
		 => [return (10827883747902104690081)]
	 => [call] UniV2Pair.getReserves()() (addr=0x82e8b49dBE53FaEa835CdB720eb513E1442976dD, value=<nil>, sender=0x38b3b548c9D05824d9bCd44561931Ef45734C98a)
		 => [return (1021176470588235294117647, 1060000000000000000000000, 11)]
	 => [call] UniPoolerV2.pool(uint256,uint256,uint256)(32824926637418060767488, 16523780348385546753860, 16476356017467361726786) (addr=0x3aa0599f2686121d0586cB124e76BBbf6eF46502, value=0, sender=0x38b3b548c9D05824d9bCd44561931Ef45734C98a)
		 => [call] R20SUSDS.balanceOf(address)(0x3aa0599f2686121d0586cB124e76BBbf6eF46502) (addr=0x9A6F1e74347a08b8d93FB1441922E06af8D8eaCa, value=<nil>, sender=0x3aa0599f2686121d0586cB124e76BBbf6eF46502)
			 => [return (63529411764705882352941)]
		 => [call] UniV2Pair.getReserves()() (addr=0x82e8b49dBE53FaEa835CdB720eb513E1442976dD, value=<nil>, sender=0x3aa0599f2686121d0586cB124e76BBbf6eF46502)
			 => [return (1021176470588235294117647, 1060000000000000000000000, 11)]
		 => [call] R20SUSDS.approve(address,uint256)(0xF553fE5E00d0BB13860C95876250818bCBEEE550, 16307110917263354556479) (addr=0x9A6F1e74347a08b8d93FB1441922E06af8D8eaCa, value=0, sender=0x3aa0599f2686121d0586cB124e76BBbf6eF46502)
			 => [event] Approval(0x3aa0599f2686121d0586cB124e76BBbf6eF46502, 0xF553fE5E00d0BB13860C95876250818bCBEEE550, 16307110917263354556479)
			 => [return (true)]
		 => [call] UniV2Router02.swapExactTokensForTokens(uint256,uint256,address[],address,uint256)(16307110917263354556479, 16523780348385546753860, [0x9A6F1e74347a08b8d93FB1441922E06af8D8eaCa, 0x9E18f151aCA7bc62BB44fF292A71800F788adfc5], 0x3aa0599f2686121d0586cB124e76BBbf6eF46502, 36) (addr=0xF553fE5E00d0BB13860C95876250818bCBEEE550, value=0, sender=0x3aa0599f2686121d0586cB124e76BBbf6eF46502)
			 => [call] UniV2Factory.getPair(address,address)(0x9A6F1e74347a08b8d93FB1441922E06af8D8eaCa, 0x9E18f151aCA7bc62BB44fF292A71800F788adfc5) (addr=0x5169503Ac064d5fA3Fe6fA375907F5275faF6aBc, value=<nil>, sender=0xF553fE5E00d0BB13860C95876250818bCBEEE550)
				 => [return (0x82e8b49dBE53FaEa835CdB720eb513E1442976dD)]
			 => [call] UniV2Pair.getReserves()() (addr=0x82e8b49dBE53FaEa835CdB720eb513E1442976dD, value=<nil>, sender=0xF553fE5E00d0BB13860C95876250818bCBEEE550)
				 => [return (1021176470588235294117647, 1060000000000000000000000, 11)]
			 => [call] UniV2Factory.getPair(address,address)(0x9A6F1e74347a08b8d93FB1441922E06af8D8eaCa, 0x9E18f151aCA7bc62BB44fF292A71800F788adfc5) (addr=0x5169503Ac064d5fA3Fe6fA375907F5275faF6aBc, value=<nil>, sender=0xF553fE5E00d0BB13860C95876250818bCBEEE550)
				 => [return (0x82e8b49dBE53FaEa835CdB720eb513E1442976dD)]
			 => [call] R20SUSDS.transferFrom(address,address,uint256)(0x3aa0599f2686121d0586cB124e76BBbf6eF46502, 0x82e8b49dBE53FaEa835CdB720eb513E1442976dD, 16307110917263354556479) (addr=0x9A6F1e74347a08b8d93FB1441922E06af8D8eaCa, value=0, sender=0xF553fE5E00d0BB13860C95876250818bCBEEE550)
				 => [event] Transfer(0x3aa0599f2686121d0586cB124e76BBbf6eF46502, 0x82e8b49dBE53FaEa835CdB720eb513E1442976dD, 16307110917263354556479)
				 => [return (true)]
			 => [call] UniV2Factory.getPair(address,address)(0x9A6F1e74347a08b8d93FB1441922E06af8D8eaCa, 0x9E18f151aCA7bc62BB44fF292A71800F788adfc5) (addr=0x5169503Ac064d5fA3Fe6fA375907F5275faF6aBc, value=<nil>, sender=0xF553fE5E00d0BB13860C95876250818bCBEEE550)
				 => [return (0x82e8b49dBE53FaEa835CdB720eb513E1442976dD)]
			 => [call] UniV2Pair.swap(uint256,uint256,address,bytes)(0, 16611823010340350612104, 0x3aa0599f2686121d0586cB124e76BBbf6eF46502, ) (addr=0x82e8b49dBE53FaEa835CdB720eb513E1442976dD, value=0, sender=0xF553fE5E00d0BB13860C95876250818bCBEEE550)
				 => [call] R20Phusd.transfer(address,uint256)(0x3aa0599f2686121d0586cB124e76BBbf6eF46502, 16611823010340350612104) (addr=0x9E18f151aCA7bc62BB44fF292A71800F788adfc5, value=0, sender=0x82e8b49dBE53FaEa835CdB720eb513E1442976dD)
					 => [event] Transfer(0x82e8b49dBE53FaEa835CdB720eb513E1442976dD, 0x3aa0599f2686121d0586cB124e76BBbf6eF46502, 16611823010340350612104)
					 => [return (true)]
				 => [call] R20SUSDS.balanceOf(address)(0x82e8b49dBE53FaEa835CdB720eb513E1442976dD) (addr=0x9A6F1e74347a08b8d93FB1441922E06af8D8eaCa, value=<nil>, sender=0x82e8b49dBE53FaEa835CdB720eb513E1442976dD)
					 => [return (1037483581505498648674126)]
				 => [call] R20Phusd.balanceOf(address)(0x82e8b49dBE53FaEa835CdB720eb513E1442976dD) (addr=0x9E18f151aCA7bc62BB44fF292A71800F788adfc5, value=<nil>, sender=0x82e8b49dBE53FaEa835CdB720eb513E1442976dD)
					 => [return (1090840164617822678323252)]
				 => [event] Sync(1037483581505498648674126, 1090840164617822678323252)
				 => [event] Swap(0xF553fE5E00d0BB13860C95876250818bCBEEE550, 16307110917263354556479, 47451987628163028935356, 0, 16611823010340350612104, 0x3aa0599f2686121d0586cB124e76BBbf6eF46502)
				 => [return ()]
			 => [return ([16307110917263354556479, 16611823010340350612104])]
		 => [call] R20SUSDS.approve(address,uint256)(0xF553fE5E00d0BB13860C95876250818bCBEEE550, 0) (addr=0x9A6F1e74347a08b8d93FB1441922E06af8D8eaCa, value=0, sender=0x3aa0599f2686121d0586cB124e76BBbf6eF46502)
			 => [event] Approval(0x3aa0599f2686121d0586cB124e76BBbf6eF46502, 0xF553fE5E00d0BB13860C95876250818bCBEEE550, 0)
			 => [return (true)]
		 => [call] R20SUSDS.approve(address,uint256)(0xF553fE5E00d0BB13860C95876250818bCBEEE550, 16517815720154706211009) (addr=0x9A6F1e74347a08b8d93FB1441922E06af8D8eaCa, value=0, sender=0x3aa0599f2686121d0586cB124e76BBbf6eF46502)
			 => [event] Approval(0x3aa0599f2686121d0586cB124e76BBbf6eF46502, 0xF553fE5E00d0BB13860C95876250818bCBEEE550, 16517815720154706211009)
			 => [return (true)]
		 => [call] R20Phusd.approve(address,uint256)(0xF553fE5E00d0BB13860C95876250818bCBEEE550, 16611823010340350612104) (addr=0x9E18f151aCA7bc62BB44fF292A71800F788adfc5, value=0, sender=0x3aa0599f2686121d0586cB124e76BBbf6eF46502)
			 => [event] Approval(0x3aa0599f2686121d0586cB124e76BBbf6eF46502, 0xF553fE5E00d0BB13860C95876250818bCBEEE550, 16611823010340350612104)
			 => [return (true)]
		 => [call] UniV2Router02.addLiquidity(address,address,uint256,uint256,uint256,uint256,address,uint256)(0x9A6F1e74347a08b8d93FB1441922E06af8D8eaCa, 0x9E18f151aCA7bc62BB44fF292A71800F788adfc5, 16517815720154706211009, 16611823010340350612104, 0, 0, 0x3aa0599f2686121d0586cB124e76BBbf6eF46502, 36) (addr=0xF553fE5E00d0BB13860C95876250818bCBEEE550, value=0, sender=0x3aa0599f2686121d0586cB124e76BBbf6eF46502)
			 => [call] UniV2Factory.getPair(address,address)(0x9A6F1e74347a08b8d93FB1441922E06af8D8eaCa, 0x9E18f151aCA7bc62BB44fF292A71800F788adfc5) (addr=0x5169503Ac064d5fA3Fe6fA375907F5275faF6aBc, value=<nil>, sender=0xF553fE5E00d0BB13860C95876250818bCBEEE550)
				 => [return (0x82e8b49dBE53FaEa835CdB720eb513E1442976dD)]
			 => [call] UniV2Factory.getPair(address,address)(0x9A6F1e74347a08b8d93FB1441922E06af8D8eaCa, 0x9E18f151aCA7bc62BB44fF292A71800F788adfc5) (addr=0x5169503Ac064d5fA3Fe6fA375907F5275faF6aBc, value=<nil>, sender=0xF553fE5E00d0BB13860C95876250818bCBEEE550)
				 => [return (0x82e8b49dBE53FaEa835CdB720eb513E1442976dD)]
			 => [call] UniV2Pair.getReserves()() (addr=0x82e8b49dBE53FaEa835CdB720eb513E1442976dD, value=<nil>, sender=0xF553fE5E00d0BB13860C95876250818bCBEEE550)
				 => [return (1037483581505498648674126, 1090840164617822678323252, 36)]
			 => [call] UniV2Factory.getPair(address,address)(0x9A6F1e74347a08b8d93FB1441922E06af8D8eaCa, 0x9E18f151aCA7bc62BB44fF292A71800F788adfc5) (addr=0x5169503Ac064d5fA3Fe6fA375907F5275faF6aBc, value=<nil>, sender=0xF553fE5E00d0BB13860C95876250818bCBEEE550)
				 => [return (0x82e8b49dBE53FaEa835CdB720eb513E1442976dD)]
			 => [call] R20SUSDS.transferFrom(address,address,uint256)(0x3aa0599f2686121d0586cB124e76BBbf6eF46502, 0x82e8b49dBE53FaEa835CdB720eb513E1442976dD, 15799284066645537510605) (addr=0x9A6F1e74347a08b8d93FB1441922E06af8D8eaCa, value=0, sender=0xF553fE5E00d0BB13860C95876250818bCBEEE550)
				 => [event] Transfer(0x3aa0599f2686121d0586cB124e76BBbf6eF46502, 0x82e8b49dBE53FaEa835CdB720eb513E1442976dD, 15799284066645537510605)
				 => [return (true)]
			 => [call] R20Phusd.transferFrom(address,address,uint256)(0x3aa0599f2686121d0586cB124e76BBbf6eF46502, 0x82e8b49dBE53FaEa835CdB720eb513E1442976dD, 16611823010340350612104) (addr=0x9E18f151aCA7bc62BB44fF292A71800F788adfc5, value=0, sender=0xF553fE5E00d0BB13860C95876250818bCBEEE550)
				 => [event] Transfer(0x3aa0599f2686121d0586cB124e76BBbf6eF46502, 0x82e8b49dBE53FaEa835CdB720eb513E1442976dD, 16611823010340350612104)
				 => [return (true)]
			 => [call] UniV2Pair.mint(address)(0x3aa0599f2686121d0586cB124e76BBbf6eF46502) (addr=0x82e8b49dBE53FaEa835CdB720eb513E1442976dD, value=0, sender=0xF553fE5E00d0BB13860C95876250818bCBEEE550)
				 => [call] R20SUSDS.balanceOf(address)(0x82e8b49dBE53FaEa835CdB720eb513E1442976dD) (addr=0x9A6F1e74347a08b8d93FB1441922E06af8D8eaCa, value=<nil>, sender=0x82e8b49dBE53FaEa835CdB720eb513E1442976dD)
					 => [return (1053282865572144186184731)]
				 => [call] R20Phusd.balanceOf(address)(0x82e8b49dBE53FaEa835CdB720eb513E1442976dD) (addr=0x9E18f151aCA7bc62BB44fF292A71800F788adfc5, value=<nil>, sender=0x82e8b49dBE53FaEa835CdB720eb513E1442976dD)
					 => [return (1107451987628163028935356)]
				 => [call] UniV2Factory.feeTo()() (addr=0x5169503Ac064d5fA3Fe6fA375907F5275faF6aBc, value=<nil>, sender=0x82e8b49dBE53FaEa835CdB720eb513E1442976dD)
					 => [return (0xFee5)]
				 => [event] Transfer(0x0, 0xFee5, 3831450518668835933318)
				 => [event] Transfer(0x0, 0x3aa0599f2686121d0586cB124e76BBbf6eF46502, 15901946068457104867029)
				 => [event] Sync(1053282865572144186184731, 1107451987628163028935356)
				 => [event] Mint(0xF553fE5E00d0BB13860C95876250818bCBEEE550, 15799284066645537510605, 16611823010340350612104)
				 => [return (15901946068457104867029)]
			 => [return (15799284066645537510605, 16611823010340350612104, 15901946068457104867029)]
		 => [revert (error: UniPoolerV2__InsufficientLP(15901946068457104867029, 16476356017467361726786))]
	 => [call] R20SUSDS.balanceOf(address)(0x3aa0599f2686121d0586cB124e76BBbf6eF46502) (addr=0x9A6F1e74347a08b8d93FB1441922E06af8D8eaCa, value=<nil>, sender=0x38b3b548c9D05824d9bCd44561931Ef45734C98a)
		 => [return (63529411764705882352941)]
	 => [call] R20Phusd.balanceOf(address)(0x3aa0599f2686121d0586cB124e76BBbf6eF46502) (addr=0x9E18f151aCA7bc62BB44fF292A71800F788adfc5, value=<nil>, sender=0x38b3b548c9D05824d9bCd44561931Ef45734C98a)
		 => [return (0)]
	 => [call] UniV2Pair.balanceOf(address)(0x3aa0599f2686121d0586cB124e76BBbf6eF46502) (addr=0x82e8b49dBE53FaEa835CdB720eb513E1442976dD, value=<nil>, sender=0x38b3b548c9D05824d9bCd44561931Ef45734C98a)
		 => [return (10827883747902104690081)]
	 => [call] R20SUSDS.allowance(address,address)(0x3aa0599f2686121d0586cB124e76BBbf6eF46502, 0xF553fE5E00d0BB13860C95876250818bCBEEE550) (addr=0x9A6F1e74347a08b8d93FB1441922E06af8D8eaCa, value=<nil>, sender=0x38b3b548c9D05824d9bCd44561931Ef45734C98a)
		 => [return (0)]
	 => [call] R20Phusd.allowance(address,address)(0x3aa0599f2686121d0586cB124e76BBbf6eF46502, 0xF553fE5E00d0BB13860C95876250818bCBEEE550) (addr=0x9E18f151aCA7bc62BB44fF292A71800F788adfc5, value=<nil>, sender=0x38b3b548c9D05824d9bCd44561931Ef45734C98a)
		 => [return (0)]
	 => [return ()]

[Property Test Execution Trace]
[Execution Trace]
 => [call] MedusaUniPoolerDonate.property_P4_quoteLPIsValidFloor()() (addr=0x38b3b548c9D05824d9bCd44561931Ef45734C98a, value=0, sender=0x10000)
	 => [return (false)]

⇾ [FAILED] Property Test: MedusaUniPoolerDonate.property_P8_frontRunNeverStrands()
Test for method "MedusaUniPoolerDonate.property_P8_frontRunNeverStrands()" failed after the following call sequence:
[Call Sequence]
1) MedusaUniPoolerDonate.act_donateToPair(uint256,bool)(3412752256397222515744898553901990470888808003050534851581074130337294552, true) (block=36, time=36, gas=500000000, gasprice=0, value=0, sender=0x20000)
2) MedusaUniPoolerDonate.act_frontRunPool(uint256,uint256,uint256,bool)(452312848583266392185369063500105143103269412413714100045848621606416664269, 226152973471115142066922320953452937037368511157173360662104855290439118606, 0, false) (block=36, time=36, gas=500000000, gasprice=0, value=0, sender=0x20000)
[Execution Trace]
 => [call] MedusaUniPoolerDonate.act_frontRunPool(uint256,uint256,uint256,bool)(452312848583266392185369063500105143103269412413714100045848621606416664269, 226152973471115142066922320953452937037368511157173360662104855290439118606, 0, false) (addr=0x38b3b548c9D05824d9bCd44561931Ef45734C98a, value=0, sender=0x20000)
	 => [call] R20SUSDS.balanceOf(address)(0x3aa0599f2686121d0586cB124e76BBbf6eF46502) (addr=0x9A6F1e74347a08b8d93FB1441922E06af8D8eaCa, value=<nil>, sender=0x38b3b548c9D05824d9bCd44561931Ef45734C98a)
		 => [return (63529411764705882352941)]
	 => [call] UniPoolerV2.quotePool(uint256)(18156501908042489316489) (addr=0x3aa0599f2686121d0586cB124e76BBbf6eF46502, value=<nil>, sender=0x38b3b548c9D05824d9bCd44561931Ef45734C98a)
		 => [call] UniV2Pair.getReserves()() (addr=0x82e8b49dBE53FaEa835CdB720eb513E1442976dD, value=<nil>, sender=0x3aa0599f2686121d0586cB124e76BBbf6eF46502)
			 => [return (1021176470588235294117647, 1060000000000000000000000, 11)]
		 => [call] UniV2Pair.totalSupply()() (addr=0x82e8b49dBE53FaEa835CdB720eb513E1442976dD, value=<nil>, sender=0x3aa0599f2686121d0586cB124e76BBbf6eF46502)
			 => [return (1040393584642242367441634)]
		 => [return (9051830797690418705200, 9285716543557226840419, 9194507082308796983818)]
	 => [call] UniV2Pair.getReserves()() (addr=0x82e8b49dBE53FaEa835CdB720eb513E1442976dD, value=<nil>, sender=0x38b3b548c9D05824d9bCd44561931Ef45734C98a)
		 => [return (1021176470588235294117647, 1060000000000000000000000, 11)]
	 => [call] R20Phusd.mint(address,uint256)(0x38b3b548c9D05824d9bCd44561931Ef45734C98a, 1) (addr=0x9E18f151aCA7bc62BB44fF292A71800F788adfc5, value=0, sender=0x38b3b548c9D05824d9bCd44561931Ef45734C98a)
		 => [event] Transfer(0x0, 0x38b3b548c9D05824d9bCd44561931Ef45734C98a, 1)
		 => [return ()]
	 => [call] R20Phusd.approve(address,uint256)(0xF553fE5E00d0BB13860C95876250818bCBEEE550, 1) (addr=0x9E18f151aCA7bc62BB44fF292A71800F788adfc5, value=0, sender=0x38b3b548c9D05824d9bCd44561931Ef45734C98a)
		 => [event] Approval(0x38b3b548c9D05824d9bCd44561931Ef45734C98a, 0xF553fE5E00d0BB13860C95876250818bCBEEE550, 1)
		 => [return (true)]
	 => [call] UniV2Router02.swapExactTokensForTokens(uint256,uint256,address[],address,uint256)(1, 0, [0x9E18f151aCA7bc62BB44fF292A71800F788adfc5, 0x9A6F1e74347a08b8d93FB1441922E06af8D8eaCa], 0x38b3b548c9D05824d9bCd44561931Ef45734C98a, 36) (addr=0xF553fE5E00d0BB13860C95876250818bCBEEE550, value=0, sender=0x38b3b548c9D05824d9bCd44561931Ef45734C98a)
		 => [call] UniV2Factory.getPair(address,address)(0x9E18f151aCA7bc62BB44fF292A71800F788adfc5, 0x9A6F1e74347a08b8d93FB1441922E06af8D8eaCa) (addr=0x5169503Ac064d5fA3Fe6fA375907F5275faF6aBc, value=<nil>, sender=0xF553fE5E00d0BB13860C95876250818bCBEEE550)
			 => [return (0x82e8b49dBE53FaEa835CdB720eb513E1442976dD)]
		 => [call] UniV2Pair.getReserves()() (addr=0x82e8b49dBE53FaEa835CdB720eb513E1442976dD, value=<nil>, sender=0xF553fE5E00d0BB13860C95876250818bCBEEE550)
			 => [return (1021176470588235294117647, 1060000000000000000000000, 11)]
		 => [call] UniV2Factory.getPair(address,address)(0x9E18f151aCA7bc62BB44fF292A71800F788adfc5, 0x9A6F1e74347a08b8d93FB1441922E06af8D8eaCa) (addr=0x5169503Ac064d5fA3Fe6fA375907F5275faF6aBc, value=<nil>, sender=0xF553fE5E00d0BB13860C95876250818bCBEEE550)
			 => [return (0x82e8b49dBE53FaEa835CdB720eb513E1442976dD)]
		 => [call] R20Phusd.transferFrom(address,address,uint256)(0x38b3b548c9D05824d9bCd44561931Ef45734C98a, 0x82e8b49dBE53FaEa835CdB720eb513E1442976dD, 1) (addr=0x9E18f151aCA7bc62BB44fF292A71800F788adfc5, value=0, sender=0xF553fE5E00d0BB13860C95876250818bCBEEE550)
			 => [event] Transfer(0x38b3b548c9D05824d9bCd44561931Ef45734C98a, 0x82e8b49dBE53FaEa835CdB720eb513E1442976dD, 1)
			 => [return (true)]
		 => [call] UniV2Factory.getPair(address,address)(0x9E18f151aCA7bc62BB44fF292A71800F788adfc5, 0x9A6F1e74347a08b8d93FB1441922E06af8D8eaCa) (addr=0x5169503Ac064d5fA3Fe6fA375907F5275faF6aBc, value=<nil>, sender=0xF553fE5E00d0BB13860C95876250818bCBEEE550)
			 => [return (0x82e8b49dBE53FaEa835CdB720eb513E1442976dD)]
		 => [call] UniV2Pair.swap(uint256,uint256,address,bytes)(0, 0, 0x38b3b548c9D05824d9bCd44561931Ef45734C98a, ) (addr=0x82e8b49dBE53FaEa835CdB720eb513E1442976dD, value=0, sender=0xF553fE5E00d0BB13860C95876250818bCBEEE550)
			 => [revert ('UniswapV2: INSUFFICIENT_OUTPUT_AMOUNT')]
		 => [revert ('UniswapV2: INSUFFICIENT_OUTPUT_AMOUNT')]
	 => [call] R20SUSDS.balanceOf(address)(0x3aa0599f2686121d0586cB124e76BBbf6eF46502) (addr=0x9A6F1e74347a08b8d93FB1441922E06af8D8eaCa, value=<nil>, sender=0x38b3b548c9D05824d9bCd44561931Ef45734C98a)
		 => [return (63529411764705882352941)]
	 => [call] R20Phusd.balanceOf(address)(0x3aa0599f2686121d0586cB124e76BBbf6eF46502) (addr=0x9E18f151aCA7bc62BB44fF292A71800F788adfc5, value=<nil>, sender=0x38b3b548c9D05824d9bCd44561931Ef45734C98a)
		 => [return (0)]
	 => [call] UniV2Pair.balanceOf(address)(0x3aa0599f2686121d0586cB124e76BBbf6eF46502) (addr=0x82e8b49dBE53FaEa835CdB720eb513E1442976dD, value=<nil>, sender=0x38b3b548c9D05824d9bCd44561931Ef45734C98a)
		 => [return (10827883747902104690081)]
	 => [call] UniV2Pair.getReserves()() (addr=0x82e8b49dBE53FaEa835CdB720eb513E1442976dD, value=<nil>, sender=0x38b3b548c9D05824d9bCd44561931Ef45734C98a)
		 => [return (1021176470588235294117647, 1060000000000000000000000, 11)]
	 => [call] UniPoolerV2.pool(uint256,uint256,uint256)(18156501908042489316489, 9007145047250510035207, 8918671869839533074304) (addr=0x3aa0599f2686121d0586cB124e76BBbf6eF46502, value=0, sender=0x38b3b548c9D05824d9bCd44561931Ef45734C98a)
		 => [call] R20SUSDS.balanceOf(address)(0x3aa0599f2686121d0586cB124e76BBbf6eF46502) (addr=0x9A6F1e74347a08b8d93FB1441922E06af8D8eaCa, value=<nil>, sender=0x3aa0599f2686121d0586cB124e76BBbf6eF46502)
			 => [return (63529411764705882352941)]
		 => [call] UniV2Pair.getReserves()() (addr=0x82e8b49dBE53FaEa835CdB720eb513E1442976dD, value=<nil>, sender=0x3aa0599f2686121d0586cB124e76BBbf6eF46502)
			 => [return (1021176470588235294117647, 1060000000000000000000000, 11)]
		 => [call] R20SUSDS.approve(address,uint256)(0xF553fE5E00d0BB13860C95876250818bCBEEE550, 9051830797690418705200) (addr=0x9A6F1e74347a08b8d93FB1441922E06af8D8eaCa, value=0, sender=0x3aa0599f2686121d0586cB124e76BBbf6eF46502)
			 => [event] Approval(0x3aa0599f2686121d0586cB124e76BBbf6eF46502, 0xF553fE5E00d0BB13860C95876250818bCBEEE550, 9051830797690418705200)
			 => [return (true)]
		 => [call] UniV2Router02.swapExactTokensForTokens(uint256,uint256,address[],address,uint256)(9051830797690418705200, 9007145047250510035207, [0x9A6F1e74347a08b8d93FB1441922E06af8D8eaCa, 0x9E18f151aCA7bc62BB44fF292A71800F788adfc5], 0x3aa0599f2686121d0586cB124e76BBbf6eF46502, 36) (addr=0xF553fE5E00d0BB13860C95876250818bCBEEE550, value=0, sender=0x3aa0599f2686121d0586cB124e76BBbf6eF46502)
			 => [call] UniV2Factory.getPair(address,address)(0x9A6F1e74347a08b8d93FB1441922E06af8D8eaCa, 0x9E18f151aCA7bc62BB44fF292A71800F788adfc5) (addr=0x5169503Ac064d5fA3Fe6fA375907F5275faF6aBc, value=<nil>, sender=0xF553fE5E00d0BB13860C95876250818bCBEEE550)
				 => [return (0x82e8b49dBE53FaEa835CdB720eb513E1442976dD)]
			 => [call] UniV2Pair.getReserves()() (addr=0x82e8b49dBE53FaEa835CdB720eb513E1442976dD, value=<nil>, sender=0xF553fE5E00d0BB13860C95876250818bCBEEE550)
				 => [return (1021176470588235294117647, 1060000000000000000000000, 11)]
			 => [call] UniV2Factory.getPair(address,address)(0x9A6F1e74347a08b8d93FB1441922E06af8D8eaCa, 0x9E18f151aCA7bc62BB44fF292A71800F788adfc5) (addr=0x5169503Ac064d5fA3Fe6fA375907F5275faF6aBc, value=<nil>, sender=0xF553fE5E00d0BB13860C95876250818bCBEEE550)
				 => [return (0x82e8b49dBE53FaEa835CdB720eb513E1442976dD)]
			 => [call] R20SUSDS.transferFrom(address,address,uint256)(0x3aa0599f2686121d0586cB124e76BBbf6eF46502, 0x82e8b49dBE53FaEa835CdB720eb513E1442976dD, 9051830797690418705200) (addr=0x9A6F1e74347a08b8d93FB1441922E06af8D8eaCa, value=0, sender=0xF553fE5E00d0BB13860C95876250818bCBEEE550)
				 => [event] Transfer(0x3aa0599f2686121d0586cB124e76BBbf6eF46502, 0x82e8b49dBE53FaEa835CdB720eb513E1442976dD, 9051830797690418705200)
				 => [return (true)]
			 => [call] UniV2Factory.getPair(address,address)(0x9A6F1e74347a08b8d93FB1441922E06af8D8eaCa, 0x9E18f151aCA7bc62BB44fF292A71800F788adfc5) (addr=0x5169503Ac064d5fA3Fe6fA375907F5275faF6aBc, value=<nil>, sender=0xF553fE5E00d0BB13860C95876250818bCBEEE550)
				 => [return (0x82e8b49dBE53FaEa835CdB720eb513E1442976dD)]
			 => [call] UniV2Pair.swap(uint256,uint256,address,bytes)(0, 9285716543557226840419, 0x3aa0599f2686121d0586cB124e76BBbf6eF46502, ) (addr=0x82e8b49dBE53FaEa835CdB720eb513E1442976dD, value=0, sender=0xF553fE5E00d0BB13860C95876250818bCBEEE550)
				 => [call] R20Phusd.transfer(address,uint256)(0x3aa0599f2686121d0586cB124e76BBbf6eF46502, 9285716543557226840419) (addr=0x9E18f151aCA7bc62BB44fF292A71800F788adfc5, value=0, sender=0x82e8b49dBE53FaEa835CdB720eb513E1442976dD)
					 => [event] Transfer(0x82e8b49dBE53FaEa835CdB720eb513E1442976dD, 0x3aa0599f2686121d0586cB124e76BBbf6eF46502, 9285716543557226840419)
					 => [return (true)]
				 => [call] R20SUSDS.balanceOf(address)(0x82e8b49dBE53FaEa835CdB720eb513E1442976dD) (addr=0x9A6F1e74347a08b8d93FB1441922E06af8D8eaCa, value=<nil>, sender=0x82e8b49dBE53FaEa835CdB720eb513E1442976dD)
					 => [return (1059191070208875176676261)]
				 => [call] R20Phusd.balanceOf(address)(0x82e8b49dBE53FaEa835CdB720eb513E1442976dD) (addr=0x9E18f151aCA7bc62BB44fF292A71800F788adfc5, value=<nil>, sender=0x82e8b49dBE53FaEa835CdB720eb513E1442976dD)
					 => [return (1050714283456442773159581)]
				 => [event] Sync(1059191070208875176676261, 1050714283456442773159581)
				 => [event] Swap(0xF553fE5E00d0BB13860C95876250818bCBEEE550, 38014599620639882558614, 0, 0, 9285716543557226840419, 0x3aa0599f2686121d0586cB124e76BBbf6eF46502)
				 => [return ()]
			 => [return ([9051830797690418705200, 9285716543557226840419])]
		 => [call] R20SUSDS.approve(address,uint256)(0xF553fE5E00d0BB13860C95876250818bCBEEE550, 0) (addr=0x9A6F1e74347a08b8d93FB1441922E06af8D8eaCa, value=0, sender=0x3aa0599f2686121d0586cB124e76BBbf6eF46502)
			 => [event] Approval(0x3aa0599f2686121d0586cB124e76BBbf6eF46502, 0xF553fE5E00d0BB13860C95876250818bCBEEE550, 0)
			 => [return (true)]
		 => [call] R20SUSDS.approve(address,uint256)(0xF553fE5E00d0BB13860C95876250818bCBEEE550, 9104671110352070611289) (addr=0x9A6F1e74347a08b8d93FB1441922E06af8D8eaCa, value=0, sender=0x3aa0599f2686121d0586cB124e76BBbf6eF46502)
			 => [event] Approval(0x3aa0599f2686121d0586cB124e76BBbf6eF46502, 0xF553fE5E00d0BB13860C95876250818bCBEEE550, 9104671110352070611289)
			 => [return (true)]
		 => [call] R20Phusd.approve(address,uint256)(0xF553fE5E00d0BB13860C95876250818bCBEEE550, 9285716543557226840419) (addr=0x9E18f151aCA7bc62BB44fF292A71800F788adfc5, value=0, sender=0x3aa0599f2686121d0586cB124e76BBbf6eF46502)
			 => [event] Approval(0x3aa0599f2686121d0586cB124e76BBbf6eF46502, 0xF553fE5E00d0BB13860C95876250818bCBEEE550, 9285716543557226840419)
			 => [return (true)]
		 => [call] UniV2Router02.addLiquidity(address,address,uint256,uint256,uint256,uint256,address,uint256)(0x9A6F1e74347a08b8d93FB1441922E06af8D8eaCa, 0x9E18f151aCA7bc62BB44fF292A71800F788adfc5, 9104671110352070611289, 9285716543557226840419, 0, 0, 0x3aa0599f2686121d0586cB124e76BBbf6eF46502, 36) (addr=0xF553fE5E00d0BB13860C95876250818bCBEEE550, value=0, sender=0x3aa0599f2686121d0586cB124e76BBbf6eF46502)
			 => [call] UniV2Factory.getPair(address,address)(0x9A6F1e74347a08b8d93FB1441922E06af8D8eaCa, 0x9E18f151aCA7bc62BB44fF292A71800F788adfc5) (addr=0x5169503Ac064d5fA3Fe6fA375907F5275faF6aBc, value=<nil>, sender=0xF553fE5E00d0BB13860C95876250818bCBEEE550)
				 => [return (0x82e8b49dBE53FaEa835CdB720eb513E1442976dD)]
			 => [call] UniV2Factory.getPair(address,address)(0x9A6F1e74347a08b8d93FB1441922E06af8D8eaCa, 0x9E18f151aCA7bc62BB44fF292A71800F788adfc5) (addr=0x5169503Ac064d5fA3Fe6fA375907F5275faF6aBc, value=<nil>, sender=0xF553fE5E00d0BB13860C95876250818bCBEEE550)
				 => [return (0x82e8b49dBE53FaEa835CdB720eb513E1442976dD)]
			 => [call] UniV2Pair.getReserves()() (addr=0x82e8b49dBE53FaEa835CdB720eb513E1442976dD, value=<nil>, sender=0xF553fE5E00d0BB13860C95876250818bCBEEE550)
				 => [return (1059191070208875176676261, 1050714283456442773159581, 36)]
			 => [call] UniV2Factory.getPair(address,address)(0x9A6F1e74347a08b8d93FB1441922E06af8D8eaCa, 0x9E18f151aCA7bc62BB44fF292A71800F788adfc5) (addr=0x5169503Ac064d5fA3Fe6fA375907F5275faF6aBc, value=<nil>, sender=0xF553fE5E00d0BB13860C95876250818bCBEEE550)
				 => [return (0x82e8b49dBE53FaEa835CdB720eb513E1442976dD)]
			 => [call] R20SUSDS.transferFrom(address,address,uint256)(0x3aa0599f2686121d0586cB124e76BBbf6eF46502, 0x82e8b49dBE53FaEa835CdB720eb513E1442976dD, 9104671110352070611289) (addr=0x9A6F1e74347a08b8d93FB1441922E06af8D8eaCa, value=0, sender=0xF553fE5E00d0BB13860C95876250818bCBEEE550)
				 => [event] Transfer(0x3aa0599f2686121d0586cB124e76BBbf6eF46502, 0x82e8b49dBE53FaEa835CdB720eb513E1442976dD, 9104671110352070611289)
				 => [return (true)]
			 => [call] R20Phusd.transferFrom(address,address,uint256)(0x3aa0599f2686121d0586cB124e76BBbf6eF46502, 0x82e8b49dBE53FaEa835CdB720eb513E1442976dD, 9031805734477756748578) (addr=0x9E18f151aCA7bc62BB44fF292A71800F788adfc5, value=0, sender=0xF553fE5E00d0BB13860C95876250818bCBEEE550)
				 => [event] Transfer(0x3aa0599f2686121d0586cB124e76BBbf6eF46502, 0x82e8b49dBE53FaEa835CdB720eb513E1442976dD, 9031805734477756748578)
				 => [return (true)]
			 => [call] UniV2Pair.mint(address)(0x3aa0599f2686121d0586cB124e76BBbf6eF46502) (addr=0x82e8b49dBE53FaEa835CdB720eb513E1442976dD, value=0, sender=0xF553fE5E00d0BB13860C95876250818bCBEEE550)
				 => [call] R20SUSDS.balanceOf(address)(0x82e8b49dBE53FaEa835CdB720eb513E1442976dD) (addr=0x9A6F1e74347a08b8d93FB1441922E06af8D8eaCa, value=<nil>, sender=0x82e8b49dBE53FaEa835CdB720eb513E1442976dD)
					 => [return (1068295741319227247287550)]
				 => [call] R20Phusd.balanceOf(address)(0x82e8b49dBE53FaEa835CdB720eb513E1442976dD) (addr=0x9E18f151aCA7bc62BB44fF292A71800F788adfc5, value=<nil>, sender=0x82e8b49dBE53FaEa835CdB720eb513E1442976dD)
					 => [return (1059746089190920529908159)]
				 => [call] UniV2Factory.feeTo()() (addr=0x5169503Ac064d5fA3Fe6fA375907F5275faF6aBc, value=<nil>, sender=0x82e8b49dBE53FaEa835CdB720eb513E1442976dD)
					 => [return (0xFee5)]
				 => [event] Transfer(0x0, 0xFee5, 2394916504006287393337)
				 => [event] Transfer(0x0, 0x3aa0599f2686121d0586cB124e76BBbf6eF46502, 8963676722388999785032)
				 => [event] Sync(1068295741319227247287550, 1059746089190920529908159)
				 => [event] Mint(0xF553fE5E00d0BB13860C95876250818bCBEEE550, 9104671110352070611289, 9031805734477756748578)
				 => [return (8963676722388999785032)]
			 => [return (9104671110352070611289, 9031805734477756748578, 8963676722388999785032)]
		 => [call] R20SUSDS.approve(address,uint256)(0xF553fE5E00d0BB13860C95876250818bCBEEE550, 0) (addr=0x9A6F1e74347a08b8d93FB1441922E06af8D8eaCa, value=0, sender=0x3aa0599f2686121d0586cB124e76BBbf6eF46502)
			 => [event] Approval(0x3aa0599f2686121d0586cB124e76BBbf6eF46502, 0xF553fE5E00d0BB13860C95876250818bCBEEE550, 0)
			 => [return (true)]
		 => [call] R20Phusd.approve(address,uint256)(0xF553fE5E00d0BB13860C95876250818bCBEEE550, 0) (addr=0x9E18f151aCA7bc62BB44fF292A71800F788adfc5, value=0, sender=0x3aa0599f2686121d0586cB124e76BBbf6eF46502)
			 => [event] Approval(0x3aa0599f2686121d0586cB124e76BBbf6eF46502, 0xF553fE5E00d0BB13860C95876250818bCBEEE550, 0)
			 => [return (true)]
		 => [event] Pooled(0x38b3b548c9D05824d9bCd44561931Ef45734C98a, 18156501908042489316489, 9051830797690418705200, 9285716543557226840419, 8963676722388999785032)
		 => [return ()]
	 => [call] UniV2Factory.feeTo()() (addr=0x5169503Ac064d5fA3Fe6fA375907F5275faF6aBc, value=<nil>, sender=0x38b3b548c9D05824d9bCd44561931Ef45734C98a)
		 => [return (0xFee5)]
	 => [call] R20SUSDS.balanceOf(address)(0x3aa0599f2686121d0586cB124e76BBbf6eF46502) (addr=0x9A6F1e74347a08b8d93FB1441922E06af8D8eaCa, value=<nil>, sender=0x38b3b548c9D05824d9bCd44561931Ef45734C98a)
		 => [return (45372909856663393036452)]
	 => [call] R20Phusd.balanceOf(address)(0x3aa0599f2686121d0586cB124e76BBbf6eF46502) (addr=0x9E18f151aCA7bc62BB44fF292A71800F788adfc5, value=<nil>, sender=0x38b3b548c9D05824d9bCd44561931Ef45734C98a)
		 => [return (253910809079470091841)]
	 => [call] UniV2Pair.balanceOf(address)(0x3aa0599f2686121d0586cB124e76BBbf6eF46502) (addr=0x82e8b49dBE53FaEa835CdB720eb513E1442976dD, value=<nil>, sender=0x38b3b548c9D05824d9bCd44561931Ef45734C98a)
		 => [return (19791560470291104475113)]
	 => [call] UniV2Pair.getReserves()() (addr=0x82e8b49dBE53FaEa835CdB720eb513E1442976dD, value=<nil>, sender=0x38b3b548c9D05824d9bCd44561931Ef45734C98a)
		 => [return (1068295741319227247287550, 1059746089190920529908159, 36)]
	 => [call] UniV2Router02.lastOut(address,address)(0x9A6F1e74347a08b8d93FB1441922E06af8D8eaCa, 0x9E18f151aCA7bc62BB44fF292A71800F788adfc5) (addr=0xF553fE5E00d0BB13860C95876250818bCBEEE550, value=<nil>, sender=0x38b3b548c9D05824d9bCd44561931Ef45734C98a)
		 => [return (9285716543557226840419)]
	 => [call] UniV2Factory.feeTo()() (addr=0x5169503Ac064d5fA3Fe6fA375907F5275faF6aBc, value=<nil>, sender=0x38b3b548c9D05824d9bCd44561931Ef45734C98a)
		 => [return (0xFee5)]
	 => [call] R20SUSDS.allowance(address,address)(0x3aa0599f2686121d0586cB124e76BBbf6eF46502, 0xF553fE5E00d0BB13860C95876250818bCBEEE550) (addr=0x9A6F1e74347a08b8d93FB1441922E06af8D8eaCa, value=<nil>, sender=0x38b3b548c9D05824d9bCd44561931Ef45734C98a)
		 => [return (0)]
	 => [call] R20Phusd.allowance(address,address)(0x3aa0599f2686121d0586cB124e76BBbf6eF46502, 0xF553fE5E00d0BB13860C95876250818bCBEEE550) (addr=0x9E18f151aCA7bc62BB44fF292A71800F788adfc5, value=<nil>, sender=0x38b3b548c9D05824d9bCd44561931Ef45734C98a)
		 => [return (0)]
	 => [return ()]

[Property Test Execution Trace]
[Execution Trace]
 => [call] MedusaUniPoolerDonate.property_P8_frontRunNeverStrands()() (addr=0x38b3b548c9D05824d9bCd44561931Ef45734C98a, value=0, sender=0x10000)
	 => [return (false)]

⇾ Test summary: 28 test(s) passed, 3 test(s) failed
⇾ html report(s) saved to: medusa-run20-corpus/coverage/coverage_report.html
⇾ lcov report(s) saved to: medusa-run20-corpus/coverage/lcov.info
