No files changed, compilation skipped
note[unaliased-plain-import]: use named imports '{A, B}' or alias 'import ".." as X'
 --> src/interfaces/IStableStaker.sol:4:8
  |
4 | import "./IStableStakerMigratable.sol";
  |        ^^^^^^^^^^^^^^^^^^^^^^^^^^^^^^^
  |
  = help: https://book.getfoundry.sh/reference/forge/forge-lint#unaliased-plain-import

note[unaliased-plain-import]: use named imports '{A, B}' or alias 'import ".." as X'
 --> test/symbolic/Run15_CreditNarrow.t.sol:4:8
  |
4 | import "forge-std/Test.sol";
  |        ^^^^^^^^^^^^^^^^^^^^
  |
  = help: https://book.getfoundry.sh/reference/forge/forge-lint#unaliased-plain-import

note[unaliased-plain-import]: use named imports '{A, B}' or alias 'import ".." as X'
 --> test/symbolic/SymParStrategy.sol:4:8
  |
4 | import "@openzeppelin/contracts/token/ERC20/IERC20.sol";
  |        ^^^^^^^^^^^^^^^^^^^^^^^^^^^^^^^^^^^^^^^^^^^^^^^^
  |
  = help: https://book.getfoundry.sh/reference/forge/forge-lint#unaliased-plain-import

note[unaliased-plain-import]: use named imports '{A, B}' or alias 'import ".." as X'
 --> test/symbolic/SymParStrategy.sol:5:8
  |
5 | import "@openzeppelin/contracts/token/ERC20/utils/SafeERC20.sol";
  |        ^^^^^^^^^^^^^^^^^^^^^^^^^^^^^^^^^^^^^^^^^^^^^^^^^^^^^^^^^
  |
  = help: https://book.getfoundry.sh/reference/forge/forge-lint#unaliased-plain-import

note[unaliased-plain-import]: use named imports '{A, B}' or alias 'import ".." as X'
 --> test/symbolic/SymParStrategy.sol:6:8
  |
6 | import "reflax-yield-vault/interfaces/IYieldStrategy.sol";
  |        ^^^^^^^^^^^^^^^^^^^^^^^^^^^^^^^^^^^^^^^^^^^^^^^^^^
  |
  = help: https://book.getfoundry.sh/reference/forge/forge-lint#unaliased-plain-import

note[unaliased-plain-import]: use named imports '{A, B}' or alias 'import ".." as X'
 --> test/invariant/Run15_MigrationProperties.t.sol:4:8
  |
4 | import "forge-std/Test.sol";
  |        ^^^^^^^^^^^^^^^^^^^^
  |
  = help: https://book.getfoundry.sh/reference/forge/forge-lint#unaliased-plain-import

note[mixed-case-function]: function names should use mixedCase
  --> test/symbolic/Run15_CreditNarrow.t.sol:15:14
   |
15 |     function check_p1b_creditNeverExceedsPrincipal(uint64 p, uint64 R, uint64 P) public pure {
   |              ^^^^^^^^^^^^^^^^^^^^^^^^^^^^^^^^^^^^^ help: consider using: `checkP1bCreditNeverExceedsPrincipal`
   |
   = help: https://book.getfoundry.sh/reference/forge/forge-lint#mixed-case-function

note[unaliased-plain-import]: use named imports '{A, B}' or alias 'import ".." as X'
 --> src/InPlaceMigrator.sol:4:8
  |
4 | import "@openzeppelin/contracts/access/Ownable.sol";
  |        ^^^^^^^^^^^^^^^^^^^^^^^^^^^^^^^^^^^^^^^^^^^^
  |
  = help: https://book.getfoundry.sh/reference/forge/forge-lint#unaliased-plain-import

note[unaliased-plain-import]: use named imports '{A, B}' or alias 'import ".." as X'
 --> src/InPlaceMigrator.sol:5:8
  |
5 | import "@openzeppelin/contracts/token/ERC20/IERC20.sol";
  |        ^^^^^^^^^^^^^^^^^^^^^^^^^^^^^^^^^^^^^^^^^^^^^^^^
  |
  = help: https://book.getfoundry.sh/reference/forge/forge-lint#unaliased-plain-import

note[unaliased-plain-import]: use named imports '{A, B}' or alias 'import ".." as X'
 --> src/InPlaceMigrator.sol:6:8
  |
6 | import "@openzeppelin/contracts/token/ERC20/utils/SafeERC20.sol";
  |        ^^^^^^^^^^^^^^^^^^^^^^^^^^^^^^^^^^^^^^^^^^^^^^^^^^^^^^^^^
  |
  = help: https://book.getfoundry.sh/reference/forge/forge-lint#unaliased-plain-import

note[unaliased-plain-import]: use named imports '{A, B}' or alias 'import ".." as X'
 --> test/StableStakerV1Frozen.t.sol:4:8
  |
4 | import "forge-std/Test.sol";
  |        ^^^^^^^^^^^^^^^^^^^^
  |
  = help: https://book.getfoundry.sh/reference/forge/forge-lint#unaliased-plain-import

note[unaliased-plain-import]: use named imports '{A, B}' or alias 'import ".." as X'
 --> test/symbolic/Run15_Sanity2.t.sol:4:8
  |
4 | import "./Run15_Migration2.t.sol";
  |        ^^^^^^^^^^^^^^^^^^^^^^^^^^
  |
  = help: https://book.getfoundry.sh/reference/forge/forge-lint#unaliased-plain-import

note[unaliased-plain-import]: use named imports '{A, B}' or alias 'import ".." as X'
 --> src/InPlaceMigrator.sol:7:8
  |
7 | import "@openzeppelin/contracts/utils/ReentrancyGuard.sol";
  |        ^^^^^^^^^^^^^^^^^^^^^^^^^^^^^^^^^^^^^^^^^^^^^^^^^^^
  |
  = help: https://book.getfoundry.sh/reference/forge/forge-lint#unaliased-plain-import

note[unaliased-plain-import]: use named imports '{A, B}' or alias 'import ".." as X'
 --> src/InPlaceMigrator.sol:8:8
  |
8 | import "@openzeppelin/contracts/utils/structs/EnumerableSet.sol";
  |        ^^^^^^^^^^^^^^^^^^^^^^^^^^^^^^^^^^^^^^^^^^^^^^^^^^^^^^^^^
  |
  = help: https://book.getfoundry.sh/reference/forge/forge-lint#unaliased-plain-import

note[unaliased-plain-import]: use named imports '{A, B}' or alias 'import ".." as X'
 --> test/symbolic/Run15_CreditNarrow32.t.sol:4:8
  |
4 | import "forge-std/Test.sol";
  |        ^^^^^^^^^^^^^^^^^^^^
  |
  = help: https://book.getfoundry.sh/reference/forge/forge-lint#unaliased-plain-import

note[unaliased-plain-import]: use named imports '{A, B}' or alias 'import ".." as X'
 --> test/invariant/Run15_MigrationProperties.t.sol:5:8
  |
5 | import "../../src/StableStakerV2.sol";
  |        ^^^^^^^^^^^^^^^^^^^^^^^^^^^^^^
  |
  = help: https://book.getfoundry.sh/reference/forge/forge-lint#unaliased-plain-import

note[unaliased-plain-import]: use named imports '{A, B}' or alias 'import ".." as X'
 --> test/symbolic/Run15_CreditFixedRP.t.sol:4:8
  |
4 | import "forge-std/Test.sol";
  |        ^^^^^^^^^^^^^^^^^^^^
  |
  = help: https://book.getfoundry.sh/reference/forge/forge-lint#unaliased-plain-import

note[mixed-case-function]: function names should use mixedCase
  --> test/symbolic/Run15_CreditFixedRP.t.sol:18:14
   |
18 |     function check_p1b_creditNeverExceedsPrincipal(uint256 p) public pure {
   |              ^^^^^^^^^^^^^^^^^^^^^^^^^^^^^^^^^^^^^ help: consider using: `checkP1bCreditNeverExceedsPrincipal`
   |
   = help: https://book.getfoundry.sh/reference/forge/forge-lint#mixed-case-function

note[mixed-case-function]: function names should use mixedCase
  --> test/symbolic/Run15_CreditNarrow32.t.sol:15:14
   |
15 |     function check_p1b_creditNeverExceedsPrincipal(uint32 p, uint32 R, uint32 P) public pure {
   |              ^^^^^^^^^^^^^^^^^^^^^^^^^^^^^^^^^^^^^ help: consider using: `checkP1bCreditNeverExceedsPrincipal`
   |
   = help: https://book.getfoundry.sh/reference/forge/forge-lint#mixed-case-function

note[mixed-case-function]: function names should use mixedCase
  --> test/symbolic/Run15_CreditNarrow32.t.sol:21:14
   |
21 |     function check_p1a_sumCreditsLeqR_2users(uint32 p1, uint32 p2, uint32 R) public pure {
   |              ^^^^^^^^^^^^^^^^^^^^^^^^^^^^^^^ help: consider using: `checkP1aSumCreditsLeqR2users`
   |
   = help: https://book.getfoundry.sh/reference/forge/forge-lint#mixed-case-function

note[unaliased-plain-import]: use named imports '{A, B}' or alias 'import ".." as X'
 --> test/symbolic/Run15_ProbeCases.t.sol:4:8
  |
4 | import "forge-std/Test.sol";
  |        ^^^^^^^^^^^^^^^^^^^^
  |
  = help: https://book.getfoundry.sh/reference/forge/forge-lint#unaliased-plain-import

note[unaliased-plain-import]: use named imports '{A, B}' or alias 'import ".." as X'
 --> src/InPlaceMigrator.sol:9:8
  |
9 | import "@openzeppelin/contracts/utils/math/Math.sol";
  |        ^^^^^^^^^^^^^^^^^^^^^^^^^^^^^^^^^^^^^^^^^^^^^
  |
  = help: https://book.getfoundry.sh/reference/forge/forge-lint#unaliased-plain-import

note[unaliased-plain-import]: use named imports '{A, B}' or alias 'import ".." as X'
 --> test/symbolic/Run15_ProbeCases.t.sol:5:8
  |
5 | import "../../src/StableStakerV2.sol";
  |        ^^^^^^^^^^^^^^^^^^^^^^^^^^^^^^
  |
  = help: https://book.getfoundry.sh/reference/forge/forge-lint#unaliased-plain-import

note[unaliased-plain-import]: use named imports '{A, B}' or alias 'import ".." as X'
 --> test/symbolic/Run15_ProbeCases.t.sol:6:8
  |
6 | import "../../src/CrossVersionMigrator.sol";
  |        ^^^^^^^^^^^^^^^^^^^^^^^^^^^^^^^^^^^^
  |
  = help: https://book.getfoundry.sh/reference/forge/forge-lint#unaliased-plain-import

note[unaliased-plain-import]: use named imports '{A, B}' or alias 'import ".." as X'
 --> test/symbolic/Run15_ProbeCases.t.sol:7:8
  |
7 | import "../../src/interfaces/IStableStaker.sol";
  |        ^^^^^^^^^^^^^^^^^^^^^^^^^^^^^^^^^^^^^^^^
  |
  = help: https://book.getfoundry.sh/reference/forge/forge-lint#unaliased-plain-import

note[mixed-case-function]: function names should use mixedCase
  --> test/symbolic/Run15_CreditNarrow32.t.sol:27:14
   |
27 |     function check_p1a_sumCreditsLeqR_3users(uint32 p1, uint32 p2, uint32 p3, uint32 R) public pure {
   |              ^^^^^^^^^^^^^^^^^^^^^^^^^^^^^^^ help: consider using: `checkP1aSumCreditsLeqR3users`
   |
   = help: https://book.getfoundry.sh/reference/forge/forge-lint#mixed-case-function

note[mixed-case-function]: function names should use mixedCase
  --> test/symbolic/Run15_CreditNarrow32.t.sol:33:14
   |
33 |     function check_p1_dustFavoursProtocol_2users(uint32 p1, uint32 p2, uint32 R) public pure {
   |              ^^^^^^^^^^^^^^^^^^^^^^^^^^^^^^^^^^^ help: consider using: `checkP1DustFavoursProtocol2users`
   |
   = help: https://book.getfoundry.sh/reference/forge/forge-lint#mixed-case-function

note[unaliased-plain-import]: use named imports '{A, B}' or alias 'import ".." as X'
 --> test/invariant/Run15_MigrationProperties.t.sol:6:8
  |
6 | import "flax-token/FlaxToken.sol";
  |        ^^^^^^^^^^^^^^^^^^^^^^^^^^
  |
  = help: https://book.getfoundry.sh/reference/forge/forge-lint#unaliased-plain-import

note[unaliased-plain-import]: use named imports '{A, B}' or alias 'import ".." as X'
  --> src/InPlaceMigrator.sol:10:8
   |
10 | import "./interfaces/IStableStaker.sol";
   |        ^^^^^^^^^^^^^^^^^^^^^^^^^^^^^^^^
   |
   = help: https://book.getfoundry.sh/reference/forge/forge-lint#unaliased-plain-import

note[mixed-case-function]: function names should use mixedCase
  --> test/symbolic/Run15_CreditNarrow.t.sol:21:14
   |
21 |     function check_p1a_sumCreditsLeqR_2users(uint64 p1, uint64 p2, uint64 R) public pure {
   |              ^^^^^^^^^^^^^^^^^^^^^^^^^^^^^^^ help: consider using: `checkP1aSumCreditsLeqR2users`
   |
   = help: https://book.getfoundry.sh/reference/forge/forge-lint#mixed-case-function

note[mixed-case-function]: function names should use mixedCase
  --> test/symbolic/Run15_CreditNarrow.t.sol:27:14
   |
27 |     function check_p1a_sumCreditsLeqR_3users(uint64 p1, uint64 p2, uint64 p3, uint64 R) public pure {
   |              ^^^^^^^^^^^^^^^^^^^^^^^^^^^^^^^ help: consider using: `checkP1aSumCreditsLeqR3users`
   |
   = help: https://book.getfoundry.sh/reference/forge/forge-lint#mixed-case-function

note[unaliased-plain-import]: use named imports '{A, B}' or alias 'import ".." as X'
 --> test/symbolic/Run15_CreditBounded32.t.sol:4:8
  |
4 | import "forge-std/Test.sol";
  |        ^^^^^^^^^^^^^^^^^^^^
  |
  = help: https://book.getfoundry.sh/reference/forge/forge-lint#unaliased-plain-import

note[mixed-case-function]: function names should use mixedCase
  --> test/symbolic/Run15_CreditBounded32.t.sol:25:14
   |
25 |     function check_p1b_creditNeverExceedsPrincipal(uint256 p, uint256 R, uint256 P) public pure {
   |              ^^^^^^^^^^^^^^^^^^^^^^^^^^^^^^^^^^^^^ help: consider using: `checkP1bCreditNeverExceedsPrincipal`
   |
   = help: https://book.getfoundry.sh/reference/forge/forge-lint#mixed-case-function

note[mixed-case-function]: function names should use mixedCase
  --> test/symbolic/Run15_CreditBounded32.t.sol:36:14
   |
36 |     function check_p1a_sumCreditsLeqR_2users(uint256 p1, uint256 p2, uint256 R) public pure {
   |              ^^^^^^^^^^^^^^^^^^^^^^^^^^^^^^^ help: consider using: `checkP1aSumCreditsLeqR2users`
   |
   = help: https://book.getfoundry.sh/reference/forge/forge-lint#mixed-case-function

note[unaliased-plain-import]: use named imports '{A, B}' or alias 'import ".." as X'
 --> test/invariant/Run15_MigrationProperties.t.sol:7:8
  |
7 | import "reflax-yield-vault/interfaces/IYieldStrategy.sol";
  |        ^^^^^^^^^^^^^^^^^^^^^^^^^^^^^^^^^^^^^^^^^^^^^^^^^^
  |
  = help: https://book.getfoundry.sh/reference/forge/forge-lint#unaliased-plain-import

note[unaliased-plain-import]: use named imports '{A, B}' or alias 'import ".." as X'
 --> test/symbolic/Run15_ProbeCases.t.sol:8:8
  |
8 | import "flax-token/FlaxToken.sol";
  |        ^^^^^^^^^^^^^^^^^^^^^^^^^^
  |
  = help: https://book.getfoundry.sh/reference/forge/forge-lint#unaliased-plain-import

note[mixed-case-function]: function names should use mixedCase
  --> test/symbolic/Run15_CreditNarrow32.t.sol:42:14
   |
42 |     function check_p1c_donorCannotProfit(uint32 p, uint32 P, uint32 bal, uint32 D) public pure {
   |              ^^^^^^^^^^^^^^^^^^^^^^^^^^^ help: consider using: `checkP1cDonorCannotProfit`
   |
   = help: https://book.getfoundry.sh/reference/forge/forge-lint#mixed-case-function

note[mixed-case-function]: function names should use mixedCase
  --> test/symbolic/Run15_CreditNarrow32.t.sol:50:14
   |
50 |     function check_p1c_donationIsMonotone(uint32 p, uint32 P, uint32 bal, uint32 D) public pure {
   |              ^^^^^^^^^^^^^^^^^^^^^^^^^^^^ help: consider using: `checkP1cDonationIsMonotone`
   |
   = help: https://book.getfoundry.sh/reference/forge/forge-lint#mixed-case-function

note[mixed-case-function]: function names should use mixedCase
  --> test/symbolic/Run15_CreditNarrow.t.sol:33:14
   |
33 |     function check_p1_dustFavoursProtocol_2users(uint64 p1, uint64 p2, uint64 R) public pure {
   |              ^^^^^^^^^^^^^^^^^^^^^^^^^^^^^^^^^^^ help: consider using: `checkP1DustFavoursProtocol2users`
   |
   = help: https://book.getfoundry.sh/reference/forge/forge-lint#mixed-case-function

note[unaliased-plain-import]: use named imports '{A, B}' or alias 'import ".." as X'
 --> test/StableStakerV1Frozen.t.sol:5:8
  |
5 | import "../src/versions/v1/StableStakerV1.sol";
  |        ^^^^^^^^^^^^^^^^^^^^^^^^^^^^^^^^^^^^^^^
  |
  = help: https://book.getfoundry.sh/reference/forge/forge-lint#unaliased-plain-import

note[mixed-case-variable]: mutable variables should use mixedCase
  --> test/symbolic/Run15_ProbeCases.t.sol:42:15
   |
42 |     FlaxToken phUSD;
   |               ^^^^^ help: consider using: `phUsd`
   |
   = help: https://book.getfoundry.sh/reference/forge/forge-lint#mixed-case-variable

note[mixed-case-function]: function names should use mixedCase
  --> test/symbolic/Run15_CreditNarrow.t.sol:42:14
   |
42 |     function check_p1c_donorCannotProfit(uint64 p, uint64 P, uint64 bal, uint64 D) public pure {
   |              ^^^^^^^^^^^^^^^^^^^^^^^^^^^ help: consider using: `checkP1cDonorCannotProfit`
   |
   = help: https://book.getfoundry.sh/reference/forge/forge-lint#mixed-case-function

note[mixed-case-function]: function names should use mixedCase
  --> test/symbolic/Run15_CreditFixedRP.t.sol:23:14
   |
23 |     function check_p1a_sumCreditsLeqR_2users(uint256 p1) public pure {
   |              ^^^^^^^^^^^^^^^^^^^^^^^^^^^^^^^ help: consider using: `checkP1aSumCreditsLeqR2users`
   |
   = help: https://book.getfoundry.sh/reference/forge/forge-lint#mixed-case-function

note[screaming-snake-case-immutable]: immutables should use SCREAMING_SNAKE_CASE
  --> src/InPlaceMigrator.sol:73:36
   |
73 |     IStableStaker public immutable staker;
   |                                    ^^^^^^ help: consider using: `STAKER`
   |
   = help: https://book.getfoundry.sh/reference/forge/forge-lint#screaming-snake-case-immutable

note[mixed-case-variable]: mutable variables should use mixedCase
  --> test/invariant/Run15_MigrationProperties.t.sol:48:19
   |
48 |         FlaxToken phUSD;
   |                   ^^^^^ help: consider using: `phUsd`
   |
   = help: https://book.getfoundry.sh/reference/forge/forge-lint#mixed-case-variable

note[unaliased-plain-import]: use named imports '{A, B}' or alias 'import ".." as X'
 --> test/YieldStrategyIntegration.t.sol:4:8
  |
4 | import "forge-std/Test.sol";
  |        ^^^^^^^^^^^^^^^^^^^^
  |
  = help: https://book.getfoundry.sh/reference/forge/forge-lint#unaliased-plain-import

note[mixed-case-function]: function names should use mixedCase
  --> test/symbolic/Run15_CreditFixedRP.t.sol:28:14
   |
28 |     function check_p1_dustFavoursProtocol_2users(uint256 p1) public pure {
   |              ^^^^^^^^^^^^^^^^^^^^^^^^^^^^^^^^^^^ help: consider using: `checkP1DustFavoursProtocol2users`
   |
   = help: https://book.getfoundry.sh/reference/forge/forge-lint#mixed-case-function

note[unaliased-plain-import]: use named imports '{A, B}' or alias 'import ".." as X'
 --> src/StableStakerV2.sol:4:8
  |
4 | import "@openzeppelin/contracts/access/Ownable.sol";
  |        ^^^^^^^^^^^^^^^^^^^^^^^^^^^^^^^^^^^^^^^^^^^^
  |
  = help: https://book.getfoundry.sh/reference/forge/forge-lint#unaliased-plain-import

note[unaliased-plain-import]: use named imports '{A, B}' or alias 'import ".." as X'
 --> src/StableStakerV2.sol:5:8
  |
5 | import "@openzeppelin/contracts/utils/Pausable.sol";
  |        ^^^^^^^^^^^^^^^^^^^^^^^^^^^^^^^^^^^^^^^^^^^^
  |
  = help: https://book.getfoundry.sh/reference/forge/forge-lint#unaliased-plain-import

note[mixed-case-variable]: mutable variables should use mixedCase
   --> test/invariant/Run15_MigrationProperties.t.sol:106:18
    |
106 |         (uint256 RA, uint256 PA) = a.staker.migrationInfo(address(a.token));
    |                  ^^ help: consider using: `ra`
    |
    = help: https://book.getfoundry.sh/reference/forge/forge-lint#mixed-case-variable

note[unaliased-plain-import]: use named imports '{A, B}' or alias 'import ".." as X'
 --> test/EmissionCap.t.sol:4:8
  |
4 | import "forge-std/Test.sol";
  |        ^^^^^^^^^^^^^^^^^^^^
  |
  = help: https://book.getfoundry.sh/reference/forge/forge-lint#unaliased-plain-import

note[unaliased-plain-import]: use named imports '{A, B}' or alias 'import ".." as X'
 --> test/StableStakerV1Frozen.t.sol:6:8
  |
6 | import "../src/interfaces/IStableStakerMigratable.sol";
  |        ^^^^^^^^^^^^^^^^^^^^^^^^^^^^^^^^^^^^^^^^^^^^^^^
  |
  = help: https://book.getfoundry.sh/reference/forge/forge-lint#unaliased-plain-import

note[unaliased-plain-import]: use named imports '{A, B}' or alias 'import ".." as X'
 --> src/StableStakerV2.sol:6:8
  |
6 | import "@openzeppelin/contracts/utils/ReentrancyGuard.sol";
  |        ^^^^^^^^^^^^^^^^^^^^^^^^^^^^^^^^^^^^^^^^^^^^^^^^^^^
  |
  = help: https://book.getfoundry.sh/reference/forge/forge-lint#unaliased-plain-import

note[unaliased-plain-import]: use named imports '{A, B}' or alias 'import ".." as X'
 --> src/StableStakerV2.sol:7:8
  |
7 | import "@openzeppelin/contracts/token/ERC20/IERC20.sol";
  |        ^^^^^^^^^^^^^^^^^^^^^^^^^^^^^^^^^^^^^^^^^^^^^^^^
  |
  = help: https://book.getfoundry.sh/reference/forge/forge-lint#unaliased-plain-import

note[unaliased-plain-import]: use named imports '{A, B}' or alias 'import ".." as X'
 --> test/YieldStrategyIntegration.t.sol:5:8
  |
5 | import "../src/StableStakerV2.sol";
  |        ^^^^^^^^^^^^^^^^^^^^^^^^^^^
  |
  = help: https://book.getfoundry.sh/reference/forge/forge-lint#unaliased-plain-import

note[unaliased-plain-import]: use named imports '{A, B}' or alias 'import ".." as X'
 --> test/YieldStrategyIntegration.t.sol:6:8
  |
6 | import "flax-token/FlaxToken.sol";
  |        ^^^^^^^^^^^^^^^^^^^^^^^^^^
  |
  = help: https://book.getfoundry.sh/reference/forge/forge-lint#unaliased-plain-import

note[unaliased-plain-import]: use named imports '{A, B}' or alias 'import ".." as X'
 --> test/YieldStrategyIntegration.t.sol:7:8
  |
7 | import "reflax-yield-vault/interfaces/IYieldStrategy.sol";
  |        ^^^^^^^^^^^^^^^^^^^^^^^^^^^^^^^^^^^^^^^^^^^^^^^^^^
  |
  = help: https://book.getfoundry.sh/reference/forge/forge-lint#unaliased-plain-import

note[mixed-case-function]: function names should use mixedCase
  --> test/symbolic/Run15_CreditBounded32.t.sol:47:14
   |
47 |     function check_p1a_sumCreditsLeqR_3users(uint256 p1, uint256 p2, uint256 p3, uint256 R) public pure {
   |              ^^^^^^^^^^^^^^^^^^^^^^^^^^^^^^^ help: consider using: `checkP1aSumCreditsLeqR3users`
   |
   = help: https://book.getfoundry.sh/reference/forge/forge-lint#mixed-case-function

note[unaliased-plain-import]: use named imports '{A, B}' or alias 'import ".." as X'
 --> test/EmissionCap.t.sol:5:8
  |
5 | import "../src/StableStakerV2.sol";
  |        ^^^^^^^^^^^^^^^^^^^^^^^^^^^
  |
  = help: https://book.getfoundry.sh/reference/forge/forge-lint#unaliased-plain-import

note[unaliased-plain-import]: use named imports '{A, B}' or alias 'import ".." as X'
 --> test/EmissionCap.t.sol:6:8
  |
6 | import "flax-token/FlaxToken.sol";
  |        ^^^^^^^^^^^^^^^^^^^^^^^^^^
  |
  = help: https://book.getfoundry.sh/reference/forge/forge-lint#unaliased-plain-import

note[screaming-snake-case-immutable]: immutables should use SCREAMING_SNAKE_CASE
  --> src/InPlaceMigrator.sol:76:30
   |
76 |     uint256 public immutable migrationTimeout;
   |                              ^^^^^^^^^^^^^^^^ help: consider using: `MIGRATION_TIMEOUT`
   |
   = help: https://book.getfoundry.sh/reference/forge/forge-lint#screaming-snake-case-immutable

note[mixed-case-variable]: mutable variables should use mixedCase
   --> test/invariant/Run15_MigrationProperties.t.sol:106:30
    |
106 |         (uint256 RA, uint256 PA) = a.staker.migrationInfo(address(a.token));
    |                              ^^ help: consider using: `pa`
    |
    = help: https://book.getfoundry.sh/reference/forge/forge-lint#mixed-case-variable

note[mixed-case-variable]: mutable variables should use mixedCase
   --> test/invariant/Run15_MigrationProperties.t.sol:124:18
    |
124 |         (uint256 RB, uint256 PB) = b.staker.migrationInfo(address(b.token));
    |                  ^^ help: consider using: `rb`
    |
    = help: https://book.getfoundry.sh/reference/forge/forge-lint#mixed-case-variable

note[mixed-case-function]: function names should use mixedCase
  --> test/symbolic/Run15_CreditBounded32.t.sol:61:14
   |
61 |     function check_p1_dustFavoursProtocol_2users(uint256 p1, uint256 p2, uint256 R) public pure {
   |              ^^^^^^^^^^^^^^^^^^^^^^^^^^^^^^^^^^^ help: consider using: `checkP1DustFavoursProtocol2users`
   |
   = help: https://book.getfoundry.sh/reference/forge/forge-lint#mixed-case-function

note[mixed-case-variable]: mutable variables should use mixedCase
  --> test/YieldStrategyIntegration.t.sol:13:24
   |
13 |     FlaxToken internal phUSD;
   |                        ^^^^^ help: consider using: `phUsd`
   |
   = help: https://book.getfoundry.sh/reference/forge/forge-lint#mixed-case-variable

note[unaliased-plain-import]: use named imports '{A, B}' or alias 'import ".." as X'
 --> src/StableStakerV2.sol:8:8
  |
8 | import "@openzeppelin/contracts/token/ERC20/utils/SafeERC20.sol";
  |        ^^^^^^^^^^^^^^^^^^^^^^^^^^^^^^^^^^^^^^^^^^^^^^^^^^^^^^^^^
  |
  = help: https://book.getfoundry.sh/reference/forge/forge-lint#unaliased-plain-import

note[unaliased-plain-import]: use named imports '{A, B}' or alias 'import ".." as X'
 --> test/StableStakerV1Frozen.t.sol:7:8
  |
7 | import "flax-token/FlaxToken.sol";
  |        ^^^^^^^^^^^^^^^^^^^^^^^^^^
  |
  = help: https://book.getfoundry.sh/reference/forge/forge-lint#unaliased-plain-import

note[unaliased-plain-import]: use named imports '{A, B}' or alias 'import ".." as X'
 --> src/versions/v1/StableStakerV1.sol:4:8
  |
4 | import "@openzeppelin/contracts/access/Ownable.sol";
  |        ^^^^^^^^^^^^^^^^^^^^^^^^^^^^^^^^^^^^^^^^^^^^
  |
  = help: https://book.getfoundry.sh/reference/forge/forge-lint#unaliased-plain-import

note[unaliased-plain-import]: use named imports '{A, B}' or alias 'import ".." as X'
 --> src/versions/v1/StableStakerV1.sol:5:8
  |
5 | import "@openzeppelin/contracts/utils/Pausable.sol";
  |        ^^^^^^^^^^^^^^^^^^^^^^^^^^^^^^^^^^^^^^^^^^^^
  |
  = help: https://book.getfoundry.sh/reference/forge/forge-lint#unaliased-plain-import

note[screaming-snake-case-const]: constants should use SCREAMING_SNAKE_CASE
  --> test/StableStakerV1Frozen.t.sol:42:31
   |
42 |     address internal constant USDe = 0x4c9EDD5852cd905f086C759E8383e09bff1E68B3;
   |                               ^^^^ help: consider using: `US_DE`
   |
   = help: https://book.getfoundry.sh/reference/forge/forge-lint#screaming-snake-case-const

warning[erc20-unchecked-transfer]: ERC20 'transfer' and 'transferFrom' calls should check the return value
   --> test/YieldStrategyIntegration.t.sol:224:9
    |
224 |         usdc.transfer(address(staker), amount);
    |         ^^^^^^^^^^^^^^^^^^^^^^^^^^^^^^^^^^^^^^
    |
    = help: https://book.getfoundry.sh/reference/forge/forge-lint#erc20-unchecked-transfer

note[mixed-case-function]: function names should use mixedCase
  --> test/symbolic/Run15_CreditNarrow.t.sol:50:14
   |
50 |     function check_p1c_donationIsMonotone(uint64 p, uint64 P, uint64 bal, uint64 D) public pure {
   |              ^^^^^^^^^^^^^^^^^^^^^^^^^^^^ help: consider using: `checkP1cDonationIsMonotone`
   |
   = help: https://book.getfoundry.sh/reference/forge/forge-lint#mixed-case-function

note[mixed-case-variable]: mutable variables should use mixedCase
   --> test/invariant/Run15_MigrationProperties.t.sol:124:30
    |
124 |         (uint256 RB, uint256 PB) = b.staker.migrationInfo(address(b.token));
    |                              ^^ help: consider using: `pb`
    |
    = help: https://book.getfoundry.sh/reference/forge/forge-lint#mixed-case-variable

note[unaliased-plain-import]: use named imports '{A, B}' or alias 'import ".." as X'
 --> test/symbolic/Run15_CreditBounded64.t.sol:4:8
  |
4 | import "forge-std/Test.sol";
  |        ^^^^^^^^^^^^^^^^^^^^
  |
  = help: https://book.getfoundry.sh/reference/forge/forge-lint#unaliased-plain-import

note[unaliased-plain-import]: use named imports '{A, B}' or alias 'import ".." as X'
 --> src/versions/v1/StableStakerV1.sol:6:8
  |
6 | import "@openzeppelin/contracts/utils/ReentrancyGuard.sol";
  |        ^^^^^^^^^^^^^^^^^^^^^^^^^^^^^^^^^^^^^^^^^^^^^^^^^^^
  |
  = help: https://book.getfoundry.sh/reference/forge/forge-lint#unaliased-plain-import

note[unaliased-plain-import]: use named imports '{A, B}' or alias 'import ".." as X'
 --> src/versions/v1/StableStakerV1.sol:7:8
  |
7 | import "@openzeppelin/contracts/token/ERC20/IERC20.sol";
  |        ^^^^^^^^^^^^^^^^^^^^^^^^^^^^^^^^^^^^^^^^^^^^^^^^
  |
  = help: https://book.getfoundry.sh/reference/forge/forge-lint#unaliased-plain-import

note[unaliased-plain-import]: use named imports '{A, B}' or alias 'import ".." as X'
 --> src/versions/v1/StableStakerV1.sol:8:8
  |
8 | import "@openzeppelin/contracts/token/ERC20/utils/SafeERC20.sol";
  |        ^^^^^^^^^^^^^^^^^^^^^^^^^^^^^^^^^^^^^^^^^^^^^^^^^^^^^^^^^
  |
  = help: https://book.getfoundry.sh/reference/forge/forge-lint#unaliased-plain-import

note[unaliased-plain-import]: use named imports '{A, B}' or alias 'import ".." as X'
 --> test/DepositForPhantomStaker.t.sol:4:8
  |
4 | import "forge-std/Test.sol";
  |        ^^^^^^^^^^^^^^^^^^^^
  |
  = help: https://book.getfoundry.sh/reference/forge/forge-lint#unaliased-plain-import

note[mixed-case-variable]: mutable variables should use mixedCase
  --> test/EmissionCap.t.sol:11:24
   |
11 |     FlaxToken internal phUSD;
   |                        ^^^^^ help: consider using: `phUsd`
   |
   = help: https://book.getfoundry.sh/reference/forge/forge-lint#mixed-case-variable

note[unaliased-plain-import]: use named imports '{A, B}' or alias 'import ".." as X'
 --> test/poc/Run15_M01_ParExitFrontRun.t.sol:4:8
  |
4 | import "forge-std/Test.sol";
  |        ^^^^^^^^^^^^^^^^^^^^
  |
  = help: https://book.getfoundry.sh/reference/forge/forge-lint#unaliased-plain-import

note[unaliased-plain-import]: use named imports '{A, B}' or alias 'import ".." as X'
 --> test/poc/Run15_M01_ParExitFrontRun.t.sol:5:8
  |
5 | import "../../src/StableStakerV2.sol";
  |        ^^^^^^^^^^^^^^^^^^^^^^^^^^^^^^
  |
  = help: https://book.getfoundry.sh/reference/forge/forge-lint#unaliased-plain-import

note[unaliased-plain-import]: use named imports '{A, B}' or alias 'import ".." as X'
 --> test/poc/Run15_M01_ParExitFrontRun.t.sol:6:8
  |
6 | import "flax-token/FlaxToken.sol";
  |        ^^^^^^^^^^^^^^^^^^^^^^^^^^
  |
  = help: https://book.getfoundry.sh/reference/forge/forge-lint#unaliased-plain-import

note[mixed-case-function]: function names should use mixedCase
  --> test/symbolic/Run15_CreditBounded64.t.sol:25:14
   |
25 |     function check_p1b_creditNeverExceedsPrincipal(uint256 p, uint256 R, uint256 P) public pure {
   |              ^^^^^^^^^^^^^^^^^^^^^^^^^^^^^^^^^^^^^ help: consider using: `checkP1bCreditNeverExceedsPrincipal`
   |
   = help: https://book.getfoundry.sh/reference/forge/forge-lint#mixed-case-function

note[unaliased-plain-import]: use named imports '{A, B}' or alias 'import ".." as X'
 --> src/StableStakerV2.sol:9:8
  |
9 | import "@openzeppelin/contracts/utils/structs/EnumerableSet.sol";
  |        ^^^^^^^^^^^^^^^^^^^^^^^^^^^^^^^^^^^^^^^^^^^^^^^^^^^^^^^^^
  |
  = help: https://book.getfoundry.sh/reference/forge/forge-lint#unaliased-plain-import

note[unaliased-plain-import]: use named imports '{A, B}' or alias 'import ".." as X'
 --> test/GoldenRule.t.sol:4:8
  |
4 | import "forge-std/Test.sol";
  |        ^^^^^^^^^^^^^^^^^^^^
  |
  = help: https://book.getfoundry.sh/reference/forge/forge-lint#unaliased-plain-import

note[unaliased-plain-import]: use named imports '{A, B}' or alias 'import ".." as X'
 --> src/versions/v1/StableStakerV1.sol:9:8
  |
9 | import "@openzeppelin/contracts/utils/structs/EnumerableSet.sol";
  |        ^^^^^^^^^^^^^^^^^^^^^^^^^^^^^^^^^^^^^^^^^^^^^^^^^^^^^^^^^
  |
  = help: https://book.getfoundry.sh/reference/forge/forge-lint#unaliased-plain-import

note[unaliased-plain-import]: use named imports '{A, B}' or alias 'import ".." as X'
  --> src/versions/v1/StableStakerV1.sol:10:8
   |
10 | import "flax-token/IFlax.sol";
   |        ^^^^^^^^^^^^^^^^^^^^^^
   |
   = help: https://book.getfoundry.sh/reference/forge/forge-lint#unaliased-plain-import

note[unaliased-plain-import]: use named imports '{A, B}' or alias 'import ".." as X'
  --> src/StableStakerV2.sol:10:8
   |
10 | import "flax-token/IFlax.sol";
   |        ^^^^^^^^^^^^^^^^^^^^^^
   |
   = help: https://book.getfoundry.sh/reference/forge/forge-lint#unaliased-plain-import

note[unaliased-plain-import]: use named imports '{A, B}' or alias 'import ".." as X'
 --> test/GoldenRule.t.sol:5:8
  |
5 | import "../src/StableStakerV2.sol";
  |        ^^^^^^^^^^^^^^^^^^^^^^^^^^^
  |
  = help: https://book.getfoundry.sh/reference/forge/forge-lint#unaliased-plain-import

note[mixed-case-function]: function names should use mixedCase
  --> test/symbolic/Run15_CreditBounded32.t.sol:76:14
   |
76 |     function check_p1c_donorCannotProfit(uint256 p, uint256 P, uint256 bal, uint256 D) public pure {
   |              ^^^^^^^^^^^^^^^^^^^^^^^^^^^ help: consider using: `checkP1cDonorCannotProfit`
   |
   = help: https://book.getfoundry.sh/reference/forge/forge-lint#mixed-case-function

note[unaliased-plain-import]: use named imports '{A, B}' or alias 'import ".." as X'
 --> test/DepositForPhantomStaker.t.sol:5:8
  |
5 | import "../src/StableStakerV2.sol";
  |        ^^^^^^^^^^^^^^^^^^^^^^^^^^^
  |
  = help: https://book.getfoundry.sh/reference/forge/forge-lint#unaliased-plain-import

note[mixed-case-variable]: mutable variables should use mixedCase
   --> test/invariant/Run15_MigrationProperties.t.sol:170:18
    |
170 |         (uint256 RA, uint256 PA) = a.staker.migrationInfo(address(a.token));
    |                  ^^ help: consider using: `ra`
    |
    = help: https://book.getfoundry.sh/reference/forge/forge-lint#mixed-case-variable

note[unaliased-plain-import]: use named imports '{A, B}' or alias 'import ".." as X'
  --> src/StableStakerV2.sol:11:8
   |
11 | import "pauser/interfaces/IPausable.sol";
   |        ^^^^^^^^^^^^^^^^^^^^^^^^^^^^^^^^^
   |
   = help: https://book.getfoundry.sh/reference/forge/forge-lint#unaliased-plain-import

note[unaliased-plain-import]: use named imports '{A, B}' or alias 'import ".." as X'
 --> test/GoldenRule.t.sol:6:8
  |
6 | import "../src/interfaces/IStableStakerMigratable.sol";
  |        ^^^^^^^^^^^^^^^^^^^^^^^^^^^^^^^^^^^^^^^^^^^^^^^
  |
  = help: https://book.getfoundry.sh/reference/forge/forge-lint#unaliased-plain-import

note[unaliased-plain-import]: use named imports '{A, B}' or alias 'import ".." as X'
 --> test/GoldenRule.t.sol:7:8
  |
7 | import "../src/versions/v1/IStableStakerV1.sol";
  |        ^^^^^^^^^^^^^^^^^^^^^^^^^^^^^^^^^^^^^^^^
  |
  = help: https://book.getfoundry.sh/reference/forge/forge-lint#unaliased-plain-import

note[mixed-case-variable]: mutable variables should use mixedCase
   --> test/invariant/Run15_MigrationProperties.t.sol:170:30
    |
170 |         (uint256 RA, uint256 PA) = a.staker.migrationInfo(address(a.token));
    |                              ^^ help: consider using: `pa`
    |
    = help: https://book.getfoundry.sh/reference/forge/forge-lint#mixed-case-variable

note[unaliased-plain-import]: use named imports '{A, B}' or alias 'import ".." as X'
  --> src/StableStakerV2.sol:12:8
   |
12 | import "reflax-yield-vault/interfaces/IYieldStrategy.sol";
   |        ^^^^^^^^^^^^^^^^^^^^^^^^^^^^^^^^^^^^^^^^^^^^^^^^^^
   |
   = help: https://book.getfoundry.sh/reference/forge/forge-lint#unaliased-plain-import

note[unaliased-plain-import]: use named imports '{A, B}' or alias 'import ".." as X'
  --> src/versions/v1/StableStakerV1.sol:11:8
   |
11 | import "pauser/interfaces/IPausable.sol";
   |        ^^^^^^^^^^^^^^^^^^^^^^^^^^^^^^^^^
   |
   = help: https://book.getfoundry.sh/reference/forge/forge-lint#unaliased-plain-import

note[mixed-case-function]: function names should use mixedCase
  --> test/symbolic/Run15_CreditBounded32.t.sol:89:14
   |
89 |     function check_p1c_donationIsMonotone(uint256 p, uint256 P, uint256 bal, uint256 D) public pure {
   |              ^^^^^^^^^^^^^^^^^^^^^^^^^^^^ help: consider using: `checkP1cDonationIsMonotone`
   |
   = help: https://book.getfoundry.sh/reference/forge/forge-lint#mixed-case-function

note[unaliased-plain-import]: use named imports '{A, B}' or alias 'import ".." as X'
 --> test/GoldenRule.t.sol:8:8
  |
8 | import "flax-token/FlaxToken.sol";
  |        ^^^^^^^^^^^^^^^^^^^^^^^^^^
  |
  = help: https://book.getfoundry.sh/reference/forge/forge-lint#unaliased-plain-import

note[unaliased-plain-import]: use named imports '{A, B}' or alias 'import ".." as X'
 --> test/symbolic/Run15_Sanity.t.sol:4:8
  |
4 | import "./Run15_Migration.t.sol";
  |        ^^^^^^^^^^^^^^^^^^^^^^^^^
  |
  = help: https://book.getfoundry.sh/reference/forge/forge-lint#unaliased-plain-import

note[mixed-case-function]: function names should use mixedCase
  --> test/symbolic/Run15_CreditBounded64.t.sol:36:14
   |
36 |     function check_p1a_sumCreditsLeqR_2users(uint256 p1, uint256 p2, uint256 R) public pure {
   |              ^^^^^^^^^^^^^^^^^^^^^^^^^^^^^^^ help: consider using: `checkP1aSumCreditsLeqR2users`
   |
   = help: https://book.getfoundry.sh/reference/forge/forge-lint#mixed-case-function

note[unaliased-plain-import]: use named imports '{A, B}' or alias 'import ".." as X'
  --> src/versions/v1/StableStakerV1.sol:12:8
   |
12 | import "reflax-yield-vault/interfaces/IYieldStrategy.sol";
   |        ^^^^^^^^^^^^^^^^^^^^^^^^^^^^^^^^^^^^^^^^^^^^^^^^^^
   |
   = help: https://book.getfoundry.sh/reference/forge/forge-lint#unaliased-plain-import

note[unaliased-plain-import]: use named imports '{A, B}' or alias 'import ".." as X'
 --> test/poc/Run15_M01_ParExitFrontRun.t.sol:7:8
  |
7 | import "reflax-yield-vault/interfaces/IYieldStrategy.sol";
  |        ^^^^^^^^^^^^^^^^^^^^^^^^^^^^^^^^^^^^^^^^^^^^^^^^^^
  |
  = help: https://book.getfoundry.sh/reference/forge/forge-lint#unaliased-plain-import

note[mixed-case-variable]: mutable variables should use mixedCase
  --> test/GoldenRule.t.sol:38:24
   |
38 |     FlaxToken internal phUSD;
   |                        ^^^^^ help: consider using: `phUsd`
   |
   = help: https://book.getfoundry.sh/reference/forge/forge-lint#mixed-case-variable

note[unaliased-plain-import]: use named imports '{A, B}' or alias 'import ".." as X'
  --> src/StableStakerV2.sol:13:8
   |
13 | import "./interfaces/IStableStaker.sol";
   |        ^^^^^^^^^^^^^^^^^^^^^^^^^^^^^^^^
   |
   = help: https://book.getfoundry.sh/reference/forge/forge-lint#unaliased-plain-import

note[screaming-snake-case-immutable]: immutables should use SCREAMING_SNAKE_CASE
  --> src/StableStakerV2.sol:60:28
   |
60 |     IFlax public immutable phUSD;
   |                            ^^^^^ help: consider using: `PH_USD`
   |
   = help: https://book.getfoundry.sh/reference/forge/forge-lint#screaming-snake-case-immutable

note[unaliased-plain-import]: use named imports '{A, B}' or alias 'import ".." as X'
 --> test/mocks/MockYieldStrategy.sol:4:8
  |
4 | import "@openzeppelin/contracts/token/ERC20/IERC20.sol";
  |        ^^^^^^^^^^^^^^^^^^^^^^^^^^^^^^^^^^^^^^^^^^^^^^^^
  |
  = help: https://book.getfoundry.sh/reference/forge/forge-lint#unaliased-plain-import

note[mixed-case-variable]: mutable variables should use mixedCase
   --> src/StableStakerV2.sol:187:23
    |
187 |     constructor(IFlax _phUSD, address initialOwner) Ownable(initialOwner) {
    |                       ^^^^^^ help: consider using: `_phUsd`
    |
    = help: https://book.getfoundry.sh/reference/forge/forge-lint#mixed-case-variable

note[unaliased-plain-import]: use named imports '{A, B}' or alias 'import ".." as X'
 --> test/DepositForPhantomStaker.t.sol:6:8
  |
6 | import "flax-token/FlaxToken.sol";
  |        ^^^^^^^^^^^^^^^^^^^^^^^^^^
  |
  = help: https://book.getfoundry.sh/reference/forge/forge-lint#unaliased-plain-import

note[unaliased-plain-import]: use named imports '{A, B}' or alias 'import ".." as X'
 --> test/DepositForPhantomStaker.t.sol:7:8
  |
7 | import "reflax-yield-vault/interfaces/IYieldStrategy.sol";
  |        ^^^^^^^^^^^^^^^^^^^^^^^^^^^^^^^^^^^^^^^^^^^^^^^^^^
  |
  = help: https://book.getfoundry.sh/reference/forge/forge-lint#unaliased-plain-import

note[mixed-case-function]: function names should use mixedCase
  --> test/symbolic/Run15_CreditBounded64.t.sol:47:14
   |
47 |     function check_p1a_sumCreditsLeqR_3users(uint256 p1, uint256 p2, uint256 p3, uint256 R) public pure {
   |              ^^^^^^^^^^^^^^^^^^^^^^^^^^^^^^^ help: consider using: `checkP1aSumCreditsLeqR3users`
   |
   = help: https://book.getfoundry.sh/reference/forge/forge-lint#mixed-case-function

note[mixed-case-function]: function names should use mixedCase
   --> src/StableStakerV2.sol:207:14
    |
207 |     function phUSDPerDay(address token, uint256 amountPerDay) external onlyOwner poolExists(token) {
    |              ^^^^^^^^^^^ help: consider using: `phUsdPerDay`
    |
    = help: https://book.getfoundry.sh/reference/forge/forge-lint#mixed-case-function

note[screaming-snake-case-immutable]: immutables should use SCREAMING_SNAKE_CASE
  --> src/versions/v1/StableStakerV1.sol:90:28
   |
90 |     IFlax public immutable phUSD;
   |                            ^^^^^ help: consider using: `PH_USD`
   |
   = help: https://book.getfoundry.sh/reference/forge/forge-lint#screaming-snake-case-immutable

note[mixed-case-variable]: mutable variables should use mixedCase
   --> test/invariant/Run15_MigrationProperties.t.sol:204:19
    |
204 |         FlaxToken phUSD = new FlaxToken();
    |                   ^^^^^ help: consider using: `phUsd`
    |
    = help: https://book.getfoundry.sh/reference/forge/forge-lint#mixed-case-variable

note[mixed-case-variable]: mutable variables should use mixedCase
  --> test/poc/Run15_M01_ParExitFrontRun.t.sol:54:19
   |
54 |         FlaxToken phUSD;
   |                   ^^^^^ help: consider using: `phUsd`
   |
   = help: https://book.getfoundry.sh/reference/forge/forge-lint#mixed-case-variable

note[unaliased-plain-import]: use named imports '{A, B}' or alias 'import ".." as X'
 --> test/symbolic/Run15_Migration.t.sol:4:8
  |
4 | import "forge-std/Test.sol";
  |        ^^^^^^^^^^^^^^^^^^^^
  |
  = help: https://book.getfoundry.sh/reference/forge/forge-lint#unaliased-plain-import

note[unwrapped-modifier-logic]: wrap modifier logic to reduce code size
   --> src/StableStakerV2.sol:166:5
    |
166 | /     modifier onlyPauser() {
167 | |         require(msg.sender == pauser, "StableStaker: only pauser");
168 | |         _;
169 | |     }
    | |_____^
    |
help: wrap modifier logic to reduce code size
    |
166 ~     modifier onlyPauser() {
167 +         _onlyPauser();
168 +         _;
169 +     }
170 + 
171 +     function _onlyPauser() internal {
172 +         require(msg.sender == pauser, "StableStaker: only pauser");
173 +     }
    |
    = help: https://book.getfoundry.sh/reference/forge/forge-lint#unwrapped-modifier-logic

note[unwrapped-modifier-logic]: wrap modifier logic to reduce code size
   --> src/StableStakerV2.sol:171:5
    |
171 | /     modifier onlyMigrator() {
172 | |         require(msg.sender == migrator, "StableStaker: only migrator");
173 | |         _;
174 | |     }
    | |_____^
    |
help: wrap modifier logic to reduce code size
    |
171 ~     modifier onlyMigrator() {
172 +         _onlyMigrator();
173 +         _;
174 +     }
175 + 
176 +     function _onlyMigrator() internal {
177 +         require(msg.sender == migrator, "StableStaker: only migrator");
178 +     }
    |
    = help: https://book.getfoundry.sh/reference/forge/forge-lint#unwrapped-modifier-logic

note[mixed-case-variable]: mutable variables should use mixedCase
   --> src/versions/v1/StableStakerV1.sol:202:23
    |
202 |     constructor(IFlax _phUSD, address initialOwner) Ownable(initialOwner) {
    |                       ^^^^^^ help: consider using: `_phUsd`
    |
    = help: https://book.getfoundry.sh/reference/forge/forge-lint#mixed-case-variable

note[unaliased-plain-import]: use named imports '{A, B}' or alias 'import ".." as X'
 --> test/mocks/MockYieldStrategy.sol:5:8
  |
5 | import "@openzeppelin/contracts/token/ERC20/utils/SafeERC20.sol";
  |        ^^^^^^^^^^^^^^^^^^^^^^^^^^^^^^^^^^^^^^^^^^^^^^^^^^^^^^^^^
  |
  = help: https://book.getfoundry.sh/reference/forge/forge-lint#unaliased-plain-import

note[unaliased-plain-import]: use named imports '{A, B}' or alias 'import ".." as X'
 --> test/mocks/MockYieldStrategy.sol:6:8
  |
6 | import "reflax-yield-vault/interfaces/IYieldStrategy.sol";
  |        ^^^^^^^^^^^^^^^^^^^^^^^^^^^^^^^^^^^^^^^^^^^^^^^^^^
  |
  = help: https://book.getfoundry.sh/reference/forge/forge-lint#unaliased-plain-import

note[mixed-case-function]: function names should use mixedCase
  --> test/symbolic/Run15_CreditBounded64.t.sol:61:14
   |
61 |     function check_p1_dustFavoursProtocol_2users(uint256 p1, uint256 p2, uint256 R) public pure {
   |              ^^^^^^^^^^^^^^^^^^^^^^^^^^^^^^^^^^^ help: consider using: `checkP1DustFavoursProtocol2users`
   |
   = help: https://book.getfoundry.sh/reference/forge/forge-lint#mixed-case-function

note[unwrapped-modifier-logic]: wrap modifier logic to reduce code size
   --> src/StableStakerV2.sol:176:5
    |
176 | /     modifier poolExists(address token) {
177 | |         require(_registeredTokens.contains(token), "StableStaker: unknown token");
178 | |         _;
179 | |     }
    | |_____^
    |
help: wrap modifier logic to reduce code size
    |
176 ~     modifier poolExists(address token) {
177 +         _poolExists(token);
178 +         _;
179 +     }
180 + 
181 +     function _poolExists(address token) internal {
182 +         require(_registeredTokens.contains(token), "StableStaker: unknown token");
183 +     }
    |
    = help: https://book.getfoundry.sh/reference/forge/forge-lint#unwrapped-modifier-logic

note[unaliased-plain-import]: use named imports '{A, B}' or alias 'import ".." as X'
 --> test/poc/PoC_CVM_VersionProbe.t.sol:4:8
  |
4 | import "forge-std/Test.sol";
  |        ^^^^^^^^^^^^^^^^^^^^
  |
  = help: https://book.getfoundry.sh/reference/forge/forge-lint#unaliased-plain-import

note[unaliased-plain-import]: use named imports '{A, B}' or alias 'import ".." as X'
 --> test/symbolic/Run15_Migration.t.sol:5:8
  |
5 | import "../../src/StableStakerV2.sol";
  |        ^^^^^^^^^^^^^^^^^^^^^^^^^^^^^^
  |
  = help: https://book.getfoundry.sh/reference/forge/forge-lint#unaliased-plain-import

note[unaliased-plain-import]: use named imports '{A, B}' or alias 'import ".." as X'
 --> test/symbolic/Run15_Migration.t.sol:6:8
  |
6 | import "flax-token/FlaxToken.sol";
  |        ^^^^^^^^^^^^^^^^^^^^^^^^^^
  |
  = help: https://book.getfoundry.sh/reference/forge/forge-lint#unaliased-plain-import

note[mixed-case-variable]: mutable variables should use mixedCase
  --> test/DepositForPhantomStaker.t.sol:23:24
   |
23 |     FlaxToken internal phUSD;
   |                        ^^^^^ help: consider using: `phUsd`
   |
   = help: https://book.getfoundry.sh/reference/forge/forge-lint#mixed-case-variable

note[unaliased-plain-import]: use named imports '{A, B}' or alias 'import ".." as X'
 --> test/poc/PoC_CVM_VersionProbe.t.sol:5:8
  |
5 | import "../../src/CrossVersionMigrator.sol";
  |        ^^^^^^^^^^^^^^^^^^^^^^^^^^^^^^^^^^^^
  |
  = help: https://book.getfoundry.sh/reference/forge/forge-lint#unaliased-plain-import

note[mixed-case-variable]: mutable variables should use mixedCase
   --> test/invariant/Run15_MigrationProperties.t.sol:249:19
    |
249 |         FlaxToken phUSD = new FlaxToken();
    |                   ^^^^^ help: consider using: `phUsd`
    |
    = help: https://book.getfoundry.sh/reference/forge/forge-lint#mixed-case-variable

note[mixed-case-function]: function names should use mixedCase
   --> src/versions/v1/StableStakerV1.sol:222:14
    |
222 |     function phUSDPerDay(address token, uint256 amountPerDay) external onlyOwner poolExists(token) {
    |              ^^^^^^^^^^^ help: consider using: `phUsdPerDay`
    |
    = help: https://book.getfoundry.sh/reference/forge/forge-lint#mixed-case-function

note[unaliased-plain-import]: use named imports '{A, B}' or alias 'import ".." as X'
 --> src/CrossVersionMigrator.sol:4:8
  |
4 | import "@openzeppelin/contracts/access/Ownable.sol";
  |        ^^^^^^^^^^^^^^^^^^^^^^^^^^^^^^^^^^^^^^^^^^^^
  |
  = help: https://book.getfoundry.sh/reference/forge/forge-lint#unaliased-plain-import

note[unaliased-plain-import]: use named imports '{A, B}' or alias 'import ".." as X'
 --> test/poc/PoC_CVM_VersionProbe.t.sol:6:8
  |
6 | import "../../src/interfaces/IStableStakerMigratable.sol";
  |        ^^^^^^^^^^^^^^^^^^^^^^^^^^^^^^^^^^^^^^^^^^^^^^^^^^
  |
  = help: https://book.getfoundry.sh/reference/forge/forge-lint#unaliased-plain-import

note[unaliased-plain-import]: use named imports '{A, B}' or alias 'import ".." as X'
 --> test/StakerVersion.t.sol:4:8
  |
4 | import "forge-std/Test.sol";
  |        ^^^^^^^^^^^^^^^^^^^^
  |
  = help: https://book.getfoundry.sh/reference/forge/forge-lint#unaliased-plain-import

note[unaliased-plain-import]: use named imports '{A, B}' or alias 'import ".." as X'
 --> test/StakerVersion.t.sol:5:8
  |
5 | import "../src/StableStakerV2.sol";
  |        ^^^^^^^^^^^^^^^^^^^^^^^^^^^
  |
  = help: https://book.getfoundry.sh/reference/forge/forge-lint#unaliased-plain-import

note[unwrapped-modifier-logic]: wrap modifier logic to reduce code size
   --> src/versions/v1/StableStakerV1.sol:181:5
    |
181 | /     modifier onlyPauser() {
182 | |         require(msg.sender == pauser, "StableStaker: only pauser");
183 | |         _;
184 | |     }
    | |_____^
    |
help: wrap modifier logic to reduce code size
    |
181 ~     modifier onlyPauser() {
182 +         _onlyPauser();
183 +         _;
184 +     }
185 + 
186 +     function _onlyPauser() internal {
187 +         require(msg.sender == pauser, "StableStaker: only pauser");
188 +     }
    |
    = help: https://book.getfoundry.sh/reference/forge/forge-lint#unwrapped-modifier-logic

note[unaliased-plain-import]: use named imports '{A, B}' or alias 'import ".." as X'
 --> test/StableStakerV1Snapshot.t.sol:4:8
  |
4 | import "forge-std/Test.sol";
  |        ^^^^^^^^^^^^^^^^^^^^
  |
  = help: https://book.getfoundry.sh/reference/forge/forge-lint#unaliased-plain-import

note[unaliased-plain-import]: use named imports '{A, B}' or alias 'import ".." as X'
 --> test/symbolic/Run15_Migration.t.sol:9:8
  |
9 | import "reflax-yield-vault/interfaces/IYieldStrategy.sol";
  |        ^^^^^^^^^^^^^^^^^^^^^^^^^^^^^^^^^^^^^^^^^^^^^^^^^^
  |
  = help: https://book.getfoundry.sh/reference/forge/forge-lint#unaliased-plain-import

note[mixed-case-function]: function names should use mixedCase
  --> test/symbolic/Run15_CreditBounded64.t.sol:76:14
   |
76 |     function check_p1c_donorCannotProfit(uint256 p, uint256 P, uint256 bal, uint256 D) public pure {
   |              ^^^^^^^^^^^^^^^^^^^^^^^^^^^ help: consider using: `checkP1cDonorCannotProfit`
   |
   = help: https://book.getfoundry.sh/reference/forge/forge-lint#mixed-case-function

note[unaliased-plain-import]: use named imports '{A, B}' or alias 'import ".." as X'
 --> test/StakerVersion.t.sol:6:8
  |
6 | import "flax-token/FlaxToken.sol";
  |        ^^^^^^^^^^^^^^^^^^^^^^^^^^
  |
  = help: https://book.getfoundry.sh/reference/forge/forge-lint#unaliased-plain-import

note[mixed-case-variable]: mutable variables should use mixedCase
  --> test/StakerVersion.t.sol:19:24
   |
19 |     FlaxToken internal phUSD;
   |                        ^^^^^ help: consider using: `phUsd`
   |
   = help: https://book.getfoundry.sh/reference/forge/forge-lint#mixed-case-variable

note[mixed-case-variable]: mutable variables should use mixedCase
  --> test/symbolic/Run15_Migration.t.sol:24:24
   |
24 |     FlaxToken internal phUSD;
   |                        ^^^^^ help: consider using: `phUsd`
   |
   = help: https://book.getfoundry.sh/reference/forge/forge-lint#mixed-case-variable

note[mixed-case-variable]: mutable variables should use mixedCase
   --> test/invariant/Run15_MigrationProperties.t.sol:550:19
    |
550 |         FlaxToken phUSD = new FlaxToken();
    |                   ^^^^^ help: consider using: `phUsd`
    |
    = help: https://book.getfoundry.sh/reference/forge/forge-lint#mixed-case-variable

note[mixed-case-function]: function names should use mixedCase
  --> test/symbolic/Run15_CreditBounded64.t.sol:89:14
   |
89 |     function check_p1c_donationIsMonotone(uint256 p, uint256 P, uint256 bal, uint256 D) public pure {
   |              ^^^^^^^^^^^^^^^^^^^^^^^^^^^^ help: consider using: `checkP1cDonationIsMonotone`
   |
   = help: https://book.getfoundry.sh/reference/forge/forge-lint#mixed-case-function

note[unaliased-plain-import]: use named imports '{A, B}' or alias 'import ".." as X'
 --> test/StableStakerV1Snapshot.t.sol:5:8
  |
5 | import "../src/StableStakerV2.sol";
  |        ^^^^^^^^^^^^^^^^^^^^^^^^^^^
  |
  = help: https://book.getfoundry.sh/reference/forge/forge-lint#unaliased-plain-import

note[unwrapped-modifier-logic]: wrap modifier logic to reduce code size
   --> src/versions/v1/StableStakerV1.sol:186:5
    |
186 | /     modifier onlyMigrator() {
187 | |         require(msg.sender == migrator, "StableStaker: only migrator");
188 | |         _;
189 | |     }
    | |_____^
    |
help: wrap modifier logic to reduce code size
    |
186 ~     modifier onlyMigrator() {
187 +         _onlyMigrator();
188 +         _;
189 +     }
190 + 
191 +     function _onlyMigrator() internal {
192 +         require(msg.sender == migrator, "StableStaker: only migrator");
193 +     }
    |
    = help: https://book.getfoundry.sh/reference/forge/forge-lint#unwrapped-modifier-logic

note[unwrapped-modifier-logic]: wrap modifier logic to reduce code size
   --> src/versions/v1/StableStakerV1.sol:191:5
    |
191 | /     modifier poolExists(address token) {
192 | |         require(_registeredTokens.contains(token), "StableStaker: unknown token");
193 | |         _;
194 | |     }
    | |_____^
    |
help: wrap modifier logic to reduce code size
    |
191 ~     modifier poolExists(address token) {
192 +         _poolExists(token);
193 +         _;
194 +     }
195 + 
196 +     function _poolExists(address token) internal {
197 +         require(_registeredTokens.contains(token), "StableStaker: unknown token");
198 +     }
    |
    = help: https://book.getfoundry.sh/reference/forge/forge-lint#unwrapped-modifier-logic

note[unaliased-plain-import]: use named imports '{A, B}' or alias 'import ".." as X'
 --> test/StableStakerV1Snapshot.t.sol:6:8
  |
6 | import "../src/versions/v1/StableStakerV1.sol";
  |        ^^^^^^^^^^^^^^^^^^^^^^^^^^^^^^^^^^^^^^^
  |
  = help: https://book.getfoundry.sh/reference/forge/forge-lint#unaliased-plain-import

note[unaliased-plain-import]: use named imports '{A, B}' or alias 'import ".." as X'
 --> src/CrossVersionMigrator.sol:5:8
  |
5 | import "@openzeppelin/contracts/token/ERC20/IERC20.sol";
  |        ^^^^^^^^^^^^^^^^^^^^^^^^^^^^^^^^^^^^^^^^^^^^^^^^
  |
  = help: https://book.getfoundry.sh/reference/forge/forge-lint#unaliased-plain-import

note[unaliased-plain-import]: use named imports '{A, B}' or alias 'import ".." as X'
 --> src/versions/v1/IStableStakerV1.sol:4:8
  |
4 | import "flax-token/IFlax.sol";
  |        ^^^^^^^^^^^^^^^^^^^^^^
  |
  = help: https://book.getfoundry.sh/reference/forge/forge-lint#unaliased-plain-import

note[unaliased-plain-import]: use named imports '{A, B}' or alias 'import ".." as X'
 --> src/versions/v1/IStableStakerV1.sol:5:8
  |
5 | import "reflax-yield-vault/interfaces/IYieldStrategy.sol";
  |        ^^^^^^^^^^^^^^^^^^^^^^^^^^^^^^^^^^^^^^^^^^^^^^^^^^
  |
  = help: https://book.getfoundry.sh/reference/forge/forge-lint#unaliased-plain-import

note[unaliased-plain-import]: use named imports '{A, B}' or alias 'import ".." as X'
 --> src/versions/v1/IStableStakerV1.sol:6:8
  |
6 | import "../../interfaces/IStableStakerMigratable.sol";
  |        ^^^^^^^^^^^^^^^^^^^^^^^^^^^^^^^^^^^^^^^^^^^^^^
  |
  = help: https://book.getfoundry.sh/reference/forge/forge-lint#unaliased-plain-import

note[unaliased-plain-import]: use named imports '{A, B}' or alias 'import ".." as X'
 --> test/GoldenRuleInterface.t.sol:4:8
  |
4 | import "forge-std/Test.sol";
  |        ^^^^^^^^^^^^^^^^^^^^
  |
  = help: https://book.getfoundry.sh/reference/forge/forge-lint#unaliased-plain-import

note[unaliased-plain-import]: use named imports '{A, B}' or alias 'import ".." as X'
 --> test/poc/Run15_CodeScan.t.sol:4:8
  |
4 | import "forge-std/Test.sol";
  |        ^^^^^^^^^^^^^^^^^^^^
  |
  = help: https://book.getfoundry.sh/reference/forge/forge-lint#unaliased-plain-import

note[unaliased-plain-import]: use named imports '{A, B}' or alias 'import ".." as X'
 --> test/poc/Run15_CodeScan.t.sol:5:8
  |
5 | import "../../src/StableStakerV2.sol";
  |        ^^^^^^^^^^^^^^^^^^^^^^^^^^^^^^
  |
  = help: https://book.getfoundry.sh/reference/forge/forge-lint#unaliased-plain-import

note[unaliased-plain-import]: use named imports '{A, B}' or alias 'import ".." as X'
 --> test/poc/Run15_CodeScan.t.sol:6:8
  |
6 | import "../../src/CrossVersionMigrator.sol";
  |        ^^^^^^^^^^^^^^^^^^^^^^^^^^^^^^^^^^^^
  |
  = help: https://book.getfoundry.sh/reference/forge/forge-lint#unaliased-plain-import

note[mixed-case-function]: function names should use mixedCase
  --> test/symbolic/Run15_Migration.t.sol:63:14
   |
63 |     function check_p2_selfHealNeverEatsUserPrincipal(uint256 p, uint256 excess) public {
   |              ^^^^^^^^^^^^^^^^^^^^^^^^^^^^^^^^^^^^^^^ help: consider using: `checkP2SelfHealNeverEatsUserPrincipal`
   |
   = help: https://book.getfoundry.sh/reference/forge/forge-lint#mixed-case-function

note[mixed-case-function]: function names should use mixedCase
  --> test/symbolic/Run15_Migration.t.sol:85:14
   |
85 |     function check_p2b_selfHealUnderwater(uint256 p, uint256 excess, uint256 bps) public {
   |              ^^^^^^^^^^^^^^^^^^^^^^^^^^^^ help: consider using: `checkP2bSelfHealUnderwater`
   |
   = help: https://book.getfoundry.sh/reference/forge/forge-lint#mixed-case-function

note[unaliased-plain-import]: use named imports '{A, B}' or alias 'import ".." as X'
 --> test/invariant/ReceivedDecrementERC4626Strategy.sol:4:8
  |
4 | import "@openzeppelin/contracts/token/ERC20/IERC20.sol";
  |        ^^^^^^^^^^^^^^^^^^^^^^^^^^^^^^^^^^^^^^^^^^^^^^^^
  |
  = help: https://book.getfoundry.sh/reference/forge/forge-lint#unaliased-plain-import

note[unaliased-plain-import]: use named imports '{A, B}' or alias 'import ".." as X'
 --> test/invariant/ReceivedDecrementERC4626Strategy.sol:5:8
  |
5 | import "@openzeppelin/contracts/token/ERC20/utils/SafeERC20.sol";
  |        ^^^^^^^^^^^^^^^^^^^^^^^^^^^^^^^^^^^^^^^^^^^^^^^^^^^^^^^^^
  |
  = help: https://book.getfoundry.sh/reference/forge/forge-lint#unaliased-plain-import

note[unaliased-plain-import]: use named imports '{A, B}' or alias 'import ".." as X'
 --> test/GoldenRuleInterface.t.sol:5:8
  |
5 | import "../src/StableStakerV2.sol";
  |        ^^^^^^^^^^^^^^^^^^^^^^^^^^^
  |
  = help: https://book.getfoundry.sh/reference/forge/forge-lint#unaliased-plain-import

note[mixed-case-function]: function names should use mixedCase
   --> test/symbolic/Run15_Migration.t.sol:113:14
    |
113 |     function check_p3_orderAndMethodIndependence(uint256 p1, uint256 p2, uint256 bps) public {
    |              ^^^^^^^^^^^^^^^^^^^^^^^^^^^^^^^^^^^ help: consider using: `checkP3OrderAndMethodIndependence`
    |
    = help: https://book.getfoundry.sh/reference/forge/forge-lint#mixed-case-function

note[mixed-case-function]: function names should use mixedCase
  --> src/versions/v1/IStableStakerV1.sol:88:14
   |
88 |     function phUSDPerDay(address token, uint256 amountPerDay) external;
   |              ^^^^^^^^^^^ help: consider using: `phUsdPerDay`
   |
   = help: https://book.getfoundry.sh/reference/forge/forge-lint#mixed-case-function

note[unaliased-plain-import]: use named imports '{A, B}' or alias 'import ".." as X'
 --> src/CrossVersionMigrator.sol:6:8
  |
6 | import "@openzeppelin/contracts/token/ERC20/utils/SafeERC20.sol";
  |        ^^^^^^^^^^^^^^^^^^^^^^^^^^^^^^^^^^^^^^^^^^^^^^^^^^^^^^^^^
  |
  = help: https://book.getfoundry.sh/reference/forge/forge-lint#unaliased-plain-import

note[unaliased-plain-import]: use named imports '{A, B}' or alias 'import ".." as X'
 --> test/StableStakerV1Snapshot.t.sol:7:8
  |
7 | import "../src/versions/v1/IStableStakerV1.sol";
  |        ^^^^^^^^^^^^^^^^^^^^^^^^^^^^^^^^^^^^^^^^
  |
  = help: https://book.getfoundry.sh/reference/forge/forge-lint#unaliased-plain-import

note[unaliased-plain-import]: use named imports '{A, B}' or alias 'import ".." as X'
 --> test/StableStakerV1Snapshot.t.sol:8:8
  |
8 | import "flax-token/FlaxToken.sol";
  |        ^^^^^^^^^^^^^^^^^^^^^^^^^^
  |
  = help: https://book.getfoundry.sh/reference/forge/forge-lint#unaliased-plain-import

note[mixed-case-variable]: mutable variables should use mixedCase
  --> test/StableStakerV1Snapshot.t.sol:36:24
   |
36 |     FlaxToken internal phUSD;
   |                        ^^^^^ help: consider using: `phUsd`
   |
   = help: https://book.getfoundry.sh/reference/forge/forge-lint#mixed-case-variable

note[unaliased-plain-import]: use named imports '{A, B}' or alias 'import ".." as X'
 --> test/InPlaceMigrator.t.sol:4:8
  |
4 | import "forge-std/Test.sol";
  |        ^^^^^^^^^^^^^^^^^^^^
  |
  = help: https://book.getfoundry.sh/reference/forge/forge-lint#unaliased-plain-import

note[unaliased-plain-import]: use named imports '{A, B}' or alias 'import ".." as X'
 --> test/poc/Run15_CodeScan.t.sol:7:8
  |
7 | import "../../src/interfaces/IStableStakerMigratable.sol";
  |        ^^^^^^^^^^^^^^^^^^^^^^^^^^^^^^^^^^^^^^^^^^^^^^^^^^
  |
  = help: https://book.getfoundry.sh/reference/forge/forge-lint#unaliased-plain-import

note[mixed-case-function]: function names should use mixedCase
   --> src/versions/v1/IStableStakerV1.sol:185:14
    |
185 |     function phUSD() external view returns (IFlax);
    |              ^^^^^ help: consider using: `phUsd`
    |
    = help: https://book.getfoundry.sh/reference/forge/forge-lint#mixed-case-function

note[unaliased-plain-import]: use named imports '{A, B}' or alias 'import ".." as X'
 --> src/CrossVersionMigrator.sol:7:8
  |
7 | import "./interfaces/IStableStakerMigratable.sol";
  |        ^^^^^^^^^^^^^^^^^^^^^^^^^^^^^^^^^^^^^^^^^^
  |
  = help: https://book.getfoundry.sh/reference/forge/forge-lint#unaliased-plain-import

note[unaliased-plain-import]: use named imports '{A, B}' or alias 'import ".." as X'
 --> test/InPlaceMigrator.t.sol:5:8
  |
5 | import "../src/StableStakerV2.sol";
  |        ^^^^^^^^^^^^^^^^^^^^^^^^^^^
  |
  = help: https://book.getfoundry.sh/reference/forge/forge-lint#unaliased-plain-import

note[unaliased-plain-import]: use named imports '{A, B}' or alias 'import ".." as X'
 --> test/invariant/ReceivedDecrementERC4626Strategy.sol:6:8
  |
6 | import "@openzeppelin/contracts/interfaces/IERC4626.sol";
  |        ^^^^^^^^^^^^^^^^^^^^^^^^^^^^^^^^^^^^^^^^^^^^^^^^^
  |
  = help: https://book.getfoundry.sh/reference/forge/forge-lint#unaliased-plain-import

note[unaliased-plain-import]: use named imports '{A, B}' or alias 'import ".." as X'
 --> test/symbolic/Run15_CreditAxiom.t.sol:4:8
  |
4 | import "forge-std/Test.sol";
  |        ^^^^^^^^^^^^^^^^^^^^
  |
  = help: https://book.getfoundry.sh/reference/forge/forge-lint#unaliased-plain-import

note[unaliased-plain-import]: use named imports '{A, B}' or alias 'import ".." as X'
 --> test/GoldenRuleInterface.t.sol:6:8
  |
6 | import "../src/interfaces/IStableStaker.sol";
  |        ^^^^^^^^^^^^^^^^^^^^^^^^^^^^^^^^^^^^^
  |
  = help: https://book.getfoundry.sh/reference/forge/forge-lint#unaliased-plain-import

note[unaliased-plain-import]: use named imports '{A, B}' or alias 'import ".." as X'
 --> test/Migration.t.sol:4:8
  |
4 | import "forge-std/Test.sol";
  |        ^^^^^^^^^^^^^^^^^^^^
  |
  = help: https://book.getfoundry.sh/reference/forge/forge-lint#unaliased-plain-import

note[screaming-snake-case-immutable]: immutables should use SCREAMING_SNAKE_CASE
   --> src/CrossVersionMigrator.sol:103:46
    |
103 |     IStableStakerMigratable public immutable oldStaker;
    |                                              ^^^^^^^^^ help: consider using: `OLD_STAKER`
    |
    = help: https://book.getfoundry.sh/reference/forge/forge-lint#screaming-snake-case-immutable

note[screaming-snake-case-immutable]: immutables should use SCREAMING_SNAKE_CASE
   --> src/CrossVersionMigrator.sol:106:46
    |
106 |     IStableStakerMigratable public immutable newStaker;
    |                                              ^^^^^^^^^ help: consider using: `NEW_STAKER`
    |
    = help: https://book.getfoundry.sh/reference/forge/forge-lint#screaming-snake-case-immutable

note[unaliased-plain-import]: use named imports '{A, B}' or alias 'import ".." as X'
 --> test/GoldenRuleInterface.t.sol:7:8
  |
7 | import "../src/interfaces/IStableStakerMigratable.sol";
  |        ^^^^^^^^^^^^^^^^^^^^^^^^^^^^^^^^^^^^^^^^^^^^^^^
  |
  = help: https://book.getfoundry.sh/reference/forge/forge-lint#unaliased-plain-import

note[unaliased-plain-import]: use named imports '{A, B}' or alias 'import ".." as X'
 --> test/invariant/ReceivedDecrementERC4626Strategy.sol:7:8
  |
7 | import "reflax-yield-vault/interfaces/IYieldStrategy.sol";
  |        ^^^^^^^^^^^^^^^^^^^^^^^^^^^^^^^^^^^^^^^^^^^^^^^^^^
  |
  = help: https://book.getfoundry.sh/reference/forge/forge-lint#unaliased-plain-import

note[mixed-case-function]: function names should use mixedCase
  --> test/symbolic/Run15_CreditAxiom.t.sol:28:14
   |
28 |     function check_p1b_creditNeverExceedsPrincipal(uint256 c, uint256 p, uint256 R, uint256 P) public pure {
   |              ^^^^^^^^^^^^^^^^^^^^^^^^^^^^^^^^^^^^^ help: consider using: `checkP1bCreditNeverExceedsPrincipal`
   |
   = help: https://book.getfoundry.sh/reference/forge/forge-lint#mixed-case-function

note[unaliased-plain-import]: use named imports '{A, B}' or alias 'import ".." as X'
 --> test/InPlaceMigrator.t.sol:6:8
  |
6 | import "../src/InPlaceMigrator.sol";
  |        ^^^^^^^^^^^^^^^^^^^^^^^^^^^^
  |
  = help: https://book.getfoundry.sh/reference/forge/forge-lint#unaliased-plain-import

note[unaliased-plain-import]: use named imports '{A, B}' or alias 'import ".." as X'
 --> test/GoldenRuleInterface.t.sol:8:8
  |
8 | import "flax-token/FlaxToken.sol";
  |        ^^^^^^^^^^^^^^^^^^^^^^^^^^
  |
  = help: https://book.getfoundry.sh/reference/forge/forge-lint#unaliased-plain-import

note[unaliased-plain-import]: use named imports '{A, B}' or alias 'import ".." as X'
 --> test/StableStaker.t.sol:4:8
  |
4 | import "forge-std/Test.sol";
  |        ^^^^^^^^^^^^^^^^^^^^
  |
  = help: https://book.getfoundry.sh/reference/forge/forge-lint#unaliased-plain-import

note[unaliased-plain-import]: use named imports '{A, B}' or alias 'import ".." as X'
 --> test/poc/Run15_CodeScan.t.sol:8:8
  |
8 | import "flax-token/FlaxToken.sol";
  |        ^^^^^^^^^^^^^^^^^^^^^^^^^^
  |
  = help: https://book.getfoundry.sh/reference/forge/forge-lint#unaliased-plain-import

note[unaliased-plain-import]: use named imports '{A, B}' or alias 'import ".." as X'
 --> test/InPlaceMigrator.t.sol:7:8
  |
7 | import "../src/interfaces/IStableStaker.sol";
  |        ^^^^^^^^^^^^^^^^^^^^^^^^^^^^^^^^^^^^^
  |
  = help: https://book.getfoundry.sh/reference/forge/forge-lint#unaliased-plain-import

note[screaming-snake-case-immutable]: immutables should use SCREAMING_SNAKE_CASE
  --> test/invariant/ReceivedDecrementERC4626Strategy.sol:28:30
   |
28 |     address public immutable underlying;
   |                              ^^^^^^^^^^ help: consider using: `UNDERLYING`
   |
   = help: https://book.getfoundry.sh/reference/forge/forge-lint#screaming-snake-case-immutable

note[mixed-case-function]: function names should use mixedCase
  --> test/symbolic/Run15_CreditAxiom.t.sol:38:14
   |
38 |     function check_p1a_sumCreditsLeqR_2users(uint256 c1, uint256 c2, uint256 p1, uint256 p2, uint256 R)
   |              ^^^^^^^^^^^^^^^^^^^^^^^^^^^^^^^ help: consider using: `checkP1aSumCreditsLeqR2users`
   |
   = help: https://book.getfoundry.sh/reference/forge/forge-lint#mixed-case-function

note[unaliased-plain-import]: use named imports '{A, B}' or alias 'import ".." as X'
 --> test/CrossVersionMigrator.t.sol:4:8
  |
4 | import "forge-std/Test.sol";
  |        ^^^^^^^^^^^^^^^^^^^^
  |
  = help: https://book.getfoundry.sh/reference/forge/forge-lint#unaliased-plain-import

note[unaliased-plain-import]: use named imports '{A, B}' or alias 'import ".." as X'
 --> test/CrossVersionMigrator.t.sol:5:8
  |
5 | import "../src/StableStakerV2.sol";
  |        ^^^^^^^^^^^^^^^^^^^^^^^^^^^
  |
  = help: https://book.getfoundry.sh/reference/forge/forge-lint#unaliased-plain-import

note[screaming-snake-case-immutable]: immutables should use SCREAMING_SNAKE_CASE
  --> test/invariant/ReceivedDecrementERC4626Strategy.sol:29:31
   |
29 |     IERC4626 public immutable vault;
   |                               ^^^^^ help: consider using: `VAULT`
   |
   = help: https://book.getfoundry.sh/reference/forge/forge-lint#screaming-snake-case-immutable

note[mixed-case-function]: function names should use mixedCase
  --> test/symbolic/Run15_CreditAxiom.t.sol:52:14
   |
52 |     function check_p1_dustFavoursProtocol_2users(uint256 c1, uint256 c2, uint256 p1, uint256 p2, uint256 R)
   |              ^^^^^^^^^^^^^^^^^^^^^^^^^^^^^^^^^^^ help: consider using: `checkP1DustFavoursProtocol2users`
   |
   = help: https://book.getfoundry.sh/reference/forge/forge-lint#mixed-case-function

note[mixed-case-variable]: mutable variables should use mixedCase
  --> test/poc/Run15_CodeScan.t.sol:13:15
   |
13 |     FlaxToken phUSD;
   |               ^^^^^ help: consider using: `phUsd`
   |
   = help: https://book.getfoundry.sh/reference/forge/forge-lint#mixed-case-variable

note[unaliased-plain-import]: use named imports '{A, B}' or alias 'import ".." as X'
 --> test/Migration.t.sol:5:8
  |
5 | import "../src/StableStakerV2.sol";
  |        ^^^^^^^^^^^^^^^^^^^^^^^^^^^
  |
  = help: https://book.getfoundry.sh/reference/forge/forge-lint#unaliased-plain-import

note[unaliased-plain-import]: use named imports '{A, B}' or alias 'import ".." as X'
 --> test/InPlaceMigrator.t.sol:8:8
  |
8 | import "flax-token/FlaxToken.sol";
  |        ^^^^^^^^^^^^^^^^^^^^^^^^^^
  |
  = help: https://book.getfoundry.sh/reference/forge/forge-lint#unaliased-plain-import

note[unaliased-plain-import]: use named imports '{A, B}' or alias 'import ".." as X'
 --> test/CrossVersionMigrator.t.sol:6:8
  |
6 | import "../src/CrossVersionMigrator.sol";
  |        ^^^^^^^^^^^^^^^^^^^^^^^^^^^^^^^^^
  |
  = help: https://book.getfoundry.sh/reference/forge/forge-lint#unaliased-plain-import

note[unaliased-plain-import]: use named imports '{A, B}' or alias 'import ".." as X'
 --> test/StableStaker.t.sol:5:8
  |
5 | import "../src/StableStakerV2.sol";
  |        ^^^^^^^^^^^^^^^^^^^^^^^^^^^
  |
  = help: https://book.getfoundry.sh/reference/forge/forge-lint#unaliased-plain-import

note[unaliased-plain-import]: use named imports '{A, B}' or alias 'import ".." as X'
 --> test/Migration.t.sol:6:8
  |
6 | import "../src/CrossVersionMigrator.sol";
  |        ^^^^^^^^^^^^^^^^^^^^^^^^^^^^^^^^^
  |
  = help: https://book.getfoundry.sh/reference/forge/forge-lint#unaliased-plain-import

note[unaliased-plain-import]: use named imports '{A, B}' or alias 'import ".." as X'
 --> test/Migration.t.sol:7:8
  |
7 | import "../src/interfaces/IStableStaker.sol";
  |        ^^^^^^^^^^^^^^^^^^^^^^^^^^^^^^^^^^^^^
  |
  = help: https://book.getfoundry.sh/reference/forge/forge-lint#unaliased-plain-import

note[unaliased-plain-import]: use named imports '{A, B}' or alias 'import ".." as X'
 --> test/CrossVersionMigrator.t.sol:7:8
  |
7 | import "../src/interfaces/IStableStakerMigratable.sol";
  |        ^^^^^^^^^^^^^^^^^^^^^^^^^^^^^^^^^^^^^^^^^^^^^^^
  |
  = help: https://book.getfoundry.sh/reference/forge/forge-lint#unaliased-plain-import

note[unaliased-plain-import]: use named imports '{A, B}' or alias 'import ".." as X'
 --> test/StableStaker.t.sol:6:8
  |
6 | import "flax-token/FlaxToken.sol";
  |        ^^^^^^^^^^^^^^^^^^^^^^^^^^
  |
  = help: https://book.getfoundry.sh/reference/forge/forge-lint#unaliased-plain-import

note[unaliased-plain-import]: use named imports '{A, B}' or alias 'import ".." as X'
 --> test/StableStaker.t.sol:7:8
  |
7 | import "reflax-yield-vault/interfaces/IYieldStrategy.sol";
  |        ^^^^^^^^^^^^^^^^^^^^^^^^^^^^^^^^^^^^^^^^^^^^^^^^^^
  |
  = help: https://book.getfoundry.sh/reference/forge/forge-lint#unaliased-plain-import

note[unaliased-plain-import]: use named imports '{A, B}' or alias 'import ".." as X'
  --> test/InPlaceMigrator.t.sol:11:8
   |
11 | import "reflax-yield-vault/interfaces/IYieldStrategy.sol";
   |        ^^^^^^^^^^^^^^^^^^^^^^^^^^^^^^^^^^^^^^^^^^^^^^^^^^
   |
   = help: https://book.getfoundry.sh/reference/forge/forge-lint#unaliased-plain-import

note[mixed-case-variable]: mutable variables should use mixedCase
  --> test/GoldenRuleInterface.t.sol:25:24
   |
25 |     FlaxToken internal phUSD;
   |                        ^^^^^ help: consider using: `phUsd`
   |
   = help: https://book.getfoundry.sh/reference/forge/forge-lint#mixed-case-variable

note[unaliased-plain-import]: use named imports '{A, B}' or alias 'import ".." as X'
 --> test/invariant/Run15Handler.sol:4:8
  |
4 | import "@openzeppelin/contracts/token/ERC20/IERC20.sol";
  |        ^^^^^^^^^^^^^^^^^^^^^^^^^^^^^^^^^^^^^^^^^^^^^^^^
  |
  = help: https://book.getfoundry.sh/reference/forge/forge-lint#unaliased-plain-import

note[unaliased-plain-import]: use named imports '{A, B}' or alias 'import ".." as X'
 --> test/Migration.t.sol:8:8
  |
8 | import "flax-token/FlaxToken.sol";
  |        ^^^^^^^^^^^^^^^^^^^^^^^^^^
  |
  = help: https://book.getfoundry.sh/reference/forge/forge-lint#unaliased-plain-import

note[mixed-case-variable]: mutable variables should use mixedCase
  --> test/StableStaker.t.sol:13:24
   |
13 |     FlaxToken internal phUSD;
   |                        ^^^^^ help: consider using: `phUsd`
   |
   = help: https://book.getfoundry.sh/reference/forge/forge-lint#mixed-case-variable

note[unaliased-plain-import]: use named imports '{A, B}' or alias 'import ".." as X'
 --> test/symbolic/Run15_CreditFixedP.t.sol:4:8
  |
4 | import "forge-std/Test.sol";
  |        ^^^^^^^^^^^^^^^^^^^^
  |
  = help: https://book.getfoundry.sh/reference/forge/forge-lint#unaliased-plain-import

note[mixed-case-function]: function names should use mixedCase
  --> test/symbolic/Run15_CreditAxiom.t.sol:67:14
   |
67 |     function check_p1c_donorCannotProfit(uint256 cBefore, uint256 cAfter, uint256 p, uint256 P, uint256 bal, uint256 D)
   |              ^^^^^^^^^^^^^^^^^^^^^^^^^^^ help: consider using: `checkP1cDonorCannotProfit`
   |
   = help: https://book.getfoundry.sh/reference/forge/forge-lint#mixed-case-function

note[unaliased-plain-import]: use named imports '{A, B}' or alias 'import ".." as X'
  --> test/Migration.t.sol:11:8
   |
11 | import "reflax-yield-vault/interfaces/IYieldStrategy.sol";
   |        ^^^^^^^^^^^^^^^^^^^^^^^^^^^^^^^^^^^^^^^^^^^^^^^^^^
   |
   = help: https://book.getfoundry.sh/reference/forge/forge-lint#unaliased-plain-import

note[unaliased-plain-import]: use named imports '{A, B}' or alias 'import ".." as X'
 --> test/mocks/MockERC20.sol:4:8
  |
4 | import "@openzeppelin/contracts/token/ERC20/ERC20.sol";
  |        ^^^^^^^^^^^^^^^^^^^^^^^^^^^^^^^^^^^^^^^^^^^^^^^
  |
  = help: https://book.getfoundry.sh/reference/forge/forge-lint#unaliased-plain-import

note[mixed-case-function]: function names should use mixedCase
  --> test/symbolic/Run15_CreditFixedP.t.sol:17:14
   |
17 |     function check_p1b_creditNeverExceedsPrincipal(uint256 p, uint256 R) public pure {
   |              ^^^^^^^^^^^^^^^^^^^^^^^^^^^^^^^^^^^^^ help: consider using: `checkP1bCreditNeverExceedsPrincipal`
   |
   = help: https://book.getfoundry.sh/reference/forge/forge-lint#mixed-case-function

note[unaliased-plain-import]: use named imports '{A, B}' or alias 'import ".." as X'
 --> test/CrossVersionMigrator.t.sol:8:8
  |
8 | import "flax-token/FlaxToken.sol";
  |        ^^^^^^^^^^^^^^^^^^^^^^^^^^
  |
  = help: https://book.getfoundry.sh/reference/forge/forge-lint#unaliased-plain-import

note[unaliased-plain-import]: use named imports '{A, B}' or alias 'import ".." as X'
  --> test/Migration.t.sol:12:8
   |
12 | import "@openzeppelin/contracts/utils/Pausable.sol";
   |        ^^^^^^^^^^^^^^^^^^^^^^^^^^^^^^^^^^^^^^^^^^^^
   |
   = help: https://book.getfoundry.sh/reference/forge/forge-lint#unaliased-plain-import

note[mixed-case-variable]: mutable variables should use mixedCase
  --> test/Migration.t.sol:18:24
   |
18 |     FlaxToken internal phUSD;
   |                        ^^^^^ help: consider using: `phUsd`
   |
   = help: https://book.getfoundry.sh/reference/forge/forge-lint#mixed-case-variable

note[mixed-case-function]: function names should use mixedCase
  --> test/symbolic/Run15_CreditFixedP.t.sol:22:14
   |
22 |     function check_p1a_sumCreditsLeqR_2users(uint256 p1, uint256 R) public pure {
   |              ^^^^^^^^^^^^^^^^^^^^^^^^^^^^^^^ help: consider using: `checkP1aSumCreditsLeqR2users`
   |
   = help: https://book.getfoundry.sh/reference/forge/forge-lint#mixed-case-function

note[mixed-case-variable]: mutable variables should use mixedCase
   --> test/Migration.t.sol:215:17
    |
215 |         uint256 P_EACH = 200e6;
    |                 ^^^^^^ help: consider using: `pEach`
    |
    = help: https://book.getfoundry.sh/reference/forge/forge-lint#mixed-case-variable

note[unaliased-plain-import]: use named imports '{A, B}' or alias 'import ".." as X'
 --> test/invariant/Run15Handler.sol:5:8
  |
5 | import "../../src/StableStakerV2.sol";
  |        ^^^^^^^^^^^^^^^^^^^^^^^^^^^^^^
  |
  = help: https://book.getfoundry.sh/reference/forge/forge-lint#unaliased-plain-import

note[screaming-snake-case-immutable]: immutables should use SCREAMING_SNAKE_CASE
 --> test/mocks/MockERC20.sol:8:29
  |
8 |     uint8 private immutable _decimals;
  |                             ^^^^^^^^^ help: consider using: `_DECIMALS`
  |
  = help: https://book.getfoundry.sh/reference/forge/forge-lint#screaming-snake-case-immutable

note[mixed-case-function]: function names should use mixedCase
  --> test/symbolic/Run15_CreditFixedP.t.sol:28:14
   |
28 |     function check_p1_dustFavoursProtocol_2users(uint256 p1, uint256 R) public pure {
   |              ^^^^^^^^^^^^^^^^^^^^^^^^^^^^^^^^^^^ help: consider using: `checkP1DustFavoursProtocol2users`
   |
   = help: https://book.getfoundry.sh/reference/forge/forge-lint#mixed-case-function

note[unaliased-plain-import]: use named imports '{A, B}' or alias 'import ".." as X'
  --> test/CrossVersionMigrator.t.sol:11:8
   |
11 | import "reflax-yield-vault/interfaces/IYieldStrategy.sol";
   |        ^^^^^^^^^^^^^^^^^^^^^^^^^^^^^^^^^^^^^^^^^^^^^^^^^^
   |
   = help: https://book.getfoundry.sh/reference/forge/forge-lint#unaliased-plain-import

note[unaliased-plain-import]: use named imports '{A, B}' or alias 'import ".." as X'
  --> test/CrossVersionMigrator.t.sol:12:8
   |
12 | import "@openzeppelin/contracts/access/Ownable.sol";
   |        ^^^^^^^^^^^^^^^^^^^^^^^^^^^^^^^^^^^^^^^^^^^^
   |
   = help: https://book.getfoundry.sh/reference/forge/forge-lint#unaliased-plain-import

note[unaliased-plain-import]: use named imports '{A, B}' or alias 'import ".." as X'
 --> test/invariant/Run15_Stateful.t.sol:4:8
  |
4 | import "forge-std/Test.sol";
  |        ^^^^^^^^^^^^^^^^^^^^
  |
  = help: https://book.getfoundry.sh/reference/forge/forge-lint#unaliased-plain-import

note[unaliased-plain-import]: use named imports '{A, B}' or alias 'import ".." as X'
 --> test/invariant/Run15_Stateful.t.sol:5:8
  |
5 | import "../../src/StableStakerV2.sol";
  |        ^^^^^^^^^^^^^^^^^^^^^^^^^^^^^^
  |
  = help: https://book.getfoundry.sh/reference/forge/forge-lint#unaliased-plain-import

note[unaliased-plain-import]: use named imports '{A, B}' or alias 'import ".." as X'
  --> test/InPlaceMigrator.t.sol:12:8
   |
12 | import "@openzeppelin/contracts/access/Ownable.sol";
   |        ^^^^^^^^^^^^^^^^^^^^^^^^^^^^^^^^^^^^^^^^^^^^
   |
   = help: https://book.getfoundry.sh/reference/forge/forge-lint#unaliased-plain-import

note[unaliased-plain-import]: use named imports '{A, B}' or alias 'import ".." as X'
 --> test/invariant/Run15Handler.sol:6:8
  |
6 | import "flax-token/FlaxToken.sol";
  |        ^^^^^^^^^^^^^^^^^^^^^^^^^^
  |
  = help: https://book.getfoundry.sh/reference/forge/forge-lint#unaliased-plain-import

note[unaliased-plain-import]: use named imports '{A, B}' or alias 'import ".." as X'
 --> test/invariant/Run15Handler.sol:7:8
  |
7 | import "reflax-yield-vault/interfaces/IYieldStrategy.sol";
  |        ^^^^^^^^^^^^^^^^^^^^^^^^^^^^^^^^^^^^^^^^^^^^^^^^^^
  |
  = help: https://book.getfoundry.sh/reference/forge/forge-lint#unaliased-plain-import

note[unaliased-plain-import]: use named imports '{A, B}' or alias 'import ".." as X'
 --> test/symbolic/Run15_Credit.t.sol:4:8
  |
4 | import "forge-std/Test.sol";
  |        ^^^^^^^^^^^^^^^^^^^^
  |
  = help: https://book.getfoundry.sh/reference/forge/forge-lint#unaliased-plain-import

note[mixed-case-variable]: mutable variables should use mixedCase
   --> test/Migration.t.sol:216:16
    |
216 |         uint16 FACTOR = 9_000; // 10% underwater
    |                ^^^^^^ help: consider using: `factor`
    |
    = help: https://book.getfoundry.sh/reference/forge/forge-lint#mixed-case-variable

note[mixed-case-variable]: mutable variables should use mixedCase
  --> test/CrossVersionMigrator.t.sol:45:24
   |
45 |     FlaxToken internal phUSD;
   |                        ^^^^^ help: consider using: `phUsd`
   |
   = help: https://book.getfoundry.sh/reference/forge/forge-lint#mixed-case-variable

note[unaliased-plain-import]: use named imports '{A, B}' or alias 'import ".." as X'
 --> test/symbolic/Run15_Migration2.t.sol:4:8
  |
4 | import "forge-std/Test.sol";
  |        ^^^^^^^^^^^^^^^^^^^^
  |
  = help: https://book.getfoundry.sh/reference/forge/forge-lint#unaliased-plain-import

note[unaliased-plain-import]: use named imports '{A, B}' or alias 'import ".." as X'
 --> test/symbolic/Run15_Migration2.t.sol:5:8
  |
5 | import "../../src/StableStakerV2.sol";
  |        ^^^^^^^^^^^^^^^^^^^^^^^^^^^^^^
  |
  = help: https://book.getfoundry.sh/reference/forge/forge-lint#unaliased-plain-import

note[mixed-case-function]: function names should use mixedCase
  --> test/symbolic/Run15_Credit.t.sol:25:14
   |
25 |     function check_p1b_creditNeverExceedsPrincipal(uint256 p, uint256 R, uint256 P) public pure {
   |              ^^^^^^^^^^^^^^^^^^^^^^^^^^^^^^^^^^^^^ help: consider using: `checkP1bCreditNeverExceedsPrincipal`
   |
   = help: https://book.getfoundry.sh/reference/forge/forge-lint#mixed-case-function

note[mixed-case-variable]: mutable variables should use mixedCase
  --> test/invariant/Run15Handler.sol:47:22
   |
47 |     FlaxToken public phUSD;
   |                      ^^^^^ help: consider using: `phUsd`
   |
   = help: https://book.getfoundry.sh/reference/forge/forge-lint#mixed-case-variable

note[mixed-case-variable]: mutable variables should use mixedCase
  --> test/InPlaceMigrator.t.sol:19:24
   |
19 |     FlaxToken internal phUSD;
   |                        ^^^^^ help: consider using: `phUsd`
   |
   = help: https://book.getfoundry.sh/reference/forge/forge-lint#mixed-case-variable

note[unaliased-plain-import]: use named imports '{A, B}' or alias 'import ".." as X'
 --> test/symbolic/Run15_CreditSnapshots.t.sol:4:8
  |
4 | import "forge-std/Test.sol";
  |        ^^^^^^^^^^^^^^^^^^^^
  |
  = help: https://book.getfoundry.sh/reference/forge/forge-lint#unaliased-plain-import

note[mixed-case-function]: function names should use mixedCase
  --> test/symbolic/Run15_Credit.t.sol:36:14
   |
36 |     function check_p1a_sumCreditsLeqR_2users(uint256 p1, uint256 p2, uint256 R) public pure {
   |              ^^^^^^^^^^^^^^^^^^^^^^^^^^^^^^^ help: consider using: `checkP1aSumCreditsLeqR2users`
   |
   = help: https://book.getfoundry.sh/reference/forge/forge-lint#mixed-case-function

note[mixed-case-function]: function names should use mixedCase
  --> test/symbolic/Run15_CreditFixedP.t.sol:37:14
   |
37 |     function check_p1c_donorCannotProfit(uint256 p, uint256 bal, uint256 D) public pure {
   |              ^^^^^^^^^^^^^^^^^^^^^^^^^^^ help: consider using: `checkP1cDonorCannotProfit`
   |
   = help: https://book.getfoundry.sh/reference/forge/forge-lint#mixed-case-function

note[mixed-case-function]: function names should use mixedCase
  --> test/symbolic/Run15_CreditFixedP.t.sol:44:14
   |
44 |     function check_p1c_donationIsMonotone(uint256 p, uint256 bal, uint256 D) public pure {
   |              ^^^^^^^^^^^^^^^^^^^^^^^^^^^^ help: consider using: `checkP1cDonationIsMonotone`
   |
   = help: https://book.getfoundry.sh/reference/forge/forge-lint#mixed-case-function

note[mixed-case-function]: function names should use mixedCase
  --> test/symbolic/Run15_CreditSnapshots.t.sol:16:14
   |
16 |     function _credit_PAR(uint256 amt) internal pure returns (uint256) {
   |              ^^^^^^^^^^^ help: consider using: `_creditPar`
   |
   = help: https://book.getfoundry.sh/reference/forge/forge-lint#mixed-case-function

note[mixed-case-variable]: mutable variables should use mixedCase
  --> test/invariant/Run15Handler.sol:51:20
   |
51 |     uint256 public g_stakes;
   |                    ^^^^^^^^ help: consider using: `gStakes`
   |
   = help: https://book.getfoundry.sh/reference/forge/forge-lint#mixed-case-variable

note[unaliased-plain-import]: use named imports '{A, B}' or alias 'import ".." as X'
 --> test/symbolic/Run15_Migration2.t.sol:6:8
  |
6 | import "flax-token/FlaxToken.sol";
  |        ^^^^^^^^^^^^^^^^^^^^^^^^^^
  |
  = help: https://book.getfoundry.sh/reference/forge/forge-lint#unaliased-plain-import

note[mixed-case-function]: function names should use mixedCase
  --> test/symbolic/Run15_Credit.t.sol:47:14
   |
47 |     function check_p1a_sumCreditsLeqR_3users(uint256 p1, uint256 p2, uint256 p3, uint256 R) public pure {
   |              ^^^^^^^^^^^^^^^^^^^^^^^^^^^^^^^ help: consider using: `checkP1aSumCreditsLeqR3users`
   |
   = help: https://book.getfoundry.sh/reference/forge/forge-lint#mixed-case-function

note[screaming-snake-case-immutable]: immutables should use SCREAMING_SNAKE_CASE
   --> test/InPlaceMigrator.t.sol:639:39
    |
639 |     InPlaceMigrator private immutable migrator;
    |                                       ^^^^^^^^ help: consider using: `MIGRATOR`
    |
    = help: https://book.getfoundry.sh/reference/forge/forge-lint#screaming-snake-case-immutable

note[mixed-case-function]: function names should use mixedCase
  --> test/symbolic/Run15_Credit.t.sol:61:14
   |
61 |     function check_p1_dustFavoursProtocol_2users(uint256 p1, uint256 p2, uint256 R) public pure {
   |              ^^^^^^^^^^^^^^^^^^^^^^^^^^^^^^^^^^^ help: consider using: `checkP1DustFavoursProtocol2users`
   |
   = help: https://book.getfoundry.sh/reference/forge/forge-lint#mixed-case-function

note[mixed-case-function]: function names should use mixedCase
  --> test/symbolic/Run15_Credit.t.sol:76:14
   |
76 |     function check_p1c_donorCannotProfit(uint256 p, uint256 P, uint256 bal, uint256 D) public pure {
   |              ^^^^^^^^^^^^^^^^^^^^^^^^^^^ help: consider using: `checkP1cDonorCannotProfit`
   |
   = help: https://book.getfoundry.sh/reference/forge/forge-lint#mixed-case-function

note[screaming-snake-case-immutable]: immutables should use SCREAMING_SNAKE_CASE
   --> test/InPlaceMigrator.t.sol:640:38
    |
640 |     ReentrantToken private immutable token;
    |                                      ^^^^^ help: consider using: `TOKEN`
    |
    = help: https://book.getfoundry.sh/reference/forge/forge-lint#screaming-snake-case-immutable

note[screaming-snake-case-immutable]: immutables should use SCREAMING_SNAKE_CASE
   --> test/InPlaceMigrator.t.sol:641:38
    |
641 |     StableStakerV2 private immutable staker;
    |                                      ^^^^^^ help: consider using: `STAKER`
    |
    = help: https://book.getfoundry.sh/reference/forge/forge-lint#screaming-snake-case-immutable

note[mixed-case-function]: function names should use mixedCase
  --> test/symbolic/Run15_Credit.t.sol:89:14
   |
89 |     function check_p1c_donationIsMonotone(uint256 p, uint256 P, uint256 bal, uint256 D) public pure {
   |              ^^^^^^^^^^^^^^^^^^^^^^^^^^^^ help: consider using: `checkP1cDonationIsMonotone`
   |
   = help: https://book.getfoundry.sh/reference/forge/forge-lint#mixed-case-function

note[mixed-case-function]: function names should use mixedCase
  --> test/symbolic/Run15_CreditSnapshots.t.sol:24:14
   |
24 |     function check_p1b_PAR(uint256 p) public pure {
   |              ^^^^^^^^^^^^^ help: consider using: `checkP1bPar`
   |
   = help: https://book.getfoundry.sh/reference/forge/forge-lint#mixed-case-function

note[mixed-case-variable]: mutable variables should use mixedCase
  --> test/invariant/Run15Handler.sol:52:20
   |
52 |     uint256 public g_withdraws;
   |                    ^^^^^^^^^^^ help: consider using: `gWithdraws`
   |
   = help: https://book.getfoundry.sh/reference/forge/forge-lint#mixed-case-variable

note[mixed-case-function]: function names should use mixedCase
  --> test/symbolic/Run15_CreditSnapshots.t.sol:30:14
   |
30 |     function check_p1a_PAR(uint256 p1) public pure {
   |              ^^^^^^^^^^^^^ help: consider using: `checkP1aPar`
   |
   = help: https://book.getfoundry.sh/reference/forge/forge-lint#mixed-case-function

note[unaliased-plain-import]: use named imports '{A, B}' or alias 'import ".." as X'
 --> test/symbolic/Run15_Migration2.t.sol:9:8
  |
9 | import "reflax-yield-vault/interfaces/IYieldStrategy.sol";
  |        ^^^^^^^^^^^^^^^^^^^^^^^^^^^^^^^^^^^^^^^^^^^^^^^^^^
  |
  = help: https://book.getfoundry.sh/reference/forge/forge-lint#unaliased-plain-import

note[mixed-case-variable]: mutable variables should use mixedCase
  --> test/symbolic/Run15_Migration2.t.sol:18:24
   |
18 |     FlaxToken internal phUSD;
   |                        ^^^^^ help: consider using: `phUsd`
   |
   = help: https://book.getfoundry.sh/reference/forge/forge-lint#mixed-case-variable

note[mixed-case-function]: function names should use mixedCase
  --> test/symbolic/Run15_CreditSnapshots.t.sol:42:14
   |
42 |     function _credit_UNDER25(uint256 amt) internal pure returns (uint256) {
   |              ^^^^^^^^^^^^^^^ help: consider using: `_creditUnder25`
   |
   = help: https://book.getfoundry.sh/reference/forge/forge-lint#mixed-case-function

note[mixed-case-variable]: mutable variables should use mixedCase
  --> test/invariant/Run15Handler.sol:53:20
   |
53 |     uint256 public g_migrationsBegun;
   |                    ^^^^^^^^^^^^^^^^^ help: consider using: `gMigrationsBegun`
   |
   = help: https://book.getfoundry.sh/reference/forge/forge-lint#mixed-case-variable

note[mixed-case-variable]: mutable variables should use mixedCase
  --> test/invariant/Run15Handler.sol:54:20
   |
54 |     uint256 public g_batchExits;
   |                    ^^^^^^^^^^^^ help: consider using: `gBatchExits`
   |
   = help: https://book.getfoundry.sh/reference/forge/forge-lint#mixed-case-variable

note[mixed-case-function]: function names should use mixedCase
  --> test/symbolic/Run15_CreditSnapshots.t.sol:50:14
   |
50 |     function check_p1b_UNDER25(uint256 p) public pure {
   |              ^^^^^^^^^^^^^^^^^ help: consider using: `checkP1bUnder25`
   |
   = help: https://book.getfoundry.sh/reference/forge/forge-lint#mixed-case-function

note[mixed-case-function]: function names should use mixedCase
  --> test/symbolic/Run15_CreditSnapshots.t.sol:56:14
   |
56 |     function check_p1a_UNDER25(uint256 p1) public pure {
   |              ^^^^^^^^^^^^^^^^^ help: consider using: `checkP1aUnder25`
   |
   = help: https://book.getfoundry.sh/reference/forge/forge-lint#mixed-case-function

note[mixed-case-function]: function names should use mixedCase
  --> test/symbolic/Run15_CreditSnapshots.t.sol:68:14
   |
68 |     function _credit_UNDER_ODD(uint256 amt) internal pure returns (uint256) {
   |              ^^^^^^^^^^^^^^^^^ help: consider using: `_creditUnderOdd`
   |
   = help: https://book.getfoundry.sh/reference/forge/forge-lint#mixed-case-function

note[mixed-case-variable]: mutable variables should use mixedCase
  --> test/invariant/Run15Handler.sol:55:20
   |
55 |     uint256 public g_selfExits;
   |                    ^^^^^^^^^^^ help: consider using: `gSelfExits`
   |
   = help: https://book.getfoundry.sh/reference/forge/forge-lint#mixed-case-variable

note[mixed-case-variable]: mutable variables should use mixedCase
  --> test/invariant/Run15Handler.sol:56:20
   |
56 |     uint256 public g_creditsPaid;
   |                    ^^^^^^^^^^^^^ help: consider using: `gCreditsPaid`
   |
   = help: https://book.getfoundry.sh/reference/forge/forge-lint#mixed-case-variable

note[mixed-case-function]: function names should use mixedCase
  --> test/symbolic/Run15_Migration2.t.sol:49:14
   |
49 |     function check_p2_selfHealNeverEatsUserPrincipal(uint256 p, uint256 excess) public {
   |              ^^^^^^^^^^^^^^^^^^^^^^^^^^^^^^^^^^^^^^^ help: consider using: `checkP2SelfHealNeverEatsUserPrincipal`
   |
   = help: https://book.getfoundry.sh/reference/forge/forge-lint#mixed-case-function

note[mixed-case-function]: function names should use mixedCase
  --> test/symbolic/Run15_CreditSnapshots.t.sol:76:14
   |
76 |     function check_p1b_UNDER_ODD(uint256 p) public pure {
   |              ^^^^^^^^^^^^^^^^^^^ help: consider using: `checkP1bUnderOdd`
   |
   = help: https://book.getfoundry.sh/reference/forge/forge-lint#mixed-case-function

note[mixed-case-function]: function names should use mixedCase
  --> test/symbolic/Run15_CreditSnapshots.t.sol:82:14
   |
82 |     function check_p1a_UNDER_ODD(uint256 p1) public pure {
   |              ^^^^^^^^^^^^^^^^^^^ help: consider using: `checkP1aUnderOdd`
   |
   = help: https://book.getfoundry.sh/reference/forge/forge-lint#mixed-case-function

note[mixed-case-function]: function names should use mixedCase
  --> test/symbolic/Run15_Migration2.t.sol:68:14
   |
68 |     function check_p2b_selfHealUnderwater(uint256 p, uint256 excess, uint256 cut) public {
   |              ^^^^^^^^^^^^^^^^^^^^^^^^^^^^ help: consider using: `checkP2bSelfHealUnderwater`
   |
   = help: https://book.getfoundry.sh/reference/forge/forge-lint#mixed-case-function

note[mixed-case-function]: function names should use mixedCase
  --> test/symbolic/Run15_CreditSnapshots.t.sol:94:14
   |
94 |     function _credit_ZERO(uint256 amt) internal pure returns (uint256) {
   |              ^^^^^^^^^^^^ help: consider using: `_creditZero`
   |
   = help: https://book.getfoundry.sh/reference/forge/forge-lint#mixed-case-function

note[mixed-case-function]: function names should use mixedCase
  --> test/symbolic/Run15_Migration2.t.sol:90:14
   |
90 |     function check_p2c_bookedIsAtMostProtocolExcess(uint256 p, uint256 excess, uint256 cut) public {
   |              ^^^^^^^^^^^^^^^^^^^^^^^^^^^^^^^^^^^^^^ help: consider using: `checkP2cBookedIsAtMostProtocolExcess`
   |
   = help: https://book.getfoundry.sh/reference/forge/forge-lint#mixed-case-function

note[mixed-case-variable]: mutable variables should use mixedCase
  --> test/invariant/Run15Handler.sol:57:20
   |
57 |     uint256 public g_donated;
   |                    ^^^^^^^^^ help: consider using: `gDonated`
   |
   = help: https://book.getfoundry.sh/reference/forge/forge-lint#mixed-case-variable

note[mixed-case-function]: function names should use mixedCase
   --> test/symbolic/Run15_CreditSnapshots.t.sol:102:14
    |
102 |     function check_p1b_ZERO(uint256 p) public pure {
    |              ^^^^^^^^^^^^^^ help: consider using: `checkP1bZero`
    |
    = help: https://book.getfoundry.sh/reference/forge/forge-lint#mixed-case-function

note[mixed-case-function]: function names should use mixedCase
   --> test/symbolic/Run15_Migration2.t.sol:113:14
    |
113 |     function check_negctl_mustFail(uint256 p, uint256 excess) public {
    |              ^^^^^^^^^^^^^^^^^^^^^ help: consider using: `checkNegctlMustFail`
    |
    = help: https://book.getfoundry.sh/reference/forge/forge-lint#mixed-case-function

note[mixed-case-variable]: mutable variables should use mixedCase
  --> test/invariant/Run15Handler.sol:58:20
   |
58 |     uint256 public g_losses;
   |                    ^^^^^^^^ help: consider using: `gLosses`
   |
   = help: https://book.getfoundry.sh/reference/forge/forge-lint#mixed-case-variable

note[mixed-case-function]: function names should use mixedCase
   --> test/symbolic/Run15_CreditSnapshots.t.sol:108:14
    |
108 |     function check_p1a_ZERO(uint256 p1) public pure {
    |              ^^^^^^^^^^^^^^ help: consider using: `checkP1aZero`
    |
    = help: https://book.getfoundry.sh/reference/forge/forge-lint#mixed-case-function

note[mixed-case-variable]: mutable variables should use mixedCase
  --> test/invariant/Run15Handler.sol:59:20
   |
59 |     uint256 public g_gains;
   |                    ^^^^^^^ help: consider using: `gGains`
   |
   = help: https://book.getfoundry.sh/reference/forge/forge-lint#mixed-case-variable

note[mixed-case-function]: function names should use mixedCase
   --> test/symbolic/Run15_CreditSnapshots.t.sol:120:14
    |
120 |     function _credit_ABOVE(uint256 amt) internal pure returns (uint256) {
    |              ^^^^^^^^^^^^^ help: consider using: `_creditAbove`
    |
    = help: https://book.getfoundry.sh/reference/forge/forge-lint#mixed-case-function

note[mixed-case-variable]: mutable variables should use mixedCase
  --> test/invariant/Run15Handler.sol:60:20
   |
60 |     uint256 public g_finalized;
   |                    ^^^^^^^^^^^ help: consider using: `gFinalized`
   |
   = help: https://book.getfoundry.sh/reference/forge/forge-lint#mixed-case-variable

note[mixed-case-function]: function names should use mixedCase
   --> test/symbolic/Run15_CreditSnapshots.t.sol:128:14
    |
128 |     function check_p1b_ABOVE(uint256 p) public pure {
    |              ^^^^^^^^^^^^^^^ help: consider using: `checkP1bAbove`
    |
    = help: https://book.getfoundry.sh/reference/forge/forge-lint#mixed-case-function

note[mixed-case-variable]: mutable variables should use mixedCase
  --> test/invariant/Run15Handler.sol:61:20
   |
61 |     uint256 public g_bookedSeen; // Σ booked excess observed at initiateMigration
   |                    ^^^^^^^^^^^^ help: consider using: `gBookedSeen`
   |
   = help: https://book.getfoundry.sh/reference/forge/forge-lint#mixed-case-variable

note[mixed-case-function]: function names should use mixedCase
   --> test/symbolic/Run15_CreditSnapshots.t.sol:134:14
    |
134 |     function check_p1a_ABOVE(uint256 p1) public pure {
    |              ^^^^^^^^^^^^^^^ help: consider using: `checkP1aAbove`
    |
    = help: https://book.getfoundry.sh/reference/forge/forge-lint#mixed-case-function

note[mixed-case-variable]: mutable variables should use mixedCase
  --> test/invariant/Run15Handler.sol:62:20
   |
62 |     uint256 public g_belowParMigrations;
   |                    ^^^^^^^^^^^^^^^^^^^^ help: consider using: `gBelowParMigrations`
   |
   = help: https://book.getfoundry.sh/reference/forge/forge-lint#mixed-case-variable

note[mixed-case-function]: function names should use mixedCase
   --> test/symbolic/Run15_CreditSnapshots.t.sol:146:14
    |
146 |     function _credit_WEI(uint256 amt) internal pure returns (uint256) {
    |              ^^^^^^^^^^^ help: consider using: `_creditWei`
    |
    = help: https://book.getfoundry.sh/reference/forge/forge-lint#mixed-case-function

note[mixed-case-variable]: mutable variables should use mixedCase
  --> test/invariant/Run15Handler.sol:63:20
   |
63 |     uint256 public g_sumR;
   |                    ^^^^^^ help: consider using: `gSumR`
   |
   = help: https://book.getfoundry.sh/reference/forge/forge-lint#mixed-case-variable

note[mixed-case-function]: function names should use mixedCase
   --> test/symbolic/Run15_CreditSnapshots.t.sol:154:14
    |
154 |     function check_p1b_WEI(uint256 p) public pure {
    |              ^^^^^^^^^^^^^ help: consider using: `checkP1bWei`
    |
    = help: https://book.getfoundry.sh/reference/forge/forge-lint#mixed-case-function

note[mixed-case-variable]: mutable variables should use mixedCase
  --> test/invariant/Run15Handler.sol:64:20
   |
64 |     uint256 public g_sumP;
   |                    ^^^^^^ help: consider using: `gSumP`
   |
   = help: https://book.getfoundry.sh/reference/forge/forge-lint#mixed-case-variable

note[mixed-case-function]: function names should use mixedCase
   --> test/symbolic/Run15_CreditSnapshots.t.sol:160:14
    |
160 |     function check_p1a_WEI(uint256 p1) public pure {
    |              ^^^^^^^^^^^^^ help: consider using: `checkP1aWei`
    |
    = help: https://book.getfoundry.sh/reference/forge/forge-lint#mixed-case-function

note[mixed-case-function]: function names should use mixedCase
   --> test/symbolic/Run15_Migration2.t.sol:133:14
    |
133 |     function check_p3_orderAndMethodIndependence(uint256 p1, uint256 p2, uint256 cut) public {
    |              ^^^^^^^^^^^^^^^^^^^^^^^^^^^^^^^^^^^ help: consider using: `checkP3OrderAndMethodIndependence`
    |
    = help: https://book.getfoundry.sh/reference/forge/forge-lint#mixed-case-function

note[mixed-case-function]: function names should use mixedCase
   --> test/invariant/Run15Handler.sol:291:14
    |
291 |     function property_A_totalStakedConserved() public view returns (bool) {
    |              ^^^^^^^^^^^^^^^^^^^^^^^^^^^^^^^ help: consider using: `propertyATotalStakedConserved`
    |
    = help: https://book.getfoundry.sh/reference/forge/forge-lint#mixed-case-function

note[mixed-case-function]: function names should use mixedCase
   --> test/invariant/Run15Handler.sol:296:14
    |
296 |     function property_B_migrationSolvency() public view returns (bool) {
    |              ^^^^^^^^^^^^^^^^^^^^^^^^^^^^ help: consider using: `propertyBMigrationSolvency`
    |
    = help: https://book.getfoundry.sh/reference/forge/forge-lint#mixed-case-function

note[mixed-case-function]: function names should use mixedCase
   --> test/invariant/Run15Handler.sol:301:14
    |
301 |     function property_C_neverAbovePar() public view returns (bool) {
    |              ^^^^^^^^^^^^^^^^^^^^^^^^ help: consider using: `propertyCNeverAbovePar`
    |
    = help: https://book.getfoundry.sh/reference/forge/forge-lint#mixed-case-function

note[mixed-case-function]: function names should use mixedCase
   --> test/invariant/Run15Handler.sol:307:14
    |
307 |     function property_D_donationsNotExtractable() public view returns (bool) {
    |              ^^^^^^^^^^^^^^^^^^^^^^^^^^^^^^^^^^ help: consider using: `propertyDDonationsNotExtractable`
    |
    = help: https://book.getfoundry.sh/reference/forge/forge-lint#mixed-case-function

note[mixed-case-function]: function names should use mixedCase
   --> test/invariant/Run15Handler.sol:311:14
    |
311 |     function property_E_noStuckState() public view returns (bool) {
    |              ^^^^^^^^^^^^^^^^^^^^^^^ help: consider using: `propertyENoStuckState`
    |
    = help: https://book.getfoundry.sh/reference/forge/forge-lint#mixed-case-function

note[mixed-case-function]: function names should use mixedCase
   --> test/invariant/Run15Handler.sol:317:14
    |
317 |     function property_F_selfHealAlwaysClears() public view returns (bool) {
    |              ^^^^^^^^^^^^^^^^^^^^^^^^^^^^^^^ help: consider using: `propertyFSelfHealAlwaysClears`
    |
    = help: https://book.getfoundry.sh/reference/forge/forge-lint#mixed-case-function

note[mixed-case-function]: function names should use mixedCase
   --> test/symbolic/Run15_Migration2.t.sol:184:14
    |
184 |     function check_negctlP3_mustFail(uint256 p1, uint256 p2, uint256 cut) public {
    |              ^^^^^^^^^^^^^^^^^^^^^^^ help: consider using: `checkNegctlP3MustFail`
    |
    = help: https://book.getfoundry.sh/reference/forge/forge-lint#mixed-case-function

note[mixed-case-function]: function names should use mixedCase
   --> test/invariant/Run15Handler.sol:323:14
    |
323 |     function property_G_seedSurvives() public view returns (bool) {
    |              ^^^^^^^^^^^^^^^^^^^^^^^ help: consider using: `propertyGSeedSurvives`
    |
    = help: https://book.getfoundry.sh/reference/forge/forge-lint#mixed-case-function

note[mixed-case-function]: function names should use mixedCase
   --> test/invariant/Run15Handler.sol:330:14
    |
330 |     function negctl_alwaysFalse() public pure returns (bool) {
    |              ^^^^^^^^^^^^^^^^^^ help: consider using: `negctlAlwaysFalse`
    |
    = help: https://book.getfoundry.sh/reference/forge/forge-lint#mixed-case-function

warning[erc20-unchecked-transfer]: ERC20 'transfer' and 'transferFrom' calls should check the return value
   --> test/invariant/Run15Handler.sol:231:34
    |
231 |                 if (amts[j] > 0) token.transfer(slice[j], amts[j]); // migrator forwards to the user
    |                                  ^^^^^^^^^^^^^^^^^^^^^^^^^^^^^^^^^
    |
    = help: https://book.getfoundry.sh/reference/forge/forge-lint#erc20-unchecked-transfer


Running 1 tests for test/symbolic/Run15_Migration2.t.sol:Run15Migration2Symbolic
[31mCounterexample: 
    p_cut_uint256_d70ee5b_00 = 0x00
    p_p1_uint256_a6322cf_00 = 0x80000000000000000000
    p_p2_uint256_50689d6_00 = 0x80000000000000000000[0m
[31m[FAIL][0m check_negctlP3_mustFail(uint256,uint256,uint256) (paths: 16, time: 2.73s, bounds: [])
Symbolic test result: 0 passed; 1 failed; time: 2.83s
