9,4,7,0,10,2,6,1,4,0,2,3,1,2,4,1,1,0,0,3,0,565615695642183252182220,302191258503000000018526,263424437139183252163694,579354519573258925894946,0,0,0,0
9,3,7,0,10,3,4,0,2,0,2,2,1,2,2,0,0,0,1,4,0,236464896687134489866383,159221482670000000000121,77243414017134489866262,667550565755552910334197,0,0,0,0
9,3,7,0,10,3,4,1,3,0,1,2,1,2,2,1,1,0,0,5,0,360743819232702663635929,125284456130000000000057,235459363102702663635872,667550565755552838573483,0,0,0,0
9,4,7,0,10,3,5,1,3,0,2,1,1,2,3,1,1,0,1,3,0,324610652956365148133925,188737203982488299962324,135873448973876848171601,667550565755578123011703,0,0,0,0
7,2,6,0,11,3,6,0,3,1,2,2,2,2,4,0,0,0,0,0,0,696768665652220159513507,606176446632748335593632,90592219019471823919875,484629215867086885579567,0,0,0,0
7,3,6,0,11,3,6,0,1,1,4,0,1,4,2,0,0,0,0,0,0,337924552588261670150000,337924552588261670149998,2,456494676282225582692969,0,0,0,0
7,4,4,0,7,6,4,0,3,0,0,1,0,1,3,0,0,0,0,6,0,380690917815522542228191,172097072462010459908619,208593845353512082319572,322065618563497760104799,0,0,0,0
7,3,6,0,11,1,5,0,1,2,2,1,2,2,3,0,0,0,1,0,0,458446181551301588607767,448363364786448234207765,10082816764853354400002,600009525267407099301354,0,0,0,0
7,3,6,0,11,3,6,0,2,1,3,1,2,3,3,0,0,0,0,0,0,289434121641757549174561,275938818456472284710982,13495303185285264463579,432165888437501841867637,0,0,0,0
7,5,4,0,7,6,6,0,6,0,0,3,0,1,5,0,0,0,0,4,0,391676800291421696007709,184443035200032762798138,207233765091388933209571,322065618563497760104799,0,0,0,0
12,2,11,0,8,6,7,0,7,0,0,5,3,0,7,0,0,0,0,2,0,586861924731554779231232,320623472689545389014201,266238452042009390217031,490875472222373582334371,0,0,0,0
7,4,4,0,7,6,5,0,4,0,1,2,0,2,3,0,0,0,0,5,0,524392282869419550228590,200383521445653476535178,324008761423766073693412,322065618563497760104799,0,0,0,0
7,4,4,0,7,6,6,0,5,0,1,4,0,3,3,0,0,0,0,4,0,930474933814234518076392,304989278732715192388303,625485655081519325688089,322065636329159287299593,0,0,0,0
5,9,8,0,7,5,3,0,2,1,0,2,1,1,2,0,0,0,0,1,0,197034878783198786790172,167553415396000000000349,29481463387198786789823,293213009775273586965859,0,0,0,0
12,2,11,0,8,6,5,0,5,0,0,3,1,0,5,0,0,0,2,2,0,499274375166315510201809,246007330679566140880364,253267044486749369321445,390877472222372222264706,0,0,0,0
11,8,7,0,13,3,2,0,1,0,1,0,0,1,1,0,0,0,0,1,0,169949726220636986876731,169949726220636986876730,1,485023230069595444841351,0,0,0,0
12,2,11,0,8,6,6,0,6,0,0,5,3,0,6,0,0,1,0,2,0,243914609076520110635474,120625472689542362772692,123289136386977747862782,306711231605756090008242,0,0,1,0
12,5,11,0,8,6,8,0,5,2,1,3,3,1,7,0,0,0,0,1,0,518059048388037388147816,374694924590250970704619,143364123797786417443197,423052071269159561578486,0,0,0,0
5,8,8,0,7,5,2,0,2,0,0,2,0,1,1,0,0,0,2,0,0,186570084231740139517114,167553416370999999999999,19016667860740139517115,220416954847013643902880,0,0,0,0
8,8,7,0,5,3,7,1,5,0,1,3,1,3,4,1,1,0,0,1,0,450666699595197499053831,244229553163433135354270,206437146431764363699561,486224853018909291805225,0,0,0,0
10,2,4,0,6,11,1,0,1,0,0,0,0,0,1,0,0,1,0,6,0,39468749999999999930881,39468749999999999930877,4,467905817983545996234883,0,0,1,0
5,8,8,0,7,5,1,0,1,0,0,1,0,0,1,0,0,0,2,1,0,67944831774002436150000,49999999999999999999999,17944831774002436150001,277525773959451203658031,0,0,0,0
11,5,7,0,13,2,2,0,1,0,1,1,0,2,0,0,0,0,1,0,0,286850199172578202533413,259614847603000000000000,27235351569578202533413,814354070453702980584682,0,0,0,0
5,10,8,0,7,5,1,0,1,0,0,1,0,0,1,0,0,0,2,1,0,58793525574613624350000,49999999999999999999999,8793525574613624350001,259530434947946194228000,0,0,0,0
6,9,6,0,7,4,4,0,3,0,1,2,0,2,2,0,0,0,0,2,0,160301598346055895659838,74962234192309960324807,85339364153745935335031,325061321603287386662296,0,0,0,0
8,9,7,0,5,3,8,1,7,0,1,3,1,4,4,1,1,0,0,0,0,511068460186221196393756,184788807378049467391246,326279652808171729002510,584373844226196339657855,0,0,0,0
11,7,7,0,13,2,2,0,1,0,1,1,1,1,1,0,0,0,1,0,0,179160467973438413600000,56254243827000000000000,122906224146438413600000,723173167453956341197900,0,0,0,0
11,5,3,0,7,4,3,0,2,0,1,2,0,3,0,0,0,0,1,1,0,214795635767308641826229,192197931292000000000000,22597704475308641826229,637696080065504426263183,0,0,0,0
11,6,7,0,13,3,2,0,1,0,1,1,0,2,0,0,0,0,0,1,0,87901777450626781462282,81273505398000000000000,6628272052626781462282,664355070453956344175393,0,0,0,0
10,6,11,0,6,6,1,0,1,0,0,1,0,0,1,0,0,0,0,5,0,97271564207566640799481,23502199212274511439852,73769364995292129359629,545887923246362481260116,0,0,0,0
10,2,4,0,6,8,4,0,3,0,1,2,0,1,3,0,0,0,0,4,0,509198792612148147469698,279413342670389743005004,229785449941758404464694,367906817983569287353786,0,0,0,0
8,4,7,0,5,4,6,0,5,0,1,2,0,2,4,0,0,0,1,1,0,404866528505019321736863,272601640848553507685127,132264887656465814051736,610961867550919482661007,0,0,0,0
7,10,10,0,9,4,2,0,2,0,0,2,0,0,2,0,0,0,0,2,0,103613022662027494114829,40609552999999999999998,63003469662027494114831,429334154438983878711790,0,0,0,0
8,5,7,0,5,4,5,0,4,0,0,3,0,2,3,0,0,0,1,2,0,343557198876298757753174,163180340058738521559358,180376858817560236193816,571872735370789590630342,0,0,0,0
6,10,6,0,7,5,4,0,3,0,1,2,0,2,2,0,0,0,0,2,0,251990295730214965160401,99460541438786854675069,152529754291428110485332,321470909458401365836315,0,0,0,0
16,3,8,0,7,4,6,0,1,2,3,1,2,3,3,0,0,0,1,0,0,502823367146476179766976,500646090911908278666975,2177276234567901100001,836889532489591815265187,0,0,0,0
10,2,4,0,6,10,6,0,5,1,0,3,1,0,6,0,0,0,0,2,0,392276048933351766729374,267294081413003843036212,124981967520347923693162,467905817983417260786092,0,0,0,0
10,2,4,0,6,9,5,0,2,0,3,1,0,3,2,0,0,0,0,3,0,277949409614703703386961,177343779117389743005010,100605630497313960381951,367906817983534596116635,0,0,0,0
12,4,7,0,10,3,2,0,1,0,1,1,0,2,0,0,0,0,2,2,0,5538387403041113751712,5538387374000000000000,29041113751712,847516558170594909825850,0,0,0,0
11,4,3,0,7,3,2,0,2,0,0,2,0,2,0,0,0,0,1,2,0,128280808741798388284826,113748558170000000000000,14532250571798388284826,847694080065442126538893,0,0,0,0
10,1,6,0,7,6,5,0,5,0,0,5,1,3,2,0,0,0,0,3,0,792904371934707673506330,327282262608000000000001,465622109326707673506329,558448365205875314477632,0,0,0,0
6,8,6,0,7,7,4,0,3,0,1,1,0,2,2,0,0,0,0,2,0,200375170455580159202444,149784515964630904168374,50590654490949255034070,429065548333969409279125,0,0,0,0
10,6,11,0,6,5,3,0,2,0,0,1,1,1,2,0,0,0,0,3,0,39236408366247652911483,39236403077307003801121,5288940649110362,559926204177229739889593,0,0,0,0
6,9,6,0,7,5,4,0,3,0,1,2,0,2,2,0,0,0,0,2,0,145251564792807129000403,65050399869883096141015,80201164922924032859388,326071481734309232158003,0,0,0,0
7,6,6,0,12,5,3,0,0,0,2,0,1,2,1,0,0,0,0,1,0,19359875486684408650000,19359875486684408650000,0,539193737991347460611305,0,0,0,0
11,5,3,0,7,4,3,0,2,0,1,2,0,3,0,0,0,0,1,1,0,161825618472654320838686,139319734985000000000000,22505883487654320838686,671337133832587589171539,0,0,0,0
7,10,10,0,9,4,2,1,2,0,0,1,0,0,2,1,1,0,0,2,0,38534825096933787807529,4269552999999999999999,34265272096933787807530,337150390847438766187921,0,0,0,0
7,4,7,0,10,7,3,0,2,0,1,2,0,1,2,0,0,0,3,1,0,362174484365873852347109,104232922313999999999997,257941562051873852347112,536648701779363732537602,0,0,0,0
11,5,3,0,7,4,3,0,2,0,1,2,0,3,0,0,0,0,1,1,0,150001939919925925776970,127505701494000000000000,22496238425925925776970,597697080065714218072582,0,0,0,0
6,3,9,0,10,3,5,0,3,1,1,1,1,2,3,0,0,0,2,2,0,263631384495448170664502,164031159043514993233218,99600225451933177431284,554945308505021520223882,0,0,0,0
16,4,8,0,7,4,6,0,2,1,3,1,2,3,3,0,0,0,1,0,0,469915151796511694707751,464751328730294421077339,5163823066217273630412,806348265594585275590014,0,0,0,0
10,7,11,0,6,5,2,0,2,0,0,2,0,0,2,0,0,0,0,4,0,175359657957294936417238,52597199212274511439849,122762458745020424977389,648186041599580960320760,0,0,0,0
8,4,13,0,3,4,4,0,1,0,3,1,0,3,1,0,0,0,2,4,0,91664426584395201127780,81907090802999999999998,9757335781395201127782,375512541549036326323899,0,0,0,0
10,6,11,0,6,6,3,0,2,0,0,2,1,1,2,0,0,0,0,3,0,116448001469263378282766,37259590194410108339851,79188411274853269942915,596978137412855926119479,0,0,0,0
12,4,7,0,10,3,2,0,1,0,1,1,0,1,1,0,0,0,1,3,0,115064346956233768156876,55551445010530864638028,59512901945702903518848,775262752510671644153740,0,0,0,0
6,2,6,0,8,8,7,0,4,1,0,3,3,3,4,0,0,0,1,3,0,335607395821222373337912,209010807826901680459905,126596587994320692878007,585874625990247402042231,0,0,0,0
7,11,10,0,9,4,3,2,3,0,0,1,0,0,3,2,2,0,0,1,0,171299964189477545201150,6469999999999999999998,164829964189477545201152,337150390847438766187921,0,0,0,0
7,11,10,0,9,4,2,1,2,0,0,1,0,0,2,1,1,0,0,2,0,40062672902883808477910,6469999999999999999998,33592672902883808477912,344218156681657732373882,0,0,0,0
10,4,6,0,7,4,3,0,3,0,0,3,0,2,1,0,0,0,2,3,0,323973572530864197054337,161617233806999999999998,162356338723864197054339,558448365205875314477632,0,0,0,0
10,6,8,0,6,3,7,0,6,0,0,4,0,2,5,0,0,0,1,4,0,469469538095378080356490,280687676045849510936403,188781862049528569420087,618836592694786343571596,0,0,0,0
16,3,8,0,7,5,5,0,1,0,4,1,1,4,1,0,0,0,1,1,0,473247414159722802093098,469026091992443034477343,4221322167279767615755,843602915022267525510721,0,0,0,0
6,5,6,0,8,4,6,0,5,0,0,1,0,0,6,0,0,0,0,0,0,333316481877880709136594,323729335034764406586586,9587146843116302550008,592309241254022455852065,0,0,0,0
7,6,6,0,12,4,3,0,1,0,2,1,1,2,1,0,0,0,0,1,0,158300432669235274699179,66401094180002171545263,91899338489233103153916,542914131835031149886096,0,0,0,0
16,4,8,0,7,5,5,0,0,1,4,0,1,4,1,0,0,0,1,1,0,477477800619131385216502,477477800619131385216502,0,843602915022274028429877,0,0,0,0
11,7,5,0,12,4,4,0,3,0,1,3,1,2,2,0,0,0,0,2,0,236521751400076541676421,98893593066932590659589,137628158333143951016832,718098323262465084889537,0,0,0,0
12,7,7,0,10,3,4,0,3,0,1,2,0,2,2,0,0,0,0,2,0,198829894869900927710744,135205370865754406829399,63624524004146520881345,827787335742323896808548,0,0,0,0
7,4,7,0,10,6,4,0,3,0,1,3,0,2,2,0,0,0,2,1,0,403758871625849061083411,115431347379999999999996,288327524245849061083415,629889219628479276712816,0,0,0,0
6,8,4,0,9,4,4,0,3,0,0,2,1,1,3,0,0,0,3,5,0,121740185863104328229034,93251963949603957339218,28488221913500370889816,580719314782149613972037,0,0,0,0
12,6,7,0,10,4,2,0,1,0,1,1,0,1,1,0,0,0,1,3,0,136014579856033385824345,95697193181218637748199,40317386674814748076146,664263004339940747373064,0,0,0,0
7,7,4,0,6,3,3,0,1,0,1,1,0,1,2,0,0,0,1,5,0,373556873381193505997582,251913878930890892722345,121642994450302613275237,439903464239386096696221,0,0,0,0
10,4,6,0,7,6,4,0,4,0,0,3,1,2,2,0,0,0,0,4,0,477714637231630471657669,222849213091022186595498,254865424140608285062171,594303051160919543079627,0,0,0,0
6,4,9,0,10,3,5,0,3,1,1,1,1,1,4,0,0,0,2,2,0,176328351816113103104666,126511239828414129734815,49817111987698973369851,433293881118601554819480,0,0,0,0
10,1,6,0,7,7,3,0,3,0,0,3,0,1,2,0,0,0,1,4,0,336524462849642729352251,161122233806999999999995,175402229042642729352256,558448365205875314477632,0,0,0,0
11,3,8,0,8,6,4,0,3,0,1,3,0,2,2,0,0,0,0,3,0,534442478799767090683241,375932266390921851508490,158510212408845239174751,548650943312533726857792,0,0,0,0
8,4,13,0,3,4,5,0,3,0,2,3,1,3,2,0,0,0,1,4,0,200032651109890070432933,103623511221002027376192,96409139888888043056741,375512541549036322848471,0,0,0,0
7,7,6,0,12,6,3,0,1,0,2,1,0,3,0,0,0,0,0,1,0,245693536239402458083341,88025938603000000000000,157667597636402458083341,458495687795316274836867,0,0,0,0
6,2,8,0,10,5,5,0,4,0,1,3,0,2,3,0,0,0,1,3,0,336026080660499830472593,160007716049000000007817,176018364611499830464776,580223116550477756995808,0,0,0,0
7,6,6,0,12,6,3,0,1,0,2,1,1,2,1,0,0,0,0,1,0,212472121021608478719174,66403240783000941985725,146068880238607536733449,300000000000107210488905,0,0,0,0
4,3,12,0,10,3,6,1,5,0,1,3,1,2,4,1,1,0,0,2,0,488231989674056147499936,200703155617621654729672,287528834056434492770264,246238667839785080565052,0,0,0,0
6,1,6,0,8,8,7,0,5,0,0,4,3,3,4,0,0,0,2,2,0,383360753599032886134220,230507842275148148099999,152852911323884738034221,464404169774852622707545,0,0,0,0
7,4,7,0,10,7,2,0,1,0,1,1,0,1,1,0,0,0,2,3,0,102478237838279977343325,56286033949999999999998,46192203888279977343327,586648701779390742040823,0,0,0,0
7,5,11,0,6,3,5,0,4,0,1,3,0,3,2,0,0,0,1,5,0,389530460488373161124158,281252800532107408588238,108277659956265752535920,530728785271935499420347,0,0,0,0
7,4,7,0,10,7,3,0,1,0,2,1,0,2,1,0,0,0,2,2,0,123882368657286888502775,74011070362999999999999,49871298294286888502776,586648701779374160245114,0,0,0,0
10,4,8,0,6,3,7,0,6,0,0,5,0,3,4,0,0,0,2,3,0,729823484101260578843677,256198050080610054960209,473625434020650523883468,709513111706358040660968,0,0,0,0
4,8,8,0,5,3,2,0,2,0,0,2,0,1,1,0,0,0,0,5,0,200435617142361038107872,94291911633999999999997,106143705508361038107875,300000000000175455124818,0,0,0,0
6,3,9,0,10,3,6,0,4,1,1,1,1,1,5,0,0,0,2,1,0,258081220019844311205994,176916339725901822355988,81164880293942488850006,462844341430231770305204,0,0,0,0
10,5,5,0,8,6,2,0,2,0,0,1,0,0,2,0,0,0,3,4,0,68922468161541762486581,29578032407407407349999,39344435754134355136582,537047886057308788164643,0,0,0,0
6,5,9,0,10,3,7,1,4,2,1,0,2,1,6,1,1,0,1,1,0,200449896935069705896235,126392267774523460146231,74057629160546245750004,478764609792215557050802,0,0,0,0
6,6,6,0,8,5,5,0,4,0,0,0,0,0,5,0,0,0,0,1,0,270443934040908109055757,270443934040908109055751,6,492308477408828827593194,0,0,0,0
8,5,13,0,3,5,8,0,3,0,5,3,0,7,1,0,0,0,1,1,0,153532892140932793969659,95703097699999999999998,57829794440932793969661,451303579925415122322512,0,0,0,0
6,5,10,0,5,3,5,0,5,0,0,4,2,1,4,0,0,0,1,5,0,571861894450183336987422,319804528436114195203251,252057366014069141784171,341312775447915251721287,0,0,0,0
11,7,5,0,12,5,4,0,2,0,2,2,0,2,2,0,0,0,1,1,0,368077531637171268631618,152265135758404709918250,215812395878766558713368,618099323262562144653045,0,0,0,0
8,4,13,0,3,4,5,0,2,0,3,2,0,4,1,0,0,0,1,4,0,169066449224187016927979,95651817238999999999998,73414631985187016927981,430589597402775911057504,0,0,0,0
13,8,4,0,6,7,4,0,1,0,3,1,0,3,1,0,0,0,0,1,0,366701220890234056453025,138496281291999999999999,228204939598234056453026,716694511689179648951297,0,0,0,0
6,1,6,0,8,5,8,0,6,0,0,5,3,4,4,0,0,0,2,1,0,350512929698782004510650,231499470710444444399999,119013458988337560110651,563411560978556326441052,0,0,0,0
6,7,4,0,9,4,3,0,2,0,0,1,1,1,2,0,0,0,2,7,0,73993273303372774084851,50887136823342348549999,23106136480030425534852,622816930522890354772047,0,0,0,0
7,1,6,0,11,9,4,0,1,1,2,1,1,2,2,0,0,0,0,3,0,85714833905621164252363,85157928041423633502362,556905864197530750001,317212064369857590397868,0,0,0,0
6,2,6,0,8,6,7,0,5,0,0,4,3,3,4,0,0,0,2,2,0,397153049632053398165578,198428761835074073999999,198724287796979324165579,561235056348926696830604,0,0,0,0
8,1,14,0,10,7,4,0,2,0,1,2,0,3,1,0,0,0,3,2,0,158477477934798749918906,113227237654320987600000,45250240280477762318906,640496283687052145052772,0,0,0,0
7,6,4,0,6,3,2,0,1,0,1,0,0,1,1,0,0,0,1,6,0,53584710556901234550000,53584710556901234549999,1,439982771769720570474732,0,0,0,0
10,4,8,0,6,2,7,0,6,0,0,5,0,3,4,0,0,0,2,3,0,844904353991977057707185,378946129922004157761183,465958224069972899946002,517889431264192955135862,0,0,0,0
13,6,6,0,9,7,2,0,2,0,0,1,0,0,2,0,0,0,0,1,0,268630001092318562982763,84210674142809033297255,184419326949509529685508,431123059212797695338259,0,0,0,0
10,4,8,0,6,3,6,0,5,0,0,4,0,3,3,0,0,0,1,5,0,597300005755199572917191,237991290985258242860212,359308714769941330056979,600103319296195103001949,0,0,0,0
11,1,8,0,8,6,4,0,3,1,0,3,1,1,3,0,0,0,0,3,0,463191445032552200830799,349685768516435863092448,113505676516116337738351,573783243312572366985092,0,0,0,0
6,3,8,0,10,7,3,0,2,0,1,1,0,1,2,0,0,0,1,5,0,116413421747298321590072,89648464660259208282605,26764957087039113307467,478486060840452599028623,0,0,0,0
6,6,6,0,8,5,5,0,4,0,0,0,0,0,5,0,0,0,0,1,0,225126925465411262451003,225126925465411262450997,6,477554417201389576823701,0,0,0,0
11,4,9,0,5,3,6,0,6,0,0,3,0,1,5,0,0,0,0,1,0,452580245893699749819949,385704516551270569364442,66875729342429180455507,525589118696168275691255,0,0,0,0
6,6,6,0,8,4,6,0,5,0,0,1,0,0,6,0,0,0,0,0,0,314200228015886433107790,308970601229573466307783,5229626786312966800007,617070259335107411376428,0,0,0,0
4,2,12,0,10,4,6,0,4,0,2,3,1,3,3,0,0,0,0,2,0,527340581445044501773828,377128302706000000107775,150212278739044501666053,244235000000200000000001,0,0,0,0
11,7,5,0,12,4,4,0,3,0,1,3,0,3,1,0,0,0,1,1,0,252359125911943500240064,133909005564041878511168,118450120347901621728896,620433976674867068854759,0,0,0,0
9,5,3,0,13,4,7,0,5,0,2,4,1,4,3,0,0,0,0,4,0,610371044454761493808957,283008256684399434638885,327362787770362059170072,301686790024588753129105,0,0,0,0
7,3,11,0,6,3,5,0,3,0,2,3,0,4,1,0,0,0,0,6,0,290623823082025103365436,197004072933360878540870,93619750148664224824566,434324487919844615291549,0,0,0,0
11,7,5,0,12,5,4,0,2,0,2,2,0,3,1,0,0,0,1,1,0,234965221656295059068833,124154567326041878511168,110810654330253180557665,607791143341591182312971,0,0,0,0
6,7,4,0,9,3,6,0,6,0,0,4,1,2,4,0,0,0,1,5,0,255829967092540708335965,112288056173325424997089,143541910919215283338876,580758767782149612972046,0,0,0,0
4,8,8,0,5,3,3,0,3,0,0,3,0,3,0,0,0,0,0,4,0,196345538114005833490949,134481704763000000000000,61863833351005833490949,307029412244837156874736,0,0,0,0
4,3,10,0,8,3,6,0,3,0,2,3,1,4,2,0,0,0,1,3,0,183772726672491560858839,123026412417512314231556,60746314254979246627283,325970523173056222519818,0,0,0,0
7,7,4,0,6,3,2,0,0,0,1,0,0,1,1,0,0,0,1,6,0,53599371050814814800000,53599371050814814800000,0,439809225155899155670741,0,0,0,0
10,4,5,0,8,6,2,0,2,0,0,1,0,0,2,0,0,1,1,5,0,76949816366277783058700,32435478395061728349998,44514337971216054708702,427592521605124121679168,0,0,1,0
10,7,5,0,9,7,0,0,0,0,0,0,0,0,0,0,0,0,0,2,0,0,0,0,469603955130398039078875,0,0,0,0
6,7,4,0,9,4,5,0,5,0,0,3,1,1,4,0,0,0,0,7,0,344814972576762036292903,175195515627429079749945,169619456949332956542958,515378799154720534222040,0,0,0,0
6,5,10,0,5,5,7,0,6,0,1,3,2,2,5,0,0,0,1,3,0,300178467643198511239392,234851501626660355434957,65326966016538155804435,411786505386088357626943,0,0,0,0
11,2,8,0,8,6,4,0,4,0,0,3,0,1,3,0,0,0,0,3,0,414326773724711609603786,238812854586266018464157,175513919138445591139629,474430953565514508274611,0,0,0,0
7,4,13,0,10,4,5,0,3,0,1,2,1,1,4,0,0,0,1,0,0,289803674553107479269115,207152165128269217975008,82651509424838261294107,495203127841993068746260,0,0,0,0
13,8,4,0,6,7,4,0,1,0,2,1,0,2,2,0,0,0,0,1,0,147938101139086923955659,69266354183037037049996,78671746956049886905663,532459303107912687391333,0,0,0,0
6,3,8,0,10,5,6,0,5,0,1,4,1,3,3,0,0,0,0,3,0,496468163852795257211673,196551363051839506149998,299916800800955751061675,464725574371289923258613,0,0,0,0
7,7,4,0,6,4,2,0,0,0,2,0,0,2,0,0,0,0,2,5,0,41198410159000000000000,41198410159000000000000,0,448118381337613588782449,0,0,0,0
9,3,8,0,7,7,4,0,2,1,1,1,1,2,2,0,0,0,2,2,0,107810190229214642134204,90675165095717259501634,17135025133497382632570,627067749245889468740873,0,0,0,0
7,0,6,0,11,8,4,0,2,0,2,1,0,2,2,0,0,0,0,3,0,84084515084374122447347,76040392258999999999997,8044122825374122447350,389600779825788872434397,0,0,0,0
4,3,11,0,10,4,5,0,4,0,1,3,1,2,3,0,0,0,0,3,0,431867466770033521377288,233837425248000000099995,198030041522033521277293,244235000000200000000000,0,0,0,0
8,2,14,0,10,6,4,0,3,0,1,2,1,2,2,0,0,0,2,3,0,371585231025933072278337,123615586912220987601278,247969644113712084677059,640496283687050720862969,0,0,0,0
3,7,8,0,10,4,6,0,6,0,0,5,1,2,4,0,0,0,1,3,0,629674118645607104758785,190728116030054050002167,438946002615553054756618,282420652266870885957827,0,0,0,0
7,4,11,0,6,4,5,0,3,1,1,3,1,3,2,0,0,0,0,6,0,298817396005824073264710,188102904297344778967469,110714491708479294297241,529563042518197619549166,0,0,0,0
13,5,6,0,9,8,2,0,2,0,0,1,0,0,2,0,0,0,0,1,0,229002670631383191164979,83644685069746697233058,145357985561636493931921,493540617352176674892302,0,0,0,0
11,0,8,0,8,5,6,0,6,0,0,3,0,2,4,0,0,0,0,1,0,526412033904483470449143,423606878524653121069827,102805155379830349379316,610783243312533550376571,0,0,0,0
8,5,3,0,8,6,8,0,4,2,0,2,5,1,7,0,0,0,2,3,0,186975883800407388667447,88087071380914525304710,98888812419492863362737,495072735834240811011593,0,0,0,0
4,8,8,0,5,2,3,0,3,0,0,3,0,2,1,0,0,0,0,4,0,187959952102001805621399,101176824800999999999997,86783127301001805621402,307929000107922144428564,0,0,0,0
11,4,9,0,5,3,5,0,5,0,0,3,0,2,3,0,0,0,0,2,0,373554325495603721977191,280623958199068605829593,92930367296535116147598,511999189950733224564588,0,0,0,0
4,6,6,0,4,3,3,0,2,0,1,2,0,2,1,0,0,0,0,4,0,334425507002509201875959,133214859149955011962043,201210647852554189913916,399999000000100000000014,0,0,0,0
9,4,3,0,13,4,7,0,5,1,1,4,1,3,4,0,0,0,0,4,0,365239328825840716089007,172968805794962336202486,192270523030878379886521,301686790024588753129107,0,0,0,0
10,5,5,0,8,5,5,0,4,1,0,3,1,1,4,0,0,0,1,3,0,335303807576853487462902,119103837304788226440115,216199970272065261022787,430206912037222887129230,0,0,0,0
6,3,8,0,10,4,6,0,4,1,1,3,1,3,3,0,0,0,1,2,0,272102981390123779658818,139734802054747380165507,132368179335376399493311,540371356666869528906695,0,0,0,0
4,3,10,0,8,3,7,0,4,0,2,3,1,4,3,0,0,0,1,2,0,205723556029222035858965,148123045510290430697273,57600510518931605161692,325970523173056222526153,0,0,0,0
2,4,9,0,8,4,5,0,4,0,0,3,1,0,5,0,0,0,0,6,0,423794643541348201331746,206617103695924748504962,217177539845423452826784,295910826586396718400246,0,0,0,0
6,6,10,0,5,3,8,0,7,0,1,5,2,3,5,0,0,0,2,1,0,564775592272368340825794,324964250675336417403254,239811341597031923422540,332544493767913302483132,0,0,0,0
10,8,5,0,9,6,0,0,0,0,0,0,0,0,0,0,0,0,0,2,0,0,0,0,460753153130457240914159,0,0,0,0
4,3,11,0,10,3,5,0,3,0,2,2,0,2,3,0,0,0,1,2,0,404248801662259431859658,242531214706194587282009,161717586956064844577649,318407343164350929805389,0,0,0,0
7,3,7,0,10,8,4,0,3,0,1,2,0,2,2,0,0,0,3,3,0,694808197514297825775151,180730237644384277154746,514077959869913548620405,445759360469687550775483,0,0,0,0
13,6,4,0,6,7,4,0,1,0,2,1,0,2,2,0,0,0,0,1,0,102911126775878803247375,67472672074037036999998,35438454701841766247377,620646222262986396645706,0,0,0,0
7,5,13,0,10,3,6,0,5,0,0,4,1,2,4,0,0,0,0,0,0,379457550308629710110003,261856982162983877075238,117600568145645833034765,481100520164525387904791,0,0,0,0
7,1,6,0,11,5,3,0,1,0,2,1,0,3,0,0,0,0,0,4,0,60135221242559392397734,50000000000000000000000,10135221242559392397734,516211315027566589138183,0,0,0,0
5,4,11,0,4,5,2,0,1,0,1,1,1,1,1,0,0,0,2,3,0,102632529829641788063899,63879111865000000001626,38753417964641788062273,399999000000250116436531,0,0,0,0
9,3,8,0,7,7,3,0,1,2,0,0,2,0,3,0,0,0,2,3,0,134404314823813620799752,134404314823813620799748,4,580798251085424854902830,0,0,0,0
7,6,11,0,6,3,6,0,5,1,0,4,1,4,2,0,0,0,0,5,0,440390146284621087501624,356930489754398865658799,83459656530222221842825,529694216484150855025957,0,0,0,0
8,2,14,0,10,7,5,0,3,0,2,2,1,3,2,0,0,0,3,1,0,603054799948344025600255,187601803694408512900816,415452996253935512699439,653723521341378361786110,0,0,0,0
3,8,8,0,10,6,6,0,6,0,0,5,1,2,4,0,0,0,1,3,0,682359900579183927911973,141216489821895586158971,541143410757288341753002,282420652266870885957827,0,0,0,0
9,5,4,0,16,8,5,0,3,0,1,2,0,3,2,0,0,0,1,2,0,178749719354248393115306,141428241441553473336208,37321477912694919779098,557199766415029658444882,0,0,0,0
8,5,3,0,8,5,6,0,3,1,0,1,3,1,5,0,0,0,4,3,0,107275130029359850616334,55171977789149444788047,52103152240210405828287,545094342385306273585637,0,0,0,0
13,5,6,0,9,7,2,0,2,0,0,1,0,0,2,0,0,0,0,1,0,70321077561447425330682,37754685069746697233057,32566392491700728097625,429508059212847579339683,0,0,0,0
12,5,5,0,5,5,3,0,3,0,0,1,0,0,3,0,0,0,2,2,0,187695634660427100215386,100123074203980475533348,87572560456446624682038,986421979011168775866597,0,0,0,0
4,8,8,0,5,3,2,0,2,0,0,2,0,2,0,0,0,0,0,5,0,93110328396520111333041,71844164211000000000000,21266164185520111333041,300000000000175455124818,0,0,0,0
4,6,6,0,4,3,3,0,2,0,1,2,0,2,1,0,0,0,0,4,0,333991142100216942457884,149872440395000000000009,184118701705216942457875,399999000000100000000013,0,0,0,0
11,4,9,0,5,3,6,1,6,0,0,2,0,1,5,1,1,0,0,1,0,227496020294880408613506,134912443076010109699989,92583577218870298913517,485471498666313131566408,0,0,0,0
7,5,6,0,9,4,4,0,4,0,0,3,0,1,3,0,0,0,0,5,0,428212325506449858190277,187205686279999999999995,241006639226449858190282,455692006221555786681815,0,0,0,0
2,5,9,0,8,5,5,0,3,1,0,2,1,0,5,0,0,0,1,5,0,223852261690436722082059,195076161567390774728554,28776100123045947353505,311873177629790994746717,0,0,0,0
9,4,3,0,13,4,6,0,6,0,0,5,0,4,2,0,0,0,0,5,0,484618766969687848375289,310794696609399434638885,173824070360288413736404,301686790024588753129217,0,0,0,0
7,3,7,0,10,8,5,0,4,0,1,4,0,3,2,0,0,0,3,2,0,698993008998271971574910,279323636485565458751699,419669372512706512823211,488124360471449552037331,0,0,0,0
10,3,5,0,8,4,4,0,3,1,0,2,1,0,4,0,0,0,3,2,0,254586857258046523590621,126220606312413090190711,128366250945633433399910,374319311930237687120336,0,0,0,0
4,5,7,0,8,6,6,0,4,2,0,2,2,0,6,0,0,0,0,5,0,322667547417680508096571,139667839991679590356673,182999707426000917739898,349999000000068000018211,0,0,0,0
4,3,10,0,8,2,7,0,4,0,2,3,1,4,3,0,0,0,1,2,0,183811107805974371511290,126379644780360653383770,57431463025613718127520,329767577975984072109441,0,0,0,0
5,4,11,0,4,5,2,0,1,0,1,1,1,1,1,0,0,0,2,3,0,97158498535558569049891,52590281571000000000066,44568216964558569049825,399999000000250116436550,0,0,0,0
14,8,5,0,5,4,5,0,3,0,2,1,0,3,2,0,0,0,0,3,0,180548895354965076815806,70929623910144777504807,109619271444820299310999,608334973202258391239967,0,0,0,0
9,6,4,0,16,6,6,0,5,0,0,4,0,3,3,0,0,0,0,2,0,223271644433474989606024,130570549176257393793138,92701095257217595812886,555372901745325737990361,0,0,0,0
10,6,5,0,9,5,0,0,0,0,0,0,0,0,0,0,0,0,0,2,0,0,0,0,500053150830470587825856,0,0,0,0
12,7,6,0,10,2,5,0,3,0,1,2,0,2,3,0,0,0,1,1,0,321728109127550513155697,286004840668890833439651,35723268458659679716046,519925229720290333835735,0,0,0,0
6,6,10,0,5,4,9,0,8,0,1,6,3,3,6,0,0,0,0,2,0,571624459323605918622908,316486974160929199839706,255137485162676718783202,283177991408143042358867,0,0,0,0
9,4,6,0,8,6,6,0,5,0,1,3,1,2,4,0,0,0,2,3,0,246640901853770222761318,176120655695157826014894,70520246158612396746424,499953000000154994721218,0,0,0,0
7,4,13,0,10,4,4,0,3,0,1,2,0,1,3,0,0,0,1,1,0,255260056394701135549929,174896719566902489645337,80363336827798645904592,412646369467188705413372,0,0,0,0
6,5,10,0,12,6,4,0,4,0,0,3,0,2,2,0,0,0,0,2,0,283015610192057148643740,163703575923453979403946,119312034268603169239794,333884276896798251574139,0,0,0,0
12,3,5,0,5,7,3,0,3,0,0,1,0,0,3,0,0,0,2,2,0,131071279800722340303269,100123074203980475533346,30948205596741864769923,906188580937869506853400,0,0,0,0
13,7,4,0,6,6,3,0,1,0,2,0,0,2,1,0,0,0,0,2,0,142067223799491697631168,142067223799491697631166,2,727990032136529411952715,0,0,0,0
9,4,8,0,7,7,4,0,3,1,0,1,2,0,4,0,0,0,1,3,0,148974373098504041362756,143127070751723909053381,5847302346780132309375,469032308200256015476160,0,0,0,0
12,3,8,0,15,3,5,0,2,0,2,2,1,3,2,0,0,0,2,1,0,130672800739129958997884,107270383238611111080400,23402417500518847917484,756070974242415590882288,0,0,0,0
7,4,6,0,9,6,5,0,5,0,0,4,2,0,5,0,0,0,1,3,0,529096189724873768173069,150000001859802081913840,379096187865071686259229,455550995419086650881881,0,0,0,0
6,1,4,0,12,3,6,0,4,0,0,4,0,2,4,0,0,0,0,4,0,538080870128446775933042,331802859633519563841998,206278010494927212091044,399999000000150002592000,0,0,0,0
7,1,6,0,11,7,3,0,1,0,2,1,0,2,1,0,0,0,1,3,0,96297709723703703600000,76351818519999999999999,19945891203703703600001,416212315027524390658946,0,0,0,0
3,8,8,0,10,5,6,0,6,0,0,5,1,2,4,0,0,0,2,2,0,663758053832719968440995,161346631483272283067241,502411422349447685373754,282420652266870885957827,0,0,0,0
4,8,7,0,8,7,4,0,3,1,0,2,1,0,4,0,0,0,0,7,0,335398300113617576468212,135853030113543299744511,199545270000074276723701,349999000000068000018211,0,0,0,0
9,8,10,0,5,2,7,1,5,0,1,4,0,4,3,1,1,0,1,1,0,642042148518032834366600,262589348864228877539025,379452799653803956827575,329893426943952915521237,0,0,0,0
6,6,8,0,5,5,3,0,2,0,1,2,1,1,2,0,0,0,1,0,0,288133829295891221700000,124234341158999999999999,163899488136891221700001,438147995538149750980183,0,0,0,0
8,2,14,0,10,6,4,0,3,0,1,2,1,2,2,0,0,0,2,3,0,274422162350159500866016,76063889382220987600000,198358272967938513266016,640496283687050837954137,0,0,0,0
8,5,3,0,8,7,7,0,2,2,0,1,4,1,6,0,0,0,3,3,0,182899118356089949647689,174747660711884634982881,8151457644205314664808,524510268659962324129500,0,0,0,0
14,7,5,0,5,4,7,0,3,0,4,1,0,4,3,0,0,0,1,0,0,99735070442685458888306,84064080958151373638303,15670989484534085250003,556464302973213677552028,0,0,0,0
10,6,6,0,14,5,5,0,3,0,2,3,0,2,3,0,0,0,1,2,0,490022702203289246674098,278682459983210370902451,211340242220078875771647,592862371418486054436307,0,0,0,0
13,4,6,0,9,9,2,0,2,0,0,1,0,0,2,0,0,0,0,1,0,276189541459845480495609,84822731360653201271473,191366810099192279224136,377136372830146963899472,0,0,0,0
4,5,6,0,4,3,3,0,3,0,0,3,0,2,1,0,0,0,0,4,0,366928497414490532886851,132982018723955011962043,233946478690535520924808,399999000000100000000014,0,0,0,0
6,1,9,0,9,5,3,0,3,0,0,3,1,1,2,0,0,0,1,3,0,127958475118524179681555,100000000000000000000411,27958475118524179681144,440662042795010699618280,0,0,0,0
12,7,6,0,10,3,6,1,4,0,1,2,1,2,4,1,1,0,0,1,0,311731277281664180125629,159903663741876368018219,151827613539787812107410,512769285470722398449935,0,0,0,0
6,2,9,0,8,11,1,0,0,0,1,0,0,1,0,0,0,0,0,3,0,28623031293000000000000,28623031293000000000000,0,325238920380233276365203,0,0,0,0
11,3,9,0,5,3,6,0,6,0,0,3,0,2,4,0,0,0,0,1,0,451520501296191275275959,292829743551293433594120,158690757744897841681839,480884327463984775526685,0,0,0,0
9,4,6,0,8,7,6,0,4,0,2,3,1,2,4,0,0,0,3,2,0,533169924516039521163530,259020845879454122314895,274149078636585398848635,350874708744542554431395,0,0,0,0
2,6,9,0,8,5,5,0,1,2,1,1,2,1,4,0,0,0,0,6,0,188763387765316844873182,149034256148931129158399,39729131616385715714783,332626325330029280524439,0,0,0,0
11,1,4,0,10,5,4,0,4,0,0,3,0,1,3,0,0,0,0,2,0,125620261756310873131859,100060999600000000000000,25559262156310873131859,452288389010847425299450,0,0,0,0
8,3,7,0,11,5,3,1,2,1,0,1,2,0,3,1,1,0,0,4,0,22157793209876543151816,1685,22157793209876543150131,475923774058832987700930,0,0,0,0
6,5,10,0,12,6,3,0,3,0,0,2,0,1,2,0,0,0,1,2,0,211230896936367663779271,145318146786073246401980,65912750150294417377291,433883276896811976574053,0,0,0,0
9,3,3,0,13,5,6,0,5,0,1,4,1,3,3,0,0,0,0,5,0,404919707232859552093027,181012241538399434638884,223907465694460117454143,301686790024588753129161,0,0,0,0
7,2,7,0,10,8,7,0,5,1,1,5,2,2,5,0,0,0,2,1,0,893248409697530472175022,297622695322485520135385,595625714375044952039637,474704360469436097514636,0,0,0,0
9,3,13,0,8,7,4,0,3,0,1,1,0,2,2,0,0,0,0,3,0,399906997307439113627343,341457013315613054852358,58449983991826058774985,455743241160451968774180,0,0,0,0
12,3,8,0,15,3,8,0,3,2,3,2,2,4,4,0,0,0,0,0,0,408853342064793109326468,356658268186575786873976,52195073878217322452492,695835069062619613250852,0,0,0,0
9,8,7,0,7,6,3,0,2,1,0,0,1,0,3,0,0,0,0,1,0,95819626642196398213491,95819626642196398213488,3,430197099096876174762458,0,0,0,0
4,3,10,0,8,3,7,0,3,0,3,3,1,5,2,0,0,0,2,1,0,157319621910100064472816,123041785745675407015834,34277836164424657456982,325970523173056222520083,0,0,0,0
5,5,11,0,4,6,2,0,1,0,1,1,0,1,1,0,0,0,1,4,0,242062446756763573700006,100658777481000000000012,141403669275763573699994,399999000000250116436627,0,0,0,0
9,6,10,0,7,5,3,0,2,0,1,1,0,1,2,0,0,0,2,1,0,90248846678033958500000,60683269358086419699998,29565577319947538800002,659947539270696182687905,0,0,0,0
6,4,4,0,12,3,6,0,4,0,1,3,0,2,4,0,0,0,0,4,0,568256639253896472200255,280868978529752109396240,287387660724144362804015,399999000000150002592000,0,0,0,0
10,6,5,0,9,7,0,0,0,0,0,0,0,0,0,0,0,0,0,2,0,0,0,0,419624954730460042148634,0,0,0,0
9,5,4,0,16,7,5,0,4,0,0,3,0,2,3,0,0,0,0,3,0,204729555256404098664264,126957877842751113827343,77771677413652984836921,483729962297350311157670,0,0,0,0
14,6,4,0,6,7,3,0,3,0,0,1,0,1,2,0,0,0,1,3,0,338716883321711982775956,299401216888454902786727,39315666433257079989229,665809972127035233705760,0,0,0,0
9,7,10,0,5,2,9,0,6,0,2,5,1,5,4,0,0,0,0,0,0,836973133216505204646256,475632173017684779675052,361340960198820424971204,322591796233994442406534,0,0,0,0
8,3,7,0,7,5,5,1,4,1,0,3,1,3,2,1,1,0,0,5,0,363446590447036151846609,190439391883550711412855,173007198563485440433754,505789752590749827002001,0,0,0,0
7,6,13,0,10,4,5,0,3,0,1,2,1,1,4,0,0,0,1,0,0,336951184316014904219832,270663050738220448959862,66288133577794455259970,479852470713306084085903,0,0,0,0
12,4,5,0,5,7,3,0,3,0,0,1,0,0,3,0,0,0,2,2,0,178413733147826179836474,100123074203980475533345,78290658943845704303129,991587078546996519386539,0,0,0,0
14,4,7,0,8,4,4,0,3,1,0,2,1,1,3,0,0,0,0,1,0,266846067870565602982479,185290216159460537821010,81555851711105065161469,534687676321737876214131,0,0,0,0
6,6,8,0,5,7,2,0,1,0,1,1,0,1,1,0,0,0,1,1,0,85004776432865896300000,68546461865999999999998,16458314566865896300002,538226995538052824673474,0,0,0,0
5,7,4,0,7,4,9,0,5,0,1,5,0,3,6,0,0,0,0,4,0,540508179459277126182283,315412201371677641417642,225095978087599484764641,246325298251747764979626,0,0,0,0
7,4,6,0,9,5,3,0,3,0,0,2,0,0,3,0,0,0,0,6,0,191449970749011783734900,99999999999999999999994,91449970749011783734906,356018623505606402931995,0,0,0,0
9,3,8,0,7,7,2,0,2,0,0,1,0,1,1,0,0,0,3,3,0,111609773587039162101895,90202120161972491341200,21407653425066670760695,749488181408457647316280,0,0,0,0
10,6,6,0,14,5,4,0,3,0,1,3,0,1,3,0,0,0,1,3,0,490524054492338646410400,378723685090210370902456,111800369402128275507944,592862371418493303536263,0,0,0,0
5,5,9,0,8,3,6,0,4,0,2,3,1,3,3,0,0,0,0,5,0,362116191576805138361200,219658102027999999999995,142458089548805138361205,378129617918902199428416,0,0,0,0
3,5,8,0,10,4,6,0,6,0,0,5,1,2,4,0,0,0,2,2,0,803369513407603489627046,185589814155603919482734,617779699251999570144312,282420652266870885957827,0,0,0,0
6,4,9,0,9,5,3,0,3,0,0,1,1,0,3,0,0,0,1,3,0,182303355179784322702119,182303355179784322699939,2180,437430625799236756174495,0,0,0,0
4,5,7,0,8,6,5,0,3,1,0,2,2,0,5,0,0,0,0,6,0,294000780564409425412941,127817664099542031095615,166183116464867394317326,332990820987722321018518,0,0,0,0
7,3,7,0,5,4,7,1,4,1,1,3,3,2,5,1,1,0,4,1,0,360527989611417135600815,234265545659431896992277,126262443951985238608538,605185935265798279697272,0,0,0,0
6,3,9,0,8,10,2,0,1,0,1,1,0,2,0,0,0,0,0,2,0,243492492201594197738389,111021212668000000000000,132471279533594197738389,356249535181407009205590,0,0,0,0
8,4,3,0,8,5,7,0,3,1,1,1,4,1,6,0,0,0,3,3,0,214390850684950478123954,164737522165184564894097,49653328519765913229857,455797962984113394274841,0,0,0,0
11,6,7,0,4,3,9,0,5,0,3,4,0,4,5,0,0,0,1,1,0,723799969183909065332337,235006195042199681542104,488793774141709383790233,542506330535841209513825,0,0,0,0
14,7,5,0,5,4,5,1,3,0,2,1,0,3,2,1,1,0,0,3,0,194551473440302963641543,65233943474481481449999,129317529965821482191544,703884130699247459189050,0,0,0,0
11,2,4,0,10,6,4,0,4,0,0,2,0,0,4,0,0,0,0,2,0,82874701616789779361571,64762814154356535090116,18111887462433244271455,437586574456540890209314,0,0,0,0
8,1,5,0,14,4,6,0,6,0,0,4,1,1,5,0,0,0,0,3,0,569432956433153222125477,271025859219970473991785,298407097213182748133692,364373614197747451834475,0,0,0,0
4,5,6,0,4,3,3,0,2,0,1,2,0,2,1,0,0,0,0,4,0,336237571191778610655804,133159228343955011962041,203078342847823598693763,399999000000100000000013,0,0,0,0
5,6,8,0,4,4,3,1,3,0,0,2,0,1,2,1,1,0,0,6,0,545987075617283949767514,35275000000000000678343,510712075617283949089171,499998000000100000111139,0,0,0,0
8,5,7,0,11,5,5,1,3,0,1,2,1,2,3,1,1,0,0,2,0,359357756119598043799465,153077102730248485350000,206280653389349558449465,437250951073980331178684,0,0,0,0
12,8,6,0,10,3,6,0,3,0,2,2,1,2,4,0,0,0,0,1,0,403425451948313586143336,273758764226128585135048,129666687722185001008288,402632712577250862710416,0,0,0,0
2,4,9,0,8,5,4,0,0,3,0,0,3,0,4,0,0,0,0,7,0,53197121367093878342913,53197121367093878342913,0,312481928278199486292626,0,0,0,0
6,6,4,0,7,4,5,0,4,0,0,3,1,0,5,0,0,0,0,3,0,237397806849482183811373,154058664778500658672950,83339142070981525138423,420815596754862878313332,0,0,0,0
9,5,13,0,8,7,3,0,2,0,1,1,0,1,2,0,0,0,0,4,0,404609313177433109607033,316744804737504211024694,87864508439928898582339,504946738942284133508734,0,0,0,0
6,5,5,0,8,5,2,1,2,0,0,1,0,0,2,1,1,0,1,2,0,423071380016033224049755,149999000000000000005322,273072380016033224044433,286693161261248372128672,0,0,0,0
9,8,6,0,8,8,6,0,4,1,1,2,2,2,4,0,0,0,1,4,0,239386519685958041402270,176461349771838521845396,62925169914119519556874,407963938695395709920079,0,0,0,0
7,2,7,0,10,8,3,0,2,0,1,2,0,2,1,0,0,0,3,4,0,713562541805344385758286,200000000002000000008356,513562541803344385749930,537413360469382340945877,0,0,0,0
7,5,3,0,12,5,1,0,1,0,0,1,0,1,0,0,0,0,0,3,0,89422615175250851984033,50000000000000000000000,39422615175250851984033,349434000000058214900940,0,0,0,0
9,8,7,0,7,6,3,0,2,1,0,0,1,0,3,0,0,0,0,1,0,93805241906685788223084,93805241906685788223081,3,426127702956110647250408,0,0,0,0
6,6,10,0,12,5,4,0,4,0,0,4,0,2,2,0,0,0,0,2,0,343689213983381422376653,154726170074999999999996,188963043908381422376657,311930425438755788266240,0,0,0,0
10,5,15,0,9,2,3,0,3,0,0,3,0,2,1,0,0,0,0,1,0,180964043925372369699872,112178056577999999999999,68785987347372369699873,1069172068938602106184875,0,0,0,0
5,4,11,0,4,6,3,0,2,0,1,2,0,2,1,0,0,0,0,4,0,276677065535273247909348,100798362126780416335311,175878703408492831574037,403919000992775477377911,0,0,0,0
9,6,10,0,7,6,3,0,2,0,1,1,0,1,2,0,0,0,1,2,0,95465823109686740250000,62643776863987654299997,32822046245699085950003,506523117650512195078779,0,0,0,0
8,6,6,0,8,7,3,0,3,0,0,3,1,2,1,0,0,0,0,6,0,290497740006382945098045,86867589397000000000000,203630150609382945098045,389467472753079146797171,0,0,0,0
14,6,4,0,6,7,4,0,4,0,0,1,0,1,3,0,0,0,1,2,0,361269976327692560380792,194120516770523128086593,167149459557169432294199,671091669461951745583348,0,0,0,0
12,3,8,0,15,3,8,0,2,2,3,0,2,3,5,0,0,0,0,0,0,360601764858551037827056,360601764858551037827054,2,659104088846382948364791,0,0,0,0
5,6,5,0,14,6,4,0,3,0,0,3,0,2,2,0,0,0,0,7,0,304754702184364789347487,154971741274629629599998,149782960909735159747489,436077310655660815964275,0,0,0,0
9,3,4,0,16,8,6,0,5,0,0,2,0,2,4,0,0,0,1,1,0,163812221924757459092399,122097516701637015828373,41714705223120443264026,511137938774670655010907,0,0,0,0
10,4,8,0,10,5,4,0,4,0,0,2,1,0,4,0,0,0,0,2,0,203109562374741107414769,172895580474661481292212,30213981900079626122557,315411200856064020529958,0,0,0,0
8,2,7,0,7,5,3,0,3,0,0,3,1,2,1,0,0,0,0,7,0,323365943499891516350351,200000000002000000000000,123365943497891516350351,505789752590800446990337,0,0,0,0
6,2,4,0,12,4,4,0,3,0,0,3,0,1,3,0,0,0,0,6,0,361632592219235218580213,189254767183036896250021,172377825036198322330192,399999000000150002592001,0,0,0,0
12,5,5,0,5,7,3,0,3,0,0,1,0,0,3,0,0,0,2,2,0,173941063223744205613612,100123074203980475533343,73817989019763730080269,856189580937969505860595,0,0,0,0
6,5,8,0,8,6,3,0,1,1,1,1,1,2,1,0,0,0,2,2,0,232612957661793494497140,113465303446417490995054,119147654215376003502086,548010489550754555574418,0,0,0,0
14,4,7,0,8,7,1,0,1,0,0,0,0,0,1,0,0,0,2,2,0,6457176743902543700000,6457176743902543699998,2,613293137625518873125550,0,0,0,0
3,4,8,0,8,3,5,0,3,2,0,3,2,2,3,0,0,0,2,3,0,229055928663764215163653,181820131524791295749997,47235797138972919413656,392261877510319283103215,0,0,0,0
7,5,6,0,9,5,3,0,3,0,0,2,0,0,3,0,0,0,0,6,0,191542621729533535749909,99999999999999999999994,91542621729533535749915,355768430604371835033223,0,0,0,0
9,6,10,0,5,3,8,0,5,0,2,5,1,4,4,0,0,0,0,1,0,784779785688595170935370,285049995347955598391359,499729790340639572544011,322598391821430326506632,0,0,0,0
4,6,7,0,9,4,4,0,4,0,0,4,0,3,1,0,0,0,1,3,0,626806066293837952238594,223915568056753750053723,402890498237084202184871,399999000000150000000020,0,0,0,0
5,9,4,0,7,4,8,1,5,0,1,4,0,2,6,1,1,0,0,5,0,637956524531665869396828,201355597292668595799926,436600927238997273596902,359717573293038588013987,0,0,0,0
7,5,10,0,14,7,4,0,1,1,1,0,1,1,3,0,0,0,0,0,0,109115600312396304700000,109115600312396304699999,1,293171359500914326613787,0,0,0,0
4,6,7,0,8,6,6,0,4,1,0,3,2,1,5,0,0,0,0,5,0,413959564513240798055242,174101771000382490320761,239857793512858307734481,330565327160561827219469,0,0,0,0
6,8,8,0,5,6,3,0,2,0,1,0,0,1,2,0,0,0,1,0,0,176096039322487293715210,176096039322487293715208,2,438057996138155748409020,0,0,0,0
5,6,9,0,8,4,7,0,3,0,4,3,0,5,2,0,0,0,0,4,0,373476440822150041141897,226998902640999999999997,146477538181150041141900,378134617918894862081998,0,0,0,0
10,3,7,0,7,4,3,0,3,0,0,3,1,2,1,0,0,0,2,1,0,583288716997745144284460,85426000000000000000000,497862716997745144284460,629063018087534471937100,0,0,0,0
14,9,5,0,5,4,6,1,3,0,3,1,0,3,3,1,1,0,1,1,0,117384130048801012295318,96053049450950617259597,21331080597850395035721,583371480599297641305609,0,0,0,0
10,6,6,0,14,4,6,0,4,0,2,4,1,2,4,0,0,0,0,2,0,538049936741608005229644,333049167135210371380277,205000769606397633849367,492863371418587511638654,0,0,0,0
12,2,10,0,10,9,6,0,1,2,2,1,3,2,4,0,0,0,1,1,0,130410768466335253935606,125603241828621730508118,4807526637713523427488,726481348669646113962858,0,0,0,0
7,3,7,0,5,5,4,0,1,0,2,1,1,2,2,0,0,0,4,4,0,219304953558388455400000,218453760606308641949999,851192952079813450001,613954748366513641783624,0,0,0,0
6,8,6,0,7,5,6,0,5,1,0,3,1,2,4,0,0,0,1,5,0,262083451697925831375844,122319058797056527386877,139764392900869303988967,312422703480579552632052,0,0,0,0
6,3,9,0,9,6,3,0,2,0,1,2,1,1,2,0,0,0,1,3,0,105159114378247371950623,99610268625000000000411,5548845753247371950212,491519189640190052964171,0,0,0,0
12,8,6,0,10,3,6,0,2,0,3,1,0,3,3,0,0,0,0,1,0,356698694049394098211805,294970516475701057116827,61728177573693041094978,402631332317039875232600,0,0,0,0
11,6,7,0,4,4,9,0,5,0,3,4,0,4,5,0,0,0,1,1,0,749962012228642755535367,246541748400792386295627,503420263827850369239740,430494666363311913754724,0,0,0,0
1,2,12,0,9,6,4,0,0,2,2,0,2,2,2,0,0,0,0,3,0,43691191861777777768892,43691191861777777768892,0,300000000000150000021735,0,0,0,0
8,2,5,0,14,2,4,0,4,0,0,3,0,1,3,0,0,0,1,4,0,374971757979481251907941,190039951580555555500001,184931806398925696407940,309959069444661032246544,0,0,0,0
5,5,8,0,3,7,9,0,6,0,2,4,0,3,6,0,0,0,0,4,0,376664567980013580703840,302636385342938549163244,74028182637075031540596,386269000000100000000009,0,0,0,0
6,4,9,0,8,9,3,0,2,0,1,2,0,2,1,0,0,0,0,1,0,526207129062042347731688,236883354403927500577898,289323774658114847153790,325238920380212056052781,0,0,0,0
9,4,6,0,8,8,3,0,2,0,1,0,0,1,2,0,0,0,1,7,0,43009155420304550380618,43009155420304550380614,4,396431129076696244202751,0,0,0,0
9,2,7,0,5,7,1,0,1,0,0,1,1,0,1,0,0,0,0,4,0,68757712844292243800000,50000000000000000000000,18757712844292243800000,635111844870370929422117,0,0,0,0
5,5,8,0,4,4,5,1,4,0,1,2,0,2,3,1,1,0,0,4,0,516281043044130098877192,184798611111111110791118,331482431933018988086074,499998000000150000086620,0,0,0,0
11,2,4,0,10,6,5,0,5,0,0,3,1,0,5,0,0,0,0,1,0,188796433537020079432561,138049921533972317768366,50746512003047761664195,416929388349799562083236,0,0,0,0
6,6,10,0,12,4,4,0,4,0,0,4,1,3,1,0,0,0,1,1,0,303272957493387936810004,154731598075000000000000,148541359418387936810004,483898276896798251574438,0,0,0,0
9,4,11,0,5,5,6,0,3,0,1,3,0,1,5,0,0,0,1,2,0,274995266068804019770457,141608444497335003798981,133386821571469015971476,495996475524807404127448,0,0,0,0
6,5,4,0,7,7,5,0,3,0,0,2,1,0,5,0,0,0,0,3,0,423888208898476315990330,151514675341141013265958,272373533557335302724372,420815596754812878313332,0,0,0,0
6,5,4,0,9,3,7,0,3,1,2,2,2,2,5,0,0,0,0,2,0,190055877393278497873493,181020152878973095839690,9035724514305402033803,572391114529723415848334,0,0,0,0
12,3,8,0,15,3,5,0,1,1,3,1,1,4,1,0,0,0,3,0,0,163766966484335666949348,140401276161395225517666,23365690322940441431682,735286183655045988265117,0,0,0,0
8,7,7,0,11,6,5,1,3,0,2,1,1,2,3,1,1,0,1,1,0,169476097145729544255957,52688454680000000004215,116787642465729544251742,458021863469598338907688,0,0,0,0
5,5,6,0,6,6,4,0,2,0,0,2,0,1,3,0,0,0,1,2,0,266833049609145624991250,144995055196904241473274,121837994412241383517976,419735503770441936364373,0,0,0,0
6,7,5,0,8,4,4,0,4,0,0,3,1,0,4,0,0,0,0,1,0,519456154987628543383446,140852283261098368488209,378603871726530174895237,300000000000200005780116,0,0,0,0
11,1,12,0,9,6,2,0,2,0,0,0,0,0,2,0,0,0,0,4,0,11783778202733050367059,11783778202733050367056,3,671727465095138410505632,0,0,0,0
6,2,4,0,12,3,5,0,3,0,1,3,0,2,3,0,0,0,0,5,0,371384836596532667961653,183374491113580246849997,188010345482952421111656,399999000000150002592000,0,0,0,0
9,4,13,0,8,6,4,0,2,0,2,1,0,2,2,0,0,0,0,3,0,513559849027941088189038,506705373656959314762462,6854475370981773426576,511605716042450211631900,0,0,0,0
7,5,3,0,12,5,2,0,1,1,0,1,1,1,1,0,0,0,0,2,0,103932734620971424044382,50000000000000000000213,53932734620971424044169,449433000000152813452040,0,0,0,0
6,3,9,0,5,7,4,0,1,2,1,1,2,2,2,0,0,0,0,1,0,120318063790304749611929,101792562165411190063645,18525501624893559548284,593571218974659086825067,0,0,0,0
10,2,15,0,9,2,2,0,2,0,0,2,0,1,1,0,0,0,0,2,0,264445652925398223524871,218542849084266047947112,45902803841132175577759,1048743014839601566774961,0,0,0,0
9,6,10,0,5,2,7,0,4,0,2,4,0,4,3,0,0,0,1,1,0,636729824163027423592417,264699310959623300232345,372030513203404123360072,329018036139241558270573,0,0,0,0
13,7,6,0,9,7,4,0,1,0,1,0,2,1,3,0,0,0,0,0,0,61309276411082689318862,61309276411082689318859,3,584038211660377792533039,0,0,0,0
9,9,7,0,7,6,2,0,1,1,0,0,1,0,2,0,0,0,0,2,0,53570686888453669279525,53570686888453669279523,2,389684145544055684872136,0,0,0,0
7,6,10,0,8,5,3,0,3,0,0,2,1,1,2,0,0,0,1,3,0,380527460262440342837304,156157568764514918686465,224369891497925424150839,411136375188090078230379,0,0,0,0
8,5,6,0,8,6,3,0,3,0,0,3,0,3,0,0,0,0,2,4,0,234467070704110974707497,101167589397000000000000,133299481307110974707497,471371914752932293098806,0,0,0,0
6,7,8,0,5,7,4,0,3,0,1,2,1,1,3,0,0,0,0,0,0,422713454985378130378667,245127061033099240257250,177586393952278890121417,438117995538145294118057,0,0,0,0
9,5,10,0,7,6,3,0,2,0,1,1,0,1,2,0,0,0,1,2,0,128900698023797924000000,58152189810123456749997,70748508213674467250003,560373880379385707152085,0,0,0,0
10,5,6,0,8,7,3,0,2,0,1,2,0,1,2,0,0,0,1,5,0,106179211087885790543047,91239053443056123583605,14940157644829666959442,565263311894418651802452,0,0,0,0
5,5,5,0,14,5,5,0,4,0,0,4,0,2,3,0,0,0,0,6,0,372965729976435385623006,185158247103814814814798,187807482872620570808208,401992795980252043165311,0,0,0,0
8,5,9,0,9,4,4,0,4,0,0,4,1,2,2,0,0,0,1,4,0,532119617585183269312064,198885281360999999999999,333234336224183269312065,496325002999155257696890,0,0,0,0
10,7,6,0,14,5,5,0,4,0,1,2,1,1,4,0,0,0,0,3,0,355519619631479924672983,308269392850041951010552,47250226781437973662431,524612673663784485201111,0,0,0,0
14,5,4,0,6,7,4,0,3,1,0,1,1,1,3,0,0,0,0,3,0,377066270027442076072180,235902899365928582506904,141163370661513493565276,665682802936746802600435,0,0,0,0
10,5,8,0,10,6,4,0,4,0,0,3,1,1,3,0,0,0,0,2,0,208736329539958335436274,152707584876543209799997,56028744663415125636277,392289593574398067383181,0,0,0,0
8,2,10,0,7,4,4,0,2,0,1,2,1,1,3,0,0,0,1,2,0,172609291858828656475685,170637789711755603369793,1971502147073053105892,425435860894828296347935,0,0,0,0
11,3,5,0,11,4,2,0,2,0,0,2,1,1,1,0,0,0,3,2,0,455938915352070169289487,252238587360000000000000,203700327992070169289487,637624871383465207950596,0,0,0,0
6,1,9,0,9,5,2,0,2,0,0,2,1,0,2,0,0,0,2,3,0,60987154241116238000612,50000000000000000000412,10987154241116238000200,491519189640239663232963,0,0,0,0
8,5,7,0,7,6,4,0,3,0,1,3,1,3,1,0,0,0,1,5,0,416282583011359604445659,218600209156000000000000,197682373855359604445659,505789752590699438725893,0,0,0,0
6,6,8,0,8,6,5,0,2,1,2,1,1,3,2,0,0,0,0,2,0,243644262605569346325873,126011886776287867684540,117632375829281478641333,549515808308185212469356,0,0,0,0
11,4,10,0,5,4,5,0,3,0,2,2,1,3,2,0,0,0,2,1,0,181109761128536334829079,142835425872941900557350,38274335255594434271729,720170125342845313219089,0,0,0,0
6,4,9,0,8,10,2,0,2,0,0,2,0,1,1,0,0,0,0,2,0,442406534130760267365690,142667624563927500577897,299738909566832766787793,425237920380152071997764,0,0,0,0
3,3,8,0,8,4,5,0,5,0,0,4,1,2,3,0,0,0,2,3,0,243929864155776852878894,178452836583830138049995,65477027571946714828899,392261877510319283103215,0,0,0,0
14,4,7,0,8,5,2,0,1,1,0,1,1,0,2,0,0,0,1,2,0,292200086295837064623688,154211511785591842613962,137988574510245222009726,609268376400512095955549,0,0,0,0
10,8,7,0,9,3,8,0,5,1,2,4,2,4,4,0,0,0,2,2,0,365182244154244977133516,242895221930504806961629,122287022223740170171887,499998000005141310694251,0,0,0,0
4,3,9,0,8,4,5,0,3,1,1,2,1,1,4,0,0,0,1,6,0,333508397407871886449203,162167943959461321422451,171340453448410565026752,473675159517609253498241,0,0,0,0
11,2,4,0,10,6,5,0,5,0,0,3,0,1,4,0,0,0,0,1,0,149156772230036650660618,116001046723278991545898,33155725506757659114720,399999000000150000002827,0,0,0,0
4,10,7,0,9,4,4,0,3,0,1,3,0,4,0,0,0,0,3,1,0,526564840836893159394110,273564967541000000000000,252999873295893159394110,399999000000150000000020,0,0,0,0
5,4,4,0,7,4,8,0,4,0,1,4,0,2,6,0,0,0,0,5,0,508797490374343356745097,315404475490109672097249,193393014884233684647848,246325298251747764979715,0,0,0,0
9,6,8,0,5,10,1,0,0,0,1,0,0,1,0,0,0,0,3,5,0,80151017231000000000000,80151017231000000000000,0,566799505642375504219959,0,0,0,0
7,5,10,0,14,5,4,0,2,1,1,0,1,1,3,0,0,0,0,0,0,86441578656342391383643,86441578656342391383641,2,452055637173813161884553,0,0,0,0
8,6,7,0,11,6,4,0,2,0,2,2,2,2,2,0,0,0,0,3,0,175921371036533062250430,69637695536000000000000,106283675500533062250430,402634006958832987701837,0,0,0,0
4,6,7,0,11,3,7,0,7,0,0,4,0,3,4,0,0,0,0,2,0,592195719738832977100016,273331700732976078579942,318864019005856898520074,499623002500150000004085,0,0,0,0
5,6,9,0,8,3,6,0,3,0,3,3,1,4,2,0,0,0,0,5,0,214703934358483589433177,183493342399320947538824,31210591959162641894353,448221939033607422806765,0,0,0,0
10,2,7,0,7,4,3,0,3,0,0,3,1,2,1,0,0,0,2,1,0,601088742513897987995930,85426000000000000000000,515662742513897987995930,766429873976519374989409,0,0,0,0
5,3,11,0,12,5,4,0,4,0,0,4,1,2,2,0,0,0,0,5,0,500521959894224587213059,200000000000000000002435,300521959894224587210624,300000000000150000000028,0,0,0,0
9,5,13,0,8,6,3,0,3,0,0,2,0,1,2,0,0,0,0,4,0,514366535683370005008117,329846311010023724393162,184520224673346280614955,441812345511296867202671,0,0,0,0
6,3,9,0,14,4,6,0,4,0,2,4,1,4,2,0,0,0,2,2,0,847150041342861076923116,218320861186850401298426,628829180156010675624690,449843937022576772319527,0,0,0,0
7,3,7,0,5,4,5,0,4,0,1,2,1,1,4,0,0,0,5,2,0,397311375835983644438533,252960353528452710070391,144351022307530934368142,515001280803349413926415,0,0,0,0
12,2,10,0,10,6,5,0,0,2,2,0,2,2,3,0,0,0,1,2,0,88000035908717573590494,88000035908717573590494,0,775005442862098746085759,0,0,0,0
9,9,7,0,7,5,3,0,2,1,0,1,1,0,3,0,0,0,0,1,0,148052633017241516153050,103718294379616335003048,44334338637625181150002,361263316860718030267212,0,0,0,0
12,6,8,0,6,7,5,0,4,0,1,4,0,4,1,0,0,0,0,7,0,528013757165037416217740,201879833546000000019165,326133923619037416198575,499883376185950573193740,0,0,0,0
6,7,6,0,7,4,7,0,5,2,0,3,2,2,5,0,0,0,2,3,0,254667564331926244108912,126795046093445377325534,127872518238480866783378,338763167990476126217727,0,0,0,0
11,7,7,0,4,4,7,0,4,0,2,3,0,3,4,0,0,0,2,2,0,725659952481478364995470,233636636635975898080610,492023315845502466914860,421364782104102079533511,0,0,0,0
12,3,9,0,3,5,3,0,1,1,0,1,1,1,2,0,0,0,0,2,0,254258505500316626557579,205224969703980198009666,49033535796336428547913,647531420851715874913241,0,0,0,0
9,6,10,0,7,5,4,0,2,1,1,1,1,1,3,0,0,0,1,1,0,211089745314599290499737,158151189816713875313557,52938555497885415186180,427422662924642199020017,0,0,0,0
1,2,12,0,9,7,4,0,0,2,2,0,2,2,2,0,0,0,0,3,0,61758083596987654267738,61758083596987654267738,0,300000000000150000021735,0,0,0,0
5,2,11,0,7,8,5,0,4,0,1,3,0,2,3,0,0,0,2,1,0,267927137932215019132587,160380798746437862230390,107546339185777156902197,449639953822399013100519,0,0,0,0
8,2,5,0,14,4,5,1,5,0,0,3,0,1,4,1,1,0,0,4,0,417227214115025839327141,185644677956925925850004,231582536158099913477137,314354324074290661747114,0,0,0,0
8,9,5,0,7,8,3,0,2,0,1,1,0,2,1,0,0,0,0,1,0,127033076297298318774652,57054413579679012299999,69978662717619306474653,418363799477650882899845,0,0,0,0
14,5,4,0,6,7,3,0,3,0,0,1,0,1,2,0,0,0,0,4,0,333682837321862774504690,194189305215864266971091,139493532105998507533599,671022881016625870383739,0,0,0,0
5,6,8,0,3,8,9,0,6,0,2,4,1,3,6,0,0,0,0,4,0,217957591876147961374613,132096854492864077276718,85860737383283884097895,300000000000199999000009,0,0,0,0
5,3,8,0,11,5,5,0,3,0,2,2,0,4,1,0,0,0,1,3,0,243404629412974789295697,147730922317526978555788,95673707095447810739909,596416078623168893728965,0,0,0,0
5,5,8,0,4,4,4,0,3,0,1,3,0,2,2,0,0,0,1,4,0,591561625107113645672262,82570000000000000448434,508991625107113645223828,499998000000150000086620,0,0,0,0
9,2,7,0,5,9,0,0,0,0,0,0,0,0,0,0,0,0,2,3,0,0,0,0,535112844870367399210853,0,0,0,0
8,3,7,0,7,5,5,1,3,1,1,2,1,3,2,1,1,0,0,5,0,255494883502114519857944,116662586221253610174025,138832297280860909683919,599880771061320360006096,0,0,0,0
10,2,4,0,11,7,3,0,3,0,0,3,0,1,2,0,0,0,1,4,0,441388546393759341589266,300087999900000006231135,141300546493759335358131,457781367666282220257090,0,0,0,0
6,5,4,0,7,7,4,0,2,0,0,0,0,0,4,0,0,0,0,4,0,74114360326516638572868,74114360326516638572865,3,387305596754862878313332,0,0,0,0
7,9,8,0,5,5,5,0,4,0,1,3,1,2,3,0,0,0,0,3,0,296093077867628504215431,113218862596585489740187,182874215271043014475244,350000000000150000000031,0,0,0,0
9,6,11,0,5,5,5,0,2,0,1,2,0,1,4,0,0,0,1,3,0,245275699907143996364233,136062903059768027418327,109212796847375968945906,499586527370209108356897,0,0,0,0
14,4,7,0,8,6,3,0,2,1,0,1,1,0,3,0,0,0,1,1,0,404561567679930709591997,219057486895634818893469,185504080784295890698528,782821511964632852771128,0,0,0,0
9,4,13,0,12,5,3,0,1,1,1,0,1,1,2,0,0,0,1,1,0,73202870208640427734157,73202870208640427734156,1,535630925736360758128248,0,0,0,0
6,5,5,0,8,4,4,0,4,0,0,3,2,0,4,0,0,0,0,1,0,430134355709876542565133,95984498969135803064121,334149856740740739501012,271800168292212564180972,0,0,0,0
6,5,4,0,9,5,8,0,2,3,2,0,3,2,6,0,0,0,0,1,0,170789017866210405390312,170789017866210405390307,5,561769227968211637687923,0,0,0,0
7,5,7,0,9,2,6,0,3,2,1,3,3,2,4,0,0,0,3,2,0,358661381458723838732287,274300175758141159283125,84361205700582679449162,369805782327004950819395,0,0,0,0
5,8,4,0,7,4,9,1,6,0,0,5,0,3,6,1,1,0,0,4,0,502438850308641974448659,215424916796423120395021,287013933512218854053638,395119525454592487174243,0,0,0,0
7,6,3,0,12,7,1,0,1,0,0,1,0,1,0,0,0,0,0,3,0,63095486111111111034387,50000000000000000000000,13095486111111111034387,407196897500124238452225,0,0,0,0
9,3,6,0,14,4,4,0,3,0,1,3,1,1,3,0,0,0,1,2,0,424126612602056863732327,275138427569358920028907,148988185032697943703420,428658453804670832796804,0,0,0,0
5,7,6,0,6,5,4,0,2,0,1,2,0,1,3,0,0,0,1,2,0,297249515906647340891574,123026379067543210573300,174223136839104130318274,419245721728141405128010,0,0,0,0
6,8,8,0,8,4,4,0,4,0,0,1,0,1,3,0,0,0,0,2,0,180749052213109522146287,23250360050553579899996,157498692162555942246291,430263276356681119011781,0,0,0,0
5,6,9,0,8,4,6,0,4,0,2,3,1,3,3,0,0,0,0,5,0,129618313183354843788615,87804586972320950744905,41813726211033893043710,421638440605571788154507,0,0,0,0
11,1,12,0,9,7,3,0,2,0,1,0,0,1,2,0,0,0,0,3,0,11783778222733050367059,11783778222733050367055,4,721726465095038411515744,0,0,0,0
10,3,15,0,9,2,1,0,1,0,0,1,0,1,0,0,0,0,2,1,0,98049549623350960367764,50000000000000000000000,48049549623350960367764,1151250597811292325738557,0,0,0,0
9,2,10,0,10,4,5,0,5,0,0,4,1,0,5,0,0,0,2,5,0,523810701805112666814800,296296803057034589128700,227513898748078077686100,487978528453960438920203,0,0,0,0
7,3,7,0,5,5,5,0,1,1,2,1,2,2,3,0,0,0,2,5,0,146896779610521156725859,116436048945468365825858,30460730665052790900001,501171741309214318411669,0,0,0,0
6,3,9,0,5,7,3,0,1,1,1,1,1,2,1,0,0,0,1,1,0,150372714847305697082482,86461419752407407350000,63911295094898289732482,489515062214846943574686,0,0,0,0
10,4,9,0,12,3,5,0,3,0,2,2,1,3,2,0,0,0,0,3,0,375447506337575532497818,196853422978823750568595,178594083358751781929223,499998000005381664627545,0,0,0,0
8,6,6,0,8,7,3,0,2,0,1,2,0,3,0,0,0,0,1,5,0,230818487977075480635147,99072681989000000000000,131745805988075480635147,551036621152931413660720,0,0,0,0
5,4,6,0,8,7,2,0,2,0,0,1,0,0,2,0,0,0,0,5,0,139027090785444722634364,36001000000084894294253,103026090785359828340111,314364860894898196174036,0,0,0,0
13,7,6,0,9,6,4,0,2,0,0,1,2,1,3,0,0,0,0,0,0,199232121618873003155155,173255169213904744149718,25976952404968259005437,399999000000150000026861,0,0,0,0
11,4,7,0,4,2,9,0,6,0,2,5,0,4,5,0,0,0,1,1,0,803083243522233422110426,399449864541885567515259,403633378980347854595167,563102004328329338317542,0,0,0,0
5,5,5,0,14,7,4,0,2,0,1,2,0,2,2,0,0,0,0,7,0,351913315915752427184844,217624684701518518499997,134288631214233908684847,241315027461915042850078,0,0,0,0
8,2,7,0,7,8,8,0,6,0,2,2,1,3,5,0,0,0,0,5,0,414015671102777110235215,140709732832931746225034,273305938269845364010181,484506213962093588650118,0,0,0,0
7,7,10,0,8,4,3,0,3,0,0,2,1,1,2,0,0,0,1,3,0,331615968681932883564074,167545866929156853221251,164070101752776030342823,399999000000150000009957,0,0,0,0
8,4,5,0,17,5,3,0,3,0,0,1,0,0,3,0,0,0,1,3,0,295076169952627568186492,248754703692276134176084,46321466260351434010408,454697564330194254407861,0,0,0,0
8,1,5,0,14,6,4,0,4,0,0,3,0,1,3,0,0,0,1,4,0,385799236845635743062264,203168490525074073999994,182630746320561669062270,387681896261198751230169,0,0,0,0
10,7,8,0,10,5,3,0,3,0,0,2,1,1,2,0,0,0,0,3,0,140456924587991988005266,102720123456790123399999,37736801131201864605267,315385352090631921779957,0,0,0,0
13,2,8,0,10,4,4,0,4,0,0,2,1,1,3,0,0,0,0,3,0,290531783976961755991135,225259752023486927444642,65272031953474828546493,675505728050955757268569,0,0,0,0
10,3,6,0,8,8,4,0,3,0,1,3,0,2,2,0,0,0,1,4,0,135124634709133266658484,54805083536056123583606,80319551173077143074878,561063311894418640617869,0,0,0,0
5,4,8,0,4,4,4,0,3,0,1,2,0,2,2,0,0,0,0,5,0,602200962590280725088982,185729341800000000539369,416471620790280724549613,510700133470922251987117,0,0,0,0
8,9,11,0,8,6,5,0,4,0,1,2,1,2,3,0,0,0,0,5,0,298842653594643273784829,180935928962926127216203,117906724631717146568626,348892566917584378499879,0,0,0,0
6,5,8,0,8,5,4,0,1,1,2,1,1,2,2,0,0,0,0,3,0,70955854381925731999699,68498594957852435034576,2457259424073296965123,545461810708433923982921,0,0,0,0
8,6,9,0,9,4,4,0,4,0,0,4,0,3,1,0,0,0,2,3,0,639341070389503306165316,140780967183999999999999,498560103205503306165317,804877292563934594542979,0,0,0,0
11,6,7,0,12,4,3,0,3,0,0,1,0,0,3,0,0,0,0,3,0,259166446498108696809699,251951548715106397837868,7214897783002298971831,449999000000250415026679,0,0,0,0
6,7,4,0,7,5,5,0,3,0,1,2,1,1,4,0,0,0,0,3,0,242403780763627291246626,149565373172734673811373,92838407590892617435253,420815596754862878313332,0,0,0,0
8,4,10,0,7,4,6,0,3,1,1,2,2,1,5,0,0,0,1,0,0,188576887986495569623688,166198639018316525664448,22378248968179043959240,412448263180166741903264,0,0,0,0
8,5,6,0,7,9,3,0,1,1,1,0,1,1,2,0,0,0,0,1,0,50997395832777777664275,50997395832777777664274,1,639343386209439934429416,0,0,0,0
3,3,8,0,8,4,7,0,5,0,2,4,1,4,3,0,0,0,0,3,0,270405844513214321899722,207859961377151052099996,62545883136063269799726,392261877510319283103214,0,0,0,0
6,5,5,0,8,5,2,0,2,0,0,1,1,0,2,0,0,0,0,3,0,302564429012345678550000,64830922067901234499999,237733506944444444050001,359859613959277061490788,0,0,0,0
9,4,10,0,6,6,4,0,2,1,1,1,1,2,2,0,0,0,2,4,0,98249915262439374975703,81140823814530864157376,17109091447908510818327,567315385802682732706551,0,0,0,0
11,2,5,0,11,4,2,0,2,0,0,2,2,0,2,0,0,0,1,4,0,253890270455933319833480,59260000000000000000000,194630270455933319833480,537624871417573192079754,0,0,0,0
4,8,7,0,9,4,2,0,2,0,0,2,0,2,0,0,0,0,2,4,0,378743593314153998074688,244414536851000000000000,134329056463153998074688,399999000000150000000020,0,0,0,0
5,7,11,0,13,6,2,0,1,0,1,0,0,1,1,0,0,0,2,2,0,94439085490629629550000,94439085490629629549999,1,300000000000229619278002,0,0,0,0
7,4,3,0,12,5,1,0,1,0,0,1,0,1,0,0,0,0,0,3,0,136338855025521125229524,50000000000000000000000,86338855025521125229524,477658000000124238452504,0,0,0,0
11,3,10,0,5,3,5,0,3,0,2,2,1,3,2,0,0,0,2,1,0,164458170877090312993896,132506709931517451774095,31951460945572861219801,672491007309604753485599,0,0,0,0
8,6,11,0,9,5,9,0,4,1,3,4,2,5,4,0,0,0,0,5,0,594731353098251313769896,234218846909007822485522,360512506189243491284374,299169061307845301692137,0,0,0,0
7,6,10,0,14,6,3,0,3,0,0,1,0,0,3,0,0,0,0,1,0,149066277217655375535421,92010086247823333473468,57056190969832042061953,308609426004857773025966,0,0,0,0
10,3,15,0,9,2,3,0,1,0,2,1,0,2,1,0,0,0,0,1,0,171776502792000000009060,171776502792000000006363,2697,835820940004329793152420,0,0,0,0
15,3,7,0,10,7,3,0,2,0,1,1,0,1,2,0,0,0,0,2,0,197208986637312328758539,178622411111577828388499,18586575525734500370040,1029380187541417724465925,0,0,0,0
10,8,7,0,9,4,6,0,5,0,1,3,0,3,3,0,0,0,3,3,0,498740137033403731886801,296090838158202970082835,202649298875200761803966,500528359408084557802289,0,0,0,0
10,2,7,0,7,4,4,0,4,0,0,3,1,2,2,0,0,0,0,2,0,632445888841791921178858,129175111189272877799999,503270777652519043378859,722680762787246497189391,0,0,0,0
9,7,4,0,11,5,4,0,3,0,1,3,0,2,2,0,0,0,1,1,0,640916895093735981777500,303052696938999999999997,337864198154735981777503,437467892107780131240122,0,0,0,0
4,3,9,0,8,7,6,1,4,2,0,2,3,1,5,1,1,0,1,5,0,416393299146822841530667,172804854391499167983669,243588444755323673546998,397212594686004058212451,0,0,0,0
8,6,6,0,8,6,4,0,3,0,1,3,1,3,1,0,0,0,0,5,0,326214542530094906593276,159258603404000000000000,166955939126094906593276,389407809398184265403421,0,0,0,0
8,3,6,0,7,6,7,0,5,0,2,4,0,4,3,0,0,0,2,4,0,585366264901197212939572,233115681200519252155092,352250583700677960784480,445480419123266271226806,0,0,0,0
12,2,10,0,10,5,8,0,0,3,4,0,3,4,4,0,0,0,0,0,0,143876605690755259964158,143876605690755259964158,0,636155619784522759851643,0,0,0,0
9,4,8,0,5,9,2,0,0,1,1,0,1,1,1,0,0,0,1,6,0,107140352619607946283984,107140352619607946283984,0,487987691234519892421749,0,0,0,0
6,4,11,0,3,10,3,0,2,0,1,1,0,1,2,0,0,0,1,3,0,278520208997296295941424,118141158071370370291420,160379050925925925650004,385633941016137906522264,0,0,0,0
5,7,5,0,14,7,4,0,2,0,1,2,0,2,2,0,0,0,0,7,0,260325850931374419644698,148029179378185185149998,112296671553189234494700,340523610795172816681450,0,0,0,0
9,6,6,0,6,3,3,0,1,0,2,1,1,2,1,0,0,0,0,2,0,98336238986221795783100,64494244361000000000000,33841994625221795783100,702944934775609514404545,0,0,0,0
4,4,7,0,11,4,6,0,6,0,0,4,0,3,3,0,0,0,1,2,0,628713698428735576821427,299760987201401177189502,328952711227334399631925,499623002500150000004088,0,0,0,0
6,6,6,0,7,6,4,0,3,1,0,2,1,1,3,0,0,0,2,6,0,123140499040988903065883,62367099968083562054613,60773399072905341011270,327869098302079572257153,0,0,0,0
10,6,8,0,10,5,3,0,3,0,0,2,2,0,3,0,0,0,1,2,0,191549038917431130726003,64537779559617724029936,127011259357813406696067,391036077638686563208162,0,0,0,0
7,8,7,0,6,6,3,0,2,0,1,2,1,1,2,0,0,0,0,2,0,284656528530422851390980,76325001362999999999998,208331527167422851390982,499997000000202115221770,0,0,0,0
5,1,11,0,12,4,4,0,4,0,0,4,1,2,2,0,0,0,1,4,0,496483143989519156417020,200001000000000000002315,296482143989519156414705,300000000000150000000028,0,0,0,0
14,4,4,0,11,8,6,0,4,0,1,2,1,1,5,0,0,0,1,1,0,174974373316669061878875,156279829808735591925738,18694543507933469953137,772778209846368942135866,0,0,0,0
1,2,12,0,9,7,6,0,1,2,3,0,2,3,3,0,0,0,0,1,0,130693194455256755122392,130693194455256755122391,1,300000000000150000021735,0,0,0,0
6,6,8,0,8,6,4,0,1,1,2,1,1,3,1,0,0,1,1,1,0,201587730042974662741219,111944966979534584772231,89642763063440077968988,549569871458349236183350,0,0,1,0
10,5,7,0,10,5,2,0,2,0,0,2,1,1,1,0,0,0,1,3,0,184673107736186159910762,111850752941000000000005,72822354795186159910757,399999000000150000020000,0,0,0,0
6,2,9,0,14,5,6,0,4,0,2,3,0,4,2,0,0,0,2,2,0,842539578280568743209813,183216221821185185100572,659323356459383558109241,407508310119197221929071,0,0,0,0
5,7,8,0,3,6,9,0,6,0,2,4,0,3,6,0,0,0,1,3,0,481885613767837541980277,206265731773532067125572,275619881994305474854705,386134000000100000000009,0,0,0,0
10,1,7,0,4,7,9,0,7,0,2,3,1,3,6,0,0,0,1,2,0,418535163448645104359957,320393633887653651448107,98141529560991452911850,607020626570215614676067,0,0,0,0
3,3,8,0,8,4,6,0,5,0,1,4,1,3,3,0,0,0,2,2,0,247663192192862175501872,181554517026508843749996,66108675166353331751876,392261877510319283103215,0,0,0,0
12,5,8,0,6,6,5,0,3,0,2,3,0,4,1,0,0,0,1,6,0,565079948163550342074009,308890083772000000019164,256189864391550342054845,499883376186076493157888,0,0,0,0
9,5,9,0,5,8,4,0,2,1,1,1,2,1,3,0,0,0,2,1,0,126552258795250194985410,91549523476307396735409,35002735318942798250001,587821197542668359867448,0,0,0,0
9,2,7,0,5,8,2,0,2,0,0,2,1,1,1,0,0,0,0,3,0,267411135011015348197252,149999012846000000000000,117412122165015348197252,435113844870467398210923,0,0,0,0
4,8,7,0,9,4,3,0,3,0,0,3,0,3,0,0,0,0,1,4,0,231097116553481651973091,130575528338000000000000,100521588215481651973091,467732501884681502238669,0,0,0,0
12,4,9,0,3,6,4,0,1,1,1,1,1,2,2,0,0,0,0,1,0,317114416155256398371532,250946806588808726584168,66167609566447671787364,452076063109694766577558,0,0,0,0
7,5,9,0,5,5,5,0,5,0,0,4,1,1,4,0,0,0,0,3,0,205837562952436328477966,108214991771604938287047,97622571180831390190919,424751699384776236763732,0,0,0,0
7,3,9,0,2,8,6,0,5,0,1,2,0,2,4,0,0,0,1,3,0,694893778702523151411420,418294589029045851543000,276599189673477299868420,376852468544492832702396,0,0,0,0
9,6,11,0,5,5,5,0,2,0,1,2,0,1,4,0,0,0,0,4,0,418214654448947254349600,139095525367884139507548,279119129081063114842052,437633334047600260096819,0,0,0,0
7,4,10,0,14,6,4,0,4,0,0,2,0,1,3,0,0,0,0,0,0,179832419620733688492814,152014804822822595528626,27817614797911092964188,408868306995795034637485,0,0,0,0
5,4,11,0,7,7,5,0,4,0,1,3,0,2,3,0,0,0,2,1,0,193018774300099554211235,158058716405439499925362,34960057894660054285873,479841860175748592735811,0,0,0,0
6,3,13,0,6,4,5,0,4,0,1,2,1,1,4,0,0,0,0,5,0,215803082265619697719568,149985231940560794422112,65817850325058903297456,300000000000150000001000,0,0,0,0
8,8,5,0,7,7,2,0,1,0,1,1,0,2,0,0,0,0,0,2,0,121993368600403666592560,53109776234000000000000,68883592366403666592560,436301100394040572906591,0,0,0,0
10,1,7,0,7,4,3,0,3,0,0,3,1,2,1,0,0,0,0,3,0,448028715754386618661568,165040000000000000000000,282988715754386618661568,766429873976498989989533,0,0,0,0
6,5,4,0,9,4,6,0,3,2,1,0,2,1,5,0,0,0,0,3,0,104049153519960559778695,104049153519960559778692,3,546752752695420632321910,0,0,0,0
8,6,12,0,8,4,7,0,4,2,1,2,2,1,6,0,0,0,0,0,0,469693912403124935509030,387381877037587915014945,82312035365537020494085,470213594815838222231991,0,0,0,0
5,2,8,0,11,6,6,0,4,0,2,2,0,4,2,0,0,0,1,2,0,248987826805318203482608,191307523561672332747210,57680303243645870735398,463900158907647626366099,0,0,0,0
11,5,7,0,5,3,5,0,4,0,1,2,1,1,4,0,0,0,2,2,0,496522192286745112628923,359441738090162364768881,137080454196582747860042,601029859893070642382358,0,0,0,0
5,6,6,0,6,5,4,0,2,0,0,2,0,1,3,0,0,0,1,2,0,304067470285672772213786,127191413167331487423275,176876057118341284790511,380447093300016695414372,0,0,0,0
12,2,10,0,10,7,6,0,2,2,2,0,2,2,4,0,0,0,1,1,0,108378652233780984141223,108378652233780984141221,2,631608654500521050742577,0,0,0,0
13,7,10,0,8,6,3,0,1,0,1,0,0,1,2,0,0,0,2,6,0,60410844001738173137436,60410844001738173137435,1,861070556610136675572087,0,0,0,0
10,1,4,0,11,7,2,0,2,0,0,1,0,0,2,0,0,0,0,6,0,408941619955945797237815,356865036124219690180520,52076583831726107057295,449998000000206664527450,0,0,0,0
5,6,8,0,4,5,4,1,4,0,0,3,1,1,3,1,1,0,1,4,0,459537957814114181090645,175049802608000000000075,284488155206114181090570,354405718096632413154727,0,0,0,0
6,6,6,0,7,4,5,1,3,1,1,1,1,2,3,1,1,0,4,3,0,133643028262927351566669,57263326091428939706199,76379702171498411860470,365928792612091455654031,0,0,0,0
11,2,12,0,9,6,3,0,3,0,0,1,0,0,3,0,0,0,0,3,0,196480714051681725650924,58790753040114746500919,137689961011566979150005,674645490257706849374819,0,0,0,0
7,9,8,0,5,6,4,0,3,0,1,2,1,1,3,0,0,0,0,4,0,138319410568569338753357,76913499941289193390187,61405910627280145363170,350000000000150000000031,0,0,0,0
6,5,12,0,6,4,4,0,3,0,1,2,1,2,2,0,0,0,3,1,0,310807974475497083117368,206969371560180442499998,103838602915316640617370,371159786339779185342628,0,0,0,0
1,2,12,0,9,6,4,0,1,2,1,1,2,2,2,0,0,0,0,3,0,158589264548399512258480,89090492985137861572238,69498771563261650686242,300000000000150000021735,0,0,0,0
6,3,9,0,5,5,4,0,2,1,1,2,2,2,2,0,0,0,0,1,0,212681336835677517911266,141931387295773505665310,70749949539904012245956,468617218974683248283339,0,0,0,0
9,3,13,0,12,4,3,0,3,0,0,1,0,0,3,0,0,0,1,1,0,243489125027019313406730,122842594077375704371653,120646530949643609035077,509883299724079115416764,0,0,0,0
8,5,4,0,9,9,1,0,1,0,0,1,0,0,1,0,0,0,1,2,0,39599891086914231185705,29644999999999999999998,9954891086914231185707,337214048120966693738029,0,0,0,0
7,8,8,0,9,6,3,0,1,0,1,1,0,2,1,0,0,1,0,1,0,4306362041293934286882,4306352715493827150000,9325800107136882,419281121545661007792630,0,0,1,0
7,2,7,0,9,3,5,0,2,2,1,2,3,1,4,0,0,0,1,5,0,275023804640971178321934,215949875622129325849044,59073929018841852472890,369805782327004950819395,0,0,0,0
5,6,8,0,3,6,9,0,6,0,2,4,0,3,6,0,0,0,0,4,0,300305085325112953664347,218426207640290907581554,81878877684822046082793,399999000000086010000009,0,0,0,0
13,7,6,0,9,7,4,0,2,0,0,1,2,1,3,0,0,0,0,0,0,200336271071682430899617,127622477713425629762592,72713793358256801137025,483885884389024795413244,0,0,0,0
7,4,4,0,10,5,3,0,3,0,0,3,0,1,2,0,0,0,1,3,0,383600816784400525259617,97045000002540602669153,286555816781859922590464,399999001978160976028374,0,0,0,0
9,3,6,0,14,5,4,0,4,0,0,3,1,1,3,0,0,0,1,2,0,586411770871078020718151,273380375143240521038898,313031395727837499679253,528657453804506939574077,0,0,0,0
6,6,8,0,13,7,5,1,3,0,1,2,1,2,3,1,1,0,0,6,0,552918721045644550993871,153223060501999999993369,399695660543644551000502,300000000000251323585575,0,0,0,0
9,1,7,0,5,6,2,0,2,0,0,1,1,0,2,0,0,0,0,3,0,97766754125439395352004,56619454378474062902003,41147299746965332450001,525755358758182267508793,0,0,0,0
7,8,10,0,8,5,4,0,3,0,1,2,1,1,3,0,0,0,1,2,0,164503358123578147045934,85814485210070429745918,78688872913507717300016,399999000000150000000274,0,0,0,0
10,3,9,0,10,9,3,0,0,0,3,0,0,3,0,0,0,0,2,1,0,164362195977000000000000,164362195977000000000000,0,303609588187222759714959,0,0,0,0
6,6,8,0,8,4,5,0,5,0,0,1,0,1,4,0,0,0,0,1,0,195238825016144704788311,133452047917188541228760,61786777098956163559551,412862378158608266896321,0,0,0,0
6,4,6,0,10,5,3,0,2,1,0,2,1,1,2,0,0,0,2,3,0,200892888091866033881191,54149211702360643626200,146743676389505390254991,378194995366666330922124,0,0,0,0
9,4,11,0,5,5,6,0,3,0,1,3,0,1,5,0,0,0,0,3,0,438964186772772221814193,141822408139188340922321,297141778633583880891872,514487187524568805802778,0,0,0,0
10,6,6,0,8,8,7,0,4,0,3,4,1,5,2,0,0,0,0,2,0,698282621762384498794709,290142592599056123586546,408140029163328375208163,411094311694418646885877,0,0,0,0
9,2,10,0,10,4,7,0,6,0,1,5,1,1,6,0,0,0,1,4,0,638393302583381139955157,351630855080476232498418,286762447502904907456739,487948528453960438920201,0,0,0,0
8,5,14,0,8,5,4,0,2,0,2,1,0,2,2,0,0,0,1,4,0,225873029252072785754061,104076669961100183854059,121796359290972601900002,658420409151080749826702,0,0,0,0
6,5,4,0,9,4,7,0,4,1,2,1,1,3,4,0,0,0,1,1,0,177659168977133748222409,144724050724017162617643,32935118253116585604766,562018678536479069469222,0,0,0,0
6,7,10,0,7,5,4,0,3,1,0,3,1,1,3,0,0,0,0,2,0,363676630353787886639156,130473798657304641517193,233202831696483245121963,494051238645907486791200,0,0,0,0
10,3,9,0,12,3,4,0,2,0,2,1,1,2,2,0,0,0,0,4,0,287557288292947903057712,152950451485971045857711,134606836806976857200001,499998000005381665631505,0,0,0,0
8,6,9,0,9,4,4,0,4,0,0,4,1,2,2,0,0,0,2,3,0,277437743397688014712886,139681171755999999999999,137756571641688014712887,864714890371824212476772,0,0,0,0
5,5,7,0,15,1,5,0,5,0,0,4,1,3,2,0,0,0,1,4,0,518766145439835856669944,185891870844391238016744,332874274595444618653200,508184539136541860393016,0,0,0,0
5,6,6,0,6,4,5,0,4,0,0,3,1,1,4,0,0,0,1,1,0,349899856456175874556304,175490059623456790773305,174409796832719083782999,430390891481236731077704,0,0,0,0
5,3,6,0,8,7,3,0,2,0,0,1,0,0,3,0,0,1,1,2,0,285477021485650245595560,185345139255409808978796,100131882230240436616764,330271576251009540738358,0,0,1,0
8,3,10,0,7,4,5,0,3,0,1,1,1,2,3,0,0,0,2,0,0,245116538470393700223682,211427030106312633846063,33689508364081066377619,434689311349136448978212,0,0,0,0
12,3,7,0,9,3,8,0,7,0,0,5,1,3,5,0,0,0,1,2,0,651596872969437861053897,389368244992970219029379,262228627976467642024518,634336115694683901785569,0,0,0,0
11,1,12,0,9,7,3,0,3,0,0,1,0,0,3,0,0,0,0,3,0,286643131406141792030968,61783778202733050453452,224859353203408741577516,671727465095088545409651,0,0,0,0
8,4,7,0,7,8,8,0,6,1,1,2,3,1,7,0,0,0,0,5,0,401619354376561605884658,121487217030882594005960,280132137345679011878698,466353176113881398064108,0,0,0,0
4,8,8,0,7,5,7,0,4,0,2,2,1,2,5,0,0,0,0,3,0,326633713899882948833695,140492191946958597110178,186141521952924351723517,365233403100000035193654,0,0,0,0
11,2,5,0,11,4,2,0,2,0,0,1,1,0,2,0,0,0,2,3,0,138796091683939944219339,73974332424680685169336,64821759259259259050003,537625871383565206950595,0,0,0,0
12,2,10,0,8,7,3,0,2,1,0,1,1,1,2,0,0,0,2,0,0,213169887401753977269636,87805676657580693016765,125364210744173284252871,733775009948600305663690,0,0,0,0
8,5,5,0,17,4,3,0,3,0,0,2,1,0,3,0,0,0,3,1,0,346074921368187184519961,288211816795389299878987,57863104572797884640974,444619674426328006322440,0,0,0,0
6,3,9,0,5,5,4,0,1,2,1,1,2,2,2,0,0,0,0,1,0,197555586749520713974047,133511761614964259174006,64043825134556454800041,518617218974682851105483,0,0,0,0
7,6,11,0,5,3,4,0,4,0,0,2,0,0,4,0,0,0,3,0,0,459567071836723522366924,220557625862213727679661,239009445974509794687263,385686318966773834404177,0,0,0,0
11,4,10,0,5,3,5,0,3,0,2,2,1,3,2,0,0,0,2,1,0,164887051628409331332398,132935457642549734276962,31951593985859597055436,628766092047433926583722,0,0,0,0
13,3,8,0,10,5,4,0,4,0,0,2,0,1,3,0,0,0,0,3,0,217722144168213274919194,179635991331490961948325,38086152836722312970869,806938488744851723711695,0,0,0,0
7,7,4,0,3,7,7,1,3,0,2,2,1,2,5,1,1,0,0,2,0,208917415251448740141565,120938924288490275524074,87978490962958464617491,306568423961972680505344,0,0,0,0
13,8,6,0,9,7,4,0,2,0,0,1,2,1,3,0,0,0,0,0,0,132307384850120219923679,118599073338822112119685,13708311511298107803994,552137482434526818128652,0,0,0,0
8,5,11,0,8,6,4,0,4,0,0,2,0,2,2,0,0,0,1,5,0,158994599938070406992530,112472263238509347999998,46522336699561058992532,435828789503715946194916,0,0,0,0
10,7,7,0,6,5,5,0,2,2,1,2,3,1,4,0,0,0,4,3,0,197894605989776252340368,108769828012377175567594,89124777977399076772774,672148653065386713663415,0,0,0,0
10,10,7,0,9,2,5,0,3,0,1,3,1,2,3,0,0,0,1,6,0,429508441688551485255653,225477565648840273904424,204030876039711211351229,566874197680716186315625,0,0,0,0
7,8,10,0,8,5,4,0,2,1,1,1,1,2,2,0,0,0,0,3,0,63480602360545272957806,63480602116426032099999,244119240857807,528153892066110078258346,0,0,0,0
7,4,14,0,5,6,5,0,3,1,1,3,2,2,3,0,0,0,1,8,0,481675334034894877625222,224611445290250674030101,257063888744644203595121,306679737591444269282406,0,0,0,0
11,7,7,0,12,4,4,0,4,0,0,1,0,0,4,0,0,0,0,2,0,232963299606552880258976,152590010512903994558968,80373289093648885700008,449375449877291466951980,0,0,0,0
4,3,9,0,8,6,4,0,3,0,1,1,0,1,3,0,0,0,1,7,0,155637742241356085018647,84493325977718358718643,71144416263637726300004,507960784399890894683157,0,0,0,0
9,4,8,0,6,7,5,0,3,0,2,2,0,2,3,0,0,0,2,5,0,228014773216861245130456,179771018227808069349927,48243754989053175780529,501672442816361579899841,0,0,0,0
10,4,6,0,8,6,6,0,5,0,1,3,0,3,3,0,0,0,0,3,0,649630537562383705221946,244285534295759634481039,405345003266624070740907,561145493205109044377826,0,0,0,0
8,6,6,0,7,10,4,0,2,1,1,1,1,2,2,0,0,0,0,0,0,224196469907148147820333,150997555987481481364274,73198913919666666456059,539318046912053431281472,0,0,0,0
11,1,5,0,8,4,2,0,2,0,0,2,1,1,1,0,0,0,1,2,0,157882245551534462585845,109034780376237928209417,48847465175296534376428,741501619567415595368485,0,0,0,0
9,5,8,0,5,8,2,0,0,0,2,0,0,2,0,0,0,0,3,4,0,97664044271000000000000,97664044271000000000000,0,435000281336637556841564,0,0,0,0
4,4,9,0,4,7,1,0,1,0,0,1,0,1,0,0,0,0,1,2,0,140301516483539347251047,50000000000000000000000,90301516483539347251047,292450488652114648782685,0,0,0,0
8,6,9,0,9,4,3,0,3,0,0,3,0,1,2,0,0,0,2,4,0,182751080455483682590441,105986171770999999999998,76764908684483682590443,814814889371874212464401,0,0,0,0
9,4,10,0,6,7,7,0,5,1,1,4,2,3,4,0,0,0,2,1,0,536762694996496521144854,354533194824530864191815,182229500171965656953039,317264385802619135869266,0,0,0,0
11,2,6,0,11,4,6,0,2,0,3,2,0,3,3,0,0,0,0,2,0,499601780729937515590725,98494370538803143851113,401107410191134371739612,825934378418043514242551,0,0,0,0
4,3,7,0,11,3,6,0,6,0,0,5,1,3,3,0,0,0,1,2,0,717642866429889066695272,420545094103041386366796,297097772326847680328476,499623002500150000004088,0,0,0,0
5,4,11,0,13,6,4,0,2,0,2,1,0,2,2,0,0,0,1,1,0,199380717333481220500000,156872534364370370299996,42508182969110850200004,300000000000229619278004,0,0,0,0
8,3,10,0,7,4,6,0,2,1,2,0,2,2,4,0,0,0,0,1,0,253654857348745763854518,253654857348745763854515,3,428437732256631196820051,0,0,0,0
10,6,11,0,7,3,3,0,1,1,1,1,1,1,2,0,0,0,1,0,0,105083258267668925300000,92078881192679092249999,13004377074989833050001,647679929033717902726334,0,0,0,0
5,2,11,0,12,4,4,0,4,0,0,4,1,2,2,0,0,0,0,5,0,505140690451145478702122,199896000000000000006261,305244690451145478695861,300001000000150000000048,0,0,0,0
8,2,4,0,10,7,3,0,1,0,1,1,1,2,1,0,0,0,0,3,0,187744549454962517942702,80560049439456794800000,107184500015505723142702,342880735839302406486441,0,0,0,0
8,7,12,0,9,5,8,0,3,0,4,3,0,6,2,0,0,0,1,5,0,481970790464996768388594,194165539265974279650001,287805251199022488738593,300855602361704974737444,0,0,0,0
11,4,5,0,11,4,1,0,1,0,0,1,1,0,1,0,0,0,5,1,0,125072627314814814600000,50000000000000000000000,75072627314814814600000,537625871383364015331184,0,0,0,0
7,4,6,0,8,5,8,0,5,1,2,2,1,2,6,0,0,0,0,4,0,475117665116260933287723,422504031307336306484261,52613633808924626803462,612618099611907616947425,0,0,0,0
6,2,9,0,14,5,4,0,2,0,2,2,0,4,0,0,0,0,3,3,0,499929099716333153178591,121187286636000000000000,378741813080333153178591,485506058055478156738348,0,0,0,0
15,4,7,0,10,6,4,0,2,1,1,0,1,1,3,0,0,0,0,1,0,142274148612869514126116,142274148612869514126112,4,1084277430866354608751857,0,0,0,0
7,5,12,0,5,6,3,0,2,0,1,2,0,2,1,0,0,0,1,3,0,351209859935464977218450,161692622794303084517442,189517237141161892701008,423036648315764949711664,0,0,0,0
11,2,10,0,5,4,5,0,3,0,2,2,1,3,2,0,0,0,2,1,0,261594554585466154016513,144981242802088319792927,116613311783377834223586,836313476045882166852831,0,0,0,0
8,2,7,0,12,9,5,0,2,0,2,2,0,4,1,0,0,0,1,3,0,431574967415216436595087,272981685847814814750000,158593281567401621845087,328742334123854132252489,0,0,0,0
9,8,4,0,11,4,3,0,3,0,0,3,0,1,2,0,0,0,1,2,0,371292629430333534908688,203974000000000000022536,167318629430333534886152,605348987745178254037385,0,0,0,0
12,7,8,0,6,7,5,0,3,0,2,3,1,4,1,0,0,0,0,7,0,621754024885998376933450,338062161770000000000000,283691863115998376933450,449898376085976202730661,0,0,0,0
10,6,7,0,9,3,6,0,5,0,1,4,1,2,4,0,0,0,2,4,0,490408870064681779134225,302968541255475576827200,187440328809206202307025,544179332689446948896758,0,0,0,0
7,8,8,0,7,8,4,0,2,1,0,2,2,0,4,0,0,0,0,1,0,275422982924911045084712,108936700785547767457107,166486282139363277627605,526840310781399777892685,0,0,0,0
8,2,6,0,7,6,7,0,4,1,2,3,1,3,4,0,0,0,0,6,0,226582837343088450671847,186619401848837392070095,39963435494251058601752,418014530234115602241045,0,0,0,0
12,3,9,0,3,5,4,0,2,1,0,2,1,2,2,0,0,0,0,1,0,344915636976115963251247,256280194707332346603965,88635442268783616647282,547022158573138886671770,0,0,0,0
6,4,11,0,3,9,4,0,3,1,0,2,1,1,3,0,0,0,1,2,0,301389231791374468119221,134432646037768813343793,166956585753605654775428,300000000000196831254964,0,0,0,0
5,3,10,0,4,5,4,0,4,0,0,2,1,0,4,0,0,0,0,4,0,295043002505946276789527,157188007804945080201290,137854994701001196588237,366487379634395893333847,0,0,0,0
5,4,11,0,7,7,5,0,4,0,1,3,0,2,3,0,0,0,2,1,0,208012440679508670441519,158058735463437862230316,49953705216070808211203,423001041114136839174719,0,0,0,0
9,7,6,0,6,3,4,0,1,0,3,1,0,3,1,0,0,0,0,1,0,147757100913704464400000,96411550610999999999998,51345550302704464400002,648888865075606729546559,0,0,0,0
4,3,9,0,8,4,7,0,6,0,1,5,1,3,4,0,0,0,2,3,0,516892325923522314714737,244939657005999999972066,271952668917522314742671,404652909517609253423709,0,0,0,0
7,7,9,0,7,5,3,0,2,1,0,2,2,1,2,0,0,0,0,2,0,284759100940639921197639,118014839859697622479001,166744261080942298718638,481006997767857604031579,0,0,0,0
8,5,5,0,7,7,3,0,2,0,1,1,0,2,1,0,0,0,0,1,0,122990851872193320201733,57112283950049382699999,65878567922143937501734,507845356232225655519089,0,0,0,0
7,6,7,0,6,6,3,0,3,0,0,3,1,0,3,0,0,0,0,2,0,489112395796890615776211,263813246500001761205259,225299149296888854570952,449520333243061083874433,0,0,0,0
6,4,6,0,9,6,5,1,2,2,1,0,2,1,4,1,1,0,0,3,0,462037588941668274358481,54928895196352683726950,407108693745315590631531,391572109568155559179695,0,0,0,0
14,4,4,0,11,8,5,0,2,0,2,1,0,2,3,0,0,0,0,3,0,120063033513236197132695,107239248791013975032691,12823784722222222100004,596666844916710128541409,0,0,0,0
5,3,8,0,11,6,8,0,5,0,2,3,1,4,4,0,0,0,0,1,0,433897384459515120818694,250777342524834129687445,183120041934680991131249,541676825566926724634928,0,0,0,0
9,5,8,0,5,9,4,0,2,1,1,2,1,2,2,0,0,0,1,4,0,361410258512886507564474,230749286274607946283995,130660972238278561280479,487566138259853097575412,0,0,0,0
10,7,7,0,10,5,2,0,2,0,0,2,1,1,1,0,0,0,1,3,0,190327114858049088933998,111850752941000000000005,78476361917049088933993,399999000000150000020000,0,0,0,0
10,2,4,0,11,4,3,0,3,0,0,3,1,1,2,0,0,0,0,5,0,272337825808581350082090,156908999900000000021250,115428825908581350060840,449998000000206664527450,0,0,0,0
9,2,11,0,8,4,8,0,6,2,0,2,2,1,7,0,0,0,2,1,0,448032740937289555496045,413895597354318715550682,34137143582970839945363,553161358816766313560028,0,0,0,0
10,2,7,0,4,7,7,0,4,0,3,2,0,4,3,0,0,0,1,4,0,356154947261279056834182,246152588402394720206018,110002358858884336628164,653484748310136338150569,0,0,0,0
7,7,8,0,5,6,3,0,2,0,1,2,0,2,1,0,0,0,1,4,0,276177818790418955576808,107592978395999999999998,168584840394418955576810,397297227893043544069295,0,0,0,0
4,3,7,0,11,4,6,0,6,0,0,4,0,3,3,0,0,0,1,2,0,665131010117634895565995,259476196937759321745849,405654813179875573820146,499873000000150000008872,0,0,0,0
12,3,4,0,4,5,5,0,4,0,0,4,1,2,3,0,0,0,1,3,0,635860730042710676662728,414678051044055264253594,221182678998655412409134,549998005386749264653477,0,0,0,0
9,5,9,0,5,8,4,0,2,1,1,1,1,1,3,0,0,0,2,1,0,52795347373508042010349,39977608136937591446281,12817739236570450564068,407876219467918610609099,0,0,0,0
9,4,13,0,12,5,3,0,2,1,0,1,1,1,2,0,0,0,1,1,0,174650721285972407301105,132072411710286608299999,42578309575685799001106,507232958447708031771476,0,0,0,0
8,4,3,0,9,4,8,0,4,1,1,4,4,2,6,0,0,0,0,2,0,376766788159684012448554,211517172669967223198086,165249615489716789250468,420622131127041439834780,0,0,0,0
7,6,9,0,5,5,6,0,5,0,1,5,2,2,4,0,0,0,0,2,0,404723933842225842008504,140126913500000000008285,264597020342225842000219,362844176573524278232762,0,0,0,0
5,3,11,0,12,6,4,0,3,0,1,3,1,3,1,0,0,0,2,3,0,413177517183678712321405,167857125157000000000000,245320392026678712321405,300000000000150000000028,0,0,0,0
7,4,7,0,9,2,6,0,4,2,0,4,3,2,4,0,0,0,3,2,0,348160119846231105425434,229261210741136859063217,118898909105094246362217,508245344859913943285411,0,0,0,0
7,3,9,0,2,8,5,0,1,1,2,1,1,3,2,0,0,0,0,5,0,217095313422610895974284,171671706569065494834085,45423606853545401140199,310745925997486547456823,0,0,0,0
10,3,5,0,8,6,4,0,3,0,0,2,1,0,4,0,0,0,2,1,0,558359133267565228284267,275387954339629960242553,282971178927935268041714,741578365334337423814728,0,0,0,0
6,2,13,0,6,4,4,0,3,0,1,2,1,1,3,0,0,0,0,6,0,193557600351195364050790,145082964962037057150787,48474635389158306900003,300000000000150000000999,0,0,0,0
9,2,6,0,14,5,4,0,3,0,1,2,1,1,3,0,0,0,1,2,0,331761471805299152969097,233218718041233991963963,98542753764065161005134,578656000000162780121685,0,0,0,0
5,3,8,0,10,4,5,0,4,0,0,3,1,1,4,0,0,0,0,4,0,441587348683908169935098,302338893021609123300035,139248455662299046635063,485226912886628258283267,0,0,0,0
6,3,9,0,14,3,6,1,4,0,2,3,0,4,2,1,1,0,3,1,0,951660645793099434815857,127781233162088849663657,823879412631010585152200,485506058055478156734517,0,0,0,0
8,8,12,0,8,5,5,0,3,0,2,2,0,2,3,0,0,0,1,1,0,417287135900060143865873,280939099442879744732750,136348036457180399133123,470883845351086541098554,0,0,0,0
6,8,8,0,8,3,4,0,3,0,1,1,0,2,2,0,0,0,1,1,0,214734458576791700828729,132379968514089329849997,82354490062702370978732,429036064548332211059522,0,0,0,0
8,3,7,0,7,2,3,0,2,0,0,0,1,0,3,0,0,0,4,6,0,261912762502141446089429,261912762502141446089426,3,487566568096192023865217,0,0,0,0
11,5,7,0,5,3,5,1,4,0,1,1,0,1,4,1,1,0,2,2,0,413118499717348146283236,298283877112415408968580,114834622604932737314656,600850715579373153739817,0,0,0,0
9,2,10,0,10,4,4,0,4,0,0,3,1,0,4,0,0,0,2,6,0,276616813285459467145147,183632415599238409743096,92984397686221057402051,593446892963114960519952,0,0,0,0
7,3,8,0,10,8,2,0,1,0,1,0,0,1,1,0,0,0,2,2,0,27572197794074742234660,27572197794074742234657,3,471150678980747293272391,0,0,0,0
12,5,8,0,6,6,5,0,3,1,1,3,1,4,1,0,0,0,0,7,0,466348925401602575422373,250524541864545411624552,215824383537057163797821,399999000000124779815963,0,0,0,0
13,6,10,0,8,7,5,0,1,1,2,1,1,3,2,0,0,0,1,5,0,185501266644924895445047,150940133369808665801320,34561133275116229643727,828345343708967628837880,0,0,0,0
10,5,9,0,12,2,5,0,3,0,2,2,1,2,3,0,0,0,0,3,0,522323698093088021448985,195626225728622739223982,326697472364465282225003,399999000000381712218060,0,0,0,0
5,4,8,0,4,6,3,0,2,0,1,2,0,2,1,0,0,0,3,3,0,292930440509108356405178,84630742883000000000074,208299697626108356405104,499916000000048594239197,0,0,0,0
11,3,8,0,8,7,5,0,0,0,4,0,1,4,1,0,0,0,2,4,0,177482177336061728200000,177482177336061728200000,0,686541419691767429279481,0,0,0,0
5,4,6,0,8,6,4,0,3,0,1,2,0,2,2,0,0,0,0,3,0,406929221306285266633613,152111194542147278078248,254818026764137988555365,303836583967090923438358,0,0,0,0
6,5,12,0,6,4,5,0,4,0,1,3,1,2,3,0,0,0,3,0,0,356214673144753444642910,208555012424598759816325,147659660720154684826585,484485293518849752239648,0,0,0,0
12,3,9,0,3,6,4,0,2,1,0,2,1,2,2,0,0,0,0,1,0,325670329886606305548823,254330898723586226055028,71339431163020079493795,452076063109694722316277,0,0,0,0
12,3,10,0,5,7,9,0,3,3,2,3,3,2,7,0,0,0,0,2,0,557527013639290932672261,441931827672460247072284,115595185966830685599977,377726939766667966320692,0,0,0,0
8,4,4,0,9,7,1,0,1,0,0,1,0,0,1,0,0,0,2,1,0,93509837962962962794565,29644999999999999999998,63864837962962962794567,399954048120967013739467,0,0,0,0
8,2,7,0,7,6,6,0,2,2,1,1,2,1,5,0,0,0,3,4,0,181975185918236056214501,165538831563432080008366,16436354354803976206135,487638975313762983716283,0,0,0,0
7,8,8,0,9,6,3,0,1,0,1,1,0,2,1,0,0,1,0,1,0,4306364116851263847828,4306352715493827150000,11401357436697828,371751596845681539196110,0,0,1,0
8,4,5,0,17,5,4,0,4,0,0,2,1,0,4,0,0,0,1,2,0,348445572068287450160240,300518899093149714371608,47926672975137735788632,404697564330194254407861,0,0,0,0
6,6,10,0,7,4,8,0,6,0,2,2,0,4,4,0,0,0,1,2,0,251051663285827197436170,235708545528549746371902,15343117757277451064268,569876436398799648223955,0,0,0,0
5,5,11,0,7,9,4,0,3,0,1,2,0,2,2,0,0,0,0,4,0,190882110959188395090699,108058818047437862213051,82823292911750532877648,361699338856964941305228,0,0,0,0
7,3,5,0,10,6,3,0,3,0,0,3,0,1,2,0,0,0,2,2,0,271559215769748028731310,100000000002540602669153,171559215767207426062157,471168048539200798398652,0,0,0,0
13,3,8,0,10,5,4,0,4,0,0,2,0,1,3,0,0,0,0,3,0,269954376476324895198098,236201300860707504360346,33753075615617390837752,658229179082714553211330,0,0,0,0
6,5,3,0,10,8,4,0,3,0,0,3,0,1,3,0,0,0,2,0,0,650353486942550609101256,93722805695106585431829,556630681247444023669427,300000000000198478641975,0,0,0,0
6,7,8,0,13,7,6,0,4,0,1,3,1,2,4,0,0,0,0,5,0,434659078462276386646409,214659094592354474463869,219999983869921912182540,300000000000251323585575,0,0,0,0
8,6,5,0,7,7,3,0,2,0,1,1,0,2,1,0,0,0,0,1,0,129700252022279185408182,58712282150049382699999,70987969872229802708183,426725626372333706351994,0,0,0,0
8,7,11,0,8,6,5,0,4,0,1,2,0,3,2,0,0,0,2,3,0,195640027122678044392473,138945067722509347999998,56694959400168696392475,405771952433875221388855,0,0,0,0
10,3,9,0,10,7,3,0,0,0,3,0,0,3,0,0,0,0,1,2,0,158854084419000000000000,158854084419000000000000,0,303609588187222759690199,0,0,0,0
8,3,7,0,9,3,4,0,3,0,1,2,0,2,2,0,0,0,1,0,0,351419702566325783516977,126159029719645553713752,225260672846680229803225,462413375985763921199834,0,0,0,0
6,7,6,0,10,5,4,0,3,1,0,3,2,1,3,0,0,0,0,4,0,512300901452882894481386,215148363568085632156118,297152537884797262325268,412611000255947220324742,0,0,0,0
11,7,7,0,12,4,2,0,2,0,0,1,0,0,2,0,0,0,0,4,0,251822543931488391943141,49291901114230969716497,202530642817257422226644,449999000000250415026609,0,0,0,0
9,2,6,0,11,5,1,0,1,0,0,0,0,0,1,0,0,0,0,8,0,12549382716049382700000,12549382716049382699998,2,399944879083604675204052,0,0,0,0
5,4,8,0,11,6,5,0,3,0,2,2,0,4,1,0,0,0,0,4,0,252698256799169221785129,184511468588996126957896,68186788210173094827233,554517361448198586715165,0,0,0,0
8,4,14,0,8,5,5,0,2,0,3,2,1,3,2,0,0,0,0,4,0,318261089038442961629660,157567170288134694354970,160693918750308267274690,589513766591290515733545,0,0,0,0
8,6,6,0,7,9,3,0,1,1,1,0,1,1,2,0,0,0,0,1,0,50945891203481481364250,50945891203481481364249,1,662211684565458202963194,0,0,0,0
16,7,2,0,4,9,5,0,4,0,1,2,0,2,3,0,0,0,1,3,0,731777270343937609900650,443455341310871791607646,288321929033065818293004,682046731037021601230070,0,0,0,0
6,5,10,0,7,5,3,0,3,0,0,3,0,1,2,0,0,0,1,2,0,299072362524417308606501,100000000000000000010679,199072362524417308595822,642601695138489608959922,0,0,0,0
9,5,10,0,6,6,6,0,2,2,2,1,2,3,3,0,0,0,2,2,0,192881903288566353094063,172661591744218194554660,20220311544348158539403,546654411271012383473730,0,0,0,0
13,4,11,0,8,5,1,0,1,0,0,1,0,0,1,0,0,0,1,1,0,90818198312277018892131,50000999999999999999999,40817198312277018892132,740818912911681876019097,0,0,0,0
5,8,7,0,15,1,5,0,5,0,0,4,1,3,2,0,0,0,3,2,0,535122885670430377532531,183445888773561769994396,351676996896868607538135,457057077971112281001739,0,0,0,0
10,1,4,0,11,7,1,0,1,0,0,1,0,1,0,0,0,0,2,5,0,165043679865126363564,89999900000000000000,75043779865126363564,449998000000206664527434,0,0,0,0
5,6,11,0,13,8,4,0,1,0,3,0,0,3,1,0,0,0,0,2,0,104178185995703703600000,104178185995703703599998,2,300000000000229619277927,0,0,0,0
12,3,7,0,9,4,6,0,3,0,1,4,1,3,3,0,0,0,1,4,0,243474157375654183304645,112951658096285056972393,130522499279369126332252,651325614187463014185087,0,0,0,0
8,4,10,0,6,3,6,0,4,1,1,4,1,4,2,0,0,0,3,1,0,348633318054816177116021,147599650213776819852097,201033667841039357263924,581241924178405642193085,0,0,0,0
4,8,8,0,7,4,8,0,5,0,2,1,0,2,6,0,0,0,0,2,0,142849032934747184836961,136604814932248197511731,6244218002498987325230,361201568040620760670908,0,0,0,0
8,8,12,0,9,5,8,0,4,0,3,3,0,4,4,0,0,0,2,4,0,450704263461474560196722,251482828033560505299998,199221435427914054896724,299169061307845301692137,0,0,0,0
7,9,8,0,5,6,3,0,2,0,1,1,0,1,2,0,0,0,2,3,0,237104219857985469800000,70557484566296296249997,166546735291689173550003,381365881727214971578542,0,0,0,0
7,7,7,0,5,3,6,0,5,0,1,4,2,3,3,0,0,0,0,5,0,343364287979862638513338,257296842770605931405558,86067445209256707107780,618906778317177229393554,0,0,0,0
12,3,10,0,8,6,4,0,3,1,0,3,1,2,2,0,0,1,0,0,0,651707104785178532356180,286209965237644677999997,365497139547533854356183,727901373660816771625119,0,0,1,0
15,4,7,0,10,8,2,0,1,0,1,0,0,1,1,0,0,0,0,3,0,55010220707522452550000,55010220707522452549999,1,1024417275593606303876532,0,0,0,0
5,4,7,0,13,0,7,0,6,1,0,4,2,2,5,0,0,0,3,1,0,410332641750526250817242,214738343927352918672801,195594297823173332144441,500165398416146069913426,0,0,0,0
7,4,11,0,5,3,6,0,4,2,0,2,2,0,6,0,0,0,1,0,0,465367483502800763944512,164387206989160732696281,300980276513640031248231,472214755214541362109594,0,0,0,0
9,4,13,0,12,5,4,0,2,1,1,1,1,1,3,0,0,0,0,1,0,273350918081097939349601,151773516957943841243675,121577401123154098105926,535630925736357152446615,0,0,0,0
9,8,4,0,11,3,4,0,4,0,0,4,0,2,2,0,0,0,1,1,0,596788491320095841699647,262020244707999999999997,334768246612095841699650,478557906513050951821609,0,0,0,0
7,5,4,0,3,5,6,0,4,0,0,4,1,2,4,0,0,0,0,3,0,513673845190303538524578,156137759598166374209913,357536085592137164314665,306568423961972680505344,0,0,0,0
8,4,6,0,13,6,4,0,2,0,1,2,1,2,2,0,0,1,0,1,0,283393313053567996145983,116712757498012440711415,166680555555555555434568,444863100472212677816177,0,0,1,0
8,3,6,0,7,6,6,0,4,0,2,4,0,3,3,0,0,0,0,7,0,534865347331517095699424,186877834772358891076406,347987512559158204623018,480587623225161668884905,0,0,0,0
10,3,7,0,6,5,4,0,1,2,1,1,2,1,3,0,0,0,5,3,0,148008072394846544087618,138494096855135710419617,9513975539710833668001,508288109043215053167502,0,0,0,0
7,4,7,0,9,2,5,0,1,3,1,1,3,2,3,0,0,0,4,2,0,290821214816625207422396,238346638256265123357632,52474576560360084064764,451020026567449345826681,0,0,0,0
4,8,10,0,14,5,4,0,2,1,0,1,2,1,3,0,0,0,0,1,0,283835404291564262543851,166169635235859231479512,117665769055705031064339,359762716396879513513161,0,0,0,0
6,6,11,0,3,11,3,0,2,0,1,2,0,1,2,0,0,0,1,3,0,328250578701629629229821,64449074072000000005210,263801504629629629224611,385633941016139657280550,0,0,0,0
7,2,14,0,5,6,7,0,3,1,2,4,2,4,3,0,0,0,2,5,0,569550901847293560514443,229550877678250793687620,340000024169042766826823,317343698443855388269502,0,0,0,0
9,6,6,0,6,3,4,0,2,0,2,2,1,3,1,0,0,0,0,1,0,153570006900384050475297,108721243711000000000000,44848763189384050475297,465415015775660904011825,0,0,0,0
9,5,8,0,6,8,5,0,2,0,3,1,0,3,2,0,0,0,4,3,0,177883194411164543230391,160627211430697179180389,17255982980467364050002,499998000000199956406255,0,0,0,0
9,2,10,0,10,7,8,0,5,0,2,0,1,2,6,0,0,0,0,3,0,194479664220803560991504,194479664220803560991498,6,803946634883963249580689,0,0,0,0
9,3,6,0,14,4,5,0,4,0,1,4,2,1,4,0,0,0,1,1,0,454277770150226718975294,177399651334358922607807,276878118815867796367487,428658453804668572721453,0,0,0,0
11,1,5,0,8,4,3,0,3,0,0,3,1,2,1,0,0,0,2,0,0,263391574645623011495229,150000000000000000000000,113391574645623011495229,750536399943684284159177,0,0,0,0
7,6,7,0,6,5,3,0,2,0,1,2,1,1,2,0,0,0,0,2,0,356570590030406702693630,76325000680999999999998,280245589349406702693632,499997000000266610379160,0,0,0,0
3,6,8,0,13,7,1,0,0,0,1,0,0,1,0,0,0,0,2,2,0,24827725100000000000000,24827725100000000000000,0,360301569657633382697719,0,0,0,0
4,3,9,0,4,6,2,1,2,0,0,1,0,1,1,1,1,0,1,1,0,279079662735962001620561,50000000000000000000000,229079662735962001620561,292449488652164648782683,0,0,0,0
14,4,4,0,11,8,6,0,4,0,1,2,0,2,4,0,0,0,0,2,0,433897546384738644721101,283021588291183335034082,150875958093555309687019,692658564288104218532772,0,0,0,0
8,6,8,0,9,4,3,0,2,0,1,2,1,2,1,0,0,0,0,5,0,507720881493979349265734,138215876881000000000000,369505004612979349265734,453155074823943946531268,0,0,0,0
6,7,8,0,8,4,5,1,4,0,1,0,0,2,3,1,1,0,0,1,0,25035957453624093066060,21339765977418150019421,3696191476205943046639,492730715732935832382821,0,0,0,0
11,3,6,0,11,5,3,0,2,0,0,1,0,0,3,0,0,0,0,5,0,205961745916134136871786,47246915770698673302487,158714830145435463569299,653799826223751013120347,0,0,0,0
10,7,7,0,10,5,2,0,2,0,0,2,1,1,1,0,0,0,1,3,0,186454594015239639898247,111850752941000000000005,74603841074239639898242,399999000000150000020000,0,0,0,0
10,5,11,0,7,2,2,0,0,1,1,0,1,1,1,0,0,0,2,0,0,39256573571675918750000,39256573571675918750000,0,700366070178877068716216,0,0,0,0
13,6,9,0,9,4,4,0,3,0,1,2,0,1,3,0,0,0,1,1,0,177301377756129025843984,168195389182906131635408,9105988573222894208576,250000000000159286391051,0,0,0,0
8,2,4,0,10,9,5,0,2,0,2,2,1,4,1,0,0,0,0,1,0,374840946046646471048018,93880718923321520250000,280960227123324950798018,392880735839302406486441,0,0,0,0
10,2,7,0,4,6,7,0,5,0,2,2,0,3,4,0,0,0,0,5,0,340020382809557977514971,217516832852374119130270,122503549957183858384701,604590380532391350028909,0,0,0,0
9,2,10,0,10,4,6,0,5,0,1,4,1,1,5,0,0,0,1,5,0,572046561999966592915926,341681138333034589128697,230365423666932003787229,487978528453960438921090,0,0,0,0
9,3,5,0,7,8,5,0,3,0,2,3,0,4,1,0,0,0,0,4,0,220314184544396309147870,152530703929092249114865,67783480615304060033005,301553575844334836201896,0,0,0,0
7,4,6,0,8,5,6,0,3,1,2,2,1,2,4,0,0,0,0,6,0,594671206744002715632896,481184462197489168089253,113486744546513547543643,669091325066686692151121,0,0,0,0
9,5,9,0,5,8,4,0,1,2,1,0,2,1,3,0,0,0,2,1,0,56918186986404612369374,56918186986404612369373,1,545489967724208154280501,0,0,0,0
10,3,8,0,3,2,3,0,2,0,1,1,0,1,2,0,0,0,4,3,0,271939948684079517650000,160876037645975308599994,111063911038104209050006,689544689195416268951888,0,0,0,0
7,4,12,0,5,8,3,0,3,0,0,3,0,2,1,0,0,0,1,3,0,508421436388272638582739,250846995487119547547285,257574440901153091035454,408595969807992269974578,0,0,0,0
7,5,9,0,5,7,4,0,4,0,0,3,0,1,3,0,0,0,0,4,0,422069347993827159575726,244160435999829176195871,177908911993997983379855,355599400419232040632787,0,0,0,0
10,4,9,0,12,3,5,0,3,0,2,2,1,2,3,0,0,0,0,3,0,621408299636594438317694,304345013491906390751638,317063286144688047566056,399999000000381664430343,0,0,0,0
4,4,8,0,8,5,1,0,1,0,0,1,0,1,0,0,0,0,1,3,0,75387912829291491339134,50000000000000000000000,25387912829291491339134,416966836822143959920665,0,0,0,0
8,2,7,0,12,7,7,0,2,0,4,2,0,5,2,0,0,0,0,2,0,531209190103632876235098,257357184727814814749999,273852005375818061485099,328742334123854132252563,0,0,0,0
7,4,9,0,2,8,7,0,3,1,2,3,2,3,4,0,0,0,0,3,0,478244492514242700733597,238186425529593059605474,240058066984649641128123,328925614128335346965854,0,0,0,0
7,7,8,0,7,7,4,0,1,1,0,2,3,0,4,0,0,0,0,1,0,271704807287023231178422,53749405864197530850022,217955401422825700328400,350410000000157767329072,0,0,0,0
8,8,10,0,8,3,2,0,2,0,0,0,0,0,2,0,0,0,1,3,0,30844035060747203760219,30844035060747203760217,2,564547101607265098933411,0,0,0,0
5,5,6,0,8,6,5,0,4,1,0,3,1,2,3,0,0,0,0,2,0,356823148627684332490006,188668479016675640940487,168154669611008691549519,298271576251041540738358,0,0,0,0
6,3,13,0,6,4,4,0,3,0,1,2,1,1,3,0,0,0,0,6,0,201050176263785090950000,147836652821493847299997,53213523442291243650003,300000000000150000001000,0,0,0,0
5,3,10,0,4,4,4,0,4,0,0,2,0,1,3,0,0,0,0,4,0,618143142511976326039243,221635554042223356378101,396507588469752969661142,499998008200792866952037,0,0,0,0
7,6,9,0,11,2,11,0,2,2,7,1,2,8,3,0,0,0,0,2,0,396248474780737032014975,356463603217616597050892,39784871563120434964083,449998000000149801697870,0,0,0,0
7,4,9,0,7,6,3,0,3,0,0,2,1,1,2,0,0,0,0,2,0,341768086788461546720845,151650620849593582399998,190117465938867964320847,428727250060536458422191,0,0,0,0
8,8,12,0,8,5,6,0,5,0,1,3,1,1,5,0,0,0,0,1,0,392772768400206751226645,244118100613461468989984,148654667786745282236661,335048190065171417164809,0,0,0,0
7,6,6,0,5,4,3,0,2,0,1,2,1,1,2,0,0,0,1,3,0,621259929030580369950777,177485374228302821114593,443774554802277548836184,265805000000227814086401,0,0,0,0
6,4,6,0,9,4,4,1,2,1,1,0,1,1,3,1,1,0,0,4,0,349511494098177789073546,36723997741827888450000,312787496356349900623546,391572109568155559179695,0,0,0,0
8,2,7,0,7,6,8,0,5,1,2,1,1,2,6,0,0,0,1,4,0,124070456066496084200774,99379166024008276401700,24691290042487807799074,506552239364100342711894,0,0,0,0
11,5,7,0,5,4,4,0,3,0,1,1,0,1,3,0,0,0,3,2,0,364091014308456344928184,300019034680750480768581,64071979627705864159603,642667832938084602786072,0,0,0,0
9,3,11,0,8,5,7,0,5,2,0,1,2,1,6,0,0,0,2,2,0,263872217972172953022537,250600095464287742082319,13272122507885210940218,503401041202890714898586,0,0,0,0
13,3,3,0,10,4,3,0,2,0,1,0,0,1,2,0,0,0,1,1,0,85118415105407696264800,85118415105407696264797,3,668669274970383504805196,0,0,0,0
13,7,10,0,8,7,3,0,1,0,1,0,0,1,2,0,0,0,2,6,0,62199668037553255300000,62199668037553255299998,2,807359070344168492328402,0,0,0,0
12,6,4,0,4,5,5,0,2,0,1,2,2,3,2,0,0,0,1,3,0,235382095027133110571339,132982509846224610153279,102399585180908500418060,513710773395076707302254,0,0,0,0
8,5,5,0,17,4,4,0,4,0,0,2,1,0,4,0,0,0,2,1,0,367105733596746224989391,300715113899193948136406,66390619697552276852985,413782608759860641205157,0,0,0,0
9,6,7,0,4,7,3,0,3,0,0,2,0,0,3,0,0,0,1,3,0,326190443290915949640267,100000000000002855266579,226190443290913094373688,577835234858392993770369,0,0,0,0
5,6,8,0,4,8,2,0,2,0,0,2,0,1,1,0,0,1,1,5,0,359209754723738967844077,76019658500000000010074,283190096223738967834003,457522423500110650417755,0,0,1,0
8,3,3,0,9,4,8,0,3,1,2,3,4,2,6,0,0,0,0,2,0,342267653758098418724409,214145901524037679349201,128121752234060739375208,420622131127041439834780,0,0,0,0
4,1,11,0,5,4,6,0,5,0,1,4,0,3,3,0,0,0,2,4,0,546277179345771474268006,199999999999999999999996,346277179345771474268010,378266954421061491523746,0,0,0,0
10,4,5,0,8,7,5,0,3,2,0,2,3,0,5,0,0,0,1,1,0,365212218547209911380120,266810509614666017005694,98401708932543894374426,749643681418735028697481,0,0,0,0
6,6,12,0,6,4,4,0,3,0,1,2,1,1,3,0,0,0,3,1,0,322969129883841533072883,166376985353013490405344,156592144530828042667539,440849647444279142271414,0,0,0,0
13,2,8,0,10,5,5,0,4,0,1,2,1,2,3,0,0,0,0,2,0,317065598904216169152837,277736544099934889814527,39329054804281279338310,621839215054508984563437,0,0,0,0
5,3,8,0,10,5,6,0,5,0,0,3,1,1,5,0,0,0,0,3,0,334684662404807672542307,218929756527373441527090,115754905877434231015217,259237240487158616968292,0,0,0,0
7,6,5,0,7,5,7,0,5,0,2,5,1,4,3,0,0,0,1,5,0,745525304887950218405176,301436853567662435572365,444088451320287782832811,389919813297664781114831,0,0,0,0
8,5,4,0,9,8,3,0,3,0,0,3,1,1,2,0,0,0,0,1,0,286449233777829519097005,114524999999999999999998,171924233777829519097007,315074048121027924142689,0,0,0,0
8,3,7,0,7,2,4,0,2,0,1,2,1,1,3,0,0,0,2,7,0,307331597221506172288271,161657266056793534275548,145674331164712638012723,528309780462403790013539,0,0,0,0
7,8,8,0,9,6,3,0,0,0,2,0,0,2,1,0,0,1,0,1,0,16471203155493827150000,16471203155493827150000,0,419281121545650204949302,0,0,1,0
6,5,7,0,6,3,7,0,7,0,0,5,0,1,6,0,0,0,0,4,0,601689166449500655403330,449147061570652373321010,152542104878848282082320,635383054393050286458755,0,0,0,0
8,5,11,0,8,7,8,0,6,1,1,3,2,2,6,0,0,0,0,2,0,372248219231223941818619,162446764559920865008478,209801454671303076810141,348892566917584378499879,0,0,0,0
7,3,8,0,10,7,1,0,0,0,1,0,0,1,0,0,0,0,1,4,0,8797164351000000000000,8797164351000000000000,0,582743478576311076787390,0,0,0,0
7,4,4,0,10,5,3,0,3,0,0,3,0,1,2,0,0,0,1,3,0,398107646626432310996242,100000000002540602669152,298107646623891708327090,399999001978160081028374,0,0,0,0
6,2,7,0,8,5,6,0,4,1,1,3,2,2,4,0,0,0,3,5,0,549401704478424298050086,223720362705289576326081,325681341773134721724005,302065470437205004926283,0,0,0,0
11,3,8,0,8,10,7,0,0,2,4,0,3,4,3,0,0,0,2,2,0,167427332566122664722127,167427332566122664722127,0,567159378017273717709091,0,0,0,0
6,6,8,0,13,6,4,1,3,0,0,2,1,1,3,1,1,0,0,7,0,480685475016168414992412,96948771180555555548809,383736703835612859443603,300000000000251323585575,0,0,0,0
11,4,7,0,12,5,3,0,3,0,0,1,0,0,3,0,0,0,0,3,0,164367813495441995724701,78425369309200471974695,85942444186241523750006,449375449877291466931782,0,0,0,0
6,2,3,0,8,4,4,0,2,2,0,2,2,2,2,0,0,0,1,3,0,513434181441103380631612,158081023108711413905472,355353158332391966726140,385585313981706823738742,0,0,0,0
12,3,10,0,5,7,8,0,4,2,1,3,2,1,7,0,0,0,1,2,0,454354440992220150483151,325425292651752250743600,128929148340467899739551,451382251432180416125065,0,0,0,0
10,5,9,0,10,6,3,0,0,0,3,0,0,3,0,0,0,0,1,2,0,107412474455000000000000,107412474455000000000000,0,303609588187264392996135,0,0,0,0
6,6,10,0,7,4,6,0,5,0,1,2,0,2,4,0,0,0,4,1,0,92165523526213949915469,79693821431678386321745,12471702094535563593724,631665721100041647722243,0,0,0,0
6,8,12,0,5,5,4,0,3,1,0,2,1,0,4,0,0,0,2,1,0,436521782569238179341373,152987707250786654983656,283534075318451524357717,527917103323715386172688,0,0,0,0
6,7,3,0,10,7,5,0,4,0,0,4,1,1,4,0,0,0,0,1,0,1032646299006790111572541,146455063695106585431829,886191235311683526140712,319433451677717613474714,0,0,0,0
8,4,6,0,7,9,3,0,1,1,1,0,1,1,2,0,0,0,0,1,0,51148919752271604814328,51148919752271604814327,1,674283540235886153239629,0,0,0,0
6,5,6,0,10,5,4,0,4,0,0,4,1,2,2,0,0,0,1,3,0,588499852062069737664830,211339108022999999999998,377160744039069737664832,350830902577274683632288,0,0,0,0
5,5,10,0,11,4,1,0,0,1,0,0,1,0,1,0,0,0,1,3,0,38113546336645821418328,38113546336645821418328,0,311131567923051571362993,0,0,0,0
8,2,7,0,9,4,2,0,2,0,0,1,0,0,2,0,0,0,1,2,0,107640821195641460015375,85207893262645553713751,22432927932995906301624,312414375985805001105455,0,0,0,0
8,5,14,0,8,5,6,0,2,1,3,2,2,3,3,0,0,0,0,3,0,416527045855321894846206,275532884545826052355472,140994161309495842490734,558173437941974505691899,0,0,0,0
9,2,6,0,11,4,3,0,2,0,1,0,0,1,2,0,0,0,0,6,0,37951474419126156317941,37951474419126156317938,3,337594027231733201958596,0,0,0,0
8,3,13,0,3,6,4,0,4,0,0,3,0,2,2,0,0,0,0,2,0,407888662606669214933316,251873441105939636775936,156015221500729578157380,446993898971816122609982,0,0,0,0
9,2,10,0,6,7,6,0,4,2,0,3,2,2,4,0,0,0,2,2,0,368672567413728598191095,251534706443822085968806,117137860969906512222289,358652000643775319560605,0,0,0,0
6,6,10,0,7,6,3,0,2,1,0,2,1,1,2,0,0,0,0,3,0,136313868958380361506925,86423243958380361616371,49890624999999999890554,342072187214239606957971,0,0,0,0
16,7,2,0,4,7,7,0,5,0,2,4,1,4,3,0,0,0,0,2,0,834198740735105722173263,534056259255012779778672,300142481480092942394591,732061338286499911985426,0,0,0,0
12,2,5,0,4,6,3,0,1,0,1,1,1,1,2,0,0,0,0,5,0,456724484248855364963825,193869038400458697451768,262855445848396667512057,659610967982642925895638,0,0,0,0
5,6,7,0,15,2,6,0,5,0,1,4,1,4,2,0,0,0,2,2,0,535294647696884784063200,138258468758210799423354,397036178938673984639846,427932534237573473182200,0,0,0,0
13,3,11,0,8,6,3,0,2,1,0,2,1,0,3,0,0,0,0,0,0,207761098369033205894724,171488018584370829465647,36273079784662376429077,757697894616144571741781,0,0,0,0
10,5,9,0,4,8,3,0,3,0,0,2,0,1,2,0,0,0,0,2,0,526876951499787379448451,288380567577049846512229,238496383922737532936222,580355084231865352706946,0,0,0,0
5,7,11,0,13,7,4,0,1,0,3,0,0,3,1,0,0,0,1,1,0,91142463786074074000000,91142463786074073999999,1,300000000000229619278053,0,0,0,0
8,4,10,0,6,2,6,0,4,2,0,3,3,2,4,0,0,0,1,3,0,399230513217147035079386,154748047843304628203545,244482465373842406875841,508361534604086733078348,0,0,0,0
12,3,7,0,9,4,7,0,6,0,0,4,1,2,5,0,0,0,2,2,0,608697010323253326280808,307966442641143668778501,300730567682109657502307,516303109669440178343401,0,0,0,0
5,3,10,0,10,6,4,0,3,0,0,3,0,0,4,0,0,0,0,0,0,140918873858674573630304,86293671123643029054014,54625202735031544576290,404007044683837153283048,0,0,0,0
7,6,7,0,5,3,6,0,6,0,0,4,2,2,4,0,0,0,0,5,0,326406632665195925359859,134763764757242432141083,191642867907953493218776,632690071361173163033821,0,0,0,0
4,9,8,0,7,3,7,1,5,0,0,1,0,2,5,1,1,0,0,3,0,333486166213574737600029,195370182411220656027455,138115983802354081572574,418010058936806839543826,0,0,0,0
8,9,11,0,9,5,8,0,2,0,3,2,2,4,4,0,0,0,1,5,0,433176769506175731822300,151311364205931829254106,281865405300243902568194,411965779041647398823007,0,0,0,0
5,6,7,0,13,0,6,0,6,0,0,3,0,2,4,0,0,0,4,1,0,422472895204678269375922,213992277986778614122135,208480617217899655253787,484154870027883944378681,0,0,0,0
8,6,10,0,3,3,4,0,3,0,0,2,2,0,4,0,0,0,0,4,0,226541131576300462513997,56480300925925925906053,170060830650374536607944,724743135121482003320540,0,0,0,0
12,3,10,0,8,7,3,0,2,1,0,2,1,1,2,0,0,0,0,2,0,444984029351700332226613,130073513037246756947285,314910516314453575279328,786074696494441328981177,0,0,0,0
8,3,6,0,13,6,3,0,1,0,1,1,2,1,2,0,0,0,0,3,0,67889080160844893619750,60392555057220565450000,7496525103624328169750,546018709613026264764655,0,0,0,0
9,3,4,0,8,6,5,0,4,1,0,4,2,3,2,0,0,0,0,5,0,566318439997304689769809,238867270075906283447121,327451169921398406322688,349999907779195551571238,0,0,0,0
7,4,11,0,5,3,5,0,5,0,0,2,0,0,5,0,0,0,2,0,0,386474317489918428373236,215071893161871378368098,171402424328047050005138,491171051667116183684366,0,0,0,0
4,7,10,0,14,5,4,0,2,1,0,1,2,1,3,0,0,0,0,1,0,183131416287202927403637,142588937947720013463301,40542478339482913940336,259763716396979515516093,0,0,0,0
15,4,7,0,10,8,3,0,2,0,1,1,0,2,1,0,0,0,0,2,0,119166354172529799604326,106224031641665602149998,12942322530864197454328,1023203464659418710745840,0,0,0,0
9,6,3,0,10,5,5,0,4,0,1,4,1,2,3,0,0,0,3,3,0,499435686609291647825699,221543395463719389998250,277892291145572257827449,523131431107163165918345,0,0,0,0
9,1,10,0,10,6,5,0,2,0,2,0,1,2,3,0,0,0,0,6,0,206805984102341067207478,206805984102341067207476,2,684785415315137006489886,0,0,0,0
7,6,4,0,3,8,4,1,2,0,0,1,0,1,3,1,1,0,0,5,0,302614002129169720568739,93122885354166373550000,209491116775003347018739,313564531416654648283690,0,0,0,0
3,7,8,0,13,8,2,0,1,0,1,1,0,2,0,0,0,0,3,0,0,228854170498056612148785,68619283073000000000000,160234887425056612148785,316580349740693300830746,0,0,0,0
8,7,4,0,8,4,6,0,4,2,0,3,2,1,5,0,0,0,1,4,0,273474194543283018569384,109930329674534931652467,163543864868748086916917,433581847312041185379008,0,0,0,0
10,5,7,0,6,4,8,1,5,2,1,4,2,3,5,1,1,0,4,0,0,826719947687921361890000,261887517843010880420065,564832429844910481469935,514468164389532596416637,0,0,0,0
9,7,4,0,11,4,4,0,4,0,0,2,0,1,3,0,0,0,1,1,0,350386042893199212054691,157661878514193782415918,192724164379005429638773,563919218745208737265042,0,0,0,0
8,6,8,0,9,4,4,0,2,0,1,1,1,2,2,0,0,0,0,4,0,187701129378138803897858,100956156378160077244225,86744972999978726653633,373544433602514899198080,0,0,0,0
7,3,14,0,5,5,6,0,4,1,1,4,2,3,3,0,0,0,1,7,0,361787613361287537955805,175525951718251734611567,186261661643035803344238,342029856575535440285360,0,0,0,0
2,8,14,0,8,3,7,0,5,0,2,2,0,3,4,0,0,0,1,1,0,274090253161612870820790,170531164305303567379376,103559088856309303441414,346899354284391165392348,0,0,0,0
13,7,9,0,9,5,4,0,1,0,3,1,0,3,1,0,0,0,1,1,0,246902596716002591788093,244470113835980205785442,2432482880022386002651,439468093066187009637554,0,0,0,0
8,4,6,0,7,8,7,0,5,0,2,4,0,4,3,0,0,0,3,3,0,606859905219622889854831,252947834080734060367890,353912071138888829486941,419223665191424627883705,0,0,0,0
9,5,8,0,6,6,5,0,3,0,2,1,0,2,3,0,0,0,4,3,0,148679698019374434788294,139078722909926256135881,9600975109448178652413,539680212448340601338160,0,0,0,0
4,3,8,0,7,4,3,0,3,0,0,3,1,1,2,0,0,0,1,3,0,657295208630127046617354,189304291200000000007004,467990917430127046610350,358661093395072084783999,0,0,0,0
9,3,5,0,7,8,6,0,3,1,2,3,1,4,2,0,0,1,0,2,0,191045111581630736641413,138687253217975792897860,52357858363654943743553,387166045410236074291477,0,0,1,0
10,4,8,0,3,3,4,0,3,0,1,2,0,2,2,0,0,0,3,3,0,294318255283288047639467,215325618857975308599996,78992636425312739039471,548158288695361365306957,0,0,0,0
11,1,5,0,8,4,1,0,1,0,0,1,0,1,0,0,0,0,3,1,0,63345343622016307698820,50000000000000000000000,13345343622016307698820,750536399943734161563756,0,0,0,0
11,4,6,0,8,4,5,0,3,1,0,2,1,2,3,0,0,0,0,3,0,298611372780640412365813,141503376556186300584681,157107996224454111781132,704610421295854259693804,0,0,0,0
4,4,8,0,8,5,1,0,1,0,0,1,0,1,0,0,0,0,2,2,0,75424678413608263914303,50000000000000000000000,25424678413608263914303,416966836822143959920665,0,0,0,0
6,4,11,0,3,9,4,0,2,1,1,2,1,1,3,0,0,0,0,3,0,401566548108837677891362,224978189069731407456515,176588359039106270434847,300000000000196831254964,0,0,0,0
4,5,9,0,4,5,0,0,0,0,0,0,0,0,0,0,0,0,1,3,0,0,0,0,292449488652164648782683,0,0,0,0
7,5,11,0,5,8,2,0,2,0,0,2,0,2,0,0,0,0,0,4,0,144496777212552377326713,100555068548000000000000,43941708664552377326713,371332140535339224724272,0,0,0,0
8,9,10,0,8,3,3,0,2,0,1,0,0,1,2,0,0,0,1,2,0,90218284731493992977175,90218284731493992977170,5,451970471779972551405802,0,0,0,0
11,2,6,0,11,5,3,0,2,0,0,2,0,0,3,0,0,0,0,5,0,191610946367830696501521,22441844135803143879242,169169102232027552622279,735775187014969852303243,0,0,0,0
8,4,8,0,4,10,3,1,2,0,1,1,1,2,1,1,1,0,1,5,0,107971984155804297746547,62228395061641255636510,45743589094163042110037,390423793082420395482063,0,0,0,0
7,5,9,0,11,3,12,0,2,2,8,0,2,8,4,0,0,0,0,1,0,515634701389464216844648,515634701389464216844646,2,449998000000149801697869,0,0,0,0
9,7,6,0,6,5,4,0,2,0,2,2,1,3,1,0,0,0,0,1,0,173131186350536930885743,113989009469000000000000,59142176881536930885743,533749886275660547194061,0,0,0,0
10,5,11,0,7,3,2,0,0,1,1,0,1,1,1,0,0,0,2,0,0,39290274813734310550000,39290274813734310550000,0,672367078874726360240494,0,0,0,0
7,9,6,0,5,7,2,0,1,0,1,1,0,1,1,0,0,0,2,3,0,166053165048540787050284,113437603624302821111402,52615561424237965938882,245943036270145368331684,0,0,0,0
12,4,7,0,10,2,4,0,2,1,1,1,2,1,3,0,0,0,0,1,0,144200185085473719886127,144200185085473719884802,1325,754505888127350978826352,0,0,0,0
8,2,4,0,10,7,4,0,2,0,2,1,0,3,1,0,0,0,0,2,0,203668325622559385258937,97111733008666666599999,106556592613892718658938,392880735839302406486441,0,0,0,0
13,4,3,0,10,5,4,0,4,0,0,1,0,1,3,0,0,0,1,0,0,218290022212241414381938,190703598746491684354962,27586423465749730026976,865642884954270205448336,0,0,0,0
7,7,6,0,6,4,2,0,2,0,0,2,1,0,2,0,0,0,0,3,0,379896673096718074446068,69965000000000000007997,309931673096718074438071,399998000000366339332579,0,0,0,0
12,2,9,0,9,3,4,0,4,0,0,3,0,0,4,0,0,0,0,0,0,257266009448880845662765,109266141915042279434097,147999867533838566228668,642490722023343319997399,0,0,0,0
9,4,7,0,4,8,1,0,1,0,0,1,0,0,1,0,0,0,1,5,0,329090791139405025350000,49999999999999999999998,279090791139405025350002,577835234858392988770378,0,0,0,0
7,5,6,0,8,6,9,0,5,1,3,3,1,3,6,0,0,0,0,3,0,470967316978180625496705,341665940041295874879297,129301376936884750617408,599997000000137176405488,0,0,0,0
9,7,15,0,10,6,3,0,2,0,1,1,0,1,2,0,0,0,3,2,0,119751314700036536119065,119203088209000000797871,548226491036535321194,371005417329023461936839,0,0,0,0
4,1,11,0,5,3,7,0,6,0,1,5,1,3,4,0,0,0,1,4,0,639439291414709461863241,283232140289999999999995,356207151124709461863246,478265954421091811801823,0,0,0,0
7,3,12,0,5,7,4,0,3,0,1,3,0,2,2,0,0,0,0,3,0,278203645008982492018815,200784790447657799452346,77418854561324692566469,343201757325730345190899,0,0,0,0
14,5,4,0,11,8,6,0,4,0,1,0,0,1,5,0,0,0,0,2,0,166992542474793922863778,166992542474793922863771,7,835960809857570574145304,0,0,0,0
7,4,5,0,7,5,5,0,3,1,1,3,2,2,3,0,0,0,2,6,0,600334349519513880285877,200991788205816203189073,399342561313697677096804,415439813297665323268067,0,0,0,0
14,8,8,0,2,8,3,0,3,0,0,1,0,1,2,0,0,0,0,0,0,82974939092394324892362,71164970601776704805663,11809968490617620086699,377862641679403287301434,0,0,0,0
8,3,7,0,12,9,6,0,3,0,2,3,0,4,2,0,0,0,0,3,0,285225794896594863150562,124227663915814814749998,160998130980780048400564,328742334123854132252563,0,0,0,0
6,6,7,0,6,4,6,0,5,0,0,5,0,1,5,0,0,0,0,5,0,828936077776284445403718,564006036387089888199712,264930041389194557204006,613151851762861317704813,0,0,0,0
5,4,12,0,8,1,6,0,3,1,2,3,1,4,2,0,0,0,0,3,0,651524754003725586738546,450186311451913580204911,201338442551812006533635,355993874199307165674921,0,0,0,0
10,6,7,0,10,5,2,0,2,0,0,2,1,1,1,0,0,0,1,3,0,176480940825213347082323,111850752941000000000005,64630187884213347082318,399999000000150000020000,0,0,0,0
7,8,8,0,7,7,3,0,0,1,0,1,2,0,3,0,0,0,0,2,0,20535254628299645105557,20535254628299645105557,0,422092310781337024629581,0,0,0,0
6,1,7,0,8,4,7,0,6,1,0,3,2,2,5,0,0,0,0,7,0,304483793400483011530035,232377213708155308954397,72106579692327702575638,329275997972757754126070,0,0,0,0
12,5,5,0,5,5,4,0,4,0,0,3,0,3,1,0,0,0,0,4,0,598548632752952564279455,102103537070740740649998,496445095682211823629457,759039837443170446944434,0,0,0,0
6,1,3,0,8,5,7,0,5,1,1,5,2,4,3,0,0,0,0,1,0,798306288415001892727748,303572995943288793505945,494733292471713099221803,366229536819505501370342,0,0,0,0
5,3,10,0,4,5,5,0,5,0,0,3,1,0,5,0,0,0,0,3,0,385522178535489649016365,247450041042048604494566,138072137493441044521799,499998008200842866952037,0,0,0,0
6,8,12,0,5,5,3,0,2,1,0,1,1,0,3,0,0,0,3,1,0,144832506798760884865074,120804146550476737277726,24028360248284147587348,564917103323665386172688,0,0,0,0
10,1,7,0,4,6,8,0,6,0,2,3,1,3,5,0,0,0,0,4,0,488816276203204908294630,336719721443524194893519,152096554759680713401111,606868128539271167231765,0,0,0,0
7,3,11,0,6,4,4,0,4,0,0,4,1,2,2,0,0,0,0,3,0,615807909638347671543091,408659772292262451897896,207148137346085219645195,349999003470001416929338,0,0,0,0
7,7,9,0,7,4,4,0,4,0,0,3,2,1,3,0,0,0,0,1,0,453251957789548667279426,196662961466631877049999,256588996322916790229427,428727250060599733295037,0,0,0,0
5,4,10,0,11,5,1,0,0,1,0,0,1,0,1,0,0,0,1,3,0,38166979978621130068328,38166979978621130068328,0,311131567922940383615654,0,0,0,0
6,5,6,0,9,5,5,1,3,1,1,1,1,1,4,1,1,0,0,3,0,352038271894427832569114,195366895832040056150000,156671376062387776419114,391572109568155559179695,0,0,0,0
5,3,9,0,6,7,4,0,3,0,1,3,1,2,2,0,0,0,0,7,0,391366813212816565433109,131765217134000000000000,259601596078816565433109,309280644031588849700283,0,0,0,0
8,7,13,0,3,7,3,0,3,0,0,2,0,2,1,0,0,0,1,2,0,285113842463895509138124,165064962481420756461225,120048879982474752676899,496992898971716123772623,0,0,0,0
9,4,9,0,5,9,5,0,2,2,1,1,3,1,4,0,0,0,2,0,0,143995420459369336663854,108282034508180321613852,35713385951189015050002,558265781460685113599599,0,0,0,0
9,2,11,0,8,4,8,0,7,1,0,2,2,1,7,0,0,0,1,2,0,539303019329622647074421,479064073888654410601803,60238945440968236472618,522631983760534364338337,0,0,0,0
7,6,9,0,11,8,4,0,1,1,2,2,1,2,2,0,0,0,1,0,0,296919615438756413864814,228074951539650101412129,68844663899106312452685,484047350529611215927320,0,0,0,0
12,3,5,0,4,6,3,0,1,0,1,1,1,1,2,0,0,0,0,5,0,531155689864786758653864,193870675144458697451768,337285014720328061202096,532999534006645734032107,0,0,0,0
12,3,4,0,4,5,4,0,3,0,0,3,1,2,2,0,0,0,0,5,0,365419642672410147128592,182137007022156279427286,183282635650253867701306,438639461319331181937124,0,0,0,0
10,3,9,0,4,8,2,0,2,0,0,2,0,1,1,0,0,0,0,3,0,352030281516086465325281,170289831212010477289573,181740450304075988035708,580180084231865352706944,0,0,0,0
12,5,9,0,13,5,3,0,3,0,0,3,1,1,2,0,0,0,0,1,0,358650185788600603699582,181118352870999999999997,177531832917600603699585,631597915999299474785922,0,0,0,0
7,5,9,0,5,8,5,0,5,0,0,4,2,1,4,0,0,1,0,2,0,320255928887369152231671,107106507629229662487324,213149421258139489744347,307878582517947727728620,0,0,1,0
5,4,10,0,10,7,4,0,2,0,1,1,0,1,3,0,0,0,0,0,0,353334715963336889236901,218859289320479763116059,134475426642857126120842,472317828399361397397506,0,0,0,0
8,5,3,0,9,4,7,0,4,1,0,4,3,1,6,0,0,0,1,2,0,655855243085923081466613,275013211707967223198084,380842031377955858268529,320623131127141438834781,0,0,0,0
8,0,6,0,12,9,4,0,2,1,0,2,1,0,4,0,0,0,0,2,0,236038046769507659351020,94724100010248400410748,141313946759259258940272,388660458333433333364806,0,0,0,0
8,6,10,0,3,3,4,0,2,0,1,2,2,1,3,0,0,0,1,3,0,346714149334805578717619,259214924646925925899999,87499224687879652817620,625203857474238286072114,0,0,0,0
10,4,5,0,8,5,3,0,3,0,0,2,0,1,2,0,0,0,1,3,0,297222995852056157966684,113838341868048975999536,183384653984007181967148,766779912691472335600645,0,0,0,0
9,5,9,0,7,6,3,0,1,0,1,1,0,2,1,0,0,0,0,1,0,310042579106302362464847,60444905457862572100000,249597673648439790364847,636077862241888411203139,0,0,0,0
7,4,9,0,2,8,5,0,1,1,2,1,1,3,2,0,0,0,0,5,0,217263841068354693959352,172322565056207993200128,44941276012146700759224,300000000000220332211943,0,0,0,0
9,3,4,0,8,6,5,0,4,1,0,4,3,1,4,0,0,0,0,5,0,275391743123288133605395,169796093249004225648315,105595649874283907957080,356233945117375740325828,0,0,0,0
5,2,8,0,10,4,6,0,5,0,0,3,1,1,5,0,0,0,0,3,0,424315894666069382996935,308858162379294412621058,115457732286774970375877,473314703714128154162197,0,0,0,0
9,5,3,0,10,6,6,0,4,1,1,4,1,3,3,0,0,0,2,3,0,525332310842778487882729,239880644216568058869721,285451666626210429013008,511270820243993078017325,0,0,0,0
11,2,8,0,6,5,5,0,3,0,2,3,0,3,2,0,0,0,1,2,0,470805228443870681115791,318735368695000953495052,152069859748869727620739,801370915497081046719366,0,0,0,0
8,4,7,0,7,1,6,0,4,0,1,3,1,2,4,0,0,0,2,5,0,397068167491808803136976,258745654130793534275547,138322513361015268861429,404332325669301374499918,0,0,0,0
8,6,4,0,8,7,5,0,3,1,1,2,1,1,4,0,0,0,2,4,0,160898615596160937276982,109853564672308059086430,51045050923852878190552,406876072480063104190865,0,0,0,0
6,1,13,0,6,5,4,0,3,0,1,2,1,1,3,0,0,0,0,6,0,203082945212719882900000,147988557761452589799997,55094387451267293100003,300000000000150000001000,0,0,0,0
8,0,14,0,8,4,2,0,2,0,0,1,0,1,1,0,0,0,1,1,0,150174429212510120663199,145456316673958117133701,4718112538552003529498,596072976564273159334327,0,0,0,0
7,4,8,0,10,8,2,0,1,0,1,0,0,1,1,0,0,0,1,3,0,92496080740175271953709,92496080740175271953708,1,434139469276362064728015,0,0,0,0
2,8,14,0,8,3,8,0,7,0,1,4,0,2,6,0,0,0,1,0,0,392338670408893214369546,215620754363118049620278,176717916045775164749268,340101953035344113013461,0,0,0,0
6,4,8,0,6,7,3,0,2,0,1,1,0,1,2,0,0,0,0,4,0,185144390966851851597474,95615745133518518447471,89528645833333333150003,249928429149804536752304,0,0,0,0
4,3,8,0,7,6,3,0,3,0,0,2,1,0,3,0,0,0,2,2,0,293411929026765004289239,111935223621105192219656,181476705405659812069583,352086478789453207247509,0,0,0,0
11,3,8,0,8,8,4,0,1,0,2,1,1,2,2,0,0,0,2,5,0,150954147562394911681141,132179135703397021683487,18775011858997889997654,614053062980666900585665,0,0,0,0
8,5,12,0,8,6,7,0,6,0,1,4,1,2,5,0,0,0,0,0,0,541171958656696843205393,313311304380894912240200,227860654275801930965193,353194067260071537462621,0,0,0,0
5,5,7,0,9,5,8,0,5,0,1,2,0,2,6,0,0,0,0,4,0,318473704741536705042331,255233717391945887742247,63239987349590817300084,436588698732763065893951,0,0,0,0
11,4,6,0,8,4,6,0,3,0,2,2,0,4,2,0,0,0,1,1,0,253656031199901682786288,169777945269123055691456,83878085930778627094832,604612773600070283305871,0,0,0,0
12,3,10,0,5,6,10,0,5,3,1,3,3,2,8,0,0,0,0,1,0,612108697051400752825360,450387806061433488353741,161720890989967264471619,517820376746773220095266,0,0,0,0
7,5,11,0,5,8,3,0,2,1,0,2,1,2,1,0,0,0,0,3,0,170620013507429109522861,121934824021763695453101,48685189485665414069760,349860055096128529178589,0,0,0,0
10,3,10,0,9,6,3,0,1,1,1,0,1,1,2,0,0,0,2,4,0,182036932169641680300000,182036932169641680299998,2,294503529907477534811875,0,0,0,0
11,5,7,0,5,3,6,0,4,0,2,2,1,2,4,0,0,0,2,1,0,403592253119091300381408,301113325662807526918582,102478927456283773462826,600601331059203258023942,0,0,0,0
6,4,10,0,7,4,6,0,3,0,3,3,1,4,2,0,0,0,1,4,0,155198946216431391675405,121026654470308015970544,34172291746123375704861,481666721100044394526113,0,0,0,0
8,5,8,0,4,10,2,1,1,0,1,0,0,2,0,1,1,0,1,6,0,30966471848802348894311,7284722222000000000000,23681749626802348894311,416694793083061651116832,0,0,0,0
5,6,7,0,9,6,5,0,3,0,2,3,0,4,1,0,0,0,2,2,0,257847305857739557155641,113414687294999999999999,144432618562739557155642,428648259789340269536683,0,0,0,0
6,5,3,0,10,7,5,1,4,0,0,3,1,1,4,1,1,0,0,1,0,683569469964382610896713,143722805685246913549998,539846664279135697346715,300000000000198478641975,0,0,0,0
12,4,7,0,10,2,2,0,1,0,1,1,0,1,1,0,0,0,0,3,0,156138905675100524936314,129304231273950568663751,26834674401149956272563,697044995153416280691006,0,0,0,0
6,7,4,0,6,6,2,0,0,0,2,0,0,2,0,0,0,0,3,3,0,45719060207000000000000,45719060207000000000000,0,486729251621094577480774,0,0,0,0
13,8,10,0,8,5,4,0,1,0,1,1,0,2,2,0,0,0,2,5,0,113968134100401653911802,99447073982592177246604,14521060117809476665198,925515334062845540762101,0,0,0,0
12,4,9,0,9,4,3,0,3,0,0,3,0,0,3,0,0,0,0,1,0,378621951958802660914171,208987432493659161738797,169634519465143499175374,492490468724713245645862,0,0,0,0
8,2,7,0,9,3,4,0,4,0,0,3,0,1,3,0,0,0,0,1,0,507991512347839533465973,170902175276923969635582,337089337070915563830391,476718093972426586202881,0,0,0,0
9,6,15,0,10,6,4,0,1,0,3,0,0,3,1,0,0,0,2,2,0,236179989903635558670261,236179989903635558670259,2,372565134749371705676186,0,0,0,0
8,6,6,0,4,3,7,0,5,0,0,4,3,2,5,0,0,0,2,2,0,449226331254089528929020,210713927202422866449997,238512404051666662479023,526411373332612024667569,0,0,0,0
9,2,6,0,11,4,2,0,2,0,0,0,0,0,2,0,0,0,0,7,0,33656763253987659250000,33656763253987659249997,3,378837498545766397644593,0,0,0,0
14,8,8,0,2,7,2,0,1,0,1,0,0,1,1,0,0,0,0,1,0,9774814981757323316266,9774814981757323316263,3,621439591679506735232075,0,0,0,0
5,6,8,0,4,6,2,0,2,0,0,2,1,0,2,0,0,0,2,5,0,305233421929822613647062,99920000000000000000075,205313421929822613646987,457567423500068149813955,0,0,0,0
5,3,4,0,8,4,4,0,3,0,0,2,0,2,2,0,0,0,1,1,0,369810705804178425010249,323383555459300224949999,46427150344878200060250,436646343525839153549604,0,0,0,0
16,7,2,0,4,8,4,0,3,0,1,2,0,2,2,0,0,0,2,3,0,587687210378936302146518,416012487678012779778753,171674722700923522367765,741572952721852278342588,0,0,0,0
5,6,12,0,8,1,6,0,4,1,1,4,1,3,3,0,0,0,0,3,0,851401014820138428006665,464678066100965980391652,386722948719172447615013,318618903139193817552822,0,0,0,0
13,3,11,0,8,5,2,0,1,1,0,1,1,0,2,0,0,0,1,0,0,116485112118358731413185,69886511790205147545992,46598600328153583867193,666922360966062019223094,0,0,0,0
9,4,13,0,6,4,6,0,3,0,3,2,0,4,2,0,0,0,1,1,0,457459198338491470510972,283257957420039303280347,174201240918452167230625,623614816256077401357480,0,0,0,0
12,6,5,0,5,5,4,0,3,0,1,2,0,3,1,0,0,0,0,4,0,441242814740243809536029,241010406557188233999998,200232408183055575536031,758625268574716336013643,0,0,0,0
6,5,12,0,6,5,5,0,4,0,1,3,1,1,4,0,0,0,3,0,0,208743706213582958127271,111263006663285603109770,97480699550297355017501,321074814429674024755854,0,0,0,0
8,4,10,0,6,3,6,0,5,1,0,4,2,2,4,0,0,0,1,3,0,533258529228021928005677,202832823844770645152633,330425705383251282853044,459801039084094397447914,0,0,0,0
7,3,11,0,6,5,5,0,5,0,0,4,1,2,3,0,0,0,0,2,0,917104672472142777955622,326682465334426760806850,590422207137716017148772,396568904906643452764703,0,0,0,0
13,5,10,0,4,4,2,0,0,0,1,0,1,1,1,0,0,0,3,4,0,94576584174057734950000,94576584174057734950000,0,929849681789942802655077,0,0,0,0
5,3,9,0,6,7,5,0,3,0,2,3,2,3,2,0,0,0,0,6,0,634760900666279650582549,215756687477000000000002,419004213189279650582547,309280644031588849700283,0,0,0,0
7,6,7,0,5,5,4,0,1,1,1,1,1,2,2,0,0,0,0,7,0,107672733991691069648040,79406990961207383050000,28265743030483686598040,485153121199325350241238,0,0,0,0
8,5,4,0,9,6,1,0,1,0,0,1,0,0,1,0,0,0,2,1,0,45231356614595322189715,29644999999999999999998,15586356614595322189717,424214048121067012736234,0,0,0,0
3,8,11,0,10,5,6,0,4,0,2,2,0,2,4,0,0,0,0,2,0,282490076950323978937724,131349526320906980338185,151140550629416998599539,376606359424666057533661,0,0,0,0
7,5,9,0,11,7,5,0,3,0,2,2,1,2,3,0,0,0,0,0,0,498446985297016232874990,232302196672691008995306,266144788624325223879684,396652644144815921746754,0,0,0,0
7,6,9,0,4,6,4,0,2,0,2,2,1,2,2,0,0,0,0,1,0,307762173922644363028503,172088435869075177792642,135673738053569185235861,380174273639392628948430,0,0,0,0
5,5,7,0,13,0,7,0,6,1,0,4,2,2,5,0,0,0,2,2,0,446441273179962926145785,217801600946547272065489,228639672233415654080296,517033963696838500134138,0,0,0,0
7,8,8,0,9,5,4,0,2,0,1,2,0,2,2,0,0,0,0,1,0,198958370220797750413063,104305159814259259251297,94653210406538491161766,337509404589660911164328,0,0,0,0
10,6,8,0,13,8,2,0,1,0,0,1,1,1,1,0,0,0,1,2,0,143619838969182452546193,82760284011580246850000,60859554957602205696193,593234535804383677886321,0,0,0,0
12,3,9,0,13,5,3,0,3,0,0,3,1,1,2,0,0,0,0,1,0,341123319739957868659267,131118352865999999999998,210004966873957868659269,631597915999299484805103,0,0,0,0
9,3,9,0,12,9,0,0,0,0,0,0,0,0,0,0,0,0,0,0,0,0,0,0,504514615317518009174450,0,0,0,0
7,3,5,0,10,6,3,0,3,0,0,3,0,1,2,0,0,0,1,3,0,273328241952910017287405,100000000002540602669151,173328241950369414618254,421169048539219253390895,0,0,0,0
8,4,6,0,13,5,4,0,2,0,1,1,2,1,3,0,0,0,0,2,0,79235989246369583083197,71534964825498900850246,7701024420870682232951,522097990232408951664901,0,0,0,0
8,0,6,0,12,10,3,0,1,1,0,1,1,0,3,0,0,0,0,3,0,316428275843177846800000,94779548991325995299997,221648726851851851500003,388660265432198765464806,0,0,0,0
8,2,7,0,6,5,3,0,3,0,0,2,1,1,2,0,0,0,2,4,0,180760561804194226251070,114780673605296296249999,65979888198897930001071,571553477955901873174277,0,0,0,0
9,2,7,0,9,8,5,0,3,0,2,2,0,4,1,0,0,0,0,4,0,324556628061626989964553,259800383013925925849999,64756245047701064114554,366197074074165620933398,0,0,0,0
6,6,8,0,13,7,5,2,4,0,1,2,0,3,2,2,2,0,2,4,0,357047832104583498987431,154805225540999999999999,202242606563583498987432,300000000000251323585575,0,0,0,0
4,6,10,0,14,6,4,0,2,1,0,1,2,1,3,0,0,0,0,1,0,287353592399231050131472,168175434040161231641794,119178158359069818489678,397806357837133636263162,0,0,0,0
9,4,9,0,7,6,3,0,1,0,1,1,0,2,1,0,0,0,0,1,0,314199063243693205483149,166548985780753086350000,147650077462940119133149,536078862241984830504156,0,0,0,0
3,5,12,0,7,5,3,0,0,3,0,0,3,0,3,0,0,0,0,1,0,33647301129612023463607,33647301129612023463607,0,356619224902437286302405,0,0,0,0
10,4,9,0,10,6,4,1,1,0,3,0,0,3,1,1,1,0,1,1,0,210144752693879313400000,124671107869000000000000,85473644824879313400000,303609588187222759691036,0,0,0,0
11,1,8,0,6,6,6,0,4,0,2,3,0,3,3,0,0,0,1,1,0,446554671576135006291244,259855992821117832932717,186698678755017173358527,898590876212035093389073,0,0,0,0
8,7,8,0,8,7,3,0,2,1,0,0,1,0,3,0,0,0,0,1,0,36136215629120945924996,36136215629120945924994,2,593172723406699631111912,0,0,0,0
9,2,9,0,10,7,5,0,4,0,0,2,1,2,3,0,0,0,1,5,0,206154590654748368925517,200444735300881546703325,5709855353866822222192,903945490222800249531717,0,0,0,0
10,3,4,0,11,6,5,0,4,0,1,2,1,2,3,0,0,0,1,2,0,314911209781022435843562,130112156548566943239302,184799053232455492604260,499126691774427649973770,0,0,0,0
8,3,14,0,8,3,2,0,1,0,1,1,0,1,1,0,0,0,1,1,0,150855292080198134979879,146829524180607942836357,4025767899590192143522,511110504175269319620144,0,0,0,0
6,5,6,0,10,5,2,0,2,0,0,2,1,1,1,0,0,0,0,6,0,342613756353104132285702,146502405338000000000000,196111351015104132285702,441753318552798396739096,0,0,0,0
3,6,8,0,13,6,2,0,1,0,1,1,0,2,0,0,0,0,2,1,0,374943641356881645953208,74829118563000000000000,300114522793881645953208,400883550887070801925835,0,0,0,0
4,6,9,0,10,5,5,0,4,0,1,2,1,1,4,0,0,0,0,8,0,195382441492718580358940,141501086870577742939592,53881354622140837419348,499998000000470559954500,0,0,0,0
6,4,8,0,6,7,3,0,2,0,1,1,0,1,2,0,0,0,0,4,0,192561672674111110847473,112570642581518518447471,79991030092592592400002,239948429149773134786408,0,0,0,0
8,4,14,0,8,4,5,1,2,2,1,1,2,2,3,1,1,0,1,3,0,259203010873715587189788,197660212134790123300728,61542798738925463889060,654184272061347515116502,0,0,0,0
12,3,8,0,10,4,9,0,9,0,0,7,1,3,6,0,0,0,1,3,0,883049975445299810768552,593679824106226484313015,289370151339073326455537,664192453426457161665614,0,0,0,0
8,7,8,0,9,4,5,0,3,0,1,2,1,3,2,0,0,0,0,3,0,195941654306015389385754,114933185992237095362322,81008468313778294023432,473324151747908978335606,0,0,0,0
5,6,7,0,9,7,7,0,4,0,1,3,0,1,6,0,0,0,0,5,0,503024502658447612123695,191825314786151789849801,311199187872295822273894,444109971029562219262314,0,0,0,0
6,5,4,0,8,7,4,0,2,0,2,1,0,2,2,0,0,0,0,3,0,98902604053391121600000,88549629193716049349997,10352974859675072250003,403286477527202684521155,0,0,0,0
6,7,10,0,7,6,3,0,2,1,0,2,1,1,2,0,0,0,0,3,0,171882035201877195511209,121680935664840158579733,50201099537037036931476,514520321413578032355258,0,0,0,0
6,2,7,0,5,3,6,0,4,0,2,2,0,3,3,0,0,0,2,2,0,383714942805624914694318,269721852612413796726853,113993090193211117967465,451559529963790327027056,0,0,0,0
13,7,9,0,9,6,3,0,1,0,2,0,0,2,1,0,0,0,1,2,0,184126725102401794907446,184126725102401794907444,2,454657288907227744546723,0,0,0,0
10,5,10,0,9,5,1,0,1,0,0,1,0,1,0,0,0,0,1,7,0,90689497366365130644440,50202804645000000000000,40486692721365130644440,352701916771022190537885,0,0,0,0
8,8,9,0,9,5,7,0,6,0,1,5,1,3,4,0,0,0,0,5,0,521799795832007342598876,195090877066934506307482,326708918765072836291394,379614256061041251203279,0,0,0,0
5,5,7,0,15,2,6,0,6,0,0,4,1,3,3,0,0,0,0,4,0,599700187322037892480917,186338204559426911104989,413361982762610981375928,511142840489522058099822,0,0,0,0
5,5,7,0,9,7,6,0,4,1,1,4,3,2,4,0,0,0,0,3,0,418381366445253363183511,161940806080282728214019,256440560364970634969492,347855563789340269545581,0,0,0,0
9,3,5,0,7,7,5,0,3,0,2,3,0,4,1,0,0,0,0,4,0,196807233220870400839703,145837837781999999999998,50969395438870400839705,380846045410190237549699,0,0,0,0
11,8,10,0,10,5,4,1,3,0,0,1,1,1,3,1,1,0,1,1,0,281009395359983289221010,208785688385005400078142,72223706974977889142868,723162737663800730449293,0,0,0,0
12,2,7,0,9,3,7,0,6,0,0,5,1,2,5,0,0,0,1,3,0,523939013246932998540860,299063225247792003894437,224875787999140994646423,649762475905115805157663,0,0,0,0
6,5,4,0,6,7,3,0,2,0,1,2,0,3,0,0,0,0,0,5,0,68750587741523665760943,65200194976000000000000,3550392765523665760943,486729251621094577480674,0,0,0,0
8,8,10,0,10,6,3,0,2,0,1,1,0,2,1,0,0,0,4,3,0,131502459700535123938123,104646868254654793390601,26855591445880330547522,529355355105849945650544,0,0,0,0
10,4,8,0,3,3,2,0,2,0,0,1,0,0,2,0,0,0,3,5,0,178231975820513464750000,66881558641975308599998,111350417178538156150002,589546672092856633081832,0,0,0,0
8,5,7,0,5,3,5,0,5,0,0,3,1,0,5,0,0,0,1,4,0,231071403750077519095670,128405710450571784168208,102665693299505734927462,430676090596714759811228,0,0,0,0
4,9,8,0,7,4,6,1,4,0,2,0,0,2,4,1,1,0,0,4,0,122408911524279764624266,119116280351440258474263,3292631172839506150003,376118144612344403284743,0,0,0,0
8,6,6,0,4,3,9,0,7,0,0,4,3,1,8,0,0,0,1,1,0,557653474601987560813138,256017413640432947543863,301636060961554613269275,472372792538915240151909,0,0,0,0
10,8,7,0,10,5,2,0,1,0,1,1,0,1,1,0,0,0,1,1,0,142290307898793284532987,124243369799310773923936,18046938099482510609051,662101345251048754815775,0,0,0,0
4,4,8,0,8,5,1,0,1,0,0,1,0,1,0,0,0,0,1,3,0,78505552588900532493205,50000000000000000000000,28505552588900532493205,416966836822143959920665,0,0,0,0
5,5,4,0,8,5,4,0,2,0,2,1,0,3,1,0,0,0,0,2,0,197347729465313020813309,117446058681324916299999,79901670783988104513310,497419939932607670970231,0,0,0,0
7,1,4,0,3,8,3,0,1,1,1,0,1,1,2,0,0,0,1,4,0,137068343271278583321849,137068343271278583321847,2,449998000000210557825076,0,0,0,0
12,4,10,0,8,8,2,0,1,1,0,1,1,0,2,0,0,0,0,3,0,391524808568114265495783,205928991687267362134809,185595816880846903360974,767440573231229352587048,0,0,0,0
8,7,10,0,8,3,2,0,2,0,0,0,0,0,2,0,0,0,1,3,0,31828676152907619698878,31828676152907619698875,3,658312750616102634053559,0,0,0,0
10,5,12,0,7,7,1,0,1,0,0,0,0,0,1,0,0,0,1,0,0,12745317611423970789746,12745317611423970789745,1,754442735891092782196680,0,0,0,0
9,5,13,0,6,3,6,0,3,0,3,2,0,4,2,0,0,0,1,1,0,633832900101426872636098,429348319411521815732443,204484580689905056903655,651522935009121140501564,0,0,0,0
7,6,11,0,5,4,4,0,4,0,0,1,0,0,4,0,0,0,3,0,0,472114550576283379637959,377104786651184343211435,95009763925099036426524,481488303087675528056869,0,0,0,0
7,7,10,0,10,6,6,0,5,0,1,4,0,2,4,0,0,0,1,2,0,686614801124548735931401,309019034950031704117541,377595766174517031813860,514102488511920188775824,0,0,0,0
7,4,9,0,11,3,13,0,3,3,7,1,3,8,5,0,0,0,0,0,0,494819602428983688592485,438580363551099024732092,56239238877884663860393,449998000000149801697905,0,0,0,0
13,4,10,0,4,4,2,0,0,0,1,0,1,1,1,0,0,0,3,4,0,95165125840724401600000,95165125840724401600000,0,884107266326442120988594,0,0,0,0
5,2,7,0,12,3,5,0,2,0,2,2,1,2,3,0,0,0,1,2,0,245525672963509853154734,133940471525785914983960,111585201437723938170774,399999000000150000000010,0,0,0,0
7,6,4,0,3,5,4,0,2,0,0,2,1,1,3,0,0,0,0,5,0,133813816827241856609038,73565668530654907008433,60248148296586949600605,306568423961972680505344,0,0,0,0
5,6,7,0,11,5,5,0,4,0,0,4,1,1,4,0,0,0,0,3,0,759006690816424768860668,326087395120349746730288,432919295696075022130380,381456197233387739911620,0,0,0,0
3,6,11,0,10,5,5,0,4,0,1,2,0,2,3,0,0,0,0,3,0,431862063365028015623970,168616583388606378533883,263245479976421637090087,376606359424666015621735,0,0,0,0
7,6,6,0,5,5,3,0,2,0,1,2,1,1,2,0,0,0,1,3,0,645836238002400343902205,176522599249302821111402,469313638753097522790803,319793231343524699383785,0,0,0,0
6,6,5,0,7,8,3,0,2,0,1,1,0,1,2,0,0,0,2,6,0,110288612779492056100223,79164428926760823311586,31124183852731232788637,479058796722470452131051,0,0,0,0
10,7,7,0,6,4,6,1,3,1,2,2,1,3,3,1,1,0,4,2,0,416991196042135203863069,105886183482216104511394,311105012559919099351675,598286158166689409360696,0,0,0,0
7,6,9,0,4,6,3,0,3,0,0,3,1,1,2,0,0,0,0,2,0,418561778867034486270458,178763526072075177792642,239798252794959308477816,363342889019960676242095,0,0,0,0
7,6,6,0,12,5,5,0,1,0,1,0,1,1,4,0,0,0,1,3,0,150486446747436036747956,150486446747436036747955,1,470673631393206149451918,0,0,0,0
13,4,3,0,10,4,4,0,4,0,0,2,0,1,3,0,0,0,1,0,0,159518699177775742069524,121557410814964666066808,37961288362811076002716,825060419825639800160770,0,0,0,0
10,6,8,0,13,8,3,0,2,0,0,1,1,1,2,0,0,0,1,1,0,208518210490128450366186,165993715314696678444923,42524495175431771921263,424322578733954776956312,0,0,0,0
7,3,9,0,7,5,6,0,4,2,0,2,3,0,6,0,0,0,1,4,0,228026856844952481794347,157476459786730182194204,70550397058222299600143,375039739844772029345021,0,0,0,0
7,4,14,0,5,6,7,0,4,2,1,3,2,3,4,0,0,0,1,6,0,325629172102762140302786,194634770144899168956798,130994401957862971345988,318400522795988526542488,0,0,0,0
9,4,7,0,4,6,3,0,3,0,0,2,0,0,3,0,0,0,1,3,0,341237643902300480978883,100000000000000000000265,241237643902300480978618,577835234858431553770410,0,0,0,0
5,3,4,0,8,5,4,0,4,0,0,4,0,2,2,0,0,0,0,5,0,216005806402084785328906,150409959000000000005927,65595847402084785322979,300000000000150000005929,0,0,0,0
9,3,9,0,12,9,0,0,0,0,0,0,0,0,0,0,0,0,0,0,0,0,0,0,683457393874350725499910,0,0,0,0
9,4,8,0,6,7,7,0,3,1,3,3,1,4,3,0,0,0,2,3,0,285140391640119472530159,124466182758102910349997,160674208882016562180162,499998000000197785292443,0,0,0,0
10,4,6,0,8,4,6,1,4,0,1,1,1,2,4,1,1,0,0,2,0,396050306246037423602944,225365122526383082855194,170685183719654340747750,668546651475957521566597,0,0,0,0
4,1,11,0,5,4,5,0,4,0,1,3,0,3,2,0,0,0,3,4,0,477698426587821719064351,166840084876543209858929,310858341711278509205422,478265954421091811779022,0,0,0,0
8,3,7,0,6,7,3,0,3,0,0,2,1,1,2,0,0,0,2,4,0,186339613635931567294704,114780480704061728349999,71559132931869838944705,447134044981062509194581,0,0,0,0
3,5,11,0,10,5,6,0,4,0,1,3,1,1,5,0,0,0,0,4,0,336255212331918669089090,166323444366276101409184,169931767965642567679906,334686368380059706280762,0,0,0,0
11,2,5,0,8,4,1,0,0,0,1,0,0,1,0,0,0,0,3,1,0,47887545417000000000000,47887545417000000000000,0,730182008738051326636306,0,0,0,0
7,3,4,0,9,4,5,0,4,0,0,4,1,1,4,0,0,0,2,3,0,580213488318747199264626,285564833552798142247596,294648654765949057017030,432358615238133312615702,0,0,0,0
7,5,5,0,7,5,6,0,4,0,1,4,1,2,4,0,0,0,3,4,0,644524596108281879953732,243651897950736706349570,400872698157545173604162,401758570932360710837341,0,0,0,0
9,2,7,0,9,9,6,0,1,2,3,1,2,4,2,0,0,0,0,3,0,262333628735976133584464,241916285943461260765116,20417342792514872819348,311052016022809425539717,0,0,0,0
4,3,9,0,4,6,1,0,1,0,0,1,0,1,0,0,0,0,1,2,0,141482911437601183523723,50000000000000000000000,91482911437601183523723,342450488652114648782685,0,0,0,0
8,7,9,0,4,6,3,0,2,0,0,1,1,0,3,0,0,0,2,2,0,97968525595846031439329,36221325308641975249999,61747200287204056189330,548777749219830944318407,0,0,0,0
3,7,12,0,7,9,2,0,0,2,0,0,2,0,2,0,0,0,1,1,0,33647108228377455555332,33647108228377455555332,0,356619419222206167035824,0,0,0,0
6,4,7,0,6,3,9,0,8,0,1,7,0,3,6,0,0,0,0,2,0,830851547371459383938986,492650788930496367789208,338200758440963016149778,535384054393090041300049,0,0,0,0
10,3,2,0,11,5,8,0,6,0,2,4,1,3,5,0,0,0,1,1,0,424668193081584541383657,312663191894284726283192,112005001187299815100465,455933102989917992680149,0,0,0,0
11,3,6,0,11,3,2,0,1,0,0,1,0,0,2,0,0,0,0,6,0,174601982380844531427689,22441844135803143850398,152160138245041387577291,676876040179992399960809,0,0,0,0
8,8,8,0,8,5,2,0,1,1,0,0,1,0,2,0,0,0,0,2,0,6834608784326396600677,6834608784326396600676,1,580623408661976795104013,0,0,0,0
7,5,9,0,9,7,5,0,3,0,2,2,1,2,3,0,0,0,0,3,0,149168539171273364950022,124659002548074074050010,24509536623199290900012,334042748582070527998168,0,0,0,0
6,2,7,0,8,5,7,0,4,2,1,2,3,2,5,0,0,0,0,7,0,475908948394483956805900,167940562228550952266107,307968386165933004539793,302065470437205004926283,0,0,0,0
10,4,11,0,7,3,2,0,0,1,1,0,1,1,1,0,0,0,2,0,0,43834790994096075700000,43834790994096075700000,0,650906987729920210550279,0,0,0,0
6,8,9,0,9,5,2,0,1,0,0,1,0,0,2,0,0,0,0,3,0,165944522935351987379468,94028951401486035286248,71915571533865952093220,342722453108455248054063,0,0,0,0
10,4,4,0,11,7,6,0,5,0,1,2,1,2,4,0,0,0,1,1,0,305928703027271329285477,150363004034629005040965,155565698992642324244512,649124691774427649989191,0,0,0,0
6,1,3,0,8,5,5,0,3,2,0,3,3,2,3,0,0,0,1,2,0,591029050041810842511721,284607559581677651655892,306421490460133190855829,250000000000200065126841,0,0,0,0
9,6,5,0,14,8,7,0,6,0,0,5,0,4,3,0,0,0,2,4,0,616942034543506626361376,143008216000018399110561,473933818543488227250815,572097375082861843212656,0,0,0,0
8,2,4,0,10,10,4,0,2,0,1,2,1,2,2,0,0,0,0,2,0,466107450794273307505634,117956538875682353519091,348150911918590953986543,342880735839302406486441,0,0,0,0
4,5,9,0,10,6,6,0,4,0,2,2,1,2,4,0,0,0,0,7,0,555508917538519843024747,290406871196038886498326,265102046342480956526421,505227626650707500042044,0,0,0,0
10,5,11,0,6,4,5,0,3,0,1,4,2,2,3,0,0,0,1,3,0,432750438915824655195417,194709373313787622955373,238041065602037032240044,695828141808292352136056,0,0,0,0
6,9,12,0,5,5,2,0,2,0,0,1,0,0,2,0,0,0,1,4,0,351226951224318145879456,111259330603429912754055,239967620620888233125401,627796103328765386201487,0,0,0,0
10,7,6,0,8,3,3,0,1,0,2,0,0,2,1,0,0,0,0,4,0,209166030464562989711459,209166030464562989711458,1,475151678927616066053638,0,0,0,0
12,4,8,0,10,3,9,0,9,0,0,4,1,2,7,0,0,0,1,3,0,474860731188174388483174,319785318199802062419637,155075412988372326063537,661325198981301375251729,0,0,0,0
7,4,6,0,8,4,7,0,5,1,1,4,1,1,6,0,0,0,0,5,0,571732310693793961632415,402991087908059814867467,168741222785734146764948,718353599898255448793023,0,0,0,0
2,4,8,0,9,5,6,0,5,0,0,3,1,1,5,0,0,0,1,4,0,568685967718759871823499,129271984461537661085385,439413983257222210738114,384212320553523335721027,0,0,0,0
5,5,10,0,11,4,1,0,0,1,0,0,1,0,1,0,0,0,1,3,0,38174117324300142418328,38174117324300142418328,0,302201500683142825903216,0,0,0,0
6,5,4,0,8,6,4,0,3,0,1,0,0,1,3,0,0,0,0,3,0,89843991536855522345047,89843991536855522345044,3,603285477527099499945725,0,0,0,0
7,2,12,0,5,8,4,0,3,0,1,3,0,2,2,0,0,0,0,3,0,278247799501490941216196,202505941661510242300450,75741857839980698915746,367442627900494615349625,0,0,0,0
12,5,9,0,12,5,2,0,2,0,0,2,2,0,2,0,0,0,1,4,0,129762460626917283045690,49611063755796991330355,80151396871120291715335,594051688315563630155998,0,0,0,0
7,2,12,0,7,5,4,0,2,0,2,2,0,3,1,0,0,0,0,7,0,404327351936059632436923,246198651111999999999999,158128700824059632436924,412977073225687183375122,0,0,0,0
6,7,7,0,5,2,3,0,1,1,1,1,1,2,1,0,0,0,4,3,0,85304450820408943138152,81171809844716049300000,4132640975692893838152,572042609084099732970524,0,0,0,0
8,4,13,0,3,6,4,0,4,0,0,2,0,2,2,0,0,0,0,2,0,608083272856427084344278,360002488722048844415712,248080784134378239928566,546992898971716123598427,0,0,0,0
8,2,7,0,12,7,7,0,3,0,3,3,0,5,2,0,0,0,1,1,0,322444144544997527571193,139691794534814814749999,182752350010182712821194,328742334123854132252564,0,0,0,0
10,3,4,0,8,4,6,0,5,0,1,4,0,3,3,0,0,0,1,3,0,419911235016360338606433,202758369140133665755054,217152865876226672851379,494007145944331182773396,0,0,0,0
8,6,9,0,9,5,8,0,4,1,3,4,1,5,3,0,0,0,0,4,0,651775423200983730566770,307381547259786358167594,344393875941197372399176,394860398036327232233261,0,0,0,0
12,3,5,0,4,6,3,0,0,1,1,0,2,1,2,0,0,0,0,5,0,10869986253948231794594,10869986253948231794594,0,532929534006645805668985,0,0,0,0
5,5,5,0,8,5,10,0,7,0,2,4,2,3,7,0,0,0,0,2,0,438415701650820969460001,286892121926897512779306,151523579723923456680695,315624212862653800076872,0,0,0,0
7,7,8,0,7,6,3,0,2,0,0,2,2,0,3,0,0,0,0,2,0,8913143040950437969660,8911879629629629600025,1263411320808369635,486258860771625254488146,0,0,0,0
11,8,10,0,10,5,4,1,4,0,0,1,0,1,3,1,1,0,0,2,0,231134208909249361215565,119746552884873040844588,111387656024376320370977,659302514824774829791057,0,0,0,0
6,5,8,0,9,7,5,0,3,0,2,3,1,4,1,0,0,0,0,4,0,257437359488713384859186,180399290830000000000000,77038068658713384859186,399999000137388711647265,0,0,0,0
10,5,9,0,4,8,2,0,2,0,0,2,0,1,1,0,0,0,1,2,0,787647065666199495179431,338380567577049846512230,449266498089149648667201,569592587567773284982965,0,0,0,0
5,4,10,0,4,3,5,0,5,0,0,3,1,1,4,0,0,0,0,3,0,368414872474588132613625,199171115416614991357546,169243757057973141256079,416486546301162559034413,0,0,0,0
8,6,10,0,10,2,3,0,2,0,1,2,0,1,2,0,0,0,0,1,0,132626681503716902011088,91717233772858691165584,40909447730858210845504,399999000000150000001025,0,0,0,0
8,8,10,0,10,7,3,0,2,0,1,1,0,2,1,0,0,0,4,3,0,140931479464689641509933,112381718823005819590192,28549760641683821919741,562212084627867266643703,0,0,0,0
5,4,10,0,10,6,4,0,2,1,0,1,1,1,3,0,0,0,0,0,0,318983126784320125641422,135178728666413123601840,183804398117907002039582,390681297644627228790194,0,0,0,0
8,2,12,0,7,3,3,0,3,0,0,3,0,2,1,0,0,0,3,2,0,475698689459196612986730,301325283684000009872364,174373405775196603114366,507587666817326803508638,0,0,0,0
7,5,9,0,7,7,3,0,3,0,0,3,1,1,2,0,0,0,0,2,0,518165159031472067514945,256523009513659255829110,261642149517812811685835,428727250060536458422191,0,0,0,0
8,5,7,0,5,3,6,0,6,0,0,3,1,1,5,0,0,0,0,4,0,370533638693058914007209,174734845861976772965055,195798792831082141042154,466340256567800615999412,0,0,0,0
6,3,8,0,6,8,4,0,2,0,2,1,0,3,1,0,0,0,0,1,0,314073524385791620128231,283164908735222645899999,30908615650568974228232,298836992412623832513391,0,0,0,0
8,5,10,0,3,3,6,0,5,0,0,4,2,1,5,0,0,0,0,2,0,530031659784974428587435,346431940023551053795221,183599719761423374792214,489753511503894455520378,0,0,0,0
9,4,10,0,11,3,5,0,4,0,1,3,0,3,2,0,0,0,2,3,0,435768438695902723320766,265444134160390169144539,170324304535512554176227,733634847940192242287033,0,0,0,0
6,4,6,0,9,5,4,0,2,1,1,1,1,1,3,0,0,0,0,4,0,271595750791308619063117,90384776568215840199998,181210974223092778863119,391572109568155559179695,0,0,0,0
10,7,7,0,10,5,2,0,1,0,1,1,0,1,1,0,0,0,0,2,0,261207248079932696700476,222791732126764706726829,38415515953167989973647,678620580351014775287549,0,0,0,0
7,4,13,0,6,5,3,0,3,0,0,2,1,1,2,0,0,0,2,2,0,143762563517461056241341,109812328098593699776917,33950235418867356464424,482648827186806259993031,0,0,0,0
9,1,4,0,8,5,3,0,3,0,0,3,2,1,2,0,0,0,0,7,0,156450043755169520864479,119796093248097563637246,36653950507071957227233,349999907779195551571238,0,0,0,0
7,0,4,0,3,8,3,0,2,1,0,0,1,0,3,0,0,0,1,4,0,207018566076062934554438,207018566076062934554435,3,449998000000250212619326,0,0,0,0
9,2,10,0,8,4,8,0,6,2,0,1,2,1,7,0,0,0,1,2,0,448800784091958907331331,435632053821382068501093,13168730270576838830238,539154013276137328824833,0,0,0,0
10,5,11,0,7,3,7,0,5,1,1,0,1,1,6,0,0,0,0,4,0,387726619866451792771252,387726619866451792771243,9,460250602524459767893123,0,0,0,0
10,6,12,0,7,6,1,0,1,0,0,0,0,0,1,0,0,0,1,0,0,9790046963245501241431,9790046963245501241429,2,791875824644305855581406,0,0,0,0
9,4,3,0,10,5,7,0,6,0,1,4,0,3,4,0,0,0,0,4,0,565524562183929737860281,289965198788899290227526,275559363395030447632755,444010576286340127341116,0,0,0,0
10,3,11,0,9,4,4,0,3,1,0,3,1,1,3,0,0,0,1,2,0,225501786837000291603886,171112432949304555444868,54389353887695736159018,714010939068979384906282,0,0,0,0
12,8,4,0,4,6,3,0,1,0,1,1,1,2,1,0,0,0,2,4,0,153148536510380410510062,100837682631789038496404,52310853878591372013658,589880337818735705174253,0,0,0,0
8,5,5,0,6,6,4,0,2,1,0,1,1,1,3,0,0,0,5,2,0,186346004071883552508311,94837902220031700828532,91508101851851851679779,418353437313098502124413,0,0,0,0
7,3,10,0,10,6,3,0,2,0,1,2,0,1,2,0,0,0,1,5,0,350271840390313287010045,170824448710309365028801,179447391680003921981244,401853759635223574755706,0,0,0,0
8,6,4,0,8,4,6,0,4,2,0,3,2,2,4,0,0,0,1,4,0,264801204073204530031952,141601342571866897221436,123199861501337632810516,437611976371885021485874,0,0,0,0
9,3,9,0,6,3,2,0,1,0,1,1,0,2,0,0,0,0,0,2,0,134249898176393952093731,69989197544000000000000,64260700632393952093731,872783356385695246607096,0,0,0,0
8,4,3,0,9,4,8,0,4,1,1,4,5,1,7,0,0,0,0,2,0,306185490451218982701063,167529166080421540916485,138656324370797441784578,320623131127141438834781,0,0,0,0
5,2,7,0,12,3,6,0,3,0,2,2,2,2,4,0,0,0,0,2,0,343000643563655462519689,170714906445377003208373,172285737118278459311316,399999000000150000000010,0,0,0,0
11,2,14,0,7,6,3,0,3,0,0,2,0,0,3,0,0,0,3,4,0,457135246953250384098966,259027951682727351239932,198107295270523032859034,523004870947494197811436,0,0,0,0
2,7,14,0,8,3,9,0,8,0,1,5,1,2,7,0,0,0,0,0,0,560504028703760093395074,264293774104401198070278,296210254599358895324796,342675144646875778643033,0,0,0,0
10,2,5,0,8,6,5,0,5,0,0,4,1,2,3,0,0,0,2,0,0,500532330806935640730371,316825523007666016988924,183706807799269623741447,454225770925042656186793,0,0,0,0
5,6,7,0,11,4,4,0,3,0,0,3,0,1,3,0,0,0,2,2,0,284365432378799831903030,167595148504356162462759,116770283874443669440271,532937140929505261860834,0,0,0,0
13,3,9,0,15,5,4,0,4,0,0,1,0,0,4,0,0,0,1,2,0,277021144387395084498151,249823107140618216860397,27198037246776867637754,528880037520432427035786,0,0,0,0
4,4,8,0,7,5,3,0,3,0,0,2,1,0,3,0,0,0,2,2,0,234092193405672146633912,68290000000000447256459,165802193405671699377453,358661093395072769893733,0,0,0,0
4,4,12,0,6,5,6,0,6,0,0,3,0,2,4,0,0,0,0,3,0,512192095616029324468099,179407290620855674685621,332784804995173649782478,579380421614461753366539,0,0,0,0
6,4,5,0,7,9,7,0,3,2,2,2,2,2,5,0,0,0,0,4,0,434542231472676964539455,222070232661619000455667,212471998811057964083788,331609796722482259347759,0,0,0,0
5,3,8,0,10,4,6,0,5,0,0,3,1,1,5,0,0,0,0,3,0,354857553098406074666972,245789619922962042796520,109067933175444031870452,349999000000150000000040,0,0,0,0
6,3,8,0,7,6,4,0,2,1,1,1,1,2,2,0,0,0,1,5,0,333325763492535217797459,122961413585308856770424,210364349907226361027035,351505194710818499786992,0,0,0,0
11,4,6,0,8,6,4,0,3,0,0,2,0,2,2,0,0,0,0,4,0,145725245418117593078252,79571144029098565171181,66154101389019027907071,645148322133833471157409,0,0,0,0
7,5,6,0,12,4,6,0,2,0,2,1,1,2,4,0,0,0,0,3,0,239972012333284262386729,239697348874526261799496,274663458758000587233,395110304012495679089953,0,0,0,0
5,7,10,0,7,5,4,0,2,0,0,1,0,0,4,0,0,0,0,5,0,72741986500027429954195,49323895702388682477130,23418090797638747477065,333498066315752227659601,0,0,0,0
8,3,7,0,7,4,7,0,5,0,1,3,1,2,5,0,0,0,2,4,0,412838126454850593524506,289193015595099783933632,123645110859750809590874,345875766650828369079466,0,0,0,0
10,4,9,0,9,4,2,0,2,0,0,0,0,0,2,0,0,0,0,0,0,111126325964216896459547,111126325964216896459542,5,725264610193940600797789,0,0,0,0
7,2,9,0,7,4,7,0,5,2,0,2,3,0,7,0,0,0,0,4,0,259633525079553048561361,157045961375531587469299,102587563704021461092062,320654739480570781998521,0,0,0,0
7,4,11,0,5,8,2,0,2,0,0,2,1,1,1,0,0,0,0,4,0,263119647229131669692122,86126887539000000003721,176992759690131669688401,310988825059125922045955,0,0,0,0
7,3,8,0,10,6,3,0,2,0,1,1,1,1,2,0,0,0,0,3,0,99265010383984109213672,75788352988668743613668,23476657395315365600004,382744478576393209539349,0,0,0,0
4,4,5,0,10,6,6,0,2,0,4,2,0,6,0,0,0,0,0,4,0,381496859801407338833268,257881816088000000000000,123615043713407338833268,389334436675881934344655,0,0,0,0
5,4,4,0,8,6,5,0,4,0,1,4,0,2,3,0,0,0,0,4,0,290119151255031614182739,173819925259000000005952,116299225996031614176787,300000000000150000006026,0,0,0,0
8,5,8,0,4,10,3,1,2,1,0,1,1,1,2,1,1,0,1,5,0,163229608961064647227589,57284529320987654299998,105945079640076992927591,382916290948073533071431,0,0,0,0
10,7,11,0,4,4,7,0,5,1,1,2,1,1,6,0,0,0,1,2,0,255811214037544839597500,159195458662881832973432,96615755374663006624068,364479336614941250896316,0,0,0,0
11,3,8,0,8,10,4,0,1,0,2,0,1,2,2,0,0,0,4,3,0,153325675703072902250000,153325675703072902249999,1,636119544691765763690527,0,0,0,0
10,4,6,0,8,4,4,0,1,0,1,1,2,1,3,0,0,0,1,3,0,197897125103655674444469,189033058662431094512305,8864066441224579932164,592863824412028274925564,0,0,0,0
7,10,12,0,10,6,3,0,2,1,0,1,1,0,3,0,0,0,0,0,0,61053770340239711805110,61053770340239711801606,3504,391631303662896308177042,0,0,0,0
12,4,7,0,10,2,2,0,1,0,1,1,0,1,1,0,0,0,1,2,0,103333687124088614319013,80002701440611396691441,23330985683477217627572,697044995153466772643971,0,0,0,0
4,4,10,0,12,6,5,0,3,0,2,1,0,2,3,0,0,0,1,5,0,175503179745777777525272,147795303191184827975268,27707876554592949550004,204449650490766496336002,0,0,0,0
12,3,10,0,5,6,9,0,3,2,3,3,2,3,6,0,0,0,1,1,0,471281120066162492300032,348037822968369621791248,123243297097792870508784,456778403594753867850917,0,0,0,0
3,6,11,0,10,3,6,0,4,0,1,3,2,2,4,0,0,0,0,4,0,505990656797115471843887,207305127703303856187392,298685529093811615656495,334686368380059706280762,0,0,0,0
7,2,6,0,5,6,7,0,5,0,2,5,2,4,3,0,0,0,1,9,0,612303629791045053722942,290987852423801362037317,321315777367243691685625,250000102077938298863865,0,0,0,0
12,2,9,0,9,4,3,0,3,0,0,2,0,1,2,0,0,0,0,1,0,609963060064322208848699,210627158840863685663769,399335901223458523184930,605588741732843415246215,0,0,0,0
7,3,4,0,9,4,5,0,5,0,0,5,1,2,3,0,0,0,1,4,0,578914332534855272465736,193961935118448171004960,384952397416407101460776,459641022645540719956082,0,0,0,0
6,2,11,0,8,4,3,0,1,1,1,0,1,1,2,0,0,0,0,3,0,85677275894187342977924,85677275894187342977923,1,588162583927055552137621,0,0,0,0
6,5,10,0,7,5,9,0,7,0,2,4,1,5,4,0,0,0,1,1,0,577655515218148826008408,228727886804624615949966,348927628413524210058442,518862527960540130654357,0,0,0,0
11,3,14,0,10,8,2,0,2,0,0,0,0,0,2,0,0,0,1,1,0,39491377102005211861411,39491377102005211861408,3,899669383172080662765518,0,0,0,0
9,5,15,0,10,5,2,0,1,0,1,1,0,1,1,0,0,0,4,2,0,123617136220573830270262,122191707036000000797872,1425429184573829472390,371005417329020473318013,0,0,0,0
8,6,9,0,4,5,2,0,2,0,0,0,0,0,2,0,0,0,2,3,0,11914047083748576319329,11914047083748576319326,3,752920999714001764593781,0,0,0,0
6,8,3,0,10,6,4,0,3,0,0,3,0,1,3,0,0,0,1,1,0,495230238975340989847509,93722805695106585431830,401507433280234404415679,449997000000042741526405,0,0,0,0
7,4,9,0,10,7,4,0,3,0,0,2,0,1,3,0,0,0,0,4,0,345112305938249408422721,121296923821636928774966,223815382116612479647755,393157883215724792844409,0,0,0,0
10,4,2,0,11,5,7,0,5,0,2,3,0,3,4,0,0,0,1,2,0,440048431433990020610517,350606933559165238235825,89441497874824782374692,525073333990156946462576,0,0,0,0
14,7,8,0,2,8,2,0,1,0,1,0,0,1,1,0,0,0,0,1,0,58624913627757323316266,58624913627757323316263,3,477861641679433396527897,0,0,0,0
9,3,9,0,6,4,9,0,4,2,3,2,2,4,5,0,0,0,2,3,0,234292526633278327760450,194043249818352791901377,40249276814925535859073,663553177653371322442575,0,0,0,0
8,4,7,0,9,4,5,0,4,1,0,3,1,1,4,0,0,0,0,0,0,583641515892685571850538,248413289934009558707174,335228225958676013143364,526717093972420023163884,0,0,0,0
12,5,3,0,7,6,1,0,0,0,1,0,0,1,0,0,0,0,0,2,0,46207634220000000000000,46207634220000000000000,0,529877479678031135471383,0,0,0,0
7,6,9,0,9,7,5,0,3,0,2,2,0,2,3,0,0,0,0,3,0,391248014186825559577312,163472930590281867875898,227775083596543691701414,333883737516596783191228,0,0,0,0
5,7,12,0,8,1,6,0,3,1,2,3,1,4,2,0,0,0,0,3,0,561208754508799605963232,420816105443283950554883,140392649065515655408349,315296052646525660963719,0,0,0,0
9,3,6,0,11,5,2,0,2,0,0,0,0,0,2,0,0,0,0,7,0,18400621194473691021280,18400621194473691021276,4,488638678748591670779821,0,0,0,0
8,2,10,0,7,8,4,0,2,2,0,2,2,1,3,0,0,0,1,2,0,319232911624858694098016,179473218446445164489744,139759693178413529608272,456116146780331945122656,0,0,0,0
6,6,9,0,9,2,4,0,3,0,0,3,1,1,3,0,0,0,0,1,0,550321930327280368018539,193781563993866332469250,356540366333414035549289,394162472699555061274593,0,0,0,0
10,3,10,0,7,6,8,0,6,0,1,4,1,2,6,0,0,0,3,1,0,439940478250060841017483,224224767030872132951776,215715711219188708065707,564397828744002639974355,0,0,0,0
12,6,5,0,5,5,4,0,4,0,0,3,0,3,1,0,0,0,0,4,0,598673282723903315021480,97290610593587264591759,501382672130316050429721,741263970723321243608528,0,0,0,0
16,7,2,0,4,9,7,0,6,0,1,3,1,1,6,0,0,0,0,2,0,613259858248059577894608,458582915769037391574242,154676942479022186320366,739979612395242067478704,0,0,0,0
9,6,5,0,14,7,5,0,4,0,0,3,0,1,4,0,0,0,0,8,0,173028435885603482024079,115338923098377244445761,57689512787226237578318,527166114484335605019068,0,0,0,0
6,6,11,0,12,5,1,0,1,0,0,1,0,1,0,0,0,0,1,1,0,142788917128536464362020,50000000000000000000000,92788917128536464362020,684639342367673641678527,0,0,0,0
7,2,11,0,6,5,5,0,4,1,0,3,2,1,4,0,0,0,0,2,0,813646087252540333963725,242030660832960834734382,571615426419579499229343,425659323498389878752910,0,0,0,0
11,4,7,0,4,5,10,0,7,0,3,5,2,4,6,0,0,0,0,2,0,728852190108404972303685,453335751523315695277252,275516438585089277026433,353414957038580261798683,0,0,0,0
13,3,11,0,8,4,1,0,1,0,0,1,0,0,1,0,0,0,1,1,0,89977006775405426874651,50000999999999999999998,39976006775405426874653,829332034691382155164347,0,0,0,0
10,7,11,0,6,7,5,0,3,0,1,2,2,2,3,0,0,0,1,3,0,282028754079789625656850,179159448530468079559962,102869305549321546096888,668320498808292352140850,0,0,0,0
4,4,10,0,12,6,1,0,1,0,0,0,0,0,1,0,0,0,0,3,0,18998901685421567256773,18998901685421567256772,1,400014282541662827713026,0,0,0,0
5,4,9,0,6,8,4,0,2,1,1,2,1,2,2,0,0,0,1,6,0,340978455502973772435503,144670024483383473926253,196308431019590298509250,309280644031588849700283,0,0,0,0
10,8,6,0,8,2,4,0,2,0,2,1,0,3,1,0,0,0,0,3,0,206857616254056021759127,183208257157653442908185,23649359096402578850942,475151678927616066053638,0,0,0,0
8,3,10,0,6,3,6,0,3,0,1,3,2,1,5,0,0,0,1,3,0,325308240706421154649584,177822947973725259338997,147485292732695895310587,344872685185419869986654,0,0,0,0
11,7,7,0,5,8,3,0,1,0,1,1,0,1,2,0,0,0,1,2,0,362571403522407406933254,347619527372562286434889,14951876149845120498365,421615459915763129487123,0,0,0,0
6,9,6,0,14,4,8,1,6,0,0,3,1,1,7,1,1,0,2,2,0,478645510098406689364850,164192155575330666742901,314453354523076022621949,403074094318128424317902,0,0,0,0
2,4,8,0,9,5,7,0,4,1,1,2,1,2,5,0,0,0,3,1,0,299189611372235891730445,218128017306704179820322,81061594065531711910123,484149931393625739430918,0,0,0,0
7,6,9,0,11,8,3,0,1,0,2,1,0,2,1,0,0,0,1,1,0,254927726638883768774307,183041899288592038112129,71885827350291730662178,388596519200352718138438,0,0,0,0
7,8,7,0,5,3,3,0,2,1,0,2,2,1,2,0,0,0,3,5,0,162988936183017863945735,67565738485716049300027,95423197697301814645708,700933701325640259523760,0,0,0,0
4,5,8,0,11,8,4,0,2,2,0,2,2,1,3,0,0,0,0,2,0,177450366796370480621014,69505308462840765742655,107945058333529714878359,407102836734319665644050,0,0,0,0
12,7,9,0,12,5,2,0,1,0,1,1,1,1,1,0,0,0,1,4,0,67305230704062590705729,35635363793946635850335,31669866910115954855394,609732146627403859198330,0,0,0,0
12,5,9,0,13,4,3,0,3,0,0,3,1,1,2,0,0,0,0,1,0,473874621023810405282517,281117360755999999999997,192757260267810405282520,776487752094940599826647,0,0,0,0
10,6,6,0,8,5,4,0,1,2,1,1,2,2,2,0,0,0,0,6,0,223393927733699223121969,109918743635811011038195,113475184097888212083774,670018530718526578473979,0,0,0,0
5,4,7,0,13,0,9,0,8,1,0,4,2,2,7,0,0,0,1,1,0,526901188993198917300930,266416415432727672318314,260484773560471244982616,484872275587346221640417,0,0,0,0
9,8,6,0,7,4,7,0,5,2,0,1,2,1,6,0,0,0,2,0,0,301215517547879633153510,246550955247207743042101,54664562300671890111409,577092058572251719475049,0,0,0,0
7,2,12,0,7,5,7,0,4,0,2,4,0,5,2,0,0,0,0,4,0,478305875550059556877319,338719530853525105749999,139586344696534451127320,370986198031508622899408,0,0,0,0
8,0,6,0,12,11,1,0,1,0,0,1,0,1,0,0,0,0,1,4,0,33419052903226043174453,33211910302000000000000,207142601226043174453,399999000000100000014806,0,0,0,0
8,4,6,0,13,5,5,0,3,0,1,2,1,2,3,0,0,0,0,1,0,361018363816217183877769,126305400853254221111979,234712962962962962765790,546635257363884477617798,0,0,0,0
11,6,10,0,8,8,3,0,3,0,0,1,0,1,2,0,0,0,0,3,0,95857106703748310821093,92509000473373654828008,3348106230374655993085,550573066243105392040340,0,0,0,0
10,2,4,0,8,6,6,0,4,1,1,3,2,2,4,0,0,0,1,3,0,442787314898860001247586,221785478272366644701054,221001836626493356546532,468658356596926761988061,0,0,0,0
9,5,9,0,7,6,3,0,1,0,1,1,0,2,1,0,0,0,0,1,0,241946746688557483050246,66537037037037037000000,175409709651520446050246,638903919584247930328337,0,0,0,0
12,7,9,0,7,5,4,0,2,1,1,2,1,2,2,0,0,0,1,1,0,446515116073420872319664,327004879372678787543816,119510236700742084775848,497799131133880159164986,0,0,0,0
4,5,10,0,14,6,4,0,2,1,0,1,2,1,3,0,0,0,0,1,0,237789417311861339544931,143867336343335103637289,93922080968526235907642,297808357837133636255721,0,0,0,0
5,6,4,0,8,3,9,0,8,0,0,5,2,2,7,0,0,0,0,3,0,327992660079458600628389,267761555941358914622867,60231104138099686005522,415623212862553801076872,0,0,0,0
9,6,8,0,11,6,3,0,3,0,0,2,0,2,1,0,0,0,1,3,0,153880406845233002937339,54981581806830908421591,98898825038402094515748,539350861090857552203108,0,0,0,0
11,1,8,0,6,7,5,0,4,0,1,3,1,2,3,0,0,0,0,3,0,359365095226415177733933,203335520431788846542921,156029574794626331191012,851369915497131046729888,0,0,0,0
9,2,9,0,10,7,4,0,3,0,0,1,1,1,3,0,0,0,0,7,0,223042926790264866346521,221326500146330915687909,1716426643933950658612,702900506211721656780324,0,0,0,0
8,7,6,0,4,3,9,0,7,0,2,6,0,4,5,0,0,0,3,4,0,840614097728224121205657,648649358441191144043976,191964739287032977161681,498979215183404214602261,0,0,0,0
6,7,8,0,9,7,6,0,4,0,2,4,1,5,1,0,0,0,0,3,0,399722086634723083881316,200288936863000000000000,199433149771723083881316,399999000137388711647265,0,0,0,0
10,3,8,0,11,7,6,0,3,2,1,2,2,3,3,0,0,0,0,3,0,239385348405137762816136,185906478588272144863491,53478869816865617952645,622010864770104829921646,0,0,0,0
8,3,14,0,8,5,1,0,1,0,0,1,0,1,0,0,0,0,1,2,0,22741505223249170221713,13918274946000000000000,8823230277249170221713,710998504175067668905411,0,0,0,0
8,5,10,0,10,3,2,0,1,0,1,1,0,1,1,0,0,0,0,2,0,122327498921537850100000,85856553514999999999999,36470945406537850100001,399999000000150000001025,0,0,0,0
3,6,8,0,13,7,2,0,1,0,1,1,0,2,0,0,0,0,3,0,0,263410958039656299144973,67935932281000000000000,195475025758656299144973,407164443901604544836333,0,0,0,0
9,3,12,0,6,6,8,0,5,1,2,4,1,4,4,0,0,0,1,3,0,577004256325594312809055,305817810229290455488378,271186446096303857320677,501056469058103584060551,0,0,0,0
6,3,8,0,6,9,3,0,1,1,1,0,1,1,2,0,0,0,0,4,0,66427681582647899313812,66427681582647899313809,3,189000538307513086398282,0,0,0,0
8,3,12,0,7,3,3,0,3,0,0,3,0,2,1,0,0,0,3,2,0,478440619261805523652104,340776106328000009872364,137664512933805513779740,507587666817326803489727,0,0,0,0
6,5,8,0,9,7,1,0,1,0,0,0,0,0,1,0,0,0,3,1,0,27535108024691357950000,27535108024691357949999,1,544191337139223671579634,0,0,0,0
8,4,8,0,9,4,5,0,4,0,0,3,2,1,4,0,0,0,0,3,0,568349170698764084306757,284700235550720972818572,283648935148043111488185,294515601852012388836366,0,0,0,0
5,3,7,0,10,6,6,0,1,0,3,1,1,3,3,0,0,0,1,2,0,149343381027517125709130,102112897933117952199998,47230483094399173509132,499997421296446296320020,0,0,0,0
6,1,8,0,6,8,5,0,4,0,1,2,0,3,2,0,0,0,0,0,0,265873614431347104897046,148981785256996999552473,116891829174350105344573,462583861139828016374307,0,0,0,0
5,5,7,0,9,8,7,0,3,1,1,1,1,1,6,0,0,0,0,5,0,81831567179898652523699,31167204875903798060314,50664362303994854463385,444104763097125086732293,0,0,0,0
13,6,9,0,9,4,5,0,3,0,1,1,1,1,4,0,0,0,1,0,0,174035810241035786439634,174035389631341641135409,420609694145304225,456020330625105858911203,0,0,0,0
8,3,7,0,9,4,6,0,6,0,0,6,0,1,5,0,0,0,0,1,0,836951789152580699330439,451382987584396790655879,385568801568183908674560,355906825015176075565545,0,0,0,0
9,4,10,0,11,4,5,0,4,0,1,3,0,3,2,0,0,0,1,4,0,422092663609854829966272,215445134160390169144476,206647529449464660821796,633605848240192461444043,0,0,0,0
10,8,10,0,9,6,4,0,2,0,1,1,0,2,2,0,0,0,2,3,0,212682397100322488066403,117045905508999999928123,95636491591322488138280,283001808695222347869573,0,0,0,0
10,1,11,0,9,8,5,0,2,3,0,2,3,1,4,0,0,0,1,4,0,129043721920337440298586,77231774490498403015447,51811947429839037283139,443591873735277658976772,0,0,0,0
9,3,5,0,7,7,6,0,4,0,2,4,0,4,2,0,0,0,0,3,0,232268303445149552704502,158406713764092249114863,73861589681057303589639,317848043410237201143262,0,0,0,0
7,2,12,0,6,6,5,0,4,0,1,3,0,2,3,0,0,0,2,0,0,368524908391630421524861,264019663503293737110641,104505244888336684414220,436719809816347184992503,0,0,0,0
5,3,7,0,8,5,7,0,5,0,1,4,0,4,3,0,0,0,1,6,0,757579751625501722766311,252721835464068964070773,504857916161432758695538,296018130491072766074945,0,0,0,0
5,6,7,0,9,6,7,0,6,0,1,6,2,5,2,0,0,0,0,2,0,428402452374395700291193,132812889751000000000000,295589562623395700291193,368598259789240270539269,0,0,0,0
6,4,5,0,9,6,3,0,3,0,0,3,0,2,1,0,0,0,2,6,0,419419909769747757093086,100000000056527994231784,319419909713219762861302,444050366914426890800887,0,0,0,0
10,2,8,0,3,2,4,0,3,0,1,2,0,1,3,0,0,0,3,3,0,436636353484585348186080,305375262074989390542354,131261091409595957643726,677137089801582111458812,0,0,0,0
10,4,11,0,7,3,7,0,6,0,1,1,0,2,5,0,0,0,0,4,0,441080844535426545947442,392618018804249298667165,48462825731177247280277,508366384201440647595641,0,0,0,0
10,3,5,0,10,5,7,0,5,0,2,2,0,3,4,0,0,0,1,3,0,344488495644219130978047,296387640094758092804794,48100855549461038173253,300000000000121166955959,0,0,0,0
6,6,4,0,6,6,3,0,2,0,1,2,1,2,1,0,0,0,0,5,0,115975152220278250414921,57628236908000000000000,58346915312278250414921,411225683749250344172343,0,0,0,0
4,4,8,0,8,4,1,0,1,0,0,1,0,1,0,0,0,0,2,2,0,75762785208413090079278,50000000000000000000000,25762785208413090079278,416966836822143959920665,0,0,0,0
8,1,4,0,9,3,5,1,3,1,1,2,1,2,3,1,1,0,0,1,0,340392419899541770399604,143322465112320987608200,197069954787220782791404,399998000000102394583721,0,0,0,0
10,3,11,0,9,5,5,0,4,1,0,4,2,1,4,0,0,0,0,2,0,268037895870685401253182,177279268944090924667309,90758626926594476585873,602535248533738589369511,0,0,0,0
8,6,6,0,4,3,5,0,4,0,0,4,2,2,3,0,0,0,1,5,0,599360812780762038541385,345230097453591552626636,254130715327170485914749,504167494292755511018737,0,0,0,0
10,3,7,0,5,6,4,0,2,1,1,2,2,2,2,0,0,0,0,2,0,131391407829225734613888,102229305507383386724287,29162102321842347889601,385388181227112149477465,0,0,0,0
8,5,10,0,8,3,3,0,3,0,0,1,0,1,2,0,0,0,1,2,0,174006064177690306186002,120086158382490785899997,53919905795199520286005,664479072176880547688731,0,0,0,0
8,4,6,0,6,4,6,0,1,4,0,1,4,0,6,0,0,0,3,2,0,110705280877815689750257,89535218110185958050255,21170062767629731700002,405870100168570802422554,0,0,0,0
5,3,13,0,4,6,4,0,2,0,2,2,1,3,1,0,0,0,2,5,0,292893404774109728602743,112196355264000000005672,180697049510109728597071,347467265428662638984432,0,0,0,0
5,3,4,0,8,4,3,0,2,0,1,1,0,2,1,0,0,0,1,2,0,159544928317697685228460,77160994125942200249999,82383934191755484978461,519651332981988535158901,0,0,0,0
7,3,9,0,6,7,2,1,2,0,0,1,0,0,2,1,1,0,2,2,0,99676817070603642690240,47439999999999999999998,52236817070603642690242,660542880950458655853308,0,0,0,0
9,3,9,0,6,3,3,0,1,1,1,1,1,2,1,0,0,0,0,1,0,123907595700577103914929,79007444219986900802981,44900151480590203111948,755232630290026067063278,0,0,0,0
7,3,9,0,11,2,8,0,1,0,7,0,0,7,1,0,0,0,3,2,0,455739708249870016000000,455739708249870015999998,2,533935498991679394646059,0,0,0,0
6,3,6,0,8,7,2,0,1,0,0,1,1,0,2,0,0,0,1,0,0,60899965107740839015416,32701384760802469120640,28198580346938369894776,507751063039850199843553,0,0,0,0
9,4,13,0,6,2,7,1,4,0,2,3,1,3,4,1,1,0,0,1,0,557479327932135110823698,265515408111212760080347,291963919820922350743351,459577976104872653575093,0,0,0,0
11,3,14,0,7,6,6,0,5,0,1,2,0,1,5,0,0,0,2,2,0,532494134975712681553165,378361882859121524872622,154132252116591156680543,472983871147220121217551,0,0,0,0
7,9,6,0,5,6,3,0,3,0,0,3,1,1,2,0,0,0,1,3,0,356670939028635122032522,127612825428302821111398,229058113600332300921124,215805000000227814086401,0,0,0,0
9,6,13,0,6,5,5,0,1,1,2,1,1,2,3,0,0,0,0,1,0,304900575610254984977731,202860071738530553183360,102040503871724431794371,545488332713924869195307,0,0,0,0
11,7,6,0,6,6,2,0,2,0,0,2,0,1,1,0,0,0,1,2,0,328023112104478090782160,138305903756453184962544,189717208348024905819616,476855035674325117844735,0,0,0,0
13,4,9,0,15,5,4,0,4,0,0,1,0,0,4,0,0,0,1,2,0,405843060721369708023430,350342705791869469279656,55500354929500238743774,664355635274900356612612,0,0,0,0
13,5,10,0,4,4,1,0,0,0,1,0,0,1,0,0,0,0,3,5,0,56370216341000000000000,56370216341000000000000,0,1014221557459189506445508,0,0,0,0
13,4,3,0,10,5,4,0,4,0,0,1,0,1,3,0,0,0,1,0,0,140068814810566664874724,112448987156179004475073,27619827654387660399651,808062097638667848250229,0,0,0,0
8,7,13,0,3,5,4,0,3,1,0,0,1,0,4,0,0,0,1,2,0,119034883989998656967349,119034883989998656967345,4,531899232833959553604448,0,0,0,0
4,5,12,0,6,4,6,0,5,0,1,4,0,3,3,0,0,0,0,3,0,421412888719773545665980,196696541249649185927757,224716347470124359738223,511358040647127193060949,0,0,0,0
8,2,3,0,10,5,2,0,2,0,0,2,0,2,0,0,0,0,0,8,0,367084747702243164642032,84813155032000000000000,282271592670243164642032,347081838301350956212246,0,0,0,0
9,5,7,0,4,9,2,0,2,0,0,1,0,0,2,0,0,0,1,4,0,275980297771812138923386,236961944833328494506226,39018352938483644417160,538250234858431553801984,0,0,0,0
3,8,11,0,10,6,4,0,4,0,0,2,0,0,4,0,0,0,0,4,0,263512424393962139464272,103909983080305677672100,159602441313656461792172,376606359424669737063339,0,0,0,0
9,3,5,0,4,5,5,0,4,0,1,2,0,1,4,0,0,0,0,3,0,272099594124882286676120,195259608138505600676114,76839985986376686000006,430780476908203750256139,0,0,0,0
6,3,8,0,7,6,7,1,2,2,3,1,2,4,3,1,1,0,1,2,0,266102448619492139953097,128157777974924159991108,137944670644567979961989,415579942727223843928684,0,0,0,0
15,6,6,0,7,3,3,0,1,0,0,1,0,0,3,0,0,0,1,3,0,109371014809494905145558,61847217901002799478884,47523796908492105666674,777342972604945803348544,0,0,0,0
4,1,11,0,5,4,7,0,5,1,0,4,2,1,6,0,0,0,1,4,0,581827275869660850022850,327827238285906459925640,254000037583754390097210,391985362955631524001631,0,0,0,0
7,4,9,0,4,8,3,0,1,0,2,1,0,2,1,0,0,0,0,2,0,176648621965569239838144,100169306294222038609498,76479315671347201228646,524864585546315991946464,0,0,0,0
5,8,10,0,7,5,6,0,4,0,0,2,0,0,6,0,0,0,0,3,0,286604288409467089682179,249095001355439737353205,37509287054027352328974,401251135610002078375855,0,0,0,0
6,3,10,0,6,8,5,0,5,0,0,3,0,2,3,0,0,0,0,4,0,610202974636872017220821,150000015090999999999993,460202959545872017220828,300000000000226876325283,0,0,0,0
7,5,5,0,7,5,4,0,4,0,0,3,1,1,3,0,0,0,1,8,0,584095285136213785684869,169720741938334721796791,414374543197879063888078,423351253056924582477494,0,0,0,0
10,6,8,0,13,9,3,0,2,0,0,2,1,2,1,0,0,0,1,1,0,200168334036710116720615,107390878576580246850000,92777455460129869870615,543234535804359472444471,0,0,0,0
6,6,5,0,8,8,6,0,4,0,2,2,0,3,3,0,0,0,0,4,0,250507648915817952574040,183093500939418706909515,67414147976399245664525,378791951214992330913695,0,0,0,0
10,4,9,0,9,4,2,0,2,0,0,0,0,0,2,0,0,0,0,0,0,132189921105158036518773,132189921105158036518770,3,714991746014611094031307,0,0,0,0
6,4,9,0,6,6,6,0,3,0,3,2,0,4,2,0,0,0,0,1,0,321324518443309807025818,163057966132359088921892,158266552310950718103926,490738206651622674841684,0,0,0,0
9,2,9,0,12,10,0,0,0,0,0,0,0,0,0,0,0,0,0,0,0,0,0,0,678678019881600954215190,0,0,0,0
6,4,7,0,6,2,6,0,6,0,0,5,0,2,4,0,0,0,1,4,0,551543855141013778948348,378941361573180059403504,172602493567833719544844,635383054393100286458902,0,0,0,0
4,6,5,0,10,6,5,0,3,0,2,3,0,4,1,0,0,0,0,5,0,595321536724759915715616,226237772331000000014641,369083764393759915700975,489333436675783055636318,0,0,0,0
5,12,11,0,10,5,4,0,3,0,1,2,1,1,3,0,0,0,0,3,0,145078532960348932631902,49893367806676721123207,95185165153672211508695,391247760201144938549051,0,0,0,0
10,7,11,0,4,4,4,0,3,0,1,2,0,2,2,0,0,1,0,5,0,424947429777201494766910,237816249810432732012003,187131179966768762754907,400924754088608822668551,0,0,1,0
6,1,7,0,8,3,8,0,6,1,1,5,2,3,5,0,0,0,0,6,0,771408664305342687264549,282648126819388343555756,488760537485954343708793,302065470437205004926283,0,0,0,0
8,3,7,0,6,7,3,0,2,0,1,1,1,1,2,0,0,0,2,4,0,237037504085554033800000,181157359995580246849999,55880144089973786950001,504736624610692138767883,0,0,0,0
12,3,8,0,9,5,7,0,4,0,2,1,0,2,5,0,0,0,3,4,0,215591238309352860974972,107108954971134117487640,108482283338218743487332,529301137775066078488602,0,0,0,0
7,4,11,0,5,7,4,0,3,0,0,3,1,1,3,0,0,0,0,2,0,441586074823703672110881,169410316358024691349998,272175758465678980760883,489031143124437229910594,0,0,0,0
7,9,12,0,10,6,1,0,1,0,0,0,0,0,1,0,0,0,1,1,0,16308106157838005950000,16308106157838005949999,1,391637303663034407734553,0,0,0,0
6,2,3,0,8,5,5,0,3,2,0,3,2,3,2,0,0,0,1,2,0,532758144149649400847003,167530357068821739307986,365227787080827661539017,378966322192697174830600,0,0,0,0
9,3,7,0,9,10,4,0,1,0,3,1,0,4,0,0,0,0,0,5,0,142589474866716040921237,124474702253000000000000,18114772613716040921237,399998000000059987012175,0,0,0,0
9,7,7,0,11,3,6,0,1,0,5,1,0,6,0,0,0,0,0,3,0,198708837048359148704251,194569465096000000000000,4139371952359148704251,485322911900831568469414,0,0,0,0
4,2,10,0,12,6,3,0,1,0,2,1,0,2,1,0,0,0,3,5,0,134350014963259259100000,72418880703999999999998,61931134259259259100002,254489343440816021781855,0,0,0,0
9,6,3,0,6,5,3,0,1,1,0,1,1,1,2,0,0,0,0,4,0,183315312884394943914212,100107558254765314446563,83207754629629629467649,476847653527843139539088,0,0,0,0
6,8,12,0,5,5,3,0,3,0,0,2,0,0,3,0,0,0,0,4,0,337408179012345677026622,131635755845319073464173,205772423167026603562449,664707304328665386201487,0,0,0,0
3,5,12,0,7,6,2,0,1,1,0,1,2,0,2,0,0,0,0,2,0,33651352055537949427696,33651352055537949425021,2675,356615144187290790936246,0,0,0,0
7,3,6,0,5,6,5,1,4,0,1,3,1,2,3,1,1,0,1,11,0,401105924433218235377150,148370594535801270582261,252735329897416964794889,241260077518480310819088,0,0,0,0
11,11,7,0,7,2,3,0,2,0,1,2,0,2,1,0,0,0,1,1,0,205628249743214860144714,122778201526595490513255,82850048216619369631459,687421240503124838908946,0,0,0,0
5,4,10,0,11,3,1,0,0,1,0,0,1,0,1,0,0,0,1,3,0,38242404361337179468328,38242404361337179468328,0,322855714393537829528311,0,0,0,0
8,8,8,0,8,6,3,0,2,1,0,0,1,0,3,0,0,0,0,1,0,31544126523492741975687,31544126523492741975685,2,475169390248880455649971,0,0,0,0
6,5,8,0,13,3,5,0,3,0,2,2,1,3,2,0,0,0,0,2,0,420175525957599948163848,145108167473488864417169,275067358484111083746679,363357465983421880312940,0,0,0,0
6,2,11,0,8,4,2,0,1,0,1,0,0,1,1,0,0,0,0,4,0,38260304267740740700000,38260304267740740699999,1,564894327754216077915520,0,0,0,0
8,3,4,0,6,6,4,0,3,1,0,0,1,0,4,0,0,0,1,4,0,121986416117642580423758,121986416117642580423754,4,451130735526069289916226,0,0,0,0
8,3,13,0,3,6,3,0,3,0,0,2,0,2,1,0,0,0,0,3,0,466312563414647364663444,193997531642348654418071,272315031772298710245373,359017004777748229685401,0,0,0,0
11,5,14,0,10,8,2,0,2,0,0,2,0,1,1,0,0,0,0,2,0,319477334982060314585789,60180148444999999999999,259297186537060314585790,724750383172049361690458,0,0,0,0
10,3,4,0,11,6,5,0,4,0,1,2,1,2,3,0,0,0,1,2,0,312390374580496269011349,122957807491962518226154,189432567088533750785195,557119629347271909825645,0,0,0,0
4,6,7,0,11,5,4,0,3,1,0,2,2,1,3,0,0,0,1,4,0,201590648689197520802864,108624023760565894610334,92966624928631626192530,499998617270301118293647,0,0,0,0
4,3,10,0,6,6,3,0,1,0,1,1,1,1,2,0,0,0,2,3,0,157670199493113934823891,87172453703683903847050,70497745789430030976841,449997000000176385453548,0,0,0,0
12,2,5,0,4,6,4,0,1,1,1,1,2,1,3,0,0,0,0,4,0,133280185463856320497130,93872154101634300285521,39408031362222020211609,515147937997864127044846,0,0,0,0
7,4,9,0,10,8,5,0,3,0,2,2,0,3,2,0,0,0,0,3,0,494258410387496164506111,128253554997905266616702,366004855389590897889409,401101219382569293045039,0,0,0,0
4,5,9,0,10,6,7,0,4,1,1,3,1,2,5,0,0,0,0,6,0,671320181704584778390048,297787090341215243875940,373533091363369534514108,499998000000470559954356,0,0,0,0
5,7,6,0,8,5,4,0,4,0,0,3,0,0,4,0,0,0,0,4,0,495544394686132046756448,145849392858427265165236,349695001827704781591212,286092163462097119993854,0,0,0,0
10,4,9,0,4,8,3,0,2,1,0,2,1,1,2,0,0,0,0,2,0,406372603678533907864258,104571290172449029327189,301801313506084878537069,670621587567773284997387,0,0,0,0
9,3,9,0,6,4,10,0,5,1,4,2,1,5,5,0,0,0,2,2,0,382973937488162727958899,322642283605920257326072,60331653882242470632827,578427535839996389485940,0,0,0,0
12,6,7,0,5,5,4,0,3,0,1,0,0,1,3,0,0,0,1,5,0,271202099838176737247408,271202099838176737247404,4,821321067161007672635880,0,0,0,0
12,4,8,0,10,3,10,0,9,0,1,4,1,2,8,0,0,0,1,2,0,637672092258060600013363,538489272451647004234872,99182819806413595778491,614028348511129902052098,0,0,0,0
3,7,5,0,5,4,6,0,5,1,0,5,1,3,3,0,0,0,1,6,0,809429715786064616549642,336199046098480311899689,473230669687584304649953,288515099800771113468080,0,0,0,0
12,3,3,0,7,6,1,0,0,0,1,0,0,1,0,0,0,0,0,2,0,48826613289000000000000,48826613289000000000000,0,579877479678028516492314,0,0,0,0
5,5,10,0,10,6,3,0,1,0,1,0,0,1,2,0,0,0,1,0,0,70476970446907134600000,70476970446907134599998,2,439144504387706844896242,0,0,0,0
5,5,10,0,6,6,6,0,6,0,0,5,1,3,3,0,0,0,0,2,0,477784774223711445545538,237979361340097222220574,239805412883614223324964,411060531999028565507008,0,0,0,0
6,5,4,0,8,5,4,0,2,0,1,1,0,1,3,0,0,0,0,3,0,116040162934687417800000,102933908754024691249996,13106254180662726550004,553285477527099500660225,0,0,0,0
8,2,10,0,7,7,4,0,2,2,0,2,2,1,3,0,0,0,1,2,0,319237755156440987761568,179473604248914300289744,139764150907526687471824,461118433726912203023858,0,0,0,0
8,8,10,0,3,4,4,0,3,0,0,2,1,1,3,0,0,0,0,4,0,329551530476895767603167,110386103819520242997728,219165426657375524605439,444365316499193283761884,0,0,0,0
7,5,5,0,10,2,4,0,4,0,0,3,1,1,3,0,0,0,0,4,0,277142137640923713560869,205309471767793992714680,71832665873129720846189,443239933029960651762083,0,0,0,0
6,4,7,0,5,4,5,0,2,0,3,2,0,3,2,0,0,0,2,3,0,497085615557006968739485,240216286277951360002216,256869329279055608737269,405898953903114707751350,0,0,0,0
4,2,7,0,7,3,6,0,4,0,1,4,2,1,5,0,0,0,0,3,0,512967456880131925200851,209522505848999999999996,303444951031131925200855,332597220438293609250833,0,0,0,0
10,2,10,0,7,6,8,0,6,0,1,4,1,2,6,0,0,0,3,1,0,294040357234681517313980,170601957128601798907234,123438400106079718406746,682165141514129644392828,0,0,0,0
9,1,4,0,8,6,5,0,4,0,1,4,2,2,3,0,0,0,0,5,0,670318800642472949056748,353498339774143115223329,316820460868329833833419,349999907779195551571238,0,0,0,0
10,3,4,0,5,6,6,0,2,1,3,1,1,3,3,0,0,0,1,2,0,247384612299863426087295,173060731127023920087290,74323881172839506000005,621002345129230395461551,0,0,0,0
6,7,11,0,12,6,2,0,2,0,0,2,1,1,1,0,0,0,1,0,0,342472577603936600816133,76760000000000000000003,265712577603936600816130,705054342367623641678572,0,0,0,0
8,8,9,0,9,4,8,0,3,2,2,3,2,3,5,0,0,0,2,2,0,306582434760810956692153,151504031871071622727326,155078402889739333964827,440349659476473889843037,0,0,0,0
3,5,4,0,7,2,9,0,8,0,1,7,2,3,6,0,0,0,1,3,0,450533562037482070514652,292556210805131964745823,157977351232350105768829,300000000000150000007914,0,0,0,0
9,5,3,0,10,5,6,0,5,0,1,5,0,3,3,0,0,0,3,2,0,802885343300542740642003,368264022829105617674469,434621320471437122967534,515321280516688633633537,0,0,0,0
11,3,7,0,4,6,8,0,5,0,3,3,0,4,4,0,0,0,0,4,0,394827092771033900773631,353348483057732508683809,41478609713301392089822,403427460125021864845537,0,0,0,0
9,3,6,0,7,6,6,0,0,4,1,0,4,1,5,0,0,0,2,2,0,82779720028276333411005,82779720028276333411005,0,389300743060890429111296,0,0,0,0
11,8,10,0,10,6,5,1,5,0,0,1,0,1,4,1,1,0,0,1,0,389031299515139091242510,267025196563210409227902,122006102951928682014608,571818498905998706864282,0,0,0,0
7,3,9,0,14,10,4,0,3,0,0,3,1,1,3,0,0,0,0,5,0,411097414756128875841757,142121628852470725890480,268975785903658149951277,460906064582519863686552,0,0,0,0
8,6,4,0,8,7,7,0,2,3,2,1,3,2,5,0,0,0,0,4,0,231061815883338471138859,191434706331715544574683,39627109551622926564176,395509760332774483099367,0,0,0,0
4,5,10,0,12,6,1,0,0,0,1,0,0,1,0,0,0,0,0,3,0,23674755261000000000000,23674755261000000000000,0,300015282541762225943567,0,0,0,0
10,3,6,0,3,9,6,0,4,0,2,2,0,3,3,0,0,0,0,3,0,434284427556842799636916,226461481910000000002369,207822945646842799634547,349999000000164423947985,0,0,0,0
8,5,10,0,10,6,3,0,1,0,1,1,1,2,1,0,0,0,4,3,0,72328439301606739273366,63252507744049382650000,9075931557557356623366,571775976391104006819101,0,0,0,0
11,7,7,0,5,9,3,0,2,0,1,2,0,2,1,0,0,0,1,2,0,526653181180952482282632,297426839019710434612650,229226342161242047669982,521614459915683292959876,0,0,0,0
2,6,14,0,8,3,9,0,8,0,1,5,1,2,7,0,0,0,0,0,0,557281259432806010934324,281381551290674044040874,275899708142131966893450,343711377015349591944703,0,0,0,0
9,3,7,0,4,7,3,0,2,1,0,2,1,0,3,0,0,0,1,2,0,170681634843602768171867,59108526550847897464294,111573108292754870707573,526234894092119604729256,0,0,0,0
8,6,7,0,5,4,6,0,6,0,0,3,1,0,6,0,0,0,1,3,0,275971668515810562321912,103998558812691608783182,171973109703118953538730,409110551884183596434998,0,0,0,0
8,6,7,0,6,6,6,0,4,1,0,3,1,2,4,0,0,0,1,3,0,689779719469295378471527,262625105451636159352608,427154614017659219118919,422524273288851680689187,0,0,0,0
6,10,6,0,14,4,8,0,7,0,0,5,2,1,7,0,0,0,1,3,0,634761837027507924622790,266555535565549305746562,368206301461958618876228,392661348412750534712563,0,0,0,0
4,5,8,0,7,4,3,0,3,0,0,3,1,1,2,0,0,0,1,3,0,494961698727900094531204,117040000027000000001158,377921698700900094530046,358661093395072084785717,0,0,0,0
7,5,8,0,9,5,2,0,0,1,1,0,1,1,1,0,0,0,0,1,0,38927283053222222150000,38927283053222222150000,0,399999000000221911605543,0,0,0,0
10,5,6,0,12,8,4,0,2,0,1,2,0,1,3,0,0,0,1,2,0,395863352823208220036876,329087283030137388857186,66776069793070831179690,801118905182454751248725,0,0,0,0
11,4,6,0,8,4,4,0,3,0,0,2,0,2,2,0,0,0,0,4,0,265724402792751693500257,123404886121382842447186,142319516671368851053071,811905841609436193421890,0,0,0,0
4,6,8,0,11,5,2,0,1,0,1,1,0,1,1,0,0,0,2,2,0,112072659053975308500000,87597350411999999999999,24475308641975308500001,397542867707602686995540,0,0,0,0
4,4,9,0,8,5,3,0,2,0,1,2,0,3,0,0,0,0,1,1,0,279653297884211110888815,91570474879000000000000,188082823005211110888815,376724644584108033737602,0,0,0,0
10,7,7,0,10,5,3,0,1,1,1,1,1,1,2,0,0,0,1,0,0,157686959725793709356836,123912314520498004507259,33774645205295704849577,613461345251114774314887,0,0,0,0
7,4,11,0,5,8,2,0,2,0,0,2,0,1,1,0,0,0,1,3,0,220106664769682498147440,97116711597937577249364,122989953171744920898076,421332140537304559089199,0,0,0,0
9,5,3,0,7,6,5,0,4,0,0,3,2,1,4,0,0,0,0,5,0,332104819320049956755816,173911104229182975907608,158193715090866980848208,695709972678115743464291,0,0,0,0
8,5,11,0,9,4,3,0,2,0,1,2,1,1,2,0,0,0,0,2,0,113295063340000033700007,86040914048000000000012,27254149292000033699995,517165286032068713514914,0,0,0,0
10,4,6,0,8,4,4,0,1,2,1,1,2,2,2,0,0,0,1,5,0,374119912256828645594739,219381486863886982655996,154738425392941662938743,781257418318392980522230,0,0,0,0
8,5,8,0,4,11,2,1,2,0,0,0,0,1,1,1,1,0,1,6,0,41230131172839506110574,7284529320987654299998,33945601851851851810576,416694793082420395480552,0,0,0,0
9,5,5,0,11,5,2,0,2,0,0,2,0,1,1,0,0,0,0,2,0,221485460503597837194751,198894000000000000000027,22591460503597837194724,702313071960720245897913,0,0,0,0
7,0,4,0,3,7,4,0,2,1,1,1,1,2,2,0,0,0,2,2,0,173955048113060192882963,167721122342205317216819,6233925770854875666144,449998000000209582477792,0,0,0,0
8,5,6,0,6,3,3,0,2,0,1,2,1,1,2,0,0,0,1,4,0,510204723157386717950000,100000684790999999999996,410204038366386717950004,448292434396984272152075,0,0,0,0
12,4,7,0,10,3,4,0,1,2,1,1,2,1,3,0,0,0,0,1,0,100857927516222702330873,78337963785611396712915,22519963730611305617958,797043995153368438362808,0,0,0,0
8,3,5,0,10,9,3,0,3,0,0,1,0,1,2,0,0,0,1,3,0,150530188611818717898710,98030238326714234084134,52499950285104483814576,372094276990444822285875,0,0,0,0
9,6,6,0,7,3,7,0,5,2,0,2,2,1,6,0,0,0,2,0,0,335101880044712812908955,246916415140886422568758,88185464903826390340197,577091414816426053077179,0,0,0,0
6,5,13,0,4,4,3,0,2,0,1,2,0,1,2,0,0,0,0,2,0,316895501804283962256716,242679294744385307758923,74216207059898654497793,354077361331180830059498,0,0,0,0
12,1,9,0,9,5,3,0,3,0,0,3,0,1,2,0,0,0,0,1,0,616179656280843587543619,348855294884464488125260,267324361396379099418359,505589741730893435244724,0,0,0,0
10,7,12,0,7,5,1,0,1,0,0,0,0,0,1,0,0,0,1,0,0,10636953390214441847495,10636953390214441847493,2,907834887275382316043035,0,0,0,0
9,12,10,0,13,1,5,1,3,2,0,2,2,2,3,1,1,0,0,1,0,211807235194229304108611,138904877593618334789371,72902357600610969319240,636005989239726013201084,0,0,0,0
9,6,15,0,10,4,4,0,2,0,2,1,0,2,2,0,0,0,2,2,0,218127278379666771681693,217493978737000000797883,633299642666770883810,390381031425227704726407,0,0,0,0
10,2,5,0,10,6,5,0,4,0,1,3,0,3,2,0,0,0,0,2,0,653954159684355687157454,198108272783470485159326,455845886900885201998128,463533222556876029656322,0,0,0,0
11,7,10,0,8,6,1,0,1,0,0,1,0,1,0,0,0,0,0,5,0,3354083586546462504979,6000003000000000000,3348083583546462504979,490093083099013083512493,0,0,0,0
6,5,12,0,4,6,3,0,3,0,0,2,0,2,1,0,0,0,2,1,0,330827591940260447947723,163278660276753086349999,167548931663507361597724,439700353044417890154397,0,0,0,0
14,7,8,0,2,7,2,0,2,0,0,1,0,1,1,0,0,0,0,1,0,70086198269861219514521,69588170033858757705017,498028236002461809504,418240933637372034506969,0,0,0,0
7,6,10,0,10,4,5,0,4,0,1,2,0,1,4,0,0,0,1,3,0,436408710909388209107208,267136684541415291356064,169272026367972917751144,464102488511922438775824,0,0,0,0
11,2,1,0,10,7,3,0,1,0,1,1,1,2,1,0,0,0,2,6,0,113925852727056391020533,100654899690543209800000,13270953036513181220533,548466610562172868787119,0,0,0,0
12,10,9,0,7,5,4,0,1,2,1,1,2,2,2,0,0,0,0,2,0,307461996783500993982370,275417367475871416212445,32044629307629577769925,558579962291806149855783,0,0,0,0
4,1,7,0,6,7,2,0,1,1,0,1,1,0,2,0,0,0,4,2,0,202947495481356660700000,64919753086419753049998,138027742394936907650002,355038862531310175126518,0,0,0,0
5,7,12,0,8,0,6,0,4,1,1,4,1,3,3,0,0,0,0,3,0,849507716195796446641275,467969899464333842897793,381537816731462603743482,367104439019928372859082,0,0,0,0
5,5,8,0,17,9,4,0,2,0,1,1,1,1,3,0,0,0,0,2,0,308626331681160730043247,80345295570121983175759,228281036111038746867488,331044147694130535818145,0,0,0,0
12,6,5,0,5,5,3,0,3,0,0,2,0,2,1,0,0,0,0,5,0,487770725120188937723384,49246156295938271549999,438524568824250666173385,758732931578974456612181,0,0,0,0
7,5,8,0,6,4,8,0,6,2,0,4,3,2,6,0,0,0,0,2,0,617378267924932759287131,421332987405785970500086,196045280519146788787045,351465263198273446695073,0,0,0,0
5,3,7,0,12,3,5,0,2,0,2,2,1,2,3,0,0,0,1,2,0,386034538569496601239986,256186684840466808764679,129847853729029792475307,399999000000150000000010,0,0,0,0
9,4,8,0,11,5,4,0,4,0,0,3,1,0,4,0,0,0,1,2,0,377168473774271644532604,256222119865502620103303,120946353908769024429301,539350861090857552203108,0,0,0,0
12,0,6,0,9,7,4,0,3,1,0,3,1,2,2,0,0,0,0,2,0,472063107168897922779083,135107347548405782547807,336955759620492140231276,635001300209871733769746,0,0,0,0
7,3,11,0,6,5,4,0,4,0,0,3,1,1,3,0,0,0,0,3,0,534140327624952871507633,207758244209020733778194,326382083415932137729439,349999003470001416929402,0,0,0,0
10,4,9,0,10,6,2,0,2,0,0,2,0,0,2,0,0,0,2,5,0,223142507811784187287395,104502887458559487403646,118639620353224699883749,500346832752860471815292,0,0,0,0
5,6,11,0,3,5,0,0,0,0,0,0,0,0,0,0,0,0,1,2,0,0,0,0,349999000000150000019115,0,0,0,0
5,6,7,0,11,6,6,0,5,0,0,5,1,2,4,0,0,0,0,2,0,749646342181813968854548,236292374620349746673487,513353967561464222181061,430218894313501473661135,0,0,0,0
5,4,9,0,6,6,4,0,3,0,1,3,1,2,2,0,0,0,2,5,0,422383002174525903010765,131765217134000000000000,290617785040525903010765,309280644031588849700283,0,0,0,0
8,3,6,0,4,3,12,0,8,2,2,8,2,5,7,0,0,0,0,4,0,910270570469251632544455,674445932803191144044002,235824637666060488500453,516846461149225087963942,0,0,0,0
12,6,4,0,5,7,3,0,2,0,1,2,0,3,0,0,0,0,3,5,0,247633403642306590681291,102304727482000000000000,145328676160306590681291,686331997308577747922554,0,0,0,0
4,12,8,0,7,6,4,0,3,0,1,3,0,3,1,0,0,0,0,2,0,272841198066290135072281,101000004755849999999999,171841193310440135072282,362488596524150373541382,0,0,0,0
7,4,9,0,11,9,4,0,2,0,2,2,1,2,2,0,0,0,0,1,0,517279050919326280086503,224111422791592038112130,293167628127734241974373,392726969363955840391621,0,0,0,0
5,3,11,0,11,3,4,0,4,0,0,4,0,2,2,0,0,0,3,1,0,514797520217313080607635,249620802417000000000017,265176717800313080607618,383263070428547668026814,0,0,0,0
10,4,8,0,11,6,5,0,3,0,2,2,1,2,3,0,0,0,0,4,0,173548437321867031154613,153676471441433223780235,19871965880433807374378,337656923096041333855528,0,0,0,0
12,4,9,0,13,6,3,0,3,0,0,3,1,1,2,0,0,0,0,1,0,325946577759231534076709,131118353065999999999998,194828224693231534076711,631617915999297874791930,0,0,0,0
6,8,5,0,7,10,8,0,4,2,2,3,2,4,4,0,0,0,0,3,0,414970593839083461676508,266940371780154349808510,148030222058929111867998,331609796722582250923948,0,0,0,0
11,5,6,0,3,8,2,0,2,0,0,2,0,1,1,0,0,0,2,6,0,241947351683324586370911,121178611387999999999998,120768740295324586370913,300000000000247077103860,0,0,0,0
10,10,6,0,8,7,2,1,1,1,0,0,1,1,1,1,1,0,0,3,0,40107060187276986936786,2091801800371,40107060185185185136415,468782581703801709855895,0,0,0,0
8,0,6,0,12,8,3,0,2,0,0,2,0,0,3,0,0,0,0,3,0,77103576252934561218932,61362075617283950616318,15741500635650610602614,488633924382852230911403,0,0,0,0
6,4,8,0,8,4,8,0,4,0,3,2,0,3,5,0,0,0,0,0,0,401215977854636967999225,224800688112864197499996,176415289741772770499229,393148600339851790489179,0,0,0,0
9,3,12,0,6,6,7,1,4,0,3,3,0,4,3,1,1,0,1,4,0,499113773424879874550271,392813490324000000663450,106300283100879873886821,423479190840869911135280,0,0,0,0
7,5,6,0,12,6,5,0,0,0,1,0,2,1,4,0,0,0,1,3,0,61626281197876289870729,61626281197876289870729,0,470696761786143691828472,0,0,0,0
9,3,9,0,7,6,3,0,1,0,1,1,0,2,1,0,0,0,0,1,0,243813884320584843750600,61188373829838104300000,182625510490746739450600,640585264364804367262892,0,0,0,0
10,0,6,0,5,6,4,0,3,1,0,3,1,1,3,0,0,0,1,1,0,454063856756961501001660,205956291438215024524852,248107565318746476476808,693425594915259788267049,0,0,0,0
7,9,8,0,8,3,5,0,4,0,1,2,0,2,3,0,0,0,1,2,0,464741501649981297166835,178975442664094663605373,285766058985886633561462,612804291695326244938559,0,0,0,0
11,2,8,0,6,5,4,0,2,1,1,1,1,1,3,0,0,0,0,4,0,729087254038651432885313,355733572982033076485306,373353681056618356400007,658241816244467553587173,0,0,0,0
6,6,8,0,9,6,1,0,1,0,0,0,0,0,1,0,0,0,3,1,0,27539737654320987600000,27539737654320987599998,2,550406337139192304165697,0,0,0,0
3,2,5,0,11,3,6,0,6,0,0,5,0,2,4,0,0,0,2,5,0,996413367050798982405077,250000000000000451924760,746413367050798530480317,300000000000150451924756,0,0,0,0
9,1,6,0,6,6,3,0,3,0,0,2,1,1,2,0,0,0,0,1,0,552572796763254670886766,369114328934629440764554,183458467828625230122212,369566662817313743988511,0,0,0,0
7,1,9,0,7,5,8,0,6,1,1,4,2,3,5,0,0,0,0,3,0,879089365838440751856777,389509146185731529652500,489580219652709222204277,392605572151597966171402,0,0,0,0
8,4,14,0,8,4,2,0,0,0,2,0,0,2,0,0,0,0,1,1,0,21637068290000000000000,21637068290000000000000,0,511000504175259948116456,0,0,0,0
8,2,6,0,11,8,3,0,2,0,1,2,0,2,1,0,0,0,0,1,0,366595961929504319939274,160957596512625974103868,205638365416878345835406,404876593478878038368597,0,0,0,0
5,2,7,0,10,5,6,0,1,0,3,1,1,4,2,0,0,0,1,2,0,120388666296032600720822,111466779375132498172855,8921886920900102547967,499997421296446296320020,0,0,0,0
6,4,8,0,6,7,3,0,2,0,1,1,0,1,2,0,0,0,0,4,0,114631622537498624997945,90342174235029489347942,24289448302469135650003,293768429149752941910466,0,0,0,0
9,4,8,0,4,4,7,0,6,0,1,4,0,2,5,0,0,0,1,2,0,444315573429611695930026,375975635266305400400655,68339938163306295529371,556893691681530694341252,0,0,0,0
5,5,4,0,8,7,5,0,2,0,1,2,0,2,3,0,0,0,0,4,0,224738585232179674132230,155155161423063128018901,69583423809116546113329,300000000000150000006023,0,0,0,0
10,6,13,0,4,4,8,0,6,0,2,6,1,5,3,0,0,0,0,2,0,654674143890481636987359,479710639272187686481730,174963504618293950505629,537571886143546774372298,0,0,0,0
5,6,7,0,9,7,6,0,5,0,0,2,0,0,6,0,0,0,0,6,0,123850724825862041125651,79823555006431682237740,44027169819430358887911,444102283834981300486896,0,0,0,0
8,2,7,0,9,5,6,1,5,0,1,4,0,1,5,1,1,0,0,1,0,668268311735314774608105,209086286465621128672785,459182025269693645935320,355906825015126075565546,0,0,0,0
7,6,8,0,13,5,6,0,4,0,2,1,0,3,3,0,0,0,2,6,0,326577099146094046848550,298077370385286201036317,28499728760807845812233,386667356200561282181500,0,0,0,0
10,5,10,0,9,6,2,0,1,1,0,1,1,1,1,0,0,0,1,6,0,183526692816964389591549,93630975277357729750000,89895717539606659841549,270958437765520759242351,0,0,0,0
7,2,11,0,9,8,6,0,5,0,0,2,0,1,5,0,0,0,0,3,0,367682616485551700642273,308597353221719412868405,59085263263832287773868,509488697445931194818288,0,0,0,0
6,2,7,0,11,5,5,0,3,0,1,2,2,2,3,0,0,0,0,2,0,398126976031507806718678,139827355320592592549998,258299620710915214168680,300000000000150006617633,0,0,0,0
10,5,6,0,8,5,6,0,4,0,1,1,1,1,5,0,0,0,0,2,0,277852252719894683445475,269446226670226992994989,8406026049667690450486,704982331136880925044729,0,0,0,0
10,1,11,0,9,7,4,0,3,0,1,3,0,2,2,0,0,0,4,2,0,536664134113756559343422,207597502742014517761896,329066631371742041581526,454958886453596699590581,0,0,0,0
5,7,7,0,9,5,6,0,4,0,2,3,2,3,3,0,0,0,0,3,0,416703317901072504289771,202071418866716049357837,214631899034356454931934,369982673691423602873623,0,0,0,0
8,4,11,0,7,5,8,0,3,0,5,2,0,5,3,0,0,0,0,2,0,465798435276962962353898,352766194069298275159693,113032241207664687194205,359590476294077290585699,0,0,0,0
6,4,4,0,7,4,4,0,3,0,0,2,1,1,3,0,0,0,2,5,0,413345895269490749449994,110627001316736931199998,302718893952753818249996,577562362030945875913915,0,0,0,0
6,6,4,0,6,6,3,0,2,0,0,2,2,1,2,0,0,0,0,5,0,85920975113614645397775,53670926996493827099481,32250048117120818298294,386730251621194576481359,0,0,0,0
5,3,7,0,8,4,6,0,5,0,1,4,0,4,2,0,0,0,1,7,0,226852223479704838747649,149995034047903784141791,76857189431801054605858,344323244405513901684178,0,0,0,0
7,7,9,0,5,5,7,0,3,0,4,2,1,5,2,0,0,0,2,2,0,412465824504416288215966,331330122942271986469835,81135701562144301746131,583941078940908759089024,0,0,0,0
3,5,11,0,10,4,6,0,4,0,1,3,0,2,4,0,0,0,1,3,0,695959902167511953978316,241430833555519950580461,454529068611992003397855,334686368380059706280762,0,0,0,0
8,5,6,0,4,4,7,0,6,0,1,3,1,2,5,0,0,0,1,3,0,651000568735196876420657,396643706002426370219260,254356862732770506201397,346943504017044298701098,0,0,0,0
8,5,7,0,9,9,3,0,3,0,0,2,1,0,3,0,0,0,0,3,0,236810434262262616588526,113627828033171355851125,123182606229091260737401,299861496913730246950000,0,0,0,0
7,6,8,0,9,3,7,0,6,0,0,4,1,1,6,0,0,0,1,2,0,333009212046542976247015,237723539067836685053950,95285672978706291193065,355031302536407243318375,0,0,0,0
6,3,5,0,9,6,1,0,1,0,0,1,0,1,0,0,0,0,4,6,0,436482638888888888358126,50000000008000000000000,386482638880888888358126,444050366914340230800885,0,0,0,0
5,4,4,0,8,5,4,0,3,0,1,1,0,2,2,0,0,0,1,1,0,191247644888201371877870,119249048375752608299998,71998596512448763577872,536128102104185119973195,0,0,0,0
3,6,6,0,10,3,6,0,5,0,1,5,1,3,3,0,0,0,0,3,0,687977409746952139291895,306141486546726039095147,381835923200226100196748,325023835674561811091616,0,0,0,0
7,3,4,0,9,2,7,0,6,0,0,6,2,2,5,0,0,0,0,3,0,740475462378016738506195,259638023093390734227075,480837439284626004279120,378114839003565411386932,0,0,0,0
9,3,13,0,6,4,4,0,2,0,2,1,0,2,2,0,0,0,1,3,0,327408407932626973045742,223451415816644241530348,103956992115982731515394,573609816256181739335336,0,0,0,0
8,3,6,0,8,4,7,0,4,2,1,3,2,2,5,0,0,0,3,1,0,367598062854643230712113,180362506372931298857237,187235556481711931854876,461360266679880857756563,0,0,0,0
10,3,5,0,10,6,10,0,6,1,3,4,2,4,6,0,0,0,1,0,0,561105812391569047791926,255577404438035673947417,305528407953533373844509,327802381382287851623151,0,0,0,0
5,8,7,0,10,8,3,0,2,0,0,2,0,1,2,0,0,0,0,2,0,162369988654302616442037,91316201294827878174399,71053787359474738267638,309054839697161994184952,0,0,0,0
13,5,10,0,4,4,1,0,0,0,1,0,0,1,0,0,0,0,3,5,0,56370216341000000000000,56370216341000000000000,0,914174251679614203398096,0,0,0,0
7,6,12,0,7,4,4,0,2,0,2,0,0,2,2,0,0,0,1,2,0,121974798178149784943280,121974798178149784943274,6,468126818688296673480151,0,0,0,0
8,6,9,0,4,5,4,0,3,0,1,2,2,1,3,0,0,0,2,1,0,183147582177707251286745,49787152777370370349999,133360429400336880936746,655389126094701750194743,0,0,0,0
7,3,9,0,7,6,3,0,0,0,1,0,0,1,2,0,0,0,0,2,0,70213973500011225968811,70213973500011225968811,0,390208365004196414465098,0,0,0,0
3,7,11,0,10,6,5,0,4,0,1,2,0,2,3,0,0,0,0,3,0,300851810721814033009367,131576142048693057782553,169275668673120975226814,376606359424666057159974,0,0,0,0
8,2,4,0,9,4,5,1,3,1,1,2,1,2,3,1,1,0,0,1,0,410060666661473324095781,148858015409320987608080,261202651252152336487701,366032594638784514663476,0,0,0,0
11,4,6,0,7,6,4,0,3,0,1,3,1,1,3,0,0,0,0,4,0,406548480763385175310395,185273628508804664846039,221274852254580510464356,294890926796402183716608,0,0,0,0
6,3,6,0,8,9,4,0,4,0,0,2,1,0,4,0,0,0,0,3,0,358945553634561201879266,122615900135381888950001,236329653499179312929265,333158245737777864561944,0,0,0,0
7,6,9,0,4,5,3,0,2,0,0,2,1,1,2,0,0,0,1,1,0,239226211382273536118864,90253673967960622220992,148972537414312913897872,474378210024514594000077,0,0,0,0
10,4,2,0,11,6,7,0,5,0,2,4,0,3,4,0,0,0,1,2,0,350654024636672491821016,273553001342395061700046,77101023294277430120970,472859582407439937859966,0,0,0,0
6,4,8,0,6,6,6,0,3,0,2,1,0,3,3,0,0,0,0,3,0,207618148517464801548644,145845371794528933499998,61772776722935868048646,385889486447000263869622,0,0,0,0
10,3,7,0,5,7,3,0,2,0,1,2,1,2,1,0,0,0,0,3,0,146308906834317098986203,66779546267000000012353,79529360567317098973850,394058675190189301507657,0,0,0,0
10,5,8,0,13,8,4,0,2,0,1,1,1,2,2,0,0,0,1,0,0,277502449968602859450838,219802467456349222999716,57699982512253636451122,548282210484569726510908,0,0,0,0
11,4,6,0,14,4,3,0,3,0,0,3,0,3,0,0,0,0,1,1,0,533137406644665316716871,140298106489000000000000,392839300155665316716871,815741005128517698080196,0,0,0,0
9,4,4,0,15,5,4,0,1,0,3,1,0,3,1,0,0,0,1,5,0,181612505739506103950000,110467727309999999999997,71144778429506103950003,399999000000242528124745,0,0,0,0
9,1,9,0,12,10,0,0,0,0,0,0,0,0,0,0,0,0,0,0,0,0,0,0,541624939483004635511405,0,0,0,0
5,2,13,0,4,4,5,0,3,0,2,3,1,3,2,0,0,0,1,5,0,467589556553469905916751,156438644838674219040828,311150911714795686875923,347467265428662638984396,0,0,0,0
5,11,4,0,11,4,3,0,2,1,0,2,1,1,2,0,0,0,1,3,0,365274447959092608751413,68684301444072763128523,296590146515019845622890,260391685409093404912970,0,0,0,0
7,5,9,0,9,7,4,0,2,0,2,1,0,2,2,0,0,0,0,4,0,113289492500945294684577,101589767984089722093219,11699724516855572591358,300000000000180745848338,0,0,0,0
8,2,7,0,6,6,3,0,3,0,0,2,1,1,2,0,0,0,2,4,0,208928170179588973351887,115882523148148148099999,93045647031440825251888,465985460572032389339072,0,0,0,0
12,4,8,0,8,5,7,0,6,0,0,3,1,2,5,0,0,0,1,4,0,560775599961027747445326,235021995791463115419958,325753604169564632025368,529913155932469002319844,0,0,0,0
10,4,6,0,8,5,6,0,3,0,3,1,0,4,2,0,0,0,0,5,0,171219496349282420495819,160037557366676091749997,11181938982606328745822,724406122481658252445767,0,0,0,0
7,8,9,0,6,6,3,1,2,0,1,1,0,1,2,1,1,0,2,1,0,182435679138626591071490,28509660247049999999999,153926018891576591071491,547417741488499891431976,0,0,0,0
9,3,7,0,9,8,6,0,4,0,2,3,0,5,1,0,0,0,0,3,0,395368214307193742405137,260169571888074073999998,135198642419119668405139,365962988426036019698031,0,0,0,0
6,6,9,0,9,5,3,0,3,0,0,3,0,1,2,0,0,0,0,2,0,527514715875738996617761,129913329218025830988176,397601386657713165629585,344432472699307443226217,0,0,0,0
10,3,11,0,8,3,6,0,5,0,1,3,0,3,3,0,0,0,2,5,0,302246618994882343705679,225777831761300159949996,76468787233582183755683,553010609744596453557307,0,0,0,0
10,3,7,0,9,8,0,0,0,0,0,0,0,0,0,0,0,0,2,1,0,0,0,0,467074233261459988072989,0,0,0,0
3,5,12,0,7,8,1,0,0,1,0,0,1,0,1,0,0,0,0,3,0,31950156067883628400000,31950156067883628400000,0,358328850229049953826669,0,0,0,0
6,5,6,0,8,8,2,0,1,0,0,1,1,0,2,0,0,0,0,1,0,82027519772296422589903,32701384760802469120640,49326135011493953469263,367947977403549851373355,0,0,0,0
8,4,7,0,6,7,2,0,2,0,0,1,0,1,1,0,0,0,0,6,0,307581597222222221819096,86472415123456790049999,221109182098765431769097,589452292992739231221173,0,0,0,0
8,11,8,0,8,7,3,0,2,1,0,0,1,0,3,0,0,0,0,1,0,29677216817666726676144,29677216817666726676141,3,429589684034825910188862,0,0,0,0
5,6,8,0,9,5,5,0,4,0,1,4,0,3,2,0,0,0,0,4,0,406443224987249410223601,185903834878999999999997,220539390108249410223604,354517193069536927339575,0,0,0,0
9,6,5,0,14,7,7,0,6,0,0,4,0,2,5,0,0,0,0,6,0,672220080585214831317086,173441838882781732799992,498778241702433098517094,525819389843965523096359,0,0,0,0
6,4,6,0,10,6,6,0,4,1,1,4,2,3,3,0,0,1,1,3,0,391948798961898380362826,114418610242261568629246,277530188719636811733580,312273238138012985135431,0,0,1,0
9,6,13,0,6,6,4,0,1,1,1,1,1,1,3,0,0,0,0,2,0,320750287796808052306604,216355390374375747887895,104394897422432304418709,560097240455884941180913,0,0,0,0
10,3,4,0,11,5,4,0,3,0,1,1,1,1,3,0,0,0,1,3,0,280195816267119501196853,103109635968222579809649,177086180298896921387204,399127691774427649966958,0,0,0,0
7,2,8,0,9,5,5,0,1,1,3,1,1,3,2,0,0,0,0,3,0,88152456873975479996886,85616510600222897296885,2535946273752582700001,580283812870677175477042,0,0,0,0
16,4,5,0,4,1,2,0,2,0,0,2,1,0,2,0,0,0,1,1,0,314524962692552043959249,247261184709901318236650,67263777982650725722599,671182706400455256841527,0,0,0,0
4,8,9,0,10,5,6,0,5,0,1,3,0,3,3,0,0,0,2,5,0,163824745899237822800319,101569644618850652253910,62255101280387170546409,401933580035792105073929,0,0,0,0
10,7,11,0,6,4,5,0,3,0,1,4,1,3,2,0,0,0,1,3,0,562079185638436530912902,425895570258442208336072,136183615379994322576830,450057581683961507941363,0,0,0,0
11,7,6,0,6,5,2,0,2,0,0,2,0,1,1,0,0,0,1,2,0,370003177490516868667691,138305903756453184962544,231697273734063683705147,476855035674324957456182,0,0,0,0
8,4,10,0,10,5,4,0,3,1,0,2,1,1,3,0,0,0,0,4,0,333266049234820013049739,309489624740011489723774,23776424494808523325965,519399533599777577304624,0,0,0,0
9,7,7,0,7,6,3,0,2,1,0,1,1,0,3,0,0,0,0,2,0,72800509142421479307890,60693764374971899224117,12106744767449580083773,300000000000151677800834,0,0,0,0
12,3,8,0,10,4,9,0,9,0,0,7,1,3,6,0,0,0,1,3,0,902000477476348970625092,560054832002030624376050,341945645474318346249042,696024683556296174960234,0,0,0,0
9,3,3,0,9,5,3,0,2,0,1,1,0,2,1,0,0,0,0,1,0,196610497826909613966170,196587521231670555285979,22976595239058680191,551387146630009195369858,0,0,0,0
8,5,13,0,3,4,3,0,3,0,0,2,1,1,2,0,0,0,1,3,0,191057132232484809262706,154981152947433324525676,36075979285051484737030,578526649988800654331074,0,0,0,0
6,4,4,0,8,7,3,0,2,0,0,1,0,1,2,0,0,0,0,4,0,235400419490794412324791,67689020061728394949999,167711399429066017374792,553285477527118583692037,0,0,0,0
10,2,8,0,9,5,7,0,6,0,1,5,2,4,3,0,0,0,1,2,0,740996348830438323186590,396025624157997453850685,344970724672440869335905,693087490799481237087507,0,0,0,0
10,8,6,0,8,3,4,0,2,0,2,1,0,3,1,0,0,0,0,3,0,197240135458811487933020,175531710164232210109415,21708425294579277823605,475151678927616066053637,0,0,0,0
8,9,4,0,8,2,5,0,4,0,0,2,0,0,5,0,0,0,0,3,0,68298805557564528091557,56210194523047901682585,12088611034516626408972,385596294411477553486161,0,0,0,0
6,7,7,0,5,3,3,0,1,0,2,0,0,2,1,0,0,0,3,4,0,101284334880929064850000,101284334880929064849998,2,601448529963841237705302,0,0,0,0
8,3,3,0,10,5,5,1,5,0,0,3,1,2,3,1,1,0,0,5,0,615483395883250208014100,182173446540674608183133,433309949342575599830967,347081838301350956212246,0,0,0,0
7,8,9,0,6,7,5,0,5,0,0,4,0,2,3,0,0,0,1,2,0,425519494937254024712809,150915704707000000011709,274603790230254024701100,305630490505276000998756,0,0,0,0
5,3,10,0,6,7,2,0,2,0,0,2,2,0,2,0,0,0,1,6,0,111418797967268164227523,21405964827106713886028,90012833140161450341495,302041538147329815304225,0,0,0,0
8,8,9,0,9,5,8,0,5,1,2,4,1,5,3,0,0,0,0,4,0,210779262349221848568969,138900874880692447448738,71878387468529401120231,300000000000226277609961,0,0,0,0
2,4,8,0,9,4,5,0,3,1,1,2,1,2,3,0,0,0,3,3,0,227023639973719668981208,149449036294493877611497,77574603679225791369711,443625378435963113263052,0,0,0,0
9,9,6,0,3,6,1,0,0,1,0,0,1,0,1,0,0,0,1,5,0,17937770070931735500000,17937770070931735500000,0,352482145512262488371892,0,0,0,0
9,2,5,0,4,5,4,0,3,0,1,2,0,1,3,0,0,0,0,4,0,176180476951380671248885,135808589785150118926452,40371887166230552322433,514580843435993307957220,0,0,0,0
11,8,10,0,10,6,3,0,3,0,0,1,0,1,2,0,0,0,1,2,0,365876308948482885546893,218950468819294253712239,146925840129188631834654,622834214135817133352368,0,0,0,0
9,6,8,0,6,4,5,0,2,0,3,1,0,3,2,0,0,0,1,2,0,293471617947269223766268,177279862248058633712830,116191755699210590053438,495000109251007584519239,0,0,0,0
8,4,4,0,14,4,2,0,1,0,1,0,0,1,1,0,0,0,1,8,0,234234271611505092749504,234234271611505092749503,1,459537612889110991711412,0,0,0,0
8,6,10,0,10,5,3,0,2,0,1,1,0,2,1,0,0,0,4,3,0,122847548509542603705584,114027759204746620299861,8819789304795983405723,607737470163819265059463,0,0,0,0
12,6,9,0,12,6,4,0,2,0,2,1,1,2,2,0,0,0,1,2,0,83880105905632608086428,35635372196946635858587,48244733708685972227841,643207382066357851720109,0,0,0,0
10,3,15,0,6,3,8,0,3,2,2,1,2,3,5,0,0,0,0,1,0,227200075451456179931747,194949897218185599356419,32250178233270580575328,633419871986381292180368,0,0,0,0
15,5,6,0,7,3,3,0,1,0,0,1,0,0,3,0,0,0,1,3,0,110364907606941219779221,61847217901002799478881,48517689705938420300340,897924277700912133098389,0,0,0,0
4,7,14,0,5,7,1,0,1,0,0,1,1,0,1,0,0,1,1,5,0,396059852,135939757,260120095,256540000000168974999997,0,0,1,0
8,6,7,0,5,5,5,0,5,0,0,2,1,0,5,0,0,0,0,5,0,260088511768762910271304,114399646339681270384208,145688865429081639887096,438976897296874720190800,0,0,0,0
6,2,7,0,14,9,2,0,2,0,0,1,0,1,1,0,0,0,0,4,0,188836528462745291374900,86649116560209310349998,102187411902535981024902,543218775665167527549150,0,0,0,0
6,3,10,0,6,8,4,0,2,0,2,1,0,2,2,0,0,0,0,5,0,333795545882353609174512,104994860671999999999995,228800685210353609174517,300000000000226876325283,0,0,0,0
10,7,7,0,10,6,1,0,0,0,1,0,0,1,0,0,0,0,1,2,0,9796232545000000000000,9796232545000000000000,0,611914951847486135565099,0,0,0,0
7,1,12,0,7,5,6,0,5,0,1,4,0,3,3,0,0,0,0,5,0,604788180252684269361529,381375815524046319357949,223412364728637950003580,475429099805563282183005,0,0,0,0
9,4,10,0,10,5,4,0,4,0,0,2,0,2,2,0,0,0,3,3,0,305353035051296527170545,254583410997877064684892,50769624053419462485653,695306767875833786814677,0,0,0,0
10,6,10,0,9,6,4,0,3,0,0,2,1,1,3,0,0,0,3,0,0,382364771118775602646990,326956101576072840783372,55408669542702761863618,362605942368171206359730,0,0,0,0
7,1,4,0,3,7,4,0,1,1,2,1,1,3,1,0,0,0,1,3,0,199002100816364899922301,169047541699592592550000,29954559116772307372301,449998000000211255475580,0,0,0,0
9,2,4,0,7,6,3,0,3,0,0,3,0,2,1,0,0,0,0,5,0,436161039632735770158410,106799927710999999999997,329361111921735770158413,509240891108059053660420,0,0,0,0
6,6,5,0,8,6,7,0,5,0,2,2,1,3,4,0,0,0,0,3,0,420885206796094257667250,184632721647940361944973,236252485148153895722277,513250653642269471868743,0,0,0,0
5,2,9,0,11,7,4,0,4,0,0,1,0,1,3,0,0,0,1,5,0,168407186241024462820182,128814903899395353182271,39592282341629109637911,558041719790781515725795,0,0,0,0
10,1,4,0,8,5,5,0,4,1,0,3,1,2,3,0,0,0,2,3,0,331711694138127323087453,195866082307706726555055,135845611830420596532398,468666149980000176527322,0,0,0,0
10,4,12,0,7,6,2,0,2,0,0,1,1,0,2,0,0,0,0,0,0,75715017941763312930404,44146698276090245988982,31568319665673066941422,877334777603826021775576,0,0,0,0
12,6,8,0,12,2,6,0,2,3,1,1,3,1,5,0,0,0,0,2,0,196593635410613266696251,189101423881803499796248,7492211528809766900003,713820710416980550268052,0,0,0,0
7,4,10,0,10,4,4,0,3,0,1,3,0,1,3,0,0,0,1,4,0,451116411406349507063986,202468169946080465965742,248648241460269041098244,414103488512020177775825,0,0,0,0
7,10,7,0,10,3,2,0,1,0,1,0,0,1,1,0,0,0,0,0,0,87374233195136138074176,87374233195136138074174,2,582015495683994327833272,0,0,0,0
6,3,9,0,6,6,5,0,2,1,2,1,1,2,3,0,0,0,0,2,0,150379322558880057700855,126626949127893950205060,23752373430986107495795,552826905433133200252154,0,0,0,0
12,5,4,0,6,8,6,0,4,0,0,1,1,0,6,0,0,0,2,4,0,271366692495438452966941,200794302956343240633253,70572389539095212333688,824877991177709655208692,0,0,0,0
5,3,7,0,12,3,7,0,4,0,2,4,2,3,4,0,0,0,0,1,0,824637560518860667509806,351397366641841638420493,473240193877019029089313,399999000000150000000010,0,0,0,0
5,7,5,0,8,2,11,0,7,2,1,3,3,2,9,0,0,0,0,1,0,420747412765486419809648,286543635733316841139562,134203777032169578670086,415623212862553801076871,0,0,0,0
6,5,7,0,9,4,5,0,3,0,2,1,0,3,2,0,0,0,2,3,0,299495266357512871889795,91895054166154847511676,207600212191358024378119,416093620675204789201558,0,0,0,0
5,10,11,0,10,5,4,0,4,0,0,3,1,1,3,0,0,0,0,3,0,292116019620388940475969,93369080243027121118516,198746939377361819357453,392111014729105433843242,0,0,0,0
9,5,7,0,14,5,3,0,3,0,0,3,0,3,0,0,0,0,0,3,0,445933728178157871272852,251850580972000000000000,194083147206157871272852,377656004233947833022185,0,0,0,0
5,6,7,0,11,6,4,0,2,1,0,1,1,1,3,0,0,0,1,3,0,113497461881187784991091,54844417754075168088427,58653044127112616902664,612287493059548810172572,0,0,0,0
4,3,8,0,11,5,4,0,3,0,1,3,1,2,2,0,0,0,0,2,0,185858672133914080969907,124044439999999999999998,61814232133914080969909,400285543584816831789087,0,0,0,0
6,7,8,0,9,6,5,0,3,0,2,3,0,4,1,0,0,0,0,4,0,502848215596385965559266,113058469121885437307136,389789746474500528252130,427604069600184886052179,0,0,0,0
6,7,5,0,7,10,7,0,3,3,1,3,3,2,5,0,0,0,1,3,0,356869556018927954273974,221199833313849335677473,135669722705078618596501,243196288274667084936472,0,0,0,0
9,7,7,0,8,3,5,0,3,1,1,3,1,3,2,0,0,0,0,1,0,401276371114103433092033,167830396373443696753315,233445974740659736338718,633919559556120168913438,0,0,0,0
12,2,8,0,9,5,6,0,3,0,2,1,0,3,3,0,0,0,3,5,0,204009002348124561188259,198602593460323140230341,5406408887801420957918,625057626384655423311932,0,0,0,0
9,3,7,0,6,5,7,0,6,1,0,4,3,2,5,0,0,0,2,6,0,345083991694456192812294,239274815421628846926281,105809176272827345886013,437985082227448770193784,0,0,0,0
7,5,6,0,12,5,6,0,1,0,1,1,2,2,4,0,0,0,1,2,0,400151841581142968260030,116981807458920826866450,283170034122222141393580,395110304012495679089953,0,0,0,0
9,1,8,0,8,9,3,0,1,1,0,1,3,0,3,0,0,0,1,2,0,211816840277777342941517,23032872727247274467210,188783967550530068474307,327277645833583332424116,0,0,0,0
5,6,5,0,11,2,3,0,2,1,0,2,2,1,2,0,0,0,1,1,0,170745720798504960334852,92309478176399739872383,78436242622105220462469,303716494947245204749950,0,0,0,0
8,7,10,0,10,3,3,0,2,0,1,2,0,2,1,0,0,0,0,1,0,195381806814710299793358,137881757861999999999999,57500048952710299793359,399999000000150000001025,0,0,0,0
7,4,9,0,7,5,5,0,5,0,0,3,0,1,4,0,0,0,3,3,0,566817813249605257102469,231736262232097346310192,335081551017507910792277,420653739480570782005875,0,0,0,0
7,6,11,0,5,8,4,0,3,0,1,3,0,3,1,0,0,0,1,1,0,504608896807806494048695,104667449913999999999999,399941446893806494048696,462000890427896407411572,0,0,0,0
4,9,7,0,12,5,6,0,5,0,0,3,0,2,4,0,0,0,0,5,0,368709656156859165731749,144490285958869833943173,224219370197989331788576,294583333333483333350000,0,0,0,0
5,2,4,0,8,6,6,0,3,0,1,3,0,3,3,0,0,0,0,3,0,318189181769482602799925,210060944769512303929402,108128236999970298870523,300000000000150000005969,0,0,0,0
10,4,6,0,10,8,4,0,2,1,0,0,2,0,4,0,0,0,0,3,0,228746429098310134412315,228746429098310134412313,2,497922156793311149770792,0,0,0,0
5,4,10,0,7,8,5,0,3,0,2,1,1,2,3,0,0,0,1,1,0,131282223600044573265394,119077609505598054628856,12204614094446518636538,273256020042665046096748,0,0,0,0
9,7,7,0,11,4,8,0,0,0,8,0,0,8,0,0,0,0,0,1,0,193196014638000000000000,193196014638000000000000,0,421322911900831550257575,0,0,0,0
8,3,12,0,7,4,4,0,3,0,1,3,1,2,2,0,0,0,2,2,0,525417925036733286221005,352081277801000009872363,173336647235733276348642,349999000000213839768618,0,0,0,0
10,3,6,0,8,5,6,0,4,0,1,3,1,1,5,0,0,0,1,1,0,443142421869212573547054,336840372701125229962173,106302049168087343584881,702743719495234912304590,0,0,0,0
7,4,9,0,8,6,5,0,2,0,2,1,1,2,3,0,0,0,2,5,0,231886683994383089746816,183923144361398323449126,47963539632984766297690,639172244475681704203691,0,0,0,0
13,4,6,0,7,4,5,0,4,1,0,2,1,1,4,0,0,0,0,2,0,355434569882031358537453,251017022963525520503309,104417546918505838034144,611446211438260180978827,0,0,0,0
3,2,11,0,10,4,5,0,3,0,1,2,2,1,4,0,0,0,0,5,0,360239159170178046850670,171149047918303856187395,189090111251874190663275,334686368380059706280762,0,0,0,0
9,6,3,0,6,5,4,0,1,2,0,1,2,1,3,0,0,0,0,3,0,191008816307262088213603,109366556424418171706087,81642259882843916507516,467321161460131827306174,0,0,0,0
5,5,9,0,11,8,5,0,2,0,2,2,1,2,3,0,0,0,0,4,0,368243224854278899854987,249288074921000055468407,118955149933278844386580,349983953703903759218408,0,0,0,0
6,0,8,0,6,8,4,0,4,0,0,2,0,2,2,0,0,0,0,1,0,215601158419456340391749,195788127789292455974686,19813030630163884417063,414177520407573395653426,0,0,0,0
7,3,4,0,9,4,5,0,4,0,0,4,2,1,4,0,0,0,2,3,0,683710470023647764011733,202369414545448170984983,481341055478199593026750,428339132213441954633427,0,0,0,0
9,4,11,0,6,6,0,0,0,0,0,0,0,0,0,0,0,0,1,3,0,0,0,0,357897551591978389436149,0,0,0,0
10,3,9,0,4,6,9,0,4,2,3,4,2,6,3,0,0,0,1,1,0,645122494146337000438333,468724548374831361831068,176397945771505638607265,654624989478200107087375,0,0,0,0
11,11,7,0,7,2,3,0,3,0,0,2,0,1,2,0,0,0,1,1,0,209091331878543898863436,64884908659469846721925,144206423219074052141511,672463912628273289201816,0,0,0,0
8,7,9,0,4,5,4,0,3,0,0,2,2,0,4,0,0,0,1,2,0,127152661398915922477645,36258198151789123148164,90894463247126799329481,462657451594116115721759,0,0,0,0
10,10,7,0,10,7,6,1,2,1,0,1,1,0,6,1,1,0,2,1,0,324540090995349878094593,97160390690788342752527,227379700304561535342066,653731723395708526895447,0,0,0,0
9,3,10,0,11,6,5,0,3,0,2,2,0,4,1,0,0,0,1,4,0,380069970751941497731408,129452443443009947638334,250617527308931550093074,699115796468426242547559,0,0,0,0
6,1,7,0,8,6,3,0,1,0,2,1,0,2,1,0,0,0,0,5,0,217639076935730282536115,176708224553000000100019,40930852382730282436096,484030007442282055966544,0,0,0,0
10,3,2,0,11,6,6,0,5,0,1,4,0,2,4,0,0,0,1,3,0,369396043349200406514263,299115064814000000000046,70280978535200406514217,549997000000029262183194,0,0,0,0
6,4,8,0,13,5,4,0,1,0,2,1,1,3,1,0,0,0,2,1,0,149226573315437099091646,80159169697965881250000,69067403617471217841646,472914872005319743172765,0,0,0,0
6,5,6,0,7,4,2,0,2,0,0,2,0,2,0,0,0,0,0,3,0,276273550488217783674852,49746659920000000000000,226526890568217783674852,546619762506020713413066,0,0,0,0
12,5,6,0,11,7,3,0,3,0,0,3,0,3,0,0,0,0,1,2,0,319709002749358023591619,151441424862000000000000,168267577887358023591619,794735236532375170128404,0,0,0,0
7,6,9,0,9,7,3,0,1,0,2,0,0,2,1,0,0,0,1,4,0,131584518425846505421233,131584518425846505421231,2,300000000000180745848338,0,0,0,0
7,4,13,0,6,4,6,0,6,0,0,4,1,2,4,0,0,0,1,0,0,404800510494773320043942,207988970104924492847519,196811540389848827196423,522364774581768453433606,0,0,0,0
8,5,6,0,9,5,2,0,2,0,0,1,0,1,1,0,0,0,2,2,0,38718082776024590272121,38716949382716049299999,1133393308540972122,609863135695718824283535,0,0,0,0
8,4,4,0,6,7,4,0,3,1,0,1,1,1,3,0,0,0,0,5,0,137795084015957457170395,96255055681074398570121,41540028334883058600274,375232131179362490161860,0,0,0,0
6,6,9,0,9,6,2,0,1,0,0,1,1,0,2,0,0,0,0,3,0,433881310686481108341921,125683990333735055891921,308197320352746052450000,342718846108405248054063,0,0,0,0
9,5,7,0,9,4,4,0,4,0,0,3,0,2,2,0,0,0,1,7,0,502632137456562611604379,317314396823106653084005,185317740633455958520374,496802981399884657941032,0,0,0,0
8,2,11,0,8,5,4,0,3,0,1,2,0,3,1,0,0,0,1,3,0,258686822183043646300335,112111351967962962899998,146575470215080683400337,588900532299949583569235,0,0,0,0
9,6,5,0,14,8,8,0,4,0,2,3,1,2,6,0,0,0,1,4,0,702625401148898728687240,316858962698173465748439,385766438450725262938801,532055569288277975558241,0,0,0,0
7,3,6,0,7,10,1,0,1,0,0,1,0,0,1,0,0,0,0,3,0,39097094031082051761322,18797851457697378529228,20299242573384673232094,458929294162197071525001,0,0,0,0
4,5,7,0,11,5,4,0,3,1,0,2,2,1,3,0,0,0,2,3,0,185853795390909413659569,113828866602000378918099,72024928788909034741470,499998617270301118293647,0,0,0,0
10,6,11,0,7,4,6,0,5,0,1,2,0,2,4,0,0,0,0,5,0,478118571321814736137028,415555455173406893724259,62563116148407842412769,505486315202477364352392,0,0,0,0
12,10,9,0,9,3,9,0,6,1,2,3,1,5,4,0,0,0,0,0,0,546879360302961214758389,408782826535228811032094,138096533767732403726295,672315512972722098209948,0,0,0,0
10,6,11,0,6,6,5,0,2,0,1,3,2,3,2,0,0,0,1,3,0,401037844750863767081689,188473141196563800689135,212564703554299966392554,543611432808392351141807,0,0,0,0
10,4,5,0,5,2,4,0,3,0,1,3,1,2,2,0,0,0,2,2,0,275002741311884808045586,215928223859087855863606,59074517452796952181980,604151981284787298007111,0,0,0,0
4,5,10,0,6,8,3,0,1,0,1,1,1,1,2,0,0,0,2,3,0,129799729489483138850000,90221257715975308600000,39578471773507830250000,300000000000137160300926,0,0,0,0
10,6,6,0,8,3,4,0,2,0,2,1,0,2,2,0,0,0,0,3,0,266216964089612347143983,244979564577697799786051,21237399511914547357932,475151678927616066053638,0,0,0,0
6,5,9,0,4,6,6,0,5,0,0,4,0,1,5,0,0,0,0,4,0,336173255035763166261211,221132974431976571435107,115040280603786594826104,324569398214396373783387,0,0,0,0
10,2,11,0,9,3,3,0,3,0,0,2,0,1,2,0,0,0,1,3,0,178625100530043461843931,147461397606932330156199,31163702923111131687732,716537715573825255976218,0,0,0,0
10,6,8,0,6,7,4,0,3,0,1,1,0,1,3,0,0,1,0,4,0,58506824137254713226362,58506824137254713223207,3155,513176771140464510659251,0,0,1,0
2,3,8,0,9,4,6,0,4,0,1,3,1,1,5,0,0,0,0,5,0,443382348621236461229728,275228789172882870998308,168153559448353590231420,484149508660185641510820,0,0,0,0
5,7,6,0,8,5,4,0,4,0,0,3,0,0,4,0,0,0,0,4,0,253501697660348753694696,110990442241143314515238,142511255419205439179458,156109694585046794501300,0,0,0,0
12,5,7,0,7,3,3,0,2,0,1,2,1,2,1,0,0,0,0,2,0,337667289755178445899857,246537226925590502765831,91130062829587943134026,768399947370292747056528,0,0,0,0
6,2,6,0,10,7,5,0,3,0,2,3,0,4,1,0,0,0,1,4,0,557317813899627130758257,217629150353884113073953,339688663545743017684304,370575573950646199022639,0,0,0,0
12,8,9,0,12,6,2,0,0,2,0,0,2,0,2,0,0,0,0,5,0,8712770671514959401,8712770671514959401,0,643231715280120408097290,0,0,0,0
8,5,6,0,6,4,5,0,1,3,0,1,3,0,5,0,0,0,4,2,0,69398442795113701622816,66105416788126640033255,3293026006987061589561,413575402489222562926945,0,0,0,0
6,4,9,0,5,4,7,0,2,0,3,2,1,4,3,0,0,0,1,3,0,369463433657339957445354,160583405165284883750000,208880028492055073695354,530138718998380414901754,0,0,0,0
12,5,7,0,5,5,5,0,3,0,2,1,0,3,2,0,0,0,1,4,0,263654788216275308488018,260043651703783132185468,3611136512492176302550,859047440537079744958351,0,0,0,0
7,1,12,0,7,7,6,0,4,0,1,4,0,3,3,0,0,0,0,5,0,354893668770752968616328,152240563627429952464482,202653105143323016151846,365377578324926638988253,0,0,0,0
7,7,10,0,6,6,3,0,2,0,1,2,0,2,1,0,0,0,2,2,0,243787271545058938375996,80421802031227073674132,163365469513831864701864,560830720044664293220973,0,0,0,0
11,7,6,0,4,4,7,0,4,0,2,4,0,5,2,0,0,0,1,1,0,603468151617520221913568,295444065322506172799998,308024086295014049113570,638856692279977199818198,0,0,0,0
9,3,9,0,6,2,3,0,2,0,1,2,1,2,1,0,0,0,0,1,0,112024060838386145034211,70011766989000000000023,42012293849386145034188,842420773413728649349212,0,0,0,0
10,2,4,0,8,6,4,0,3,1,0,2,1,1,3,0,0,0,2,4,0,335607934865248951285586,194506954576189514501586,141100980289059436784000,468341058052271048591319,0,0,0,0
7,4,7,0,14,4,3,0,3,0,0,2,0,1,2,0,0,0,1,2,0,264722135490798766063161,65645195506172839449998,199076939984625926613163,460162444754557517183882,0,0,0,0
3,4,5,0,5,4,7,0,6,0,1,6,0,5,2,0,0,0,1,5,0,794921228131743629052354,355393369124221052699686,439527859007522576352668,300000000000138509452161,0,0,0,0
11,3,5,0,4,6,9,0,4,0,3,3,1,4,5,0,0,0,0,4,0,462694844250229950303205,265224702937078158486437,197470141313151791816768,300001000000150000000001,0,0,0,0
5,6,5,0,8,3,8,0,6,0,1,3,1,2,6,0,0,0,2,2,0,312608048874883180575236,227961822887392780342427,84646225987490400232809,415623212862553801076871,0,0,0,0
9,4,11,0,8,4,7,1,5,1,1,1,1,2,5,1,1,0,1,0,0,196184511002983366497201,133686786660581914665261,62497724342401451831940,577430549066564841270354,0,0,0,0
11,1,14,0,7,6,5,0,5,0,0,2,0,1,4,0,0,0,2,3,0,681009386599611377420757,544889081637031048117513,136120304962580329303244,531273065794986345499072,0,0,0,0
6,7,8,0,9,6,4,0,2,0,2,2,0,4,0,0,0,0,0,5,0,103621259310571833389931,48789627066000000000000,54831632244571833389931,427519069600184502417775,0,0,0,0
5,6,10,0,6,6,5,0,4,0,1,3,0,3,2,0,0,0,0,3,0,238651490052342010745120,137829301266439814812473,100822188785902195932647,412916825916111898848919,0,0,0,0
7,4,9,0,7,6,4,0,2,0,0,1,1,0,4,0,0,0,0,4,0,99158498183889729029308,61836725234314767097082,37321772949574961932226,463629590083450777359513,0,0,0,0
8,7,5,0,11,4,6,0,3,1,2,3,2,3,3,0,0,0,0,1,0,278006584696443031645946,119762621492132173214174,158243963204310858431772,361571864518330858656595,0,0,0,0
8,6,10,0,10,2,3,0,2,0,1,2,0,1,2,0,0,0,0,1,0,133865285862988265181659,92315531200858691165584,41549754662129574016075,471009592802810375752611,0,0,0,0
6,2,8,0,10,6,5,0,4,0,1,3,1,1,4,0,0,0,0,4,0,419520411060941995703335,168334756669192946507674,251185654391749049195661,300000000000196535980714,0,0,0,0
7,4,5,0,10,2,5,0,5,0,0,4,1,1,4,0,0,0,0,3,0,414653345403723140672327,250471224062048561939534,164182121341674578732793,340820005735756082537227,0,0,0,0
13,1,9,0,15,5,4,0,4,0,0,2,0,0,4,0,0,0,0,3,0,405005218992345923320936,250359767568567688360068,154645451423778234960868,392343912773352677035572,0,0,0,0
8,3,12,0,7,4,4,0,3,0,1,2,0,2,2,0,0,0,2,2,0,293888766030128953144568,237332253021659798062647,56556513008469155081921,585504342847763014336600,0,0,0,0
8,2,9,0,11,2,4,0,4,0,0,4,0,2,2,0,0,0,1,3,0,754466275201664550949139,376813551388832877719652,377652723812831673229487,565363042652836978652517,0,0,0,0
8,7,8,0,8,5,3,0,2,0,1,2,0,3,0,0,0,0,0,5,0,137208328136754079117643,103697376513000000000000,33510951623754079117643,539942325904114311960336,0,0,0,0
6,3,8,0,6,6,3,0,3,0,0,2,0,1,2,0,0,0,0,2,0,126595576623579338631955,99999999999999999999996,26595576623579338631959,446965648196900447910878,0,0,0,0
4,2,7,0,7,4,6,0,4,0,1,4,1,2,4,0,0,0,0,3,0,562034913769696291716695,263563969994814814749998,298470943774881476966697,300000000000203837663074,0,0,0,0
8,5,8,0,7,5,7,0,6,0,1,4,0,3,4,0,0,0,0,1,0,511223648958934854940126,240291349685037037000127,270932299273897817939999,668521029245507335750714,0,0,0,0
4,3,12,0,6,4,5,0,5,0,0,3,0,2,3,0,0,0,1,3,0,762635361009395617848430,335457975453460950248551,427177385555934667599879,649315421612460393972707,0,0,0,0
15,4,7,0,8,5,4,0,2,1,0,1,1,0,4,0,0,0,0,3,0,145843616349582735871174,85856162803651611878938,59987453545931123992236,690922903277933661851007,0,0,0,0
9,3,10,0,11,4,6,0,3,0,2,3,1,4,2,0,0,0,1,3,0,579445812576801905771096,239690832885382898694456,339754979691419007076640,637590480665732203179169,0,0,0,0
3,5,11,0,9,3,2,0,1,0,1,1,0,1,1,0,0,0,2,1,0,118544546288015558590030,66916868745800314937502,51627677542215243652528,356790420291071775860683,0,0,0,0
10,2,4,0,5,5,5,0,2,1,2,1,1,2,3,0,0,0,1,3,0,173806725562198768338357,156974453185655558588353,16832272376543209750004,771001345129136241376985,0,0,0,0
7,4,12,0,6,4,5,0,4,0,1,4,1,2,3,0,0,0,1,1,0,379518331332917646908831,133327832808996483423142,246190498523921163485689,350952175123474712952001,0,0,0,0
7,5,4,0,7,4,9,0,4,1,3,4,1,4,5,0,0,0,1,1,0,646927187329354966663895,386298131664480980249190,260629055664873986414705,362295345670179168774238,0,0,0,0
6,3,8,0,7,7,7,0,2,1,4,2,1,5,2,0,0,0,1,2,0,403771397620101069809501,141548101792494191729363,262223295827606878080138,373256565920446171426101,0,0,0,0
11,6,4,0,4,9,1,0,1,0,0,1,0,1,0,0,0,0,0,4,0,231264235510204630229252,83676832471000000000000,147587403039204630229252,372100082757264688162033,0,0,0,0
10,4,11,0,7,4,7,0,6,0,1,2,1,1,6,0,0,0,0,4,0,408856566754455095357965,406231479444448933609924,2625087310006161748041,483556781573867013706900,0,0,0,0
5,7,7,0,10,8,3,0,3,0,0,2,1,0,3,0,0,0,0,2,0,241805763524598578768123,82267984993240022758166,159537778531358556009957,435790824074174074128381,0,0,0,0
3,3,4,0,7,2,6,0,5,0,1,4,1,2,4,0,0,0,2,5,0,301140746144148674538958,216310007715999999999997,84830738428148674538961,300000000000150000007925,0,0,0,0
8,5,8,0,10,1,5,0,5,0,0,5,1,4,1,0,0,0,0,2,0,515961600787792091907634,278952794917000000000000,237008805870792091907634,776672689610782043927757,0,0,0,0
10,4,11,0,9,5,6,0,5,1,0,5,2,2,4,0,0,0,0,1,0,395070245487334951084941,227279268944090924662587,167790976543244026422354,602535248533738589369150,0,0,0,0
7,4,6,0,6,6,3,0,2,0,1,0,0,1,2,0,0,0,1,2,0,157290117831503230870392,157290117831503230870386,6,406689214082952731221987,0,0,0,0
5,7,10,0,7,4,5,0,2,0,0,2,0,0,5,0,0,0,0,4,0,229893860361050846519729,185031304810464170306961,44862555550586676212768,432985889185211064579967,0,0,0,0
9,3,6,0,7,5,7,0,1,4,1,1,4,2,5,0,0,0,2,1,0,183722771495960677771528,174243056903616270360934,9479714592344407410594,579435764149978884986285,0,0,0,0
6,5,5,0,3,6,10,1,6,3,1,4,3,2,8,1,1,0,0,7,0,518535730018693496043001,171557549679477488625469,346978180339216007417532,371523068677445700659070,0,0,0,0
8,5,6,0,6,5,3,0,1,1,0,0,1,0,3,0,0,0,6,2,0,50796184937316497920634,50796184937316497920633,1,393979727131519101368848,0,0,0,0
7,5,9,0,7,5,2,0,1,0,1,1,0,1,1,0,0,0,1,1,0,343911360151467450991800,153339004583999999999997,190572355567467450991803,346079979639178449106389,0,0,0,0
9,3,9,0,6,2,2,0,1,0,1,1,0,2,0,0,0,0,0,2,0,113123745869541368193541,69995370384000000000000,43128375485541368193541,772784356385854816247743,0,0,0,0
6,6,6,0,10,7,3,0,1,0,2,1,0,3,0,0,0,0,1,2,0,114576182510926522760197,17496558662000000000000,97079623848926522760197,318419571908291373445785,0,0,0,0
7,3,9,0,14,9,3,0,2,0,0,2,0,1,2,0,0,0,0,6,0,298138444990242431321928,106147496556444444399999,191990948433797986921929,531815099638198346140711,0,0,0,0
10,3,9,0,9,4,2,0,2,0,0,0,0,0,2,0,0,0,0,0,0,122564692321050902423810,122564692321050902423804,6,714992474314768655764816,0,0,0,0
5,4,2,0,14,5,4,0,4,0,0,4,1,2,2,0,0,0,0,3,0,488549432506248147579658,131580000000000096702539,356969432506248050877119,349999000000150486937660,0,0,0,0
11,3,14,0,7,6,3,0,2,0,1,2,0,1,2,0,0,0,2,5,0,371068136074478778966994,273351357594456038339929,97716778480022740627065,472994871047393743192750,0,0,0,0
11,6,12,0,10,1,5,0,2,1,2,0,1,2,3,0,0,0,1,0,0,63533251722484226550565,63533251722484226550563,2,656725715605617456904901,0,0,0,0
9,1,12,0,3,6,5,0,4,0,0,2,0,1,4,0,0,0,1,1,0,76421365742107974124308,61154159336086419762759,15267206406021554361549,429456448919426590574403,0,0,0,0
10,2,6,0,3,6,6,0,4,0,2,3,0,3,3,0,0,0,0,3,0,364445773569977166482103,186397081504000000002978,178048692065977166479125,349999000000164423962610,0,0,0,0
13,3,9,0,15,6,5,0,5,0,0,3,0,0,5,0,0,0,0,2,0,281119952770171727151953,255358202021698275745508,25761750748473451406445,612169164988774110465117,0,0,0,0
4,4,5,0,10,7,4,0,1,0,3,1,0,4,0,0,0,0,0,6,0,130543891016486915848157,56461971080000000000000,74081919936486915848157,389334436675877987367303,0,0,0,0
12,7,8,0,6,4,1,0,1,0,0,1,0,1,0,0,0,0,3,0,0,104983528987443509962396,50000000000000000000000,54983528987443509962396,460910269764592026966392,0,0,0,0
4,3,12,0,6,5,5,0,5,0,0,3,0,1,4,0,0,0,0,4,0,414145289205491362693478,243584326710273386324836,170560962495217976368642,579380421612460393980919,0,0,0,0
6,6,10,0,3,4,6,0,5,0,1,4,2,1,5,0,0,0,1,1,0,570869097276751127460947,273818497396784985920512,297050599879966141540435,342116211888970197337043,0,0,0,0
9,3,7,0,4,4,3,0,3,0,0,3,0,1,2,0,0,0,2,1,0,253378734231581398473424,100006430858077767036523,153372303373503631436901,557613042489440626636669,0,0,0,0
9,4,12,0,5,5,4,0,1,0,3,1,0,3,1,0,0,0,0,5,0,407042201738065577201113,256984012444000000000013,150058189294065577201100,387660223442376512427478,0,0,0,0
6,3,8,0,7,6,4,0,3,1,0,3,1,2,2,0,0,0,1,5,0,190115962068542825952993,152968455784644725908347,37147506283898100044646,349999000000005810118494,0,0,0,0
4,5,13,0,7,7,4,0,3,0,1,2,0,2,2,0,0,0,0,0,0,399874786028339907839026,171842741244145520299998,228032044784194387539028,308057648888010833246893,0,0,0,0
10,7,11,0,4,5,7,0,6,1,0,3,1,1,6,0,0,0,0,3,0,522357594076088398446351,318791031739615920885611,203566562336472477560740,400924754088616292668551,0,0,0,0
6,5,6,0,4,3,3,0,2,1,0,2,1,1,2,0,0,0,1,3,0,344570652820592664838778,131184713433880368949997,213385939386712295888781,268573050614867164255651,0,0,0,0
5,9,10,0,7,4,5,0,2,0,1,2,0,2,3,0,0,0,0,4,0,376721244517340914456748,142126039129780877286700,234595205387560037170048,489372445423537394224544,0,0,0,0
8,6,7,0,6,5,8,0,6,2,0,5,3,2,6,0,0,0,0,2,0,690819652641942898431671,294837090708577788992721,395982561933365109438950,469922713225933480299102,0,0,0,0
7,2,6,0,10,7,3,0,2,0,0,2,1,1,2,0,0,0,2,1,0,197096086731442503472708,115861146607938271549998,81234940123504231922710,448317682531508008077057,0,0,0,0
11,2,4,0,8,4,5,0,4,1,0,3,1,1,4,0,0,0,1,3,0,564607641159598507282270,279795262696350736077437,284812378463247771204833,551773969132712675550832,0,0,0,0
10,3,9,0,9,3,2,0,2,0,0,0,0,0,2,0,0,0,0,0,0,107747729155024473733903,107747729155024473733898,5,814871471914674804346636,0,0,0,0
7,9,12,0,10,5,2,0,2,0,0,1,0,0,2,0,0,0,1,0,0,163354735156312796302033,66308106157838005960544,97046628998474790341489,411061303663034408709660,0,0,0,0
7,4,8,0,9,6,2,0,0,1,1,0,1,1,1,0,0,0,0,1,0,39671385085763025850000,39671385085763025850000,0,300001000000271909605572,0,0,0,0
7,6,8,0,10,7,3,0,3,0,0,3,1,1,2,0,0,0,0,2,0,996381123667216247482070,230098535319000000828416,766282588348216246653654,552111364696908055825077,0,0,0,0
4,5,5,0,10,5,4,0,2,0,2,2,0,4,0,0,0,0,0,6,0,462706566975437229623255,122006198164000000000000,340700368811437229623255,489333436675777457942686,0,0,0,0
7,3,5,0,8,4,6,0,4,0,0,2,3,1,5,0,0,0,3,2,0,415520147455358209150166,172642783083627339586178,242877364371730869563988,500368759367928670016942,0,0,0,0
8,5,6,0,12,6,2,0,2,0,0,2,0,2,0,0,0,0,1,2,0,205266337116751662176797,155229172421000000000000,50037164695751662176797,486206621410655917347018,0,0,0,0
4,2,10,0,12,6,4,0,2,0,1,1,1,1,3,0,0,0,1,6,0,164910346575851851664946,137482684538814814749998,27427662037037036914948,200000000000203725149473,0,0,0,0
10,8,11,0,4,5,7,0,4,1,2,3,1,3,4,0,0,1,0,2,0,543478137099466840712146,321739278745686876015447,221738858353779964696699,511407254592603910548515,0,0,1,0
10,3,7,0,12,8,5,0,3,0,1,2,0,1,4,0,0,0,0,2,0,370982505442187370983790,329735799350475776051158,41246706091711594932632,848383549294289271719605,0,0,0,0
3,5,7,0,13,3,6,0,4,0,2,4,1,3,3,0,0,0,0,4,0,457524326942098576583304,186137163070000000011635,271387163872098576571669,313377455544843975581472,0,0,0,0
9,4,7,0,6,7,2,0,2,0,0,1,0,0,2,0,0,0,3,4,0,67206824234982183364480,36511199747378934799997,30695624487603248564483,467164682811553027677077,0,0,0,0
7,11,12,0,10,4,1,0,1,0,0,0,0,0,1,0,0,0,1,1,0,16308106157838005950000,16308106157838005949999,1,401105291663034369149650,0,0,0,0
4,4,10,0,13,5,4,0,3,0,1,1,0,1,3,0,0,0,1,2,0,252034285414373026963426,74275246053271897713421,177759039361101129250005,405080110759232107466447,0,0,0,0
4,4,9,0,8,5,3,0,2,0,1,2,0,3,0,0,0,0,1,1,0,306958013031665013148131,113449699284000000000000,193508313747665013148131,343534644584132373738317,0,0,0,0
7,3,6,0,5,6,8,1,3,2,3,2,2,4,4,1,1,0,1,8,0,484079821606703153686949,291453672528150395666187,192626149078552758020762,250000102077939416731868,0,0,0,0
4,3,10,0,12,6,4,0,2,0,2,1,0,2,2,0,0,0,1,6,0,140047487789703703568312,115187534085999999999997,24859953703703703568315,204369343440818130601150,0,0,0,0
5,8,7,0,9,4,3,0,3,0,0,2,0,1,2,0,0,0,1,3,0,296253455556842324247698,105263271051097905780452,190990184505744418467246,385325060963595601438749,0,0,0,0
9,4,11,0,8,5,7,0,5,0,2,3,0,4,3,0,0,0,0,1,0,176637756927455002160852,154208692027532159457999,22429064899922842702853,577906695698045202319689,0,0,0,0
7,3,6,0,5,6,7,1,4,0,3,3,1,4,3,1,1,0,1,9,0,231233452769208220704337,144347487547842705143653,86885965221365515560684,267999000000048899773604,0,0,0,0
9,3,3,0,7,6,3,0,2,0,0,2,1,1,2,0,0,0,0,7,0,210016274215049587050730,113208726851851851800000,96807547363197735250730,625626028551901356683886,0,0,0,0
4,4,5,0,10,7,2,0,0,1,1,0,1,1,1,0,0,0,0,0,0,39577342595419753050000,39577342595419753050000,0,300000000000565109359508,0,0,0,0
6,5,11,0,8,5,4,0,1,0,3,0,0,3,1,0,0,0,0,2,0,112289433112975308600000,112289433112975308599999,1,604878509852981478011010,0,0,0,0
9,5,4,0,16,4,4,0,4,0,0,2,0,2,2,0,0,0,1,3,0,119309092884263185872008,114169193917556352294456,5139898966706833577552,724949712646415133951564,0,0,0,0
6,5,11,0,8,5,2,0,1,0,1,0,0,1,1,0,0,0,0,4,0,46118765352969793850000,46118765352969793849998,2,557610469564866431471279,0,0,0,0
8,3,3,0,8,6,3,0,0,2,1,0,2,1,2,0,0,0,1,3,0,119302679600510457316342,119302679600510457316342,0,432354082231646361654039,0,0,0,0
8,6,11,0,9,6,2,0,1,0,1,1,0,1,1,0,0,0,0,3,0,44870949334524225700007,33096957972000000000012,11773991362524225699995,629484415496591130693575,0,0,0,0
5,10,7,0,11,5,1,0,1,0,0,1,0,0,1,0,0,0,3,0,0,242150340831439766252158,47485357680299999999998,194664983151139766252160,332925226029063890543804,0,0,0,0
11,4,14,0,10,8,1,0,0,1,0,0,1,0,1,0,0,1,0,2,0,1514,1514,0,599672383172340753113077,0,0,1,0
6,2,7,0,6,7,6,0,3,0,2,2,0,4,2,0,0,0,0,4,0,277421719086360409585249,166278763255665460949999,111142955830694948635250,446075677351560684085325,0,0,0,0
11,3,14,0,10,7,3,0,2,1,0,1,2,0,3,0,0,1,0,0,0,126956245308555554772349,52196288288295370872347,74759957020260183900002,699671383172213293619143,0,0,1,0
7,4,9,0,10,7,4,0,3,0,1,2,0,2,2,0,0,0,0,4,0,406984146063512891404864,122624518527443231141139,284359627536069660263725,304913381075976345124620,0,0,0,0
11,3,6,0,9,4,3,0,3,0,0,3,1,1,2,0,0,0,1,4,0,403756316881372275452612,275056300423381816998270,128700016457990458454342,525056300423524883678961,0,0,0,0
9,4,5,0,11,5,3,0,2,0,1,2,0,2,1,0,0,0,0,1,0,545729232821365516310836,347994546998999999999998,197734685822365516310838,604572882847551540751799,0,0,0,0
4,4,5,0,7,5,7,0,6,1,0,3,3,1,6,0,0,0,0,6,0,164689377677855159154907,120396745302235097168524,44292632375620061986383,399999000000125800014714,0,0,0,0
9,3,9,0,6,5,8,0,3,2,3,2,2,4,4,0,0,0,1,5,0,391541342559815312289333,151671700544452009078570,239869642015363303210763,663321565120534329174257,0,0,0,0
7,2,7,0,9,3,5,0,2,0,3,1,0,4,1,0,0,0,1,2,0,288198482010129067409845,239932817473876542999998,48265664536252524409847,456902644290397778513034,0,0,0,0
7,3,9,0,10,7,4,0,4,0,0,2,1,1,3,0,0,0,0,4,0,536342625032509705747824,140689546840796479500004,395653078191713226247820,382027155566770422811420,0,0,0,0
8,7,6,0,6,3,3,0,3,0,0,2,1,0,3,0,0,0,1,4,0,542662012513496999843447,160819590832303963713150,381842421681193036130297,500155825285584067472128,0,0,0,0
9,3,10,0,11,5,7,0,5,0,2,1,1,2,5,0,0,0,0,0,0,402363656863367161291439,221944076481911865996739,180419580381455295294700,582129890303104048454279,0,0,0,0
12,5,3,0,7,7,1,0,0,0,1,0,0,1,0,0,0,0,0,2,0,48371441578000000000000,48371441578000000000000,0,529877479678028971664024,0,0,0,0
7,5,8,0,6,5,5,0,3,1,1,3,2,3,2,0,0,0,1,5,0,236798189901558645199160,147090919708777483152839,89707270192781162046321,413861568063380619658619,0,0,0,0
8,2,10,0,7,6,5,0,3,2,0,3,2,1,4,0,0,0,0,2,0,524849314876577428191350,232277910310993545271359,292571404565583882919991,489005999752304529798335,0,0,0,0
7,6,8,0,4,6,3,0,1,0,0,1,0,0,3,0,0,0,0,4,0,339430005686054699680611,229197451921064009433156,110232553764990690247455,423217158477073242819935,0,0,0,0
8,3,5,0,10,8,3,0,3,0,0,1,0,1,2,0,0,0,1,3,0,75955871235701311849229,69109055294953953121700,6846815940747358727529,472093276990344823260121,0,0,0,0
9,2,9,0,6,2,9,0,5,0,4,4,0,5,4,0,0,0,3,2,0,515671888862302906489027,197767413086564013196576,317904475775738893292451,744290926271794446284343,0,0,0,0
12,7,8,0,6,3,6,0,4,0,1,4,0,3,3,0,0,0,0,4,0,412523411740975820628273,141420481518864197499998,271102930222111623128275,421391167314259887453166,0,0,0,0
10,3,10,0,7,6,9,0,6,0,1,3,1,2,7,0,0,0,2,1,0,303109020343103914429069,181282825196056092052070,121826195147047822376999,609875285644782194021340,0,0,0,0
7,5,9,0,2,4,10,0,6,0,3,2,0,5,5,0,0,0,0,6,0,601568638724439858278095,467525065332667090071791,134043573391772768206304,626680322743396622979433,0,0,0,0
6,5,13,0,4,4,2,0,1,0,1,1,0,1,1,0,0,0,0,3,0,165458701284127031850000,147873685206999999999999,17585016077127031850001,414400934310551133386177,0,0,0,0
6,7,11,0,12,5,2,0,2,0,0,2,1,1,1,0,0,0,0,1,0,227702664463286653287493,78740000000000000000003,148962664463286653287490,690729342367673641685959,0,0,0,0
8,2,10,0,6,7,5,0,3,0,0,2,1,1,4,0,0,0,0,2,0,131934480222626335391401,123699057749728363953940,8235422472897971437461,393892759707737376441951,0,0,0,0
12,5,3,0,7,7,1,0,0,0,1,0,0,1,0,0,0,0,0,2,0,45372185123000000000000,45372185123000000000000,0,529877479678031970920480,0,0,0,0
9,4,11,0,5,4,8,0,7,0,0,2,1,1,7,0,0,0,0,1,0,201115654706048067219938,189064537527409866168855,12051117178638201051083,320898707325713917067253,0,0,0,0
9,13,10,0,13,1,2,0,2,0,0,2,0,1,1,0,0,0,2,2,0,295478023939489946847667,217871073399820000000006,77606950539669946847661,544318663471651021975514,0,0,0,0
11,5,7,0,4,4,8,0,6,0,2,4,1,3,5,0,0,0,0,4,0,593881767195489494331703,277569097382367934085120,316312669813121560246583,250000000000154601165614,0,0,0,0
5,5,6,0,4,8,4,0,4,0,0,3,1,2,2,0,0,0,0,7,0,180491324539984241308453,96477271410023154680104,84014053129961086628349,328472092287316574945549,0,0,0,0
8,3,10,0,7,7,5,0,3,2,0,3,2,1,4,0,0,0,0,2,0,527876590454046209372789,232864660798174821428350,295011929655871387944439,489005999752304529798335,0,0,0,0
10,4,5,0,10,5,3,0,2,0,1,2,0,2,1,0,0,0,0,4,0,310133526228625766876989,143484057656287308327834,166649468572338458549155,600287222556941282262717,0,0,0,0
4,6,10,0,12,5,0,0,0,0,0,0,0,0,0,0,0,0,0,4,0,0,0,0,300015282541711670972399,0,0,0,0
10,5,7,0,6,3,9,0,7,0,1,3,0,2,7,0,0,0,1,3,0,283859885265072323796167,226197373497759496911005,57662511767312826885162,447389334503605267792256,0,0,0,0
6,6,12,0,4,5,3,0,3,0,0,2,0,2,1,0,0,0,2,1,0,317379604226667464756016,116117878113419753049998,201261726113247711706018,413846610535502948410822,0,0,0,0
5,7,9,0,11,3,4,0,4,0,0,4,1,1,3,0,0,0,1,0,0,435157680345999694710385,164923040952524573795126,270234639393475120915259,364922040952691138639957,0,0,0,0
10,2,10,0,7,6,10,0,7,0,1,5,1,3,7,0,0,0,1,1,0,587366299700046911067300,385352930769973036681115,202013368930073874386185,491726894441859360868927,0,0,0,0
11,10,7,0,5,8,3,0,2,0,0,2,0,1,2,0,0,0,1,2,0,227669926761026373411894,136717763014796854308307,90952163746229519103587,513834537615832976957978,0,0,0,0
11,7,8,0,7,5,5,0,4,0,0,4,1,1,4,0,0,0,1,1,0,468961461384218894934506,231938449669132582506536,237023011715086312427970,467371451801539495491669,0,0,0,0
11,2,1,0,10,8,3,0,1,1,1,1,1,2,1,0,0,0,1,7,0,139021932756221805569859,117478200789303160400000,21543731966918645169859,480955811697074232249486,0,0,0,0
6,7,11,0,12,5,3,1,3,0,0,2,1,1,2,1,1,0,0,0,0,490726216180148853602750,123699326100000000067390,367026890080148853535360,684604342367623641678569,0,0,0,0
10,2,6,0,8,4,7,0,5,0,1,5,2,2,5,0,0,0,0,5,0,772222132022301504622379,239102354614456790112495,533119777407844714509884,347246334876719971672785,0,0,0,0
6,9,6,0,14,4,7,0,4,0,2,3,1,3,4,0,0,0,1,4,0,454864853146572835971939,225455053973864610807458,229409799172708225164481,392661348412750534712563,0,0,0,0
4,3,7,0,6,7,2,0,1,0,1,1,0,1,1,0,0,0,4,2,0,214473098082277559363371,172379208333000000003447,42093889749277559359924,370091075088208449722751,0,0,0,0
7,5,6,0,9,4,3,0,0,2,1,0,2,1,2,0,0,0,0,3,0,7416799677808004856809,7416799677808004856809,0,357816049494210164347986,0,0,0,0
11,4,7,0,4,5,7,0,5,0,2,1,0,3,4,0,0,0,0,5,0,182775159457207455501191,175659316968822948616065,7115842488384506885126,356008360083101007006950,0,0,0,0
4,3,8,0,11,6,3,0,3,0,0,3,1,2,1,0,0,0,0,3,0,189580530533960610230692,123643956178259540149838,65936574355701070080854,339657472028720573509615,0,0,0,0
11,7,11,0,6,5,5,0,3,0,2,2,0,3,2,0,0,0,1,4,0,520613563917130257993099,273483224459185183849996,247130339457945074143103,636781875197077399790011,0,0,0,0
5,5,8,0,17,8,4,0,2,0,1,1,1,1,3,0,0,0,0,2,0,201175091800811283654649,72193881421382097641499,128981210379429186013150,294942129629779629650000,0,0,0,0
9,5,11,0,6,5,5,0,4,0,1,2,1,1,4,0,0,0,1,0,0,234588437962546696270278,134978065300964890530704,99610372661581805739574,332042319233340976460246,0,0,0,0
10,5,6,0,8,5,4,0,2,1,1,2,1,2,2,0,0,0,2,4,0,371013657547836774667229,257013751386098765349999,113999906161738009317230,331262417898919317705050,0,0,0,0
8,4,12,0,7,6,5,0,2,0,3,2,1,4,1,0,0,0,0,1,0,359508272810796150372862,157604852449000000006491,201903420361796150366371,514745556956800467500760,0,0,0,0
4,5,10,0,12,6,1,0,0,1,0,0,1,0,1,0,0,0,0,3,0,11820933586540528042112,11820933586540528042112,0,400014282541662226943589,0,0,0,0
7,4,8,0,6,3,7,0,6,1,0,4,2,2,5,0,0,0,2,1,0,648962887572768027118870,457286367174788254573855,191676520397979772545015,351465263198273481695773,0,0,0,0
12,3,11,0,12,3,6,0,5,0,1,2,0,2,4,0,0,0,0,2,0,112304863591732454417415,94148185599279439490963,18156677992453014926452,566523033734132670677087,0,0,0,0
9,6,6,0,7,4,7,0,5,2,0,2,2,1,6,0,0,0,2,0,0,299246044284156783006723,237097105728875808052443,62148938555280974954280,581265096252958017158399,0,0,0,0
10,8,7,0,5,5,3,0,1,0,1,1,0,1,2,0,0,0,0,1,0,174880854731853392017213,143314011912258528779186,31566842819594863238027,515934617521497015034367,0,0,0,0
11,8,10,0,8,8,2,0,2,0,0,1,0,1,1,0,0,0,0,4,0,67857081540682120668781,64508970484205728841298,3348111056476391827483,522805213128459642931206,0,0,0,0
6,8,6,0,10,5,2,0,1,0,1,0,0,1,1,0,0,0,1,3,0,58986142322298387450000,58986142322298387449999,1,415759016756990418041835,0,0,0,0
11,8,7,0,5,8,3,0,2,0,0,2,0,1,2,0,0,0,1,2,0,293516340204045477840334,197488249491796854308308,96028090712248623532026,323128176750544318769209,0,0,0,0
12,1,6,0,9,7,2,0,2,0,0,2,0,1,1,0,0,0,1,3,0,159457984551491560919695,84803984532963289687314,74654000018528271232381,835835981662400830853176,0,0,0,0
8,6,10,0,7,4,3,0,2,0,0,2,1,2,1,0,0,0,3,1,0,299696718724655482141032,241765758424765432050000,57930960299890050091032,401421052453769040658728,0,0,0,0
12,7,9,0,7,5,4,0,1,2,1,0,2,1,3,0,0,0,1,1,0,250089686946524262731151,250089686946524262731148,3,618785549979590557993752,0,0,0,0
7,5,7,0,5,5,2,0,1,1,0,1,1,1,1,0,0,0,1,2,0,197466433535196987295581,80315248337711858062505,117151185197485129233076,409927142514122007920522,0,0,0,0
10,6,9,0,10,7,1,1,1,0,0,0,0,0,1,1,1,0,2,6,0,53804398148148148050000,0,53804398148148148050000,374089369293029946774744,0,0,0,0
12,4,7,0,6,7,8,0,4,0,4,1,0,5,3,0,0,0,0,3,0,336177949598832416167088,143708699931280737989707,192469249667551678177381,525394025587914481162450,0,0,0,0
9,4,8,0,11,5,4,0,4,0,0,1,0,1,3,0,0,0,0,3,0,192969455465015112779476,129085938149560376825221,63883517315454735954255,541128492725336060383697,0,0,0,0
6,9,6,0,14,3,8,0,7,0,0,5,1,2,6,0,0,0,1,3,0,683302718987895600461535,287774467714233452039021,395528251273662148422514,392661348412750534712563,0,0,0,0
10,1,7,0,10,7,5,0,5,0,0,1,1,0,5,0,0,0,0,5,0,390700582160186363835366,313719075986729635571192,76981506173456728264174,649996000821005117918168,0,0,0,0
8,5,6,0,4,3,8,0,6,0,2,4,0,3,5,0,0,0,3,5,0,701542285319047514384688,474326344312901622848058,227215941006145891536630,498881696193906401502415,0,0,0,0
6,3,3,0,7,4,10,0,5,2,3,4,2,5,5,0,0,0,0,3,0,904512289529091329105186,309320911418894448564534,595191378110196880540652,583225009259409860024874,0,0,0,0
5,4,11,0,3,5,0,0,0,0,0,0,0,0,0,0,0,0,1,2,0,0,0,0,349999000000100000019428,0,0,0,0
9,4,10,0,8,3,6,0,4,1,1,3,1,3,3,0,0,0,1,1,0,442765042000812803161920,210285086426675719632896,232479955574137083529024,595307084284368484410129,0,0,0,0
4,4,8,0,11,8,2,0,2,0,0,0,0,0,2,0,0,0,0,4,0,130234016503623768800764,130234016503623768800759,5,383540193278308254652300,0,0,0,0
10,3,8,0,11,7,6,0,4,2,0,2,2,2,4,0,0,0,0,3,0,374277575729526635975805,294042871529330236158696,80234704200196399817109,572010864770092077177905,0,0,0,0
14,5,8,0,10,10,3,0,2,0,1,1,0,2,1,0,0,0,0,1,0,221263630188262043824342,145347371631049910894632,75916258557212132929710,646832197418413425524399,0,0,0,0
12,5,4,0,5,8,4,0,2,0,2,2,0,4,0,0,0,0,2,5,0,106581008703237261444910,76559308760000000000000,30021699943237261444910,639602291108717145003570,0,0,0,0
12,10,8,0,6,5,8,0,5,0,1,2,0,2,6,0,0,0,0,1,0,297670455706039104650844,237110800325721741901930,60559655380317362748914,704720076274725738570568,0,0,0,0
9,5,12,0,6,7,7,0,4,1,2,2,1,3,4,0,0,0,2,3,0,403813978685334172282462,263825855159516771898142,139988123525817400384320,506765482762942800717725,0,0,0,0
6,8,7,0,3,5,8,0,7,0,1,3,1,2,6,0,0,0,0,3,0,691124128142163880729091,333672271735978258389353,357451856406185622339738,396298715692079535357468,0,0,0,0
10,6,6,0,8,3,6,0,3,2,1,1,2,2,4,0,0,0,0,4,0,375077457302508569223977,307175220014533323032530,67902237287975246191447,522659746352598323072913,0,0,0,0
6,6,8,0,9,7,1,0,1,0,0,0,0,0,1,0,0,0,2,2,0,28971450617283950550000,28971450617283950549999,1,647075337139223671580005,0,0,0,0
6,8,6,0,6,5,5,0,4,0,1,4,0,3,2,0,0,0,0,2,0,626029871280668449827784,189501242282999999999998,436528628997668449827786,475842860397492835583126,0,0,0,0
4,13,8,0,7,4,4,0,3,0,1,3,0,3,1,0,0,0,0,2,0,229474458725001064256211,100999951494849999999999,128474507230151064256212,412268596524150393603111,0,0,0,0
7,4,10,0,11,7,6,0,4,0,1,4,2,2,4,0,0,0,0,2,0,751530823621954593290739,270251701245669789101416,481279122376284804189323,350000000000153209203300,0,0,0,0
5,2,7,0,10,6,7,0,2,0,3,2,1,3,4,0,0,0,0,2,0,385459697920299508509047,186200591276511286452546,199259106643788222056501,499997421296446296320020,0,0,0,0
8,1,6,0,14,1,3,0,2,0,1,2,0,1,2,0,0,0,1,2,0,198607252660185184850000,100000192474999999999998,98607060185185184850002,656479226261026396486830,0,0,0,0
5,3,11,0,11,3,4,0,2,2,0,2,2,1,3,0,0,0,2,2,0,236046556230581238932486,100000000000000723743544,136046556230580515188942,392693070428525859179558,0,0,0,0
9,4,6,0,7,5,6,0,4,2,0,1,2,1,5,0,0,0,2,1,0,281803532612206463729886,227161457188045364183623,54642075424161099546263,577091414816426053077097,0,0,0,0
5,5,7,0,12,5,4,0,3,0,0,2,0,1,3,0,0,0,1,4,0,173449464652883449557946,118553990846037734489194,54895473806845715068752,408448362441882822848232,0,0,0,0
8,2,7,0,9,6,5,0,5,0,0,4,0,0,5,0,0,0,0,2,0,568144874676314345561095,294210796024167493365458,273934078652146852195637,355906825015176075565546,0,0,0,0
4,6,8,0,8,5,5,0,3,0,2,3,1,3,2,0,0,0,0,2,0,443213471820506819169767,218048760354874264818769,225164711465632554350998,300000000000150000008022,0,0,0,0
10,1,11,0,9,7,3,0,3,0,0,2,0,1,2,0,0,0,4,3,0,395425845543767467674913,84683958348014502887654,310741887195752964787259,348025665116495548721299,0,0,0,0
3,1,8,0,7,9,4,0,1,1,2,1,1,2,2,0,0,0,1,2,0,225405728043410210600000,171467749752740740649998,53937978290669469950002,352440559881836061327568,0,0,0,0
11,5,6,0,3,7,3,0,3,0,0,2,0,1,2,0,0,0,3,4,0,251418153888567381749684,183507905265481481449997,67910248623085900299687,332631572536812677777820,0,0,0,0
7,4,8,0,7,4,4,0,4,0,0,3,1,1,3,0,0,0,2,2,0,309252759171464998593944,167565845544547875215992,141686913626917123377952,250001000000150000842387,0,0,0,0
11,8,10,0,8,7,1,0,1,0,0,1,0,1,0,0,0,0,0,5,0,3354104323766055483067,6000003000000000000,3348104320766055483067,590027089563787734251020,0,0,0,0
5,3,7,0,8,6,5,0,4,0,1,3,0,2,3,0,0,0,1,8,0,351568325921573141314529,132692505057839846111324,218875820863733295203205,344323244405516120646908,0,0,0,0
6,5,10,0,12,3,3,0,2,0,0,2,1,2,1,0,0,0,1,4,0,180281464204445163352151,95406658950617283900000,84874805253827879452151,517262081338042252959086,0,0,0,0
10,7,6,0,8,7,2,0,1,1,0,0,1,0,2,0,0,0,0,3,0,19938355629156517073514,19938355629156517073512,2,442132567597823152558082,0,0,0,0
11,5,9,0,5,4,4,0,3,1,0,1,1,0,4,0,0,0,0,0,0,74122206683927623658398,70843248037763204258394,3278958646164419400004,505114655128224500932036,0,0,0,0
6,4,5,0,9,5,3,0,3,0,0,3,1,2,1,0,0,0,0,8,0,495109212972072355177894,100471939026143185228793,394637273945929169949101,464023939018243187833670,0,0,0,0
14,3,10,0,5,6,5,0,2,1,2,2,1,3,2,0,0,0,1,2,0,344805272644205952987873,210720330833444786005787,134084941810761166982086,1169840484155607167463785,0,0,0,0
12,8,9,0,7,5,5,0,2,1,2,2,2,2,3,0,0,0,0,1,0,133700616201560943816117,90048255059908026585691,43652361141652917230426,540321012783102693161141,0,0,0,0
10,3,5,0,10,5,9,0,7,0,2,4,1,4,5,0,0,0,1,1,0,301246491054559984635783,234118708451035162162782,67127782603524822473001,300000000000100557071585,0,0,0,0
9,3,9,0,8,3,7,1,5,0,1,3,0,3,4,1,1,0,3,3,0,570528983677243026660419,324231714951636307752481,246297268725606718907938,633062071439938628833664,0,0,0,0
6,5,8,0,8,4,8,1,5,0,2,2,0,3,5,1,1,0,0,0,0,351694061359173590158620,187576268809061728299993,164117792550111861858627,493847328541226004348370,0,0,0,0
10,5,8,0,7,3,8,0,6,1,0,2,1,2,6,0,0,0,1,2,0,381328730599088373515498,358581817032164052677791,22746913566924320837707,435714020548644751450786,0,0,0,0
8,0,4,0,9,4,4,0,2,2,0,2,2,1,3,0,0,0,0,2,0,377808433714661365726470,155834130941807659694861,221974302772853706031609,446784024884909309818546,0,0,0,0
13,6,4,0,7,3,3,0,2,0,1,0,0,1,2,0,0,0,2,2,0,155335144947575502444787,155335144947575502444784,3,632231494323883252136451,0,0,0,0
9,3,8,0,11,5,1,0,1,0,0,0,0,0,1,0,0,0,1,5,0,3540708554998522019932,3540708554998522019929,3,619187016267308089723056,0,0,0,0
10,3,7,0,5,5,4,0,2,0,2,1,0,3,1,0,0,0,0,2,0,67727641404007307242184,55706944023407407349999,12020697380599899892185,452836892782698004666751,0,0,0,0
10,4,6,0,5,7,3,0,3,0,0,3,1,1,2,0,0,0,0,3,0,387501379060510717058462,151355185298999999999997,236146193761510717058465,607099446505312583846487,0,0,0,0
10,6,13,0,2,4,8,0,5,2,1,2,2,1,7,0,0,0,1,4,0,150529132719642679089192,116012254863137914782570,34516877856504764306622,539737828322723998612467,0,0,0,0
4,5,6,0,7,7,5,0,4,0,0,4,1,2,3,0,0,0,1,1,0,487021389452910991299814,107384135821469135749998,379637253631441855549816,336292121399991701977151,0,0,0,0
5,3,13,0,4,8,3,0,1,0,2,1,0,3,0,0,0,0,2,6,0,189286986473250098684093,62382427918000000000000,126904558555250098684093,347467265428662638984586,0,0,0,0
4,6,8,0,11,7,3,0,2,0,0,1,1,1,2,0,0,0,1,8,0,167088210127359189102451,100656687776093458949999,66431522351265730152452,247241777938954796520798,0,0,0,0
7,9,8,0,8,4,4,1,3,0,1,2,0,3,1,1,1,0,1,3,0,536055958030085606584294,60025129399903666713837,476030828630181939870457,672486680928057130100220,0,0,0,0
8,6,6,0,4,3,9,0,5,2,2,5,2,3,6,0,0,0,0,7,0,641726259438658920381615,431235379747689894715337,210490879690969025666278,516819388999601777884622,0,0,0,0
7,4,9,0,6,6,2,1,2,0,0,1,0,0,2,1,1,0,2,2,0,177778085939623132351520,128099017000000000000006,49679068939623132351514,499600278530964703882043,0,0,0,0
8,3,9,0,6,5,3,0,2,1,0,2,1,0,3,0,0,0,0,5,0,278705158688602722091557,227660606714945378252411,51044551973657343839146,499998000000150000035707,0,0,0,0
10,11,5,0,9,2,2,0,2,0,0,2,0,2,0,0,0,0,3,1,0,401888077556154159517465,99721810600000000000000,302166266956154159517465,621457476723172790730235,0,0,0,0
6,2,6,0,8,7,2,0,1,0,0,1,1,0,2,0,0,0,1,0,0,58092836298825653454808,32701384760802469120640,25391451538023184334168,591578160128757762227148,0,0,0,0
7,1,2,0,5,3,7,0,6,0,0,4,2,1,6,0,0,0,1,3,0,357265151672141149338809,200000000000000000014442,157265151672141149324367,297967399691508024700000,0,0,0,0
3,2,5,0,11,4,6,0,6,0,0,5,0,2,4,0,0,0,3,4,0,977312123293392635138747,250000000000000451924749,727312123293392183213998,300000000000150451924756,0,0,0,0
7,5,10,0,5,4,6,0,3,1,2,2,1,3,3,0,0,0,0,3,0,329252134727975261679326,245988332064840079001363,83263802663135182677963,501170524380149927643097,0,0,0,0
10,3,8,0,11,8,6,1,3,2,0,2,2,1,5,1,1,0,0,3,0,181061803608449701014184,142416548444437471279915,38645255164012229734269,560892222196647337543925,0,0,0,0
9,6,13,0,6,5,5,0,1,1,3,1,1,3,2,0,0,0,0,1,0,224161464091394298788491,117505501782810699947722,106655962308583598840769,642158255955070317477825,0,0,0,0
8,4,4,0,9,7,5,0,3,0,1,2,1,1,4,0,0,0,0,1,0,214814736635115707590733,156795683152765432050058,58019053482350275540675,588688340645543684888270,0,0,0,0
9,2,6,0,6,6,3,0,3,0,0,2,1,1,2,0,0,0,0,1,0,523546236248190217458743,367795489925373038010957,155750746322817179447786,375083738690072088284084,0,0,0,0
11,9,6,0,6,6,2,0,2,0,0,2,0,1,1,0,0,0,1,2,0,353510986881515867684214,138305903756453184962544,215205083125062682721670,476855035674325117835650,0,0,0,0
12,4,8,0,9,5,5,0,4,0,1,3,0,3,2,0,0,0,1,1,0,369069394154491035537198,144334470381003908504880,224734923773487127032318,838702191036394548845545,0,0,0,0
9,4,12,0,6,6,6,1,3,1,2,2,1,2,4,1,1,0,2,4,0,378570937369170950505687,210998247690317950585923,167572689678852999919764,617563500700193436073797,0,0,0,0
8,3,6,0,11,8,2,0,0,0,2,0,0,2,0,0,0,0,1,1,0,7243112470000000000000,7243112470000000000000,0,455152794077815485180639,0,0,0,0
10,6,15,0,6,6,5,0,4,0,0,1,0,0,5,0,0,0,0,2,0,268027945171179778953375,187132338602682311947627,80895606568497467005748,420299398281957659062150,0,0,0,0
8,6,13,0,3,6,3,0,1,2,0,1,2,0,3,0,0,0,2,2,0,132666073556880638363256,115754226930954699666959,16911846625925938696297,513618212118953421905530,0,0,0,0
6,7,9,0,8,7,1,0,1,0,0,1,0,1,0,0,0,0,0,2,0,422549115763142984740282,68937862517000000000000,353611253246142984740282,401909672967783862098288,0,0,0,0
6,6,8,0,9,7,1,0,1,0,0,0,0,0,1,0,0,0,3,1,0,28971836419753086350000,28971836419753086349999,1,623370337139223671579570,0,0,0,0
9,4,8,0,4,5,7,0,5,2,0,3,2,2,5,0,0,0,1,2,0,360283880584352320128235,322684580101187212229816,37599300483165107898419,400823522675973939057822,0,0,0,0
8,2,3,0,10,5,5,1,5,0,0,3,1,2,3,1,1,0,0,5,0,664922296874238451652226,187885276665134538801551,477037020209103912850675,347081838301350956212246,0,0,0,0
13,6,8,0,11,7,3,0,2,0,1,2,0,2,1,0,0,0,1,1,0,295725786887352470757345,193464844741999999999999,102260942145352470757346,576156528118045914546351,0,0,0,0
7,3,11,0,2,7,5,0,3,1,1,1,1,2,3,0,0,0,0,2,0,261519702320829089927810,193663091038888611657368,67856611281940478270442,479684928401854679070145,0,0,0,0
10,6,13,0,4,5,8,0,5,0,3,5,1,5,3,0,0,0,0,2,0,608862333609345959418513,297245033877070893576116,311617299732275065842397,524983858125936699141441,0,0,0,0
5,0,7,0,10,4,7,0,2,0,3,2,1,4,3,0,0,0,1,1,0,317155882294951879653500,163287392287267929099999,153868490007683950553501,499997421296446296320020,0,0,0,0
9,2,5,0,4,4,5,0,4,0,1,3,0,1,4,0,0,0,2,1,0,281748579422776024805103,184610667239092935022028,97137912183683089783075,507534476908103751256139,0,0,0,0
12,5,7,0,12,5,3,0,2,0,1,2,0,2,1,0,0,0,0,1,0,240460030135772363359857,95737379600000000000026,144722650535772363359831,390634134881163825182014,0,0,0,0
7,4,8,0,13,6,7,0,4,0,2,2,1,3,4,0,0,0,3,4,0,364448541431225371715527,274670818406454918350004,89777723024770453365523,388942387064664096466478,0,0,0,0
8,2,7,0,9,5,6,0,6,0,0,6,0,2,4,0,0,0,0,1,0,822580099150846796938051,418717913396660383342196,403862185754186413595855,355906825015176075565545,0,0,0,0
8,4,4,0,12,5,4,0,4,0,0,3,0,2,2,0,0,0,0,2,0,418387560231232641401036,151438266172469511327624,266949294058763130073412,599723565247071161253454,0,0,0,0
15,4,6,0,7,4,6,0,2,2,0,2,2,0,6,0,0,0,0,1,0,338649004802005543905087,280811962052121489187187,57837042749884054717900,602645481967412636527403,0,0,0,0
9,1,9,0,10,8,4,0,4,0,0,2,0,0,4,0,0,0,1,5,0,253961007014171795147557,162183400698694760308657,91777606315477034838900,383309678374316476562524,0,0,0,0
7,4,11,0,9,4,8,0,5,0,1,3,0,2,6,0,0,0,0,1,0,499876443089670515268936,447482683253068006712790,52393759836602508556146,492266003589579862271788,0,0,0,0
10,1,11,0,9,8,2,0,2,0,0,2,0,1,1,0,0,0,4,4,0,281975463064888293090246,84683958348014502866721,197291504716873790223525,477653061794169557772424,0,0,0,0
10,4,10,0,7,2,4,0,0,0,4,0,0,4,0,0,0,0,2,3,0,194431852336000000000000,194431852336000000000000,0,697537030972900529453638,0,0,0,0
6,4,10,0,6,7,5,0,4,1,0,2,1,1,4,0,0,0,0,4,0,488856869587149173051663,97056465698745915449994,391800403888403257601669,300000000000226876325283,0,0,0,0
6,2,7,0,11,4,4,0,3,0,1,2,1,2,2,0,0,0,0,3,0,406185867062493391318663,139827172278592592549998,266358694783900798768665,316980542097644210982048,0,0,0,0
7,2,8,0,11,7,4,0,3,0,1,1,1,1,3,0,0,0,0,5,0,160077710423112720103025,108248158412724709690601,51829552010388010412424,543173392582015502793715,0,0,0,0
5,2,7,0,8,6,6,0,4,1,1,3,1,2,4,0,0,0,1,7,0,448882056508645512653654,208028599383468058832368,240853457125177453821286,344323244405516347441688,0,0,0,0
6,6,5,0,8,6,6,0,4,0,2,2,0,3,3,0,0,0,0,4,0,250593041869697204876088,153322054702285044136849,97270987167412160739239,513113171617719258984091,0,0,0,0
8,5,11,0,7,5,8,0,4,0,4,3,1,4,4,0,0,0,0,2,0,418863146872486594749526,249331657122030971969997,169531489750455622779529,359590476294077290584786,0,0,0,0
8,5,3,0,11,4,8,0,4,3,0,4,3,3,5,0,0,0,0,7,0,496071289954341170719658,230541267132734052356500,265530022821607118363158,467288873964490066757130,0,0,0,0
6,5,5,0,9,6,2,0,2,0,0,2,1,1,1,0,0,0,2,7,0,528073714886790648475393,90498166922290228198744,437575547964500420276649,399999000000150000012394,0,0,0,0
14,2,9,0,9,5,5,0,3,1,1,2,1,1,4,0,0,0,1,2,0,312076200721715989997735,264272844810023343183596,47803355911692646814139,644006264095787678989645,0,0,0,0
6,4,4,0,7,4,6,0,5,0,0,2,1,2,4,0,0,0,2,3,0,409712561971739523317874,111880942863369153330421,297831619108370369987453,575940751993227234033657,0,0,0,0
6,4,9,0,6,6,5,0,3,0,2,1,0,2,3,0,0,0,1,1,0,146770072085655260733440,136266017283237956028296,10504054802417304705144,393924088287975490363529,0,0,0,0
4,4,4,0,8,4,6,0,5,0,1,5,1,2,4,0,0,0,1,8,0,549218186004629452427310,186510814900221671181737,362707371104407781245573,200005000000150000014998,0,0,0,0
10,3,5,0,10,5,10,0,8,0,2,6,2,5,5,0,0,0,0,1,0,914879738046046390812390,410429371164110724942422,504450366881935665869968,300000000000100557071585,0,0,0,0
7,7,9,0,5,5,4,0,3,0,1,2,1,2,2,0,0,0,2,5,0,321457253936635411598867,182034918004587862685082,139422335932047548913785,687284172467556985303422,0,0,0,0
6,6,12,0,5,5,5,0,4,0,0,3,2,2,3,0,0,0,0,2,0,296063827638749392623007,67427133861883977334727,228636693776865415288280,526418112431098370024983,0,0,0,0
5,12,11,0,10,5,4,0,4,0,0,3,0,1,3,0,0,0,0,3,0,251265087586848478297804,93369080243027121118516,157896007343821357179288,333676794729187087853265,0,0,0,0
8,1,4,0,9,5,4,0,3,1,0,2,1,1,3,0,0,0,0,2,0,307633754641026055269351,136289532208209876451618,171344222432816178817733,299999000000102220281688,0,0,0,0
11,6,3,0,12,5,3,1,3,0,0,2,0,1,2,1,1,0,0,0,0,554776612265243147492141,110441269452999999999998,444335342812243147492143,517005814479793728244600,0,0,0,0
8,3,7,0,9,5,3,0,3,0,0,2,1,0,3,0,0,0,0,3,0,307542274135419465828259,113627828033171355845549,193914446102248109982710,473257928302216850008265,0,0,0,0
4,4,7,0,12,5,6,0,2,0,4,2,1,5,1,0,0,0,1,2,0,133441397322811448373859,107145322784000000000000,26296074538811448373859,399823703850614173300312,0,0,0,0
12,2,8,0,9,6,9,0,6,0,2,3,0,4,5,0,0,0,4,1,0,210903902374780118824172,175215527462183208173006,35688374912596910651166,584892836076689876797921,0,0,0,0
7,4,8,0,9,4,5,0,4,0,0,3,1,0,5,0,0,0,2,3,0,228777266712040200053821,137473883967726314673558,91303382744313885380263,385679218374026239766499,0,0,0,0
10,3,7,0,5,6,5,0,2,1,2,1,1,3,2,0,0,0,0,1,0,251002329777942097583716,238901229052037037002372,12101100725905060581344,452910388153068375018100,0,0,0,0
5,6,8,0,7,5,4,0,3,0,0,1,0,0,4,0,0,0,0,2,0,166820974068918444635958,127435141799241238935949,39385832269677205700009,445038146181816596449690,0,0,0,0
7,4,11,0,5,7,3,0,2,0,0,2,0,1,2,0,0,0,0,3,0,274967423368150054553973,104165509259259259249997,170801914108890795303976,461407301182549402325948,0,0,0,0
7,5,15,0,6,8,3,0,2,0,1,2,0,1,2,0,0,0,0,3,0,218913620294187086800464,115612518685528295138474,103301101608658791661990,311412706746745602346620,0,0,0,0
3,6,6,0,10,4,7,0,6,1,0,6,2,3,4,0,0,0,0,2,0,942184704377021500606653,277185997549807726043719,664998706827213774562934,232623037227414628227281,0,0,0,0
5,3,13,0,4,7,3,0,1,1,1,1,1,2,1,0,0,0,1,7,0,161178538953106921183438,53438980700034560630361,107739558253072360553077,347467265428662638980021,0,0,0,0
6,4,13,0,10,3,6,0,4,0,1,2,0,2,4,0,0,0,2,1,0,400320142771195873969174,306889730329739525929922,93430412441456348039252,471233333623737552643400,0,0,0,0
9,8,7,0,11,4,7,0,0,0,7,0,0,7,0,0,0,0,0,2,0,195317304069000000000000,195317304069000000000000,0,485322911900831502147190,0,0,0,0
8,3,6,0,8,4,7,0,4,1,2,3,1,3,4,0,0,0,3,1,0,357815994860975736505895,182726256727085210541094,175089738133890525964801,461360266679880862964896,0,0,0,0
5,6,15,0,6,3,3,0,1,0,2,1,0,3,0,0,0,0,1,5,0,379905141703063725277555,231825951657000000000000,148079190046063725277555,499000712215800461275329,0,0,0,0
7,4,9,0,6,7,3,1,2,1,0,1,1,0,3,1,1,0,2,1,0,112396537890995128824799,56408931545556164974798,55987606345438963850001,634502069349971776216651,0,0,0,0
5,7,7,0,10,9,4,0,3,0,0,3,0,2,2,0,0,0,0,1,0,174616837183217500134648,102606378763962962899999,72010458419254537234649,311334399007331290725553,0,0,0,0
7,4,8,0,12,4,5,0,4,0,1,3,1,2,3,0,0,0,1,0,0,327266994741076225044287,189443253242000000025280,137823741499076225019007,342240320213536374413887,0,0,0,0
9,6,3,0,6,5,5,0,2,1,1,1,1,2,3,0,0,0,0,2,0,153693893091450069835312,132002342165524143996562,21691550925925925838750,444949083851205072883106,0,0,0,0
6,4,6,0,8,7,2,0,1,0,0,1,1,0,2,0,0,0,0,1,0,86659738825629964883059,32701384760802469123750,53958354064827495759309,441591757383171950115966,0,0,0,0
8,4,7,0,12,6,2,0,2,0,0,2,0,0,2,0,0,0,2,1,0,404190779320987653663595,47214999999999999999995,356975779320987653663600,432724351286247553920053,0,0,0,0
7,5,12,0,7,4,4,0,2,1,1,0,1,1,3,0,0,0,1,2,0,163923350299038188091684,163923350299038188091680,4,417840759317415762066694,0,0,0,0
11,11,7,0,7,2,3,0,3,0,0,2,0,1,2,0,0,0,1,1,0,303172971327103289021688,46862022799874898874988,256310948527228390146700,648816145454138478854246,0,0,0,0
9,2,6,0,9,9,4,0,4,0,0,2,1,0,4,0,0,0,0,1,0,197158205958927049989262,147658733962572229415427,49499471996354820573835,497598707039357969724106,0,0,0,0
9,6,13,0,6,7,3,0,0,0,2,0,0,2,1,0,0,0,0,3,0,164657754738514058099580,164657754738514058099580,0,454256949637261773262654,0,0,0,0
7,7,9,0,7,5,4,0,1,0,2,0,0,2,2,0,0,0,0,1,0,88498242258892629659803,88498242258892629659801,2,429785324703609269446360,0,0,0,0
3,2,6,0,9,4,6,0,3,1,1,2,2,1,5,0,0,0,1,4,0,449782668832713611524831,378024731491570625552023,71757937341142985972808,589985023080069349514288,0,0,0,0
6,5,8,0,13,4,4,0,1,0,3,1,1,3,1,0,0,0,1,2,0,201371852786031749287610,111796640168423878689702,89575212617607870597908,326878334810598913323762,0,0,0,0
10,5,13,0,9,5,3,0,3,0,0,2,0,0,3,0,0,0,0,1,0,99076290999087661112430,62547510734345940416000,36528780264741720696430,549573438792138506235851,0,0,0,0
11,6,6,0,6,5,3,0,3,0,0,3,1,1,2,0,0,0,0,2,0,508714019266659888484776,289402040606861103502000,219311978659798784982776,376696035674425116456203,0,0,0,0
11,4,6,0,7,7,3,0,2,0,1,2,1,1,2,0,0,0,0,5,0,213771986239270636833437,35324628498804664838782,178447357740465971994655,302952854565077932088647,0,0,0,0
10,6,9,0,6,6,5,0,4,1,0,2,1,1,4,0,0,0,1,1,0,424859245144940507357761,235305708452792962498016,189553536692147544859745,569589263039761072571939,0,0,0,0
8,4,4,0,6,4,5,0,4,1,0,2,1,1,4,0,0,0,0,4,0,155648579474964920577007,118753670607518518449996,36894908867446402127011,431193628530053206726919,0,0,0,0
6,3,6,0,8,8,2,0,2,0,0,0,0,0,2,0,0,0,2,3,0,33711055655449924149999,33711055655449924149996,3,333158245737854554561940,0,0,0,0
8,3,13,0,3,5,1,0,1,0,0,0,0,0,1,0,0,0,2,4,0,122183297188540311283349,122183297188540311283347,2,593419108032664043232421,0,0,0,0
7,10,7,0,11,7,3,0,2,0,0,0,0,0,3,0,0,0,0,2,0,22227371060328816164447,22227371060328816164444,3,477511204934420928691160,0,0,0,0
4,4,7,0,11,4,3,0,2,1,0,1,1,1,2,0,0,0,4,2,0,153461752056354936339767,129819005166870801118045,23642746889484135221722,499998617270301118293754,0,0,0,0
6,5,8,0,6,6,6,0,3,0,2,1,0,3,3,0,0,0,1,2,0,170251729693354008273909,101574228566814211999998,68677501126539796273911,298032600308791975350000,0,0,0,0
9,6,9,0,4,3,4,0,3,0,1,2,0,3,1,0,0,0,3,3,0,166637959530010920521165,126933644046441196421249,39704315483569724099916,705259122128297178301828,0,0,0,0
8,1,3,0,10,7,2,0,2,0,0,2,1,1,1,0,0,0,1,7,0,427153163580246913042601,100000000000000000000000,327153163580246913042601,347081838301350956212246,0,0,0,0
10,4,5,0,13,11,2,0,1,0,1,0,0,1,1,0,0,0,3,2,0,46664253450044668116311,46664253450044668116309,2,683682335512618342588140,0,0,0,0
11,5,6,0,14,4,4,0,4,0,0,3,0,3,1,0,0,0,1,0,0,564907686478426104118002,160816071507945972599999,404091614970480131518003,738679095837919963797960,0,0,0,0
4,5,10,0,6,9,1,0,0,0,0,0,0,0,1,0,0,0,0,7,0,29763503086419753050000,29763503086419753050000,0,349997000000200974733302,0,0,0,0
9,2,5,0,4,4,6,0,5,0,1,3,1,2,4,0,0,0,0,2,0,333090255431995974255091,277803069323162125146057,55287186108833849109034,575832426483735051288897,0,0,0,0
12,4,10,0,6,4,4,0,2,2,0,1,2,1,3,0,0,0,2,2,0,205107894774374193890636,145213559337328985602791,59894335437045208287845,847364242805564625379213,0,0,0,0
9,4,4,0,15,5,5,0,2,0,3,2,1,3,2,0,0,2,0,3,0,300865147618020159350000,156865317614999999999998,143999830003020159350002,399999000000242528124745,0,0,2,0
5,6,6,0,8,5,4,0,4,0,0,3,0,0,4,0,0,0,0,4,0,477888448210360736644759,245639673722624796037618,232248774487735940607141,254321821962130620469552,0,0,0,0
3,7,8,0,5,8,12,0,5,0,3,3,2,5,7,0,0,0,1,2,0,328356564552933707019914,199924731161278276670948,128431833391655430348966,299915000000148786651235,0,0,0,0
15,5,6,0,7,3,4,0,1,0,1,1,0,1,3,0,0,0,1,2,0,153243044945722893317055,107718808543002799478883,45524236402720093838172,769802476943492635310535,0,0,0,0
5,8,4,0,11,4,3,0,2,1,0,2,2,0,3,0,0,0,1,3,0,414952251775252739818618,99965999330598197203175,314986252444654542615443,245781685400358212059271,0,0,0,0
7,4,12,0,6,7,2,0,2,0,0,2,0,1,1,0,0,0,0,4,0,745453030359647134011915,162589346714999999999999,582863683644647134011916,641876626740746009261592,0,0,0,0
12,6,7,0,5,4,7,0,6,0,1,0,0,1,6,0,0,0,1,2,0,397254661372196801915327,397254661372196801915319,8,837863284627432847320853,0,0,0,0
11,7,8,0,6,5,5,0,3,2,0,1,2,0,5,0,0,0,2,1,0,216574422543632639440737,186498992559561663867062,30075429984070975573675,682839703161448149139434,0,0,0,0
6,4,10,0,6,6,4,0,4,0,0,3,1,1,3,0,0,0,0,5,0,354078615974633862829539,121778773095178296719205,232299842879455566110334,300000000000226876325283,0,0,0,0
12,4,8,0,8,4,7,0,6,0,0,5,1,3,4,0,0,0,1,4,0,447019373193518360621422,239956475072248179956525,207062898121270180664897,438466364889245408215572,0,0,0,0
7,5,9,0,5,2,6,0,4,0,1,3,1,2,4,0,0,0,0,2,0,377716354157002383404739,207106176978471926649452,170610177178530456755287,589792297490561440707195,0,0,0,0
3,7,5,0,5,4,6,0,5,0,1,5,0,4,2,0,0,0,1,6,0,804986876893537921769378,343734139772221052699688,461252737121316869069690,300000000000138532600309,0,0,0,0
10,4,6,0,8,5,7,0,4,0,3,3,0,5,2,0,0,0,1,3,0,455399117674623498820432,262642326040030864176727,192756791634592634643705,431087785848426110660595,0,0,0,0
6,9,5,0,8,10,6,0,4,0,2,2,1,2,4,0,0,0,0,4,0,286825133782043873524584,130026159621833030065626,156798974160210843458958,451461030914267551467767,0,0,0,0
11,9,8,0,6,2,2,0,2,0,0,2,0,1,1,0,0,0,1,0,0,255196862243222963030790,138559964906999999999997,116636897336222963030793,580093557755915411680997,0,0,0,0
5,5,10,0,6,7,6,0,5,0,1,3,1,3,3,0,0,0,0,2,0,327162259344425656657984,187047275021152013749481,140114984323273642908503,412855252855695232159977,0,0,0,0
12,3,8,0,6,6,5,0,2,0,1,1,0,1,4,0,0,0,0,0,0,199298936102649279171608,192484083043557808300292,6814853059091470871316,423439548601790306216039,0,0,0,0
10,3,11,0,8,3,8,0,5,2,1,3,2,3,5,0,0,0,1,4,0,341053857685851748662798,239143398446481686511203,101910459239370062151595,542267308873230862181351,0,0,0,0
6,2,9,0,6,5,5,0,2,0,3,1,0,3,2,0,0,0,0,2,0,142406902761780316169138,136147533962740372349253,6259368799039943819885,477017013620693057675791,0,0,0,0
9,3,11,0,2,6,5,0,3,1,0,1,1,1,4,0,0,0,5,0,0,114863590707966157660497,88423603349973835276097,26439987357992322384400,639395541370938028555934,0,0,0,0
10,5,7,0,9,9,0,0,0,0,0,0,0,0,0,0,0,0,1,2,0,0,0,0,467074233261378714565950,0,0,0,0
7,5,5,0,10,4,5,0,5,0,0,3,1,1,4,0,0,0,0,3,0,204958311366502641893592,153410051046616578360376,51548260319886063533216,408354353751141877851198,0,0,0,0
7,5,10,0,10,6,7,0,6,0,0,3,1,2,5,0,0,0,0,4,0,721226986956129247902564,281526929135415096035382,439700057820714151867182,462536235727657179307632,0,0,0,0
5,8,11,0,10,5,4,0,4,0,0,3,0,1,3,0,0,0,0,3,0,258354628766601476278841,93369080243027121118516,164985548523574355160325,336518532415205753810293,0,0,0,0
8,4,7,0,6,8,2,0,2,0,0,1,0,1,1,0,0,0,1,5,0,294620177469135802057462,83741319444444444349998,210878858024691357707464,489453292992841331707998,0,0,0,0
4,3,7,0,7,4,6,0,3,0,2,3,1,2,4,0,0,0,1,2,0,272984903625858098091857,160220774687999999999997,112764128937858098091860,300000000000203837663074,0,0,0,0
6,12,9,0,7,6,6,0,2,1,3,2,1,3,3,0,0,0,2,1,0,300344098582595870569216,116773756220185540413762,183570342362410330155454,323621478669689854076745,0,0,0,0
12,1,8,0,9,5,7,0,4,0,2,2,0,3,4,0,0,0,3,4,0,256189640938513449508064,190805367773650875046511,65384273164862574461553,440427787616451058949256,0,0,0,0
4,7,8,0,6,5,3,0,3,0,0,1,1,0,3,0,0,0,0,4,0,327097968013893859451980,84142157545507488651977,242955810468386370800003,399999000000152274452215,0,0,0,0
5,6,8,0,9,3,6,0,5,0,1,5,1,3,3,0,0,0,0,3,0,546466929549745206217497,185893661829000000018490,360573267720745206199007,354517193069536927532476,0,0,0,0
10,3,4,0,5,4,6,0,3,1,2,2,1,3,3,0,0,0,0,3,0,319297548995447544649541,298529995135956774122955,20767553859490770526586,712866651553002556896033,0,0,0,0
10,4,8,0,10,5,5,0,4,0,0,2,0,1,4,0,0,0,1,3,0,631184745542084913396637,246222977131495642923000,384961768410589270473637,633745217097451322991087,0,0,0,0
6,4,6,0,10,5,5,0,5,0,0,5,1,2,3,0,0,0,0,6,0,690514467895291155113623,189224093566782178756177,501290374328508976357446,382451791728563216171987,0,0,0,0
7,5,11,0,5,6,3,0,2,0,0,2,0,1,2,0,0,0,0,3,0,279472912214361811993797,104065509259259259249998,175407402955102552743799,460651973680990591745382,0,0,0,0
5,7,9,0,10,4,4,0,2,0,2,0,0,2,2,0,0,0,0,2,0,147207691597682022590512,147207691597682022590509,3,514926241052511198086902,0,0,0,0
3,8,4,0,7,3,9,0,7,0,1,6,2,4,5,0,0,0,1,3,0,677568544143512894833039,324532146781195559496984,353036397362317335336055,300000000000150000008276,0,0,0,0
7,4,8,0,9,4,4,0,2,1,1,1,1,1,3,0,0,0,0,4,0,98586851562067852245367,90482703069218075045364,8104148492849777200003,539251116668370999914948,0,0,0,0
12,5,4,0,6,5,4,0,2,0,2,1,0,2,2,0,0,0,4,2,0,183075719959880367850000,102936846758012345649997,80138873201868022200003,878936771798710026875496,0,0,0,0
9,8,7,0,11,4,8,0,1,0,7,1,0,8,0,0,0,0,0,1,0,111020528321512439008121,89905302054000000000000,21115226267512439008121,421322911900843129088397,0,0,0,0
6,6,7,0,8,5,5,0,4,0,1,4,0,2,3,0,0,0,2,1,0,281188181535528813015914,161387498501733228801192,119800683033795584214722,445702518887349169352605,0,0,0,0
9,3,6,0,7,5,5,0,3,0,1,3,1,2,3,0,0,0,1,4,0,215401352389158452117550,171806281647115031222195,43595070742043420895355,560713227656006751467814,0,0,0,0
16,4,5,0,4,1,2,0,2,0,0,2,1,0,2,0,0,0,1,1,0,315103446363195065413570,247261184709901318236650,67842261653293747176920,671182706400455256841613,0,0,0,0
4,3,10,0,13,4,5,0,4,0,0,4,2,2,3,0,0,0,4,2,0,338350799644223333474647,155139253550797261389464,183211546093426072085183,470625733622013625113286,0,0,0,0
9,6,3,0,6,5,4,0,2,1,0,1,1,1,3,0,0,0,0,3,0,216343874932739607923127,131329696691998867346562,85014178240740740576565,464297411366410009682621,0,0,0,0
8,4,10,0,10,4,5,0,4,1,0,1,1,0,5,0,0,0,0,3,0,313317276771856321843052,294037154736957261152192,19280122034899060690860,540569367595045075288494,0,0,0,0
7,3,9,0,14,9,4,0,3,0,0,3,1,1,3,0,0,0,1,4,0,276180094579958061791721,106378533882616380095867,169801560697341681695854,527438555805774635682387,0,0,0,0
10,7,15,0,8,4,3,0,3,0,0,1,0,1,2,0,0,0,1,2,0,282251010422548264618465,100655867649446724503740,181595142773101540114725,786409321541990404897359,0,0,0,0
11,11,7,0,7,2,3,0,3,0,0,2,0,1,2,0,0,0,1,1,0,311339652877168141101452,83950617629992502170430,227389035247175638931022,667812581004298070745624,0,0,0,0
9,6,7,0,7,6,4,0,4,0,0,3,1,1,3,0,0,0,0,1,0,224806325866808920322357,100000897599999999999997,124805428266808920322360,300000000000151677800834,0,0,0,0
12,7,7,0,7,3,4,0,3,0,0,3,1,0,4,0,0,0,0,3,0,416207232921754545196887,257228592614366994000136,158978640307387551196751,609966678049301647941954,0,0,0,0
10,2,6,0,3,7,4,0,2,0,2,2,0,2,2,0,0,0,2,3,0,322696529092864197203202,184644831562000000002980,138051697530864197200222,399999000000164423948448,0,0,0,0
6,4,12,0,6,4,4,0,2,1,1,0,1,1,3,0,0,0,0,0,0,207739280438824631845533,207739280438824631845531,2,459716239424552183564426,0,0,0,0
9,2,3,0,9,6,3,0,2,0,1,2,0,2,1,0,0,0,0,1,0,115563436424318751403031,99839999999999999999998,15723436424318751403033,649995000000100668850298,0,0,0,0
6,3,8,0,13,4,6,0,4,0,2,3,1,3,3,0,0,0,0,1,0,412224142091586418865609,186018155123572026811541,226205986968014392054068,345273932190476190815575,0,0,0,0
9,2,7,0,4,4,3,0,3,0,0,3,0,1,2,0,0,0,1,2,0,342365675319499312598490,100006430858077767036523,242359244461421545561967,527734042489540625638282,0,0,0,0
10,9,12,0,9,5,2,0,1,1,0,1,1,1,1,0,0,0,1,3,0,102415096261256870884574,60244754439274156770849,42170341821982714113725,629652905473217961742246,0,0,0,0
10,2,8,0,9,4,9,0,6,0,3,5,2,6,3,0,0,0,0,1,0,813123785248164580586557,427090722783738596247055,386033062464425984339502,593088490799559632280935,0,0,0,0
6,5,8,0,7,7,2,0,0,1,1,0,1,1,1,0,0,0,1,3,0,48469396648115452748117,48469396648115452748117,0,636892943298917246251963,0,0,0,0
8,4,4,0,6,6,4,0,3,1,0,1,1,1,3,0,0,0,0,5,0,106974872562170573618688,86939389999493123270461,20035482562677450348227,382280481896650127586377,0,0,0,0
8,6,6,0,6,3,9,0,7,2,0,6,3,2,7,0,0,0,0,1,0,771203181361011214539631,295636153274344108282444,475567028086667106257187,469675019086382709110185,0,0,0,0
5,4,7,0,9,5,3,0,2,0,1,2,2,1,2,0,0,0,1,3,0,187266763159799010339000,99658225308000000000000,87608537851799010339000,477130206448487905660311,0,0,0,0
8,8,4,0,8,2,6,0,5,0,0,2,0,0,6,0,0,0,0,2,0,93481396834521021504083,56210194523047901682583,37271202311473119821500,444773795716865124173717,0,0,0,0
4,8,7,0,11,7,5,0,3,1,1,2,2,2,3,0,0,0,1,3,0,508455049926598075672211,253873664889906409066946,254581385036691666605265,399999617270401117293711,0,0,0,0
6,3,10,0,13,2,8,0,7,0,1,5,0,4,4,0,0,0,1,6,0,757388880111689646417329,284754040101547118349538,472634840010142528067791,425244469410614664299571,0,0,0,0
7,2,8,0,9,6,3,0,1,1,1,1,1,1,2,0,0,0,0,0,0,130736997536944636950000,84190645979817217949999,46546351557127419000001,300001000000336044605827,0,0,0,0
7,7,9,0,6,6,4,0,4,0,0,3,0,1,3,0,0,0,1,3,0,246416630694011616506981,126695011554000000011874,119721619140011616495107,305656490505381186802717,0,0,0,0
8,4,12,0,8,6,3,0,3,0,0,3,0,2,1,0,0,0,2,5,0,225502161617431759927059,179747223669231019449239,45754937948200740477820,457806932644641830869940,0,0,0,0
4,2,10,0,6,7,4,0,2,0,1,1,1,1,3,0,0,0,3,1,0,147341338734478109671116,90279899691283950571115,57061439043194159100001,399997000000235872779524,0,0,0,0
5,6,5,0,13,6,2,0,1,0,1,0,0,1,1,0,0,0,2,4,0,68014270126413839181565,68014270126413839181563,2,442320680349980448464899,0,0,0,0
5,3,10,0,6,9,1,0,1,0,0,1,1,0,1,0,0,0,0,8,0,259969907407407407091310,6,259969907407407407091304,300000000000162900104736,0,0,0,0
10,4,7,0,12,8,5,0,3,0,1,2,0,1,4,0,0,0,1,1,0,160658898432500824691847,149923606975377466207013,10735291457123358484834,775644635868721464649738,0,0,0,0
4,4,6,0,8,4,5,0,3,1,1,3,1,2,3,0,0,0,1,4,0,198999445544995903313520,125150783187000000054429,73848662357995903259091,300000000000156132231866,0,0,0,0
5,6,6,0,8,5,5,0,5,0,0,4,0,1,4,0,0,0,0,3,0,728953997941481906004260,195856337302871709573090,533097660638610196431170,156401880962180619471495,0,0,0,0
9,9,6,0,3,5,4,0,3,1,0,3,1,0,4,0,0,0,0,3,0,501843248456382542830449,165846101178304714316256,335997147278077828514193,397313144233843847400400,0,0,0,0
4,5,9,0,8,6,2,0,1,0,1,1,0,2,0,0,0,0,0,3,0,194179174701059603931385,65725012917000000000000,128454161784059603931385,376724644584082373738978,0,0,0,0
6,8,5,0,3,5,2,0,2,0,0,2,0,0,2,0,0,0,0,3,0,199475172526749909329053,19048914978776498079155,180426257547973411249898,399999000000150000001111,0,0,0,0
9,5,8,0,6,5,5,0,2,1,2,1,1,2,3,0,0,0,1,2,0,345945793672874786522752,195782738144925236733192,150163055527949549789560,641929659191191102050383,0,0,0,0
12,5,7,0,5,3,4,0,3,0,1,2,0,1,3,0,0,0,1,5,0,405574744623448057293575,374615579501597981627212,30959165121850075666363,770707094615149265142774,0,0,0,0
6,5,9,0,8,5,7,0,5,0,2,3,1,4,3,0,0,0,2,0,0,443020894269166791363612,204057597235006802957109,238963297034159988406503,591784985621114204255151,0,0,0,0
9,3,3,0,7,7,4,0,3,0,0,3,2,1,3,0,0,0,0,6,0,275884444976140909498427,149966723233099447671514,125917721743041461826913,627812488665186974208955,0,0,0,0
7,3,11,0,4,7,4,0,3,1,0,3,1,2,2,0,0,0,0,5,0,400483067370228576512100,142282029558627518360365,258201037811601058151735,326280953287524184923255,0,0,0,0
8,4,4,0,14,3,2,0,1,0,1,0,0,1,1,0,0,0,1,8,0,227659064419129332970679,227659064419129332970677,2,459537612889110991711412,0,0,0,0
3,6,5,0,5,4,8,0,6,1,1,5,1,4,4,0,0,0,1,4,0,812623531285124207560320,331802322716711772127587,480821208568412435432733,288500623522411505103061,0,0,0,0
8,4,11,0,9,4,4,0,2,0,2,2,1,2,2,0,0,0,1,0,0,223372913700421071700008,207221676684000000000012,16151237016421071699996,734638414196518725334671,0,0,0,0
13,6,5,0,5,4,7,0,5,0,2,0,0,2,5,0,0,0,0,0,0,77900471038994722932006,77900471038994722931995,11,1052889344264442424541094,0,0,0,0
10,4,15,0,6,3,4,0,2,0,2,1,0,3,1,0,0,0,0,5,0,169568265344773104283161,130032508675741662784422,39535756669031441498739,751573093557517613894789,0,0,0,0
10,7,9,0,6,5,2,0,1,1,0,1,1,1,1,0,0,0,2,1,0,137239927686088416591857,15000000000000005757,137224927686088416586100,854542993913456570774862,0,0,0,0
5,6,10,0,6,5,5,0,5,0,0,4,0,3,2,0,0,0,0,3,0,232948806222730959822740,138098841551925925925004,94849964670805033897736,411046525970116528461448,0,0,0,0
9,3,5,0,11,6,2,0,2,0,0,2,0,1,1,0,0,0,0,2,0,198727196394394620514964,98894999999999999999999,99832196394394620514965,518520806978362857958046,0,0,0,0
8,3,4,0,11,4,4,0,3,0,1,2,0,2,2,0,0,0,0,5,0,188866985981736070005434,61167119934262210561617,127699866047473859443817,312098875353125594679888,0,0,0,0
4,9,14,0,5,7,3,0,2,1,0,2,2,0,3,0,0,0,0,5,0,1483118104234611192,996800000135800917,486318104098810275,256540000000168974999997,0,0,0,0
7,2,5,0,10,4,4,0,4,0,0,3,1,1,3,0,0,0,0,4,0,400254216183949948482247,210901760173159673025001,189352456010790275457246,433072644624481978983835,0,0,0,0
10,2,7,0,9,5,5,0,4,0,1,4,1,3,2,0,0,1,0,3,0,598287600351528521385818,338414917121999999999998,259872683229528521385820,545808290005612076891891,0,0,1,0
8,7,6,0,6,4,3,0,1,2,0,1,2,0,3,0,0,0,2,3,0,378155457975914045828998,76674736025981070128994,301480721949932975700004,449980179132189840608689,0,0,0,0
6,2,7,0,14,8,3,0,2,0,1,1,0,2,1,0,0,0,0,3,0,196418716986216031495897,96234114524270540549998,100184602461945490945899,490091388329379998877836,0,0,0,0
13,7,4,0,9,5,3,0,1,2,0,0,2,0,3,0,0,0,2,1,0,65232680843227880693530,65232680843227880693529,1,926233701148793049515306,0,0,0,0
4,2,7,0,7,4,5,0,3,0,1,3,1,1,4,0,0,0,0,4,0,349645804946277793000000,180341295537703703649998,169304509408574089350002,300000000000203837663074,0,0,0,0
8,3,5,0,10,8,3,0,3,0,0,1,0,1,2,0,0,0,0,4,0,189131851343786618112593,135227460643686857929823,53904390700099760182770,472093276990344823260145,0,0,0,0
9,4,10,0,10,3,4,0,3,0,1,2,0,2,2,0,0,0,1,5,0,314540644141691729492297,251563291927143863512485,62977352214547865979812,560660600006056042121787,0,0,0,0
6,8,5,0,12,4,3,0,2,0,1,2,0,2,1,0,0,0,0,3,0,412643975007607439976519,190704445733439025557214,221939529274168414419305,348780484573034089134568,0,0,0,0
8,4,7,0,9,4,4,0,3,1,0,2,2,0,4,0,0,0,0,1,0,156170575926669452653904,93778501430080487653900,62392074496588965000004,349256649713923075699642,0,0,0,0
10,4,10,0,9,8,3,0,1,0,1,1,1,1,2,0,0,0,1,3,0,220498201710412997841015,165214522760799098968455,55283678949613898872560,407165607614994963976501,0,0,0,0
10,4,4,0,5,6,6,0,2,1,3,1,1,3,3,0,0,0,0,3,0,217162784899937646372463,142820385208579621872459,74342399691358024500004,764205033474515586905225,0,0,0,0
6,5,13,0,4,7,2,0,1,0,1,1,0,1,1,0,0,0,0,3,0,188149031325126372950000,121086054218999999999998,67062977106126372950002,354077361331105260275423,0,0,0,0
10,8,8,0,9,3,3,0,3,0,0,1,0,1,2,0,0,0,5,1,0,123002098977756081368881,95853661065118587794095,27148437912637493574786,796818903971053016469700,0,0,0,0
9,1,4,0,7,7,2,0,2,0,0,2,0,2,0,0,0,0,0,6,0,175608603395061728181521,111109927711000000000000,64498675684061728181521,393350561666732420847939,0,0,0,0
10,2,7,0,8,8,4,0,2,0,2,1,0,3,1,0,0,0,1,2,0,44308985353049382647954,22828680355975308599999,21480304997074074047955,582053300697234179003335,0,0,0,0
3,7,4,0,7,2,11,0,10,0,1,9,2,4,7,0,0,0,0,2,0,865689502537592015014218,348406873721491599748803,517282628816100415265415,300000000000150000023160,0,0,0,0
9,12,10,0,13,4,5,0,2,2,0,2,2,2,3,0,0,0,0,1,0,233449405654432734425198,121369644596857636293974,112079761057575098131224,499998000000150000009662,0,0,0,0
8,7,8,0,13,8,0,0,0,0,0,0,0,0,0,0,0,0,0,0,0,0,0,0,512898447366494608343206,0,0,0,0
5,1,9,0,11,6,4,0,4,0,0,1,0,1,3,0,0,0,2,4,0,183622951629716790114315,144512129870457530963412,39110821759259259150903,558283791555661204046801,0,0,0,0
10,6,6,0,6,5,2,0,2,0,0,2,0,0,2,0,0,0,1,6,0,70146948063360170299251,50018503351335280555600,20128444712024889743651,307000937821502869007631,0,0,0,0
10,4,5,0,10,4,5,0,4,0,1,4,0,4,1,0,0,0,0,2,0,497972630553632567734786,154064057676287308327835,343908572877345259406951,663531222556880703262790,0,0,0,0
9,3,6,0,7,6,5,0,2,1,1,2,2,1,4,0,0,0,2,3,0,85076165477206403183243,84998762792757032027384,77402684449371155859,660903650841806815921822,0,0,0,0
12,5,8,0,12,2,4,0,2,1,1,1,1,1,3,0,0,0,1,3,0,320827149627535697552024,290736609859849985702020,30090539767685711850004,596435477681514341731819,0,0,0,0
9,7,9,0,3,2,6,0,5,1,0,3,1,2,4,0,0,0,1,6,0,321756469684038752399093,192460731144986922393971,129295738539051830005122,523967333415850402554467,0,0,0,0
7,3,9,0,14,10,4,0,3,0,0,3,1,1,3,0,0,0,1,4,0,352985954583260200306325,106378533882878780625398,246607420700381419680927,532960818229087447227863,0,0,0,0
6,7,12,0,4,6,4,1,4,0,0,2,0,3,1,1,1,0,2,0,0,322507491734841199319129,89829447265814814749999,232678044469026384569130,413846610535502948410711,0,0,0,0
7,10,7,0,10,3,1,0,0,0,1,0,0,1,0,0,0,0,1,0,0,39896847129000000000000,39896847129000000000000,0,645426150964148288547692,0,0,0,0
8,5,10,0,10,3,2,0,1,1,0,1,1,1,1,0,0,0,1,2,0,211316555780074712530891,128837619511836292750000,82478936268238419780891,668792817204719635754777,0,0,0,0
5,1,7,0,6,5,4,0,2,1,0,2,3,1,3,0,0,0,1,5,0,241415540533233881754551,100000000000000000000016,141415540533233881754535,385942387457280903807187,0,0,0,0
11,1,1,0,10,8,4,0,1,1,2,1,1,3,1,0,0,0,1,6,0,116473512365049659716891,110938004059133335400000,5535508305916324316891,437006237359103669976291,0,0,0,0
10,1,6,0,3,7,6,0,3,1,2,3,2,2,4,0,0,0,0,3,0,388317034600356423254264,233692827771923820873018,154624206828432602381246,399999000000164423962612,0,0,0,0
12,6,4,0,6,7,8,0,6,0,1,3,0,2,6,0,0,0,1,3,0,628781265965268856498604,299573261684999999954923,329208004280268856543681,748419056081602082299329,0,0,0,0
11,3,12,0,6,2,8,0,6,0,2,4,1,3,5,0,0,0,1,1,0,377378729261760059031016,205083328291503699967619,172295400970256359063397,547493640488891208925815,0,0,0,0
9,2,7,0,4,4,2,0,2,0,0,2,0,0,2,0,0,0,3,1,0,164687132951681024822952,50006430858077767036523,114680702093603257786429,627733042489440626630855,0,0,0,0
4,3,7,0,6,8,4,0,4,0,0,3,1,1,3,0,0,0,1,3,0,352287039740491647418064,149999999999999999999996,202287039740491647418068,310012178483242558381351,0,0,0,0
6,4,7,0,9,5,6,0,4,1,1,2,1,2,4,0,0,0,2,2,0,647446053478748909542197,138675470165286674099998,508770583313462235442199,363317986408687850262261,0,0,0,0
13,6,7,0,5,6,8,0,6,0,2,3,0,4,4,0,0,0,1,2,0,525324187638335666745672,280351379765000029585434,244972807873335637160238,506291276556858899645492,0,0,0,0
7,4,9,0,10,3,1,0,1,0,0,1,0,1,0,0,0,0,0,1,0,63268816679016381068891,61723402845000000000000,1545413834016381068891,611795017653718281064623,0,0,0,0
9,5,7,0,14,5,4,0,4,0,0,4,0,3,1,0,0,0,0,2,0,486181717162146331805289,255928030971999999999998,230253686190146331805291,285421086577688785402930,0,0,0,0
5,4,8,0,17,10,3,0,1,0,1,0,0,1,2,0,0,0,0,3,0,35448981343777777650000,35448981343777777649999,1,331044147694130535807255,0,0,0,0
8,6,7,0,6,4,7,0,6,1,0,4,2,2,5,0,0,0,1,2,0,671627322134879761862226,244535880004998422038353,427091442129881339823873,450112871496458117036961,0,0,0,0
8,7,6,0,6,3,4,0,0,1,3,0,1,3,1,0,0,0,3,1,0,112825478410127115700000,112825478410127115700000,0,687430130846477985433798,0,0,0,0
4,6,8,0,11,5,3,0,2,0,1,2,0,2,1,0,0,0,0,3,0,116237096053568833461996,82875000000000000006491,33362096053568833455505,443746232572683304809814,0,0,0,0
8,4,4,0,5,7,3,0,2,0,1,1,0,1,2,0,0,0,1,0,0,55623828437701933278730,54059079319148148049999,1564749118553785228731,412746039229618703103773,0,0,0,0
7,4,8,0,6,5,9,0,6,3,0,4,5,2,7,0,0,0,0,1,0,576731408602985775712220,385197942445165769922698,191533466157820005789522,351465263198273481695773,0,0,0,0
7,5,8,0,9,6,2,0,1,1,0,1,1,1,1,0,0,0,0,1,0,116078744340017467837955,87915509259259259200000,28163235080758208637955,399999000000221911605569,0,0,0,0
4,10,5,0,14,2,6,0,3,1,2,3,1,3,3,0,0,0,2,2,0,544711778406477954001630,99407092942416079910801,445304685464061874090829,340558359379647257610204,0,0,0,0
9,8,7,0,8,3,5,0,3,1,1,3,1,3,2,0,0,0,0,1,0,315758654629672126662791,118145075170667262870776,197613579459004863792015,555608320270706846396878,0,0,0,0
12,0,6,0,9,7,3,0,2,1,0,2,1,0,3,0,0,0,2,1,0,201955251467089644209671,109023365254405782547803,92931886212683861661868,725126060429356930041625,0,0,0,0
10,5,6,0,12,8,4,0,2,0,1,2,0,1,3,0,0,0,1,2,0,304091679533105328106188,229427244145334009690341,74664435387771318415847,710999820880623351282144,0,0,0,0
10,3,7,0,7,4,5,0,5,0,0,2,1,1,4,0,0,0,0,3,0,411372462511419197426926,192378996262698423441190,218993466248720773985736,418830325116748695841632,0,0,0,0
9,4,7,0,6,5,6,0,4,1,0,3,2,2,4,0,0,0,4,5,0,199601527062787259507662,147379130534321538028661,52222396528465721479001,484539682203957640243212,0,0,0,0
9,4,12,0,14,8,6,0,2,2,2,2,2,3,3,0,0,0,1,1,0,485644553414479112947217,240565145177594204875794,245079408236884908071423,420810190313501366657369,0,0,0,0
10,4,9,0,10,5,1,0,1,0,0,1,0,0,1,0,0,0,2,6,0,70486304012345678900000,49999999999999999999999,20486304012345678900001,474088369292983350122349,0,0,0,0
4,6,8,0,8,5,5,0,4,0,1,4,1,3,2,0,0,0,0,0,0,482084761787941470257096,196280754876807429730581,285804006911134040526515,260302766744043238407319,0,0,0,0
9,1,8,0,8,6,3,0,1,1,0,1,3,0,3,0,0,0,1,2,0,22721354166666670914901,22721354166666666745445,4169456,477276645833596229935359,0,0,0,0
7,4,10,0,5,4,5,0,4,0,1,3,1,2,3,0,0,0,0,1,0,169549026755405845267039,97622674484438979542373,71926352270966865724666,424479446022679689170169,0,0,0,0
7,4,8,0,10,4,2,0,2,0,0,1,0,0,2,0,0,0,0,8,0,179772716693980941086013,50000000000000000000003,129772716693980941086010,585162074541254562250099,0,0,0,0
5,9,11,0,3,5,1,0,1,0,0,1,0,1,0,0,0,0,0,2,0,360807763776590789168570,249998026392000000000000,110809737384590789168570,344578000000251998064904,0,0,0,0
5,6,5,0,11,2,3,0,2,1,0,2,2,1,2,0,0,0,2,0,0,295991357358627516206474,139016092193806246248876,156975265164821269957598,303716494947244884749950,0,0,0,0
9,4,3,0,7,9,3,0,1,1,0,1,1,1,2,0,0,0,1,6,0,219724252748000735546377,178797920771240628534116,40926331976760107012261,669004806957454948846306,0,0,0,0
14,6,9,0,9,2,4,0,4,0,0,3,0,1,3,0,0,0,2,3,0,298981186417042052905114,119655733364634234512662,179325453052407818392452,391203136150418633926527,0,0,0,0
4,7,7,0,12,5,6,0,5,0,0,3,0,2,4,0,0,0,1,4,0,368758728067997048106085,144782992182755204403891,223975735885241843702194,294583333333483333350000,0,0,0,0
12,5,4,0,5,7,3,0,1,0,2,1,0,3,0,0,0,0,3,5,0,83730377181739551413282,52296494707000000000000,31433882474739551413282,508864510208849575824438,0,0,0,0
8,6,11,0,9,7,3,0,2,0,1,2,1,1,2,0,0,0,0,2,0,132961293806462422000011,83119629303000000000012,49841664503462421999999,462124794537165365118768,0,0,0,0
6,4,5,0,6,6,4,0,3,0,0,1,1,0,4,0,0,0,5,7,0,234419423078208235175521,121343940804194599162638,113075482274013636012883,331456107194179619265101,0,0,0,0
10,3,6,0,10,8,4,0,2,1,0,1,2,1,3,0,0,0,0,3,0,218992692731647977822199,209541492784289294019248,9451199947358683802951,517241812466985048656213,0,0,0,0
10,2,6,0,5,8,4,0,4,0,0,4,1,1,3,0,0,2,1,1,0,881325510465095879436263,411767877697000000001587,469557632768095879434676,407608645376442247592504,0,0,2,0
4,10,8,0,7,6,4,0,3,0,1,3,0,3,1,0,0,0,0,2,0,177741874837683392158550,100000000000000000012370,77741874837683392146180,360876533244588248273549,0,0,0,0
9,4,5,0,11,5,2,0,2,0,0,2,0,1,1,0,0,0,0,2,0,242989954998470259766588,98894999999999999999998,144094954998470259766590,518520806978362857956006,0,0,0,0
8,3,6,0,6,4,5,0,4,0,1,2,1,1,4,0,0,0,0,8,0,213321845981227866713774,188498824306634649156180,24823021674593217557594,455991060103505942889694,0,0,0,0
5,2,10,0,7,10,5,0,3,0,2,1,1,2,3,0,0,0,1,1,0,85886808869227607417142,73899968023000000000014,11986840846227607417128,263867901283985120434664,0,0,0,0
5,4,11,0,11,4,3,0,3,0,0,3,1,1,2,0,0,0,2,3,0,246270283418022825635307,100000000000000000000013,146270283418022825635294,440733070428525859182885,0,0,0,0
8,4,11,0,3,5,7,1,5,0,1,4,0,3,4,1,1,0,1,5,0,501315551995885501396307,357819451688676707433708,143496100307208793962599,511897690497843143644742,0,0,0,0
8,7,6,0,6,5,3,0,3,0,0,1,0,0,3,0,0,0,2,3,0,399324915311616816926022,67865966524031779626626,331458948787585037299396,446883143305680552713266,0,0,0,0
7,5,9,0,8,6,5,0,1,1,2,0,1,2,3,0,0,0,3,4,0,177291683896363119440845,177291683896363119440842,3,539173244475796075269011,0,0,0,0
7,5,12,0,8,4,5,0,4,0,1,3,0,3,2,0,0,0,0,1,0,613337608343266830105333,427911819503699258946914,185425788839567571158419,433533161676821685183628,0,0,0,0
11,5,6,0,3,8,1,1,1,0,0,0,0,1,0,1,1,0,4,5,0,131505392344294653379283,0,131505392344294653379283,355045008186079891283304,0,0,0,0
8,2,5,0,10,8,3,0,3,0,0,2,0,2,1,0,0,0,1,3,0,157985970003060060662624,104522193915411893930532,53463776087648166732092,472093276990344823260146,0,0,0,0
6,4,9,0,11,4,6,0,4,1,0,4,1,2,4,0,0,0,1,3,0,642882064206670328593591,224524793384519927706163,418357270822150400887428,370089990142855338850451,0,0,0,0
13,4,6,0,7,4,6,0,5,0,1,3,0,3,3,0,0,0,0,1,0,493413461361235174883297,415079844520024691258651,78333616841210483624646,560899473765453581579144,0,0,0,0
10,9,6,0,8,8,2,1,2,0,0,1,0,1,1,1,1,0,0,3,0,185884597935430339993271,50000000000000000000000,135884597935430339993271,429809295503801709858133,0,0,0,0
8,6,8,0,4,6,4,0,3,1,0,2,1,2,2,0,0,0,2,0,0,180646384169249354373813,80387300225760284065526,100259083943489070308287,624352834126763924942563,0,0,0,0
6,5,13,0,4,3,3,0,2,0,1,2,0,1,2,0,0,0,0,2,0,270840764154794353000000,218431929884999999999998,52408834269794353000002,407240637372375765652490,0,0,0,0
5,7,9,0,11,8,4,0,2,0,2,2,1,2,2,0,0,0,0,5,0,482050348782053321029555,312465748100645018894334,169584600681408302135221,349999000000200055468501,0,0,0,0
7,10,7,0,12,3,3,0,3,0,0,2,0,2,1,0,0,0,2,2,0,245439009634284234612600,80221962123832688699999,165217047510451545912601,476394735852059723133911,0,0,0,0
9,5,11,0,6,7,1,1,1,0,0,0,0,0,1,1,1,0,1,2,0,1143091988274630814805,0,1143091988274630814805,442965056376112149583974,0,0,0,0
6,4,8,0,8,4,8,0,5,0,2,3,0,3,5,0,0,0,0,0,0,405006412746949165194499,225111051345864197499996,179895361401084967694503,465983909134905653254851,0,0,0,0
4,6,10,0,12,3,5,0,5,0,0,3,0,1,4,0,0,0,0,2,0,442137501682278162410061,237131436519882545981156,205006065162395616428905,404210842729725388636053,0,0,0,0
9,12,10,0,13,2,4,0,2,2,0,2,2,1,3,0,0,0,0,2,0,271675568944447625248954,249479876702113414839790,22195692242334210409164,565869188433051912794598,0,0,0,0
8,4,12,0,7,6,10,0,6,1,2,6,4,4,6,0,0,0,1,3,0,293367826728502883179398,247133017291489947919761,46234809437012935259637,399999000005150000000000,0,0,0,0
10,2,9,0,4,7,7,0,3,2,2,3,2,4,3,0,0,0,1,3,0,467846230234533817892839,331286990947466262023494,136559239287067555869345,652960976735133086616389,0,0,0,0
10,5,6,0,5,6,3,0,3,0,0,3,1,1,2,0,0,0,0,3,0,363370023566773322011922,151355185298999999999998,212014838267773322011924,540118293485837996696209,0,0,0,0
10,3,5,0,10,4,4,0,3,0,1,3,0,3,1,0,0,0,0,3,0,304508108266141620238745,195041071002287308327835,109467037263854311910910,599541249077583772952738,0,0,0,0
10,2,12,0,11,4,4,0,4,0,0,2,1,1,3,0,0,0,0,3,0,193886666109065324663093,177441905957459594971335,16444760151605729691758,524292528499627658315761,0,0,0,0
10,7,7,0,10,9,5,0,2,0,0,2,0,0,5,0,0,0,1,3,0,365875348746404342427087,115150582705178969445860,250724766041225372981227,649070302183547504114035,0,0,0,0
7,9,8,0,8,5,5,0,4,0,1,3,0,2,3,0,0,0,0,3,0,854446990469951863941711,246678204267616605855839,607768786202335258085872,572487680928070318842064,0,0,0,0
7,5,7,0,5,6,4,0,2,1,1,2,1,2,2,0,0,0,1,2,0,335190703247721309720916,207805497992237572149997,127385205255483737570919,399999000000150000028487,0,0,0,0
6,7,12,0,4,5,2,0,2,0,0,1,0,1,1,0,0,0,2,2,0,310439468111885254628515,68597055757884821849999,241842412354000432778516,413846610535502948410733,0,0,0,0
6,2,7,0,8,5,3,0,1,0,1,1,1,1,2,0,0,0,0,5,0,317727398901076222476547,205781397942570338760527,111946000958505883716020,434031007442236138238700,0,0,0,0
9,5,5,0,8,4,4,0,3,1,0,2,1,1,3,0,0,0,1,4,0,153907802631079510965602,113643578615490112470073,40264224015589398495529,630308897456843538017803,0,0,0,0
11,1,1,0,10,5,4,0,2,0,2,2,1,3,1,0,0,0,1,6,0,179255659283135731009181,150693479937000000000000,28562179346135731009181,670642572538695650647944,0,0,0,0
5,3,6,0,6,6,3,0,1,0,1,1,1,1,2,0,0,0,0,3,0,114445965584354088726501,50346173360674425364278,64099792223679663362223,311747342849909159284255,0,0,0,0
3,2,5,0,11,4,6,0,6,0,0,5,0,2,4,0,0,0,3,4,0,955309559010032150279521,250000000000000451924747,705309559010031698354774,300000000000150451924756,0,0,0,0
8,7,11,0,5,5,2,0,2,0,0,2,0,0,2,0,0,0,2,1,0,209389114822116166135227,35440839311409335798638,173948275510706830336589,470106630890568102196766,0,0,0,0
6,5,6,0,7,6,2,0,1,0,1,1,0,2,0,0,0,0,1,2,0,65974493028566276046670,9420955977000000000000,56553537051566276046670,541619762506011293175011,0,0,0,0
4,2,7,0,6,7,4,0,3,1,0,1,1,0,4,0,0,0,3,1,0,102731136027507684680956,59893904320987654299996,42837231706520030380960,300000000000100000000017,0,0,0,0
6,4,8,0,10,5,4,1,4,0,0,3,2,1,3,1,1,0,0,2,0,340703196172665141434550,167999000000000000024093,172704196172665141410457,428799569055915530870641,0,0,0,0
5,4,9,0,10,4,6,0,6,0,0,6,2,2,4,0,0,0,0,2,0,864839461751361213625875,207283351500000000028713,657556110251361213597162,300000000000230598586547,0,0,0,0
9,1,6,0,6,8,2,0,2,0,0,2,1,0,2,0,0,0,0,2,0,370159762861160094464814,159434617414355835072402,210725145446804259392412,471718559136741135204900,0,0,0,0
5,4,8,0,17,10,3,0,1,0,1,0,0,1,2,0,0,0,1,2,0,26657813415681464080080,26657813415681464080079,1,294942129629779629650000,0,0,0,0
12,5,6,0,11,6,4,0,4,0,0,4,1,3,1,0,0,0,1,1,0,401651502826782695967930,176056424862000000000000,225595077964782695967930,672120302832375170135409,0,0,0,0
9,4,5,0,8,7,2,0,2,0,0,1,0,0,2,0,0,0,0,4,0,33091433122953261864330,31671928526266221749997,1419504596687040114333,557282522049607376171302,0,0,0,0
10,4,8,0,5,6,2,0,2,0,0,2,1,0,2,0,0,0,0,6,0,497584925879045337491976,299998000000000000014335,197586925879045337477641,358637000578391280989233,0,0,0,0
7,3,8,0,6,2,7,0,5,2,0,3,4,1,6,0,0,0,1,2,0,445225798042980740447911,343617133337667858542448,101608664705312881905463,351465263198273481695773,0,0,0,0
6,7,6,0,11,2,7,1,5,0,1,3,1,3,4,1,1,0,1,2,0,523713459357657353348957,166496054869898715469652,357217404487758637879305,431157225372665494530354,0,0,0,0
8,4,6,0,11,8,2,0,0,0,2,0,0,2,0,0,0,0,1,1,0,7493159851000000000000,7493159851000000000000,0,404876593478878037540386,0,0,0,0
8,6,6,0,9,7,3,0,2,0,0,1,1,0,3,0,0,0,0,3,0,207503610237612399055822,92307509574643125721009,115196100662969273334813,582164642280627862176625,0,0,0,0
12,1,6,0,9,7,5,0,3,2,0,0,2,0,5,0,0,0,0,1,0,129616827230428063450121,129616827230428063450117,4,854269780957913878829230,0,0,0,0
7,4,6,0,6,5,4,0,1,2,1,1,2,2,2,0,0,0,1,4,0,231837846648261143840829,80181361072426467113654,151656485575834676727175,581434247191384668840680,0,0,0,0
7,2,7,0,9,6,4,0,4,0,0,4,0,1,3,0,0,0,1,3,0,520754897791805969588795,199999000000129596559114,320755897791676373029681,647348914606177713906326,0,0,0,0
10,4,9,0,10,7,2,0,2,0,0,2,0,0,2,0,0,0,2,5,0,255698452720364884450000,99999999999999999999997,155698452720364884450003,474088369292983350142454,0,0,0,0
3,4,11,0,14,7,5,0,4,1,0,3,2,2,3,0,0,0,0,3,0,426904767956009246757821,221095463847305528388709,205809304108703718369112,300000000000184905571883,0,0,0,0
9,7,7,0,9,5,5,0,4,0,1,2,0,2,3,0,0,0,2,5,0,331436543689766266909348,234206753846026863178365,97229789843739403730983,420161932028226287012227,0,0,0,0
9,4,8,0,4,6,7,0,4,1,2,2,1,2,5,0,0,0,2,1,0,386240292759299334703650,294321553330370949943922,91918739428928384759728,330300276692631243582817,0,0,0,0
12,9,5,0,6,5,2,0,2,0,0,1,0,1,1,0,0,0,1,2,0,115236259940973377504258,91640954782901021854370,23595305158072355649888,791725775506251012573399,0,0,0,0
5,7,11,0,3,7,2,0,1,0,1,1,0,2,0,0,0,0,0,1,0,359331091032257294205743,249998029694000000000000,109333061338257294205743,349999000000100000019923,0,0,0,0
8,5,7,0,8,7,2,0,1,0,1,1,0,2,0,0,0,0,0,3,0,175173391887285157500317,116637152775000000000000,58536239112285157500317,472094859329765548558005,0,0,0,0
8,3,11,0,8,4,3,0,2,1,0,2,1,2,1,0,0,0,1,4,0,213262788960309416261263,92150632716049382650000,121112156244260033611263,666611471748777900570818,0,0,0,0
12,5,4,0,5,7,4,0,3,0,1,3,1,3,1,0,0,0,1,6,0,270449284901226045430903,142316087171870488262339,128133197729355557168564,568885451615607258661565,0,0,0,0
6,4,7,0,7,6,5,0,4,0,0,3,0,3,2,0,0,0,1,3,0,194525566316991531688708,126798824518209876399999,67726741798781655288709,301280571861862955604516,0,0,0,0
10,7,13,0,4,4,9,0,5,1,3,5,2,5,4,0,0,0,0,1,0,605935092743254226997339,294138986344717351999288,311796106398536874998051,487110186076026609929138,0,0,0,0
3,4,11,0,5,7,6,0,4,0,1,3,0,2,4,0,0,0,0,4,0,308179421579084068210310,250408246498763923251649,57771175080320144958661,374333012272817703541265,0,0,0,0
4,12,8,0,7,6,4,0,3,0,1,3,0,3,1,0,0,0,0,2,0,255479490257478031958137,101000004755849999999996,154479485501628031958141,349999000000150000395538,0,0,0,0
6,4,7,0,9,5,5,0,3,1,1,2,1,2,3,0,0,0,0,4,0,271280161605361127360221,208118962108613224067744,63161199496747903292477,628198045347706337010396,0,0,0,0
7,3,6,0,7,10,1,0,1,0,0,1,0,0,1,0,0,0,0,3,0,56556403423068860484077,18797851457697378529230,37758551965371481954847,435739294162197071524999,0,0,0,0
9,4,7,0,5,7,7,0,3,1,1,2,1,2,5,0,0,0,0,2,0,490424799630961801545055,169923143473684511604254,320501656157277289940801,370602121717736927832087,0,0,0,0
5,3,11,0,11,3,3,0,3,0,0,3,1,0,3,0,0,0,2,3,0,194488342622437371902062,62165000000000000000013,132323342622437371902049,355343070428525859180069,0,0,0,0
6,4,6,0,11,4,5,0,4,0,1,2,0,2,3,0,0,0,0,7,0,217568473092177628127376,109476767105392046978796,108091705986785581148580,367729662253672969809674,0,0,0,0
7,2,8,0,13,6,7,0,3,0,3,1,1,4,3,0,0,0,1,6,0,261954474991600269106827,185810858416924054199997,76143616574676214906830,336933356200488292883972,0,0,0,0
11,4,6,0,3,7,3,0,1,0,2,1,0,3,0,0,0,0,2,5,0,163446310232295629346291,151941595044000000000000,11504715188295629346291,355946572536783114943512,0,0,0,0
12,10,9,0,9,1,7,0,5,0,2,4,1,4,3,0,0,0,0,2,0,538651938595558054515884,357916146425581263816126,180735792169976790699758,556228828838954847202092,0,0,0,0
8,3,4,0,8,4,6,0,5,1,0,4,2,2,4,0,0,0,1,4,0,627257254163759811656063,162820946394713580902032,464436307769046230754031,399999000000153675713863,0,0,0,0
6,3,14,0,5,3,4,0,4,0,0,3,1,1,3,0,0,0,0,3,0,614061708919567807454868,235095735907423114636620,378965973012144692818248,474645803590303130280241,0,0,0,0
10,6,6,0,8,6,2,1,2,0,0,1,0,1,1,1,1,0,0,3,0,35299575617283950574625,157,35299575617283950574468,479809295503801709856900,0,0,0,0
9,3,11,0,8,4,5,0,4,0,1,3,1,2,3,0,0,0,0,3,0,229228394674172226324229,202627028999083035949561,26601365675089190374668,699996000000123640264914,0,0,0,0
10,4,5,0,5,3,3,0,2,0,1,2,0,2,1,0,0,0,2,3,0,207877394100477191575274,165928223859087855863605,41949170241389335711669,704150981284687299000076,0,0,0,0
7,3,11,0,9,8,7,0,4,0,1,1,0,1,6,0,0,0,0,2,0,365563061740449974678668,328811580817559741285308,36751480922890233393360,463892004022832189135820,0,0,0,0
10,10,5,0,8,3,9,1,6,0,3,4,0,4,5,1,1,0,1,1,0,691229581759953682088783,259806838437851488899999,431422743322102193188784,383253182800203412890007,0,0,0,0
6,5,8,0,8,2,8,0,4,0,3,2,0,3,5,0,0,0,0,0,0,407198805994822153178499,226317081067864197499991,180881724926957955678508,508892917884404904964043,0,0,0,0
6,4,7,0,8,7,6,0,4,0,1,2,0,3,3,0,0,0,0,1,0,451287158454468389512004,213979886074032478138096,237307272380435911373908,381357517392961653423269,0,0,0,0
10,3,6,0,5,7,4,0,2,2,0,2,2,1,3,0,0,0,2,0,0,370737194992089451804961,149882041608002749654264,220855153384086702150697,640900781499646439112290,0,0,0,0
6,5,9,0,4,5,6,0,4,0,1,3,0,2,4,0,0,0,0,4,0,342382604179169032462629,221132974434976571418426,121249629744192461044203,380621389660218153829541,0,0,0,0
6,7,10,0,8,7,5,0,3,0,2,1,0,2,3,0,0,0,0,0,0,142777720210821590101115,142777720210821590100629,486,493953131546304740560158,0,0,0,0
6,1,7,0,11,6,5,0,4,0,1,2,1,2,3,0,0,0,0,2,0,404779482321190609235945,160348132832281449152299,244431349488909160083646,300000000000150006617633,0,0,0,0
6,1,9,0,7,6,5,0,3,0,2,3,1,4,1,0,0,0,0,4,0,374310725009685780912309,188265830302746402053782,186044894706939378858527,380742350258725864568779,0,0,0,0
7,9,8,0,8,4,4,0,3,0,1,2,0,2,2,0,0,0,1,3,0,191459748168327324965233,87832469346313633360532,103627278822013691604701,622487680928070318841772,0,0,0,0
9,6,7,0,9,2,4,0,2,0,2,2,0,2,2,0,0,0,1,3,0,324708661726044029002648,277502451312124579963210,47206210413919449039438,513885039873030939413095,0,0,0,0
10,6,8,0,6,6,6,0,5,0,1,2,0,2,4,0,0,0,0,3,0,339749142998197083985624,271989039546954775841165,67760103451242308144459,600819142574848961061520,0,0,0,0
6,3,10,0,7,6,4,0,3,0,0,2,2,0,4,0,0,0,3,3,0,93391545207701332176402,67753647381904343199766,25637897825796988976636,411486257747433886715861,0,0,0,0
3,3,5,0,11,4,7,0,7,0,0,6,1,2,5,0,0,0,2,4,0,1169819739712977593763784,300000000000000451924747,869819739712977141839037,300000000000150451924756,0,0,0,0
8,4,11,0,7,4,6,0,2,0,4,2,0,4,2,0,0,0,0,4,0,329886774806333332842789,222857427117187164121013,107029347689146168721776,359590476294077290586013,0,0,0,0
5,5,9,0,6,6,7,0,4,0,3,3,1,5,2,0,0,0,0,2,0,539209821652873284981195,360075644011316433658830,179134177641556851322365,350969000000135075619713,0,0,0,0
14,8,5,0,7,5,3,0,3,0,0,1,0,1,2,0,0,0,2,1,0,291756252915148496713864,212532742821834201184347,79223510093314295529517,606235127637336968603782,0,0,0,0
9,1,6,0,6,6,2,0,2,0,0,1,0,0,2,0,0,0,0,2,0,194547071561453530522125,66861485444098659922121,127685586117354870600004,539863754522365312247734,0,0,0,0
12,7,7,0,7,5,3,0,2,0,1,2,0,2,1,0,0,0,2,0,0,564594117031063844249037,410516235071674302099811,154077881959389542149226,765305743370401859068894,0,0,0,0
8,4,6,0,9,6,3,0,2,0,1,1,1,1,2,0,0,0,1,1,0,108646423574669134700000,87071043505419753049999,21575380069249381650001,475712574216483193728959,0,0,0,0
8,3,6,0,11,8,3,0,1,0,2,1,0,2,1,0,0,0,0,1,0,281626365110979213846628,62628154020625974103868,218998211090353239742760,404876593478878038540182,0,0,0,0
6,5,4,0,7,4,6,0,5,0,1,2,1,2,4,0,0,0,1,4,0,534327669006496243428613,193049580190768210920982,341278088815728032507631,516187198032235530004735,0,0,0,0
7,3,8,0,5,8,4,0,4,0,0,4,2,1,3,0,0,0,2,3,0,516491966051562674995419,125399328470911288439497,391092637580651386555922,323825069888764167569873,0,0,0,0
6,3,6,0,10,5,7,0,4,0,3,4,1,4,3,0,0,0,1,2,0,554978664559354184727935,179202893451934113073952,375775771107420071653983,370575573950646199022639,0,0,0,0
7,5,10,0,8,8,6,0,3,1,2,2,1,4,2,0,0,0,0,4,0,383185892915093954888764,258984429549533938989784,124201463365560015898980,448873904226927228200717,0,0,0,0
9,5,8,0,4,6,8,0,8,0,0,3,0,1,7,0,0,0,1,1,0,517615966601646270861429,378011185444329812457870,139604781157316458403559,487992249749785628772906,0,0,0,0
12,7,9,0,8,5,5,0,3,1,1,1,2,1,4,0,0,0,0,1,0,176516082471703015495912,176365327616743272985922,150754854959742509990,514648176440208541640667,0,0,0,0
7,7,9,0,5,5,6,0,3,0,3,2,1,4,2,0,0,0,2,3,0,391970822128560710468941,266842209178304151315635,125128612950256559153306,566553529780129539422934,0,0,0,0
11,5,8,0,7,5,7,0,6,0,0,4,1,1,6,0,0,0,0,3,0,619584480281336439035319,328577229707507909968527,291007250573828529066792,295605359147175813737373,0,0,0,0
10,8,13,0,4,4,9,0,5,0,4,5,1,6,3,0,0,0,0,1,0,576707645740713206283626,294103342930841705644403,282604302809871500639223,487572886143694029003416,0,0,0,0
6,4,9,0,5,3,8,0,3,0,3,3,1,5,3,0,0,0,1,2,0,580360168635868391431326,231171443681284883750000,349188724954583507681326,580138718998381272996562,0,0,0,0
8,6,5,0,8,4,4,0,2,1,1,1,1,1,3,0,0,0,2,2,0,173016757349064643019344,156116892362780701248214,16899864986283941771130,511646128402330662313806,0,0,0,0
4,5,9,0,4,4,6,0,5,0,1,4,1,2,4,0,0,0,1,2,0,743908075210537544865262,341576054232175828170872,402332020978361716694390,300000000000134624477399,0,0,0,0
7,4,8,0,13,4,11,0,5,0,5,3,2,5,6,0,0,0,0,3,0,512863829157943440317117,445286796817180267064046,67577032340763173253071,377675447249871008983973,0,0,0,0
8,5,7,0,9,8,2,0,2,0,0,0,0,0,2,0,0,0,0,4,0,9368088709108348105837,9368088709108348105834,3,345049898520144915013348,0,0,0,0
11,7,9,0,6,6,3,0,2,0,1,1,1,1,2,0,0,0,0,2,0,412749999574897889887987,268744328493207265760863,144005671081690624127124,550135436351375081770915,0,0,0,0
7,6,10,0,6,6,4,0,3,0,1,3,0,2,2,0,0,0,2,1,0,461652287161579529846924,133587255563110515691736,328065031598469014155188,560830720044664293220973,0,0,0,0
9,7,16,0,4,6,0,0,0,0,0,0,0,0,0,0,0,0,0,3,0,0,0,0,709498916738499037725324,0,0,0,0
7,3,11,0,9,6,6,0,4,0,0,2,0,1,5,0,0,0,0,3,0,388855664977329875341234,331809312830100544062393,57046352147229331278841,502364074203939898890210,0,0,0,0
6,6,3,0,14,3,4,0,4,0,0,4,1,2,2,0,0,0,0,1,0,730212370713665870356564,236487127671999999999994,493725243041665870356570,415695109549432920314010,0,0,0,0
6,3,6,0,11,5,5,0,3,0,1,2,2,2,3,0,0,0,1,1,0,489855756090023748782071,158096930337518518449998,331758825752505230332073,300000000000150006617633,0,0,0,0
7,4,8,0,9,4,5,0,4,0,0,3,1,0,5,0,0,0,3,2,0,252319607587652878368131,147425053986880169412647,104894553600772708955484,320147079970181127943001,0,0,0,0
12,4,12,0,8,6,6,0,3,0,3,3,1,3,3,0,0,0,0,2,0,401767101913363350556151,239018994224519938511340,162748107688843412044811,422427466760672877190792,0,0,0,0
11,9,6,0,4,6,7,0,5,0,1,3,0,4,3,0,0,0,1,1,0,497695366787647669057469,327312284366866760599998,170383082420780908457471,548549094237808527810784,0,0,0,0
7,6,8,0,10,3,5,0,3,0,2,3,1,3,2,0,0,0,0,3,0,306911385149883666283251,175284837866198494776000,131626547283685171507251,414667256772185976746291,0,0,0,0
8,5,11,0,7,4,8,0,3,0,5,3,1,5,3,0,0,0,0,2,0,449677924207405745616102,344716494379030971970993,104961429828374773645109,359590476294077290600022,0,0,0,0
11,2,12,0,7,8,2,0,1,0,1,0,0,1,1,0,0,0,1,1,0,92318241695377189626747,92318241695377189626746,1,445535065125277927061301,0,0,0,0
7,3,7,0,14,4,4,0,4,0,0,3,0,2,2,0,0,0,0,2,0,445339849777591407404130,148003060037172839449997,297336789740418567954133,655056864524441547186296,0,0,0,0
7,7,5,0,10,6,2,0,2,0,0,2,0,1,1,0,0,0,0,8,0,213599801379442415951889,75764999999999999999998,137834801379442415951891,378745434641108432463135,0,0,0,0
3,6,6,0,10,5,7,0,4,0,3,4,0,5,2,0,0,0,0,2,0,641608977980341054684875,256141486546726039095144,385467491433615015589731,316450097592218995908681,0,0,0,0
6,5,4,0,7,4,6,0,5,0,0,2,1,1,5,0,0,0,1,4,0,864126893569145961057394,360788262179027020415316,503338631390118940642078,471818080404128707867976,0,0,0,0
10,6,7,0,7,5,3,0,2,0,0,2,1,1,2,0,0,0,2,0,0,140952133201327610076040,110199124946681100697437,30753008254646509378603,485145921626976902576377,0,0,0,0
5,5,7,0,11,4,4,0,4,0,0,4,1,1,3,0,0,0,0,0,0,1082174636321949388933674,172389669554943799137424,909784966767005589796250,360809186911195104503160,0,0,0,0
7,7,9,0,5,5,6,0,4,0,2,3,1,4,2,0,0,0,2,3,0,459098259915009417906460,326704735463589371774876,132393524451420046131584,584041041280132395528665,0,0,0,0
11,3,5,0,4,7,7,0,4,0,2,2,0,3,4,0,0,0,1,5,0,439981576223833659944031,288320985626235230012937,151660590597598429931094,300001000000150000000001,0,0,0,0
8,6,7,0,5,5,2,0,2,0,0,2,1,0,2,0,0,0,1,1,0,185852309409072575515639,93668367192993342644021,92183942216079232871618,467011624602834800774532,0,0,0,0
8,3,6,0,8,4,7,0,4,1,2,3,1,3,4,0,0,0,2,2,0,362907709194305574522373,180214970222843426857457,182692738971462147664916,461360266679877589238044,0,0,0,0
8,5,7,0,9,6,2,0,2,0,0,1,0,0,2,0,0,0,0,4,0,75744926706784667297617,63627828033171355845550,12117098673613311452067,473256928302234403731554,0,0,0,0
4,2,9,0,10,7,2,0,1,0,0,1,0,0,2,0,0,0,1,4,0,43644675925925925845089,33374074544586274014065,10270601381339651831024,289776041666816666700000,0,0,0,0
9,5,11,0,8,5,6,0,4,1,1,1,1,2,4,0,0,0,0,2,0,233896820938598538961847,215534444139030946691823,18362376799567592270024,577737413039864041869873,0,0,0,0
13,4,10,0,7,6,6,0,2,0,3,1,0,3,3,0,0,0,3,1,0,206812798538631064964532,195225203352961449461603,11587595185669615502929,522519130012640836715328,0,0,0,0
5,7,8,0,10,8,3,0,2,0,0,2,1,1,2,0,0,0,0,2,0,82135689451295102033492,63337446345615374827371,18798243105679727206121,304643367443098967747206,0,0,0,0
7,5,8,0,9,4,7,0,6,0,0,4,1,1,6,0,0,0,2,1,0,343565541945310079115068,267380810647814893183515,76184731297495185931553,373379232754212508890556,0,0,0,0
6,3,8,0,7,3,6,0,4,1,1,3,1,2,4,0,0,0,0,0,0,542607760679665394823134,166739176465473689610393,375868584214191705212741,280390660966183270091836,0,0,0,0
7,4,9,0,7,5,4,0,0,1,0,0,1,0,4,0,0,0,1,3,0,48125997002093069317773,48125997002093069317773,0,577159066512181578286974,0,0,0,0
7,4,8,0,8,3,3,0,3,0,0,1,0,0,3,0,0,0,0,3,0,104808089540578801472684,61472515831160606358194,43335573709418195114490,588057288874575317253931,0,0,0,0
7,7,12,0,7,4,5,0,2,2,1,1,2,1,4,0,0,0,1,1,0,179367635488346950110664,178338500584018201038365,1029134904328749072299,418126818688346673480766,0,0,0,0
3,4,6,0,10,5,6,0,5,0,1,4,1,3,3,0,0,0,0,3,0,852807007785023565849551,252602483346726039066464,600204524438297526783087,268175000000111965470680,0,0,0,0
8,7,5,0,11,4,6,0,3,1,2,3,2,3,3,0,0,0,1,0,0,291186558347624198348674,119833956590244186264190,171352601757380012084484,380392606816892476561463,0,0,0,0
10,2,8,0,5,4,3,0,1,0,1,0,0,1,2,0,0,0,4,4,0,120735896835384593822568,120735896835384593822567,1,679497844924475279981660,0,0,0,0
7,3,9,0,7,5,4,0,1,0,0,0,0,0,4,0,0,0,0,1,0,52753236185844447846894,52753236185844447846893,1,371501644656333019571836,0,0,0,0
9,2,6,0,8,7,4,0,1,2,1,1,2,2,2,0,0,0,0,4,0,132666906482607314736265,67052751878148860045459,65614154604458454690806,668177986852130640507525,0,0,0,0
6,2,8,0,10,6,5,0,4,0,1,3,0,2,3,0,0,0,0,4,0,267572298362793527768227,154976680000663895034321,112595618362129632733906,300000000000196535980716,0,0,0,0
8,1,6,0,8,5,8,0,5,1,2,3,2,3,5,0,0,0,1,2,0,515844614306451265100563,240302715943390946429996,275541898363060318670567,461360266679880807409341,0,0,0,0
10,3,5,0,5,7,6,0,4,0,1,3,2,2,4,0,0,0,2,2,0,279944093581782688619404,176420003473125025470253,103524090108657663149151,554421349006530084571079,0,0,0,0
8,3,9,0,11,4,2,0,2,0,0,2,0,1,1,0,0,0,2,4,0,279545517606338825423068,123967980897627304469099,155577536708711520953969,515363042652886953662734,0,0,0,0
11,5,6,0,7,8,4,0,2,1,1,2,1,2,2,0,0,0,1,3,0,306796603403552945189358,154920165516381025311607,151876437887171919877751,402951854565026266601443,0,0,0,0
5,8,8,0,10,9,3,0,2,0,0,2,1,1,2,0,0,0,0,2,0,227491242263253504795547,101964753086419753000000,125526489176833751795547,310360800941889855794650,0,0,0,0
6,4,6,0,10,7,3,0,3,0,0,2,1,0,3,0,0,0,0,8,0,267796682098765431713581,116644600946804405415659,151152081151961026297922,299199196759459258303020,0,0,0,0
8,6,8,0,8,6,3,0,2,0,1,1,0,2,1,0,0,0,0,5,0,86896647919710152197054,67260495141932374443154,19636152777777777753900,579569549791688126261557,0,0,0,0
10,4,7,0,5,10,4,0,2,1,1,1,2,1,3,0,0,0,0,3,0,57181686690993030131027,57179933932219834409389,1752758773195721638,599998000000102625658472,0,0,0,0
6,7,6,0,8,6,4,0,4,0,0,1,0,0,4,0,0,0,1,2,0,209996364485318493749045,77795361398898740995719,132201003086419752753326,355362884338719858051637,0,0,0,0
7,7,12,0,7,4,6,0,2,2,2,0,2,2,4,0,0,0,0,1,0,112166910827693978808794,112166910827693978808790,4,508237624265659454542172,0,0,0,0
13,5,12,0,5,4,4,0,3,0,0,3,1,2,2,0,0,0,4,1,0,391223329578657524117298,177555638077107554148231,213667691501549969969067,953213568324673446200313,0,0,0,0
8,5,8,0,7,5,6,0,5,0,1,3,0,3,3,0,0,0,0,2,0,554502281547345080199046,240309868203555555499995,314192413343789524699051,605741657045506393862530,0,0,0,0
6,4,8,0,6,6,6,0,3,0,2,1,0,3,3,0,0,0,0,3,0,162672492302400832048849,88803075794044171299998,73869416508356660748851,298032600308791975350000,0,0,0,0
8,4,4,0,4,5,5,0,3,1,1,3,2,1,4,0,0,0,1,3,0,501597004318468674204791,153961660263265763858384,347635344055202910346407,300000000000241495118433,0,0,0,0
7,5,9,0,7,6,4,0,2,0,0,1,0,0,4,0,0,0,0,1,0,113920340229323247333353,104597123984950804933351,9323216244372442400002,364495810299099805898124,0,0,0,0
15,4,7,0,8,5,5,0,3,1,0,2,1,0,5,0,0,0,0,2,0,496529359542705547671178,350928910782651608689977,145600448760053938981201,764403715595444335599967,0,0,0,0
6,6,3,0,16,9,2,1,1,0,0,0,0,0,2,1,1,0,0,1,0,148660946850016240295500,26046006944444444400000,122614939905571795895500,318041816366019913270899,0,0,0,0
11,4,6,0,14,4,3,0,2,0,0,2,1,2,1,0,0,0,1,1,0,343239154365171055055027,140529085729308641950000,202710068635862413105027,746277113153339821583825,0,0,0,0
7,4,9,0,12,4,2,0,1,0,1,1,0,2,0,0,0,0,0,3,0,135448628301992443581696,49506499021000000000000,85942129280992443581696,560755331106835372614557,0,0,0,0
11,4,6,0,7,8,3,0,1,1,1,1,1,1,2,0,0,0,1,4,0,191972792443574485067700,128654120702477615550906,63318671741096869516794,302952854565172351202824,0,0,0,0
3,3,11,0,9,2,2,0,1,1,0,1,1,0,2,0,0,0,2,1,0,118089344245135846743466,67458526279368216144505,50630817965767630598961,363292146031134459621145,0,0,0,0
6,6,6,0,10,5,7,0,4,0,3,3,1,4,3,0,0,0,0,0,0,436786047252706565562586,229316361391003530211733,207469685861703035350853,329307373401106876244058,0,0,0,0
9,5,4,0,15,5,6,0,2,0,4,2,0,5,1,0,0,0,0,4,0,219901991481212210779716,158512015049999999999998,61389976431212210779718,431281244276732288390988,0,0,0,0
7,5,4,0,7,3,8,0,3,1,3,3,1,4,4,0,0,0,1,2,0,844959102210724849865649,221830591815170797726940,623128510395554052138709,349748161645233405782825,0,0,0,0
6,6,6,0,8,8,4,0,3,0,1,2,0,2,2,0,0,0,0,3,0,363049283408628131004553,101465180202999999999995,261584103205628131004558,283158245737851526957228,0,0,0,0
8,3,8,0,8,6,7,0,4,2,1,3,2,2,5,0,0,0,1,4,0,587161485907920105337230,323637988352696891206136,263523497555223214131094,319088987717096112079833,0,0,0,0
11,6,4,0,4,8,2,0,2,0,0,2,1,1,1,0,0,0,0,3,0,332705959767054398120631,60297054078000000000003,272408905689054398120628,530828832457140579439616,0,0,0,0
5,8,4,0,11,4,3,0,2,1,0,2,2,0,3,0,0,0,1,3,0,406356090755409882678939,99965999330598197203172,306390091424811685475767,245781685400358212059269,0,0,0,0
6,3,4,0,10,5,4,0,2,0,2,1,0,2,2,0,0,0,2,2,0,179254650228166257374083,92571825006352297589588,86682825221813959784495,438436997363098498568918,0,0,0,0
6,4,8,0,6,5,7,0,4,0,2,2,1,3,4,0,0,0,0,2,0,475767201992590808922915,264048794522291996693857,211718407470298812229058,298032600308791975350000,0,0,0,0
14,5,3,0,12,4,3,0,3,0,0,2,0,2,1,0,0,0,0,1,0,513269330539044157965175,245208270910295429400947,268061059628748728564228,998232483009824964662750,0,0,0,0
5,7,7,0,10,8,2,0,2,0,0,1,0,0,2,0,0,0,0,3,0,172161362661475371036836,28417482925925925908101,143743879735549445128735,435790824074174074128590,0,0,0,0
12,6,8,0,8,5,7,0,7,0,0,6,1,3,4,0,0,0,1,4,0,901610527667735290148250,422622369722299749100918,478988157945435541047332,424197618079556933085473,0,0,0,0
10,6,6,0,9,5,3,0,2,1,0,2,2,0,3,0,0,0,0,1,0,191957070877379536568727,151493816936773132700940,40463253940606403867787,652084962646772717628087,0,0,0,0
11,6,6,0,14,4,2,0,2,0,0,2,0,2,0,0,0,0,1,2,0,165265422635801001569264,90303106489000000000000,74962316146801001569264,739192406023117766872200,0,0,0,0
8,5,8,0,10,2,5,0,4,0,1,4,1,4,1,0,0,0,0,2,0,526798027982119821794960,228952794865000000000010,297845233117119821794950,715312670357374050590678,0,0,0,0
7,2,8,0,6,7,5,0,5,0,0,4,1,2,3,0,0,0,0,3,0,413830804437453827808850,50000625509957199932855,363830178927496627875995,491963187557099642205594,0,0,0,0
10,6,7,0,8,4,6,0,3,0,3,2,0,4,2,0,0,0,0,5,0,426252850251251073935024,227306222052592348423152,198946628198658725511872,486040841864691531207811,0,0,0,0
9,4,4,0,15,5,5,0,2,0,3,2,1,3,2,0,0,0,0,5,0,301915295714389630637500,156848331556999999999997,145066964157389630637503,399964000000242563124745,0,0,0,0
13,3,8,0,4,5,3,0,1,0,1,1,0,1,2,0,0,0,0,5,0,92031186815256721000011,87281382293875393350022,4749804521381327649989,681843433801815082043358,0,0,0,0
7,5,6,0,6,6,1,0,0,0,1,0,0,1,0,0,0,0,1,4,0,33033564814000000000000,33033564814000000000000,0,465486211052472759512769,0,0,0,0
6,3,7,0,11,7,4,0,3,0,0,2,0,1,3,0,0,0,1,0,0,367080219519434798370267,118921006944444444399997,248159212574990353970270,298460069444594444450000,0,0,0,0
5,11,4,0,11,4,3,0,2,1,0,2,1,1,2,0,0,0,1,3,0,365466431455009069826172,68719302150861903009568,296747129304147166816604,248057247902122319708070,0,0,0,0
10,4,11,0,8,3,7,0,6,0,1,3,0,3,4,0,0,0,3,3,0,299820210649228917759048,208074215841410897625096,91745994807818020133952,547629811558213390574807,0,0,0,0
6,6,5,0,3,7,9,1,5,3,1,3,3,1,8,1,1,0,0,8,0,447217771631857931600070,173871899718277685352578,273345871913580246247492,371523068677445700659070,0,0,0,0
5,5,12,0,8,3,6,0,5,1,0,4,1,0,6,0,0,0,0,2,0,343387819229859737103413,155462168267041651586138,187925650962818085517275,410285913045961510289234,0,0,0,0
7,5,9,0,7,5,2,0,1,0,1,0,0,1,1,0,0,0,1,1,0,42676415919581770642613,42676415919581770642611,2,393385596830998918633776,0,0,0,0
10,4,7,0,9,7,1,0,1,0,0,1,0,1,0,0,0,0,1,1,0,2919959485171488,1616000000000000,1303959485171488,467182108052689346593995,0,0,0,0
6,3,13,0,7,3,4,0,3,0,1,2,0,2,2,0,0,0,0,3,0,182498041571422811864521,168935101549591529044143,13562940021831282820378,733383312496166792058763,0,0,0,0
12,5,8,0,8,5,7,0,6,0,0,5,1,3,4,0,0,0,0,5,0,438177011932429384925702,267102616077887443907854,171074395854541941017848,463185745086762679806141,0,0,0,0
6,3,6,0,11,6,5,0,3,2,0,1,2,0,5,0,0,0,0,2,0,132505302708548628514894,130649230102734517834688,1856072605814110680206,423265837243115081965781,0,0,0,0
6,7,6,0,10,7,1,0,0,0,1,0,0,1,0,0,0,0,1,4,0,5381558641000000000000,5381558641000000000000,0,322108003575102289653636,0,0,0,0
8,4,7,0,6,7,3,0,2,1,0,1,1,1,2,0,0,0,0,5,0,300121460705667751178720,90284732310606023099588,209836728395061728079132,589419965492739231204310,0,0,0,0
10,5,7,0,8,6,6,0,2,1,3,1,1,4,2,0,0,0,0,5,0,214875356406905168598059,187168129727940549668737,27707226678964618929322,467434079706547680135064,0,0,0,0
10,3,8,0,17,4,6,0,4,0,2,4,0,3,3,0,0,0,2,1,0,433235696372649119697065,352465940467000000000001,80769755905649119697064,460999414558689736689777,0,0,0,0
5,4,2,0,14,7,3,0,3,0,0,3,1,2,1,0,0,0,0,4,0,366707776048509102217018,110230000000000096702540,256477776048509005514478,300000000000150486921954,0,0,0,0
11,4,9,0,9,9,1,0,0,0,1,0,0,1,0,0,0,0,0,4,0,4784915123000000000000,4784915123000000000000,0,578474195079968051573528,0,0,0,0
5,6,8,0,9,4,5,0,4,0,1,4,0,3,2,0,0,0,0,4,0,378825381767745362010535,185168641977999999999997,193656739789745362010538,354517193069536927532476,0,0,0,0
10,3,11,0,8,3,5,0,4,0,1,2,0,2,3,0,0,0,3,5,0,275762266110900071614538,197357139509305252299995,78405126601594819314543,551647183818668481957005,0,0,0,0
11,6,12,0,10,1,5,0,2,1,2,0,1,2,3,0,0,0,1,0,0,63556427662081148450492,63556427662081148450489,3,688620519068092528046447,0,0,0,0
7,5,8,0,10,6,2,0,2,0,0,0,0,0,2,0,0,0,1,2,0,13853527425971605100000,13853527425971605099997,3,355511607948789646505885,0,0,0,0
7,3,4,0,10,3,1,0,1,0,0,1,1,0,1,0,0,0,0,2,0,124849957873172286724361,65461660299219749465360,59388297573952537259001,682289492360683001596427,0,0,0,0
6,5,6,0,10,5,3,0,2,0,1,2,0,3,0,0,0,0,1,7,0,293168350101010650031542,112953912093000000000000,180214438008010650031542,312273238138012985135432,0,0,0,0
10,4,7,0,9,8,1,0,1,0,0,1,1,0,1,0,0,0,1,1,0,96985886112711882629239,50019999999999999999980,46965886112711882629259,417075233261559987072990,0,0,0,0
9,1,12,0,3,7,5,0,4,0,0,2,0,1,4,0,0,0,0,2,0,76145852022123823658400,61154159336086419751067,14991692686037403907333,449650107009705981977564,0,0,0,0
6,3,10,0,10,4,5,0,3,0,1,2,1,2,3,0,0,0,1,5,0,310448854397269556355879,264415640264434549055996,46033214132835007299883,659507095735378123383667,0,0,0,0
7,5,8,0,9,5,5,0,3,1,1,1,1,1,4,0,0,0,0,3,0,106543437608765943399343,89871460254383934117839,16671977354382009281504,415028683083326468463395,0,0,0,0
12,7,8,0,6,4,1,0,1,0,0,1,0,1,0,0,0,0,3,0,0,100769444385311910609294,50000000000000000000000,50769444385311910609294,577359269764592026966446,0,0,0,0
7,7,5,0,6,9,3,0,3,0,0,3,0,2,1,0,0,0,0,3,0,258524360094505218759054,100002528278999999999997,158521831815505218759057,476642679936421027723864,0,0,0,0
8,5,7,0,6,7,2,0,2,0,0,1,0,1,1,0,0,0,1,5,0,278809606481481481117402,80673904012345678949999,198135702469135802167403,589366092499106006846280,0,0,0,0
5,4,10,0,7,5,3,0,2,0,1,2,1,1,2,0,0,0,1,1,0,219689353740374097777143,195269044612715804835834,24420309127658292941309,704443041428650189443179,0,0,0,0
6,5,10,0,3,3,6,0,5,0,1,4,2,1,5,0,0,0,1,1,0,598579706463042857922701,291084157854250958004395,307495548608791899918306,342116211888970197337043,0,0,0,0
16,5,5,0,4,1,2,0,2,0,0,2,1,0,2,0,0,0,1,1,0,312181348516489721642993,247261184709901318236649,64920163806588403406344,671182706400454218964538,0,0,0,0
5,5,8,0,9,4,6,0,5,0,1,5,1,3,3,0,0,0,0,3,0,396717636614593708723763,185893641978000000019838,210823994636593708703925,354517193069536927532476,0,0,0,0
6,3,7,0,10,5,4,0,2,2,0,2,2,2,2,0,0,0,2,2,0,333123064465299373673250,137777504457814697020561,195345560007484676652689,439754144295705389724565,0,0,0,0
9,4,12,0,5,5,3,0,2,0,1,1,0,1,2,0,0,0,0,6,0,399612004230764384584095,289299586177833462117296,110312418052930922466799,394227085153341360740850,0,0,0,0
7,5,10,0,9,5,2,0,1,0,1,1,0,2,0,0,0,0,2,4,0,104031415690166115260786,77596533313000000000000,26434882377166115260786,325782994603968674994707,0,0,0,0
8,5,10,0,10,5,3,1,3,0,0,1,1,0,3,1,1,0,0,5,0,354774833933114579803458,256794345883001493777321,97980488050113086026137,559879279727675555146220,0,0,0,0
6,3,6,0,10,8,3,1,3,0,0,2,0,2,1,1,1,0,0,8,0,600158736943419061809211,112953912093000000000000,487204824850419061809211,332386791728563216171987,0,0,0,0
6,7,6,0,8,4,9,0,6,0,2,5,3,2,7,0,0,0,0,4,0,603644167816868321964114,380470734350217665598004,223173433466650656366110,388614342023197754671124,0,0,0,0
4,3,13,0,7,6,4,0,4,0,0,1,1,0,4,0,0,0,0,0,0,228182976676280985748163,119052851795188760648148,109130124881092225100015,374184429885730647218236,0,0,0,0
9,5,7,0,7,7,5,0,5,0,0,4,1,2,3,0,0,0,0,0,0,581559650529059618052485,190937071459999999999996,390622579069059618052489,300000000000151677800834,0,0,0,0
7,3,8,0,9,4,4,0,1,1,2,1,1,2,2,0,0,0,0,4,0,74812102805792594316122,65553575447841441438471,9258527357951152877651,554788501132087822451817,0,0,0,0
6,3,5,0,9,4,6,0,5,1,0,4,3,0,6,0,0,0,0,3,0,452437853251064701627422,222559000000000000017766,229878853251064701609656,400949163575694513226494,0,0,0,0
6,7,6,0,4,4,4,0,3,1,0,2,1,0,4,0,0,0,0,3,0,279018601965716946888909,86958507739721857199996,192060094225995089688913,302135104191969234478103,0,0,0,0
10,4,8,0,8,6,3,0,2,0,0,0,1,0,3,0,0,0,0,1,0,97818967808723086383101,97818967808723086383096,5,862662352237964304566928,0,0,0,0
9,2,3,0,9,6,3,0,3,0,0,3,0,2,1,0,0,0,0,1,0,227771372571684677797340,149999999999999999999999,77771372571684677797341,649836000000150050000769,0,0,0,0
16,5,5,0,4,1,2,0,2,0,0,2,1,0,2,0,0,0,1,1,0,313647078556805041284365,247261184709901318236650,66385893846903723047715,770704035994452807002984,0,0,0,0
10,6,5,0,10,4,0,0,0,0,0,0,0,0,0,0,0,0,1,4,0,0,0,0,507282286737637667294117,0,0,0,0
7,4,6,0,10,5,4,0,2,1,0,1,1,1,3,0,0,0,1,1,0,154239535028259250328619,109197293145102150398318,45042241883157099930301,671306573320907641868186,0,0,0,0
9,4,9,0,8,7,5,0,5,0,0,4,1,2,3,0,0,0,3,2,0,498128891408718582273947,279922721010798611337144,218206170397919970936803,653789697103217945244874,0,0,0,0
10,2,8,0,9,5,7,0,5,0,2,4,1,5,2,0,0,0,2,1,0,887598135860287174036649,577625192374502373670829,309972943485784800365820,543088490799631236087846,0,0,0,0
11,3,4,0,8,4,5,0,3,1,1,3,1,2,3,0,0,0,1,3,0,657437261380592134435268,364926956769794304479744,292510304610797829955524,528658711103979660218120,0,0,0,0
8,4,10,0,10,5,4,1,3,1,0,0,1,0,4,1,1,0,0,4,0,226327382821541019064627,130275168120151345495077,96052214701389673569550,589592941045542050817159,0,0,0,0
7,8,15,0,5,3,7,0,2,3,2,0,3,2,5,0,0,0,0,3,0,57249263298008423033373,57249263298008423033371,2,540658096176835374879080,0,0,0,0
7,5,8,0,10,6,2,0,2,0,0,2,1,0,2,0,0,0,0,3,0,388852047690940696098954,182285000000000000828415,206567047690940695270539,532118803234902769956512,0,0,0,0
8,8,4,0,8,3,5,0,4,0,0,2,0,0,5,0,0,0,0,3,0,72221425127347573042852,56210194523047901682587,16011230604299671360265,401431041463110864674469,0,0,0,0
9,5,7,0,7,6,5,0,4,0,1,3,1,2,3,0,0,0,0,0,0,477512524718585101527463,144187433348999999999997,333325091369585101527466,300000000000151677800834,0,0,0,0
6,3,13,0,7,8,5,0,4,1,0,1,1,0,5,0,0,0,1,0,0,225411651874255990745772,184924844654293145760700,40486807219962844985072,403729966809974004078277,0,0,0,0
7,4,5,0,8,5,5,0,3,0,0,2,2,1,4,0,0,0,2,4,0,341900658087626131404238,132810685090757187572050,209089972996868943832188,498544983110367495572498,0,0,0,0
9,8,4,0,9,5,2,0,1,1,0,1,1,0,2,0,0,0,1,1,0,141156456941203186282213,55331729247251783802300,85824727693951402479913,423119561493298673995228,0,0,0,0
7,8,9,0,6,6,3,0,3,0,0,2,0,1,2,0,0,0,1,4,0,215283453510953270213655,118670571478629629599999,96612882032323640613656,345111834005281187802716,0,0,0,0
9,2,3,0,9,6,3,0,3,0,0,3,0,2,1,0,0,0,0,1,0,121557956090510922908324,100049999949999999999999,21507956140510922908325,725761351533637815780220,0,0,0,0
5,9,17,0,6,2,1,0,0,1,0,0,1,0,1,0,0,0,1,4,0,35234580031798250850000,35234580031798250850000,0,569789652422462781655923,0,0,0,0
8,4,6,0,12,5,2,0,1,0,1,1,1,1,1,0,0,0,1,2,0,72928503871000000146075,72928503871000000129603,16472,366466479677398256190918,0,0,0,0
13,3,9,0,3,4,4,1,4,0,0,2,0,2,2,1,1,0,0,1,0,410043646106307156108251,157524156142975308599999,252519489963331847508252,653987752281427471574756,0,0,0,0
5,1,10,0,6,9,2,0,2,0,0,2,1,1,1,0,0,0,0,7,0,478693287036838463924092,50000000000000000000006,428693287036838463924086,300000000000162900104736,0,0,0,0
10,2,8,0,9,4,5,0,4,0,1,3,1,3,2,0,0,0,2,3,0,579881850167137077422345,233679082842325416666419,346202767324811660755926,643087490799531237087552,0,0,0,0
3,7,7,0,13,3,5,0,3,0,2,2,0,3,2,0,0,0,1,4,0,290491349465108483759014,170428051718333333249997,120063297746775150509017,300000000000150000014582,0,0,0,0
6,2,9,0,11,4,8,0,5,2,1,3,2,3,5,0,0,0,1,3,0,406147534725161763586082,185464573858047986990098,220682960867113776595984,691057579954492051290699,0,0,0,0
9,7,6,0,3,5,5,0,4,1,0,4,1,1,4,0,0,0,0,2,0,704197326711411901881942,259611647976304714300678,444585678735107187581264,394830998719731359028509,0,0,0,0
9,2,7,0,6,6,3,0,1,0,2,1,0,2,1,0,0,0,3,3,0,94769333851140995584420,63850003982999999999999,30919329868140995584421,421863781005301473564060,0,0,0,0
9,3,11,0,7,6,3,0,1,1,0,0,1,0,3,0,0,0,1,0,0,92227665343176226051452,92227665343176226051450,2,330471101799895063151830,0,0,0,0
8,10,4,0,8,3,6,0,4,0,1,1,0,1,5,0,0,0,0,2,0,182910392467589216977983,178498638427412979427979,4411754040176237550004,421306734216826984754192,0,0,0,0
4,3,9,0,8,5,6,1,5,0,0,3,0,2,4,1,1,0,1,0,0,248831901644514738313044,118089559170252489249998,130742342474262249063046,396959120375712565067689,0,0,0,0
4,3,10,0,13,8,4,0,3,0,1,1,0,1,3,0,0,0,0,3,0,246845347496650131723713,74275158417470831473708,172570189079179300250005,300001000000232468889467,0,0,0,0
9,6,8,0,6,4,4,0,1,1,2,1,2,2,2,0,0,0,1,3,0,104703481513083603904208,94507884376052249072587,10195597137031354831621,579568633436133262453120,0,0,0,0
7,4,3,0,9,5,5,0,2,0,2,2,0,2,3,0,0,0,1,5,0,223549776530435737931750,119970797083283950599997,103578979447151787331753,340202952318005220734713,0,0,0,0
7,8,9,0,6,5,3,0,3,0,0,2,0,1,2,0,0,0,1,4,0,224010492587405707284902,118850567129629629599999,105159925457776077684903,386539923375651558202713,0,0,0,0
5,8,7,0,9,4,3,0,3,0,0,2,0,1,2,0,0,0,1,3,0,244726997724078300292460,100528388671389798825865,144198609052688501466595,336217675482184627303320,0,0,0,0
8,3,4,0,14,4,2,0,2,0,0,1,0,1,1,0,0,0,1,8,0,358355561567353187243894,266996620444518022616881,91358941122835164627013,459537612888952685660240,0,0,0,0
10,5,5,0,10,4,5,0,5,0,0,4,1,1,4,0,0,0,0,3,0,248080220080990427185682,152901874397644178096733,95178345683346249088949,406629674365712585159250,0,0,0,0
5,3,10,0,6,7,1,0,1,0,0,1,0,1,0,0,0,0,0,8,0,221425925925727353125811,50000000000000000000000,171425925925727353125811,302041538147266915219342,0,0,0,0
3,4,7,0,13,5,3,0,1,1,1,1,1,2,1,0,0,0,3,3,0,164521615913066758938047,67038212134437869584674,97483403778628889353373,250000000000139401234568,0,0,0,0
9,6,11,0,8,7,6,0,0,1,5,0,1,5,1,0,0,0,1,1,0,72686955323452685411472,72686955323452685411472,0,430199169458577350078359,0,0,0,0
10,4,15,0,6,3,6,0,3,0,3,1,0,4,2,0,0,0,0,3,0,287676966764256171369048,257801191529423475714941,29875775234832695654107,722394646502784105246098,0,0,0,0
7,0,12,0,12,2,6,0,3,0,2,3,0,4,2,0,0,0,2,3,0,434940517889703512258107,311405045455777646611717,123535472433925865646390,708438663489063643637510,0,0,0,0
9,9,6,0,3,5,3,0,2,1,0,2,1,0,3,0,0,0,1,3,0,156781440871525830860833,49943944059187856941930,106837496812337973918903,434491071378723207407576,0,0,0,0
4,4,5,0,10,7,2,0,0,1,1,0,1,1,1,0,0,0,0,0,0,39582550928753086350000,39582550928753086350000,0,300000000000565109359508,0,0,0,0
13,2,7,0,5,7,5,0,3,1,1,2,1,1,4,0,0,0,1,2,0,485134196680810151092288,452936965740560564147356,32197230940249586944932,624509263933632046324997,0,0,0,0
4,7,14,0,5,6,2,0,2,0,0,2,2,0,2,0,0,0,1,5,0,92654031635802713133910,50000000000000135939757,42654031635802577194153,256540000000168974999997,0,0,0,0
9,5,8,0,6,5,4,1,2,0,2,0,0,2,2,1,1,0,1,3,0,147132140914103972575069,137553630111634836825067,9578510802469135750002,523959384894883845920148,0,0,0,0
9,4,4,0,16,4,7,0,5,1,1,3,2,3,4,0,0,0,1,0,0,287429737608852974388073,149236791616468194467971,138192945992384779920102,723009712646255295155088,0,0,0,0
7,3,7,0,9,4,5,0,4,0,1,3,1,2,3,0,0,0,0,2,0,307473615526947181329858,147397624481060605464082,160075991045886575865776,391233237620131767998736,0,0,0,0
9,3,8,0,9,6,5,0,4,0,0,4,1,2,3,0,0,0,0,1,0,502004016216710418736475,226636431227721058400283,275367584988989360336192,777667630449910392770337,0,0,0,0
6,2,7,0,14,8,4,0,3,0,1,2,0,2,2,0,0,0,0,2,0,336269553517663331159645,107290782919999999999996,228978770597663331159649,557485804237564914995790,0,0,0,0
8,2,3,0,8,6,2,0,1,1,0,1,1,1,1,0,0,0,2,3,0,83573611158538299114669,49845821192915190100000,33727789965623109014669,334913505440824831548749,0,0,0,0
8,3,4,0,14,5,2,0,2,0,0,1,0,1,1,0,0,0,1,8,0,317245492405543403215841,251777539074189187201918,65467953331354216013923,459537612888952685660240,0,0,0,0
6,3,2,0,6,6,6,0,3,3,0,3,3,1,5,0,0,0,0,2,0,332155377162692095283396,210299234853362714865595,121856142309329380417801,367929114947642227503732,0,0,0,0
5,7,7,0,11,5,1,0,1,0,0,1,0,0,1,0,0,0,3,0,0,439311109917731764583641,47528132999999999999996,391782976917731764583645,332968001348748675669619,0,0,0,0
9,4,10,0,10,5,5,0,3,2,0,2,2,2,3,0,0,0,1,4,0,352812939054985230458700,273080491230903241091815,79732447824081989366885,575574623712284552405507,0,0,0,0
5,8,9,0,6,7,3,0,1,0,2,1,0,3,0,0,0,0,0,5,0,61440454610443980659444,55459659177000000000000,5980795433443980659444,321381244262000924854098,0,0,0,0
10,4,15,0,6,3,8,0,4,1,2,3,1,4,4,0,0,0,0,1,0,255513996769169393907731,205368202358905667628125,50145794410263726279606,667436074671692671216640,0,0,0,0
6,4,7,0,6,7,5,0,2,0,2,1,0,3,2,0,0,0,1,4,0,115546839879915252921140,115119893222488103557753,426946657427149363387,367562829728198790730637,0,0,0,0
5,4,7,0,11,8,6,0,3,2,1,3,3,2,4,0,0,0,0,1,0,148415382621415371842869,89741876096685129519465,58673506524730242323404,299999000000149970000020,0,0,0,0
10,7,10,0,9,6,4,1,2,0,1,1,1,2,2,1,1,0,3,0,0,281846376166253089914280,182951582204725024918455,98894793961528064995825,478451455497279936177929,0,0,0,0
9,5,7,0,5,6,2,0,1,1,0,1,1,1,1,0,0,0,3,3,0,85043765762593508810500,58928071875371286664491,26115693887222222146009,611948486040539805229587,0,0,0,0
4,7,14,0,5,7,2,0,2,0,0,1,1,0,2,0,0,0,2,4,0,352836597487825176,352836597234769540,253055636,256540000000168974999997,0,0,0,0
11,3,6,0,9,5,3,0,2,1,0,2,1,1,2,0,0,0,3,2,0,368234880901676115668242,178626859144069320703927,189608021757606794964315,525056300423524883693070,0,0,0,0
7,4,10,0,9,9,4,0,4,0,0,3,0,1,3,0,0,0,1,1,0,387592503055848351119585,182452911653769670860613,205139591402078680258972,408861000956202159058901,0,0,0,0
9,1,4,0,7,6,4,0,4,0,0,4,0,2,2,0,0,0,0,4,0,684135490921461404943719,251126901100806728357386,433008589820654676586333,393350561666732420847939,0,0,0,0
6,1,7,0,14,6,3,0,3,0,0,2,0,2,1,0,0,0,0,3,0,510547327039882212992705,183045400481984986599999,327501926557897226392706,507542226626384030143036,0,0,0,0
4,7,5,0,7,5,8,1,7,1,0,4,3,1,7,1,1,0,0,5,0,704696603071774760657133,198750411628081567452537,505946191443693193204596,399999000000125800014714,0,0,0,0
6,3,10,0,4,11,3,0,1,0,1,1,1,1,2,0,0,0,0,5,0,265848191570024316700000,105680643852703703600000,160167547717320613100000,507393268750111394178153,0,0,0,0
5,2,9,0,11,7,5,0,4,0,1,1,0,2,3,0,0,0,2,3,0,157657424325526755457775,122001753029230459265631,35655671296296296192144,556888894362670581754017,0,0,0,0
4,7,10,0,6,5,4,0,1,0,2,1,0,2,2,0,0,0,1,2,0,318614252275079291206822,99542179095557099859169,219072073179522191347653,358027866261329160231155,0,0,0,0
7,2,7,0,9,3,5,0,3,0,2,2,0,4,1,0,0,0,1,2,0,433712273618204352059405,288929092721147656599998,144783180897056695459407,499998000000239516543367,0,0,0,0
9,4,10,0,10,5,4,0,4,0,0,3,0,2,2,0,0,0,2,4,0,450384974254646019465784,174075966414689631612486,276309007839956387853298,760638337111742488786900,0,0,0,0
8,6,14,0,12,5,5,0,3,0,2,3,1,3,2,0,0,0,1,0,0,268099610068818909291364,179726195485000000000000,88373414583818909291364,464940994651487802963867,0,0,0,0
12,5,8,0,12,2,7,0,5,1,1,3,1,3,4,0,0,0,1,0,0,302538639829248630552808,269514168256742095664356,33024471572506534888452,862201357167535839442127,0,0,0,0
9,3,10,0,11,5,7,0,5,0,2,1,0,2,5,0,0,0,0,0,0,256005207342421994939188,199417707546645305074097,56587499795776689865091,680994430384791772651818,0,0,0,0
6,5,5,0,10,5,5,0,5,0,0,3,1,1,4,0,0,0,0,5,0,309670406270880108377115,239038696969815581621121,70631709301064526755994,511704945898444787483257,0,0,0,0
10,7,10,0,9,8,4,0,2,0,1,2,1,2,2,0,0,0,1,2,0,321217062050122762930447,265528975168774407618457,55688086881348355311990,465081672277693672369330,0,0,0,0
9,4,8,0,6,5,5,0,4,0,1,3,1,3,2,0,0,0,0,1,0,853635882199482533937356,346136799624907235799999,507499082574575298137357,485560465155476848429408,0,0,0,0
7,6,8,0,6,5,6,0,4,1,1,3,2,2,4,0,0,0,1,4,0,456162327082002033038768,228866609197237550303618,227295717884764482735150,317461989256025303683173,0,0,0,0
7,10,7,0,10,3,2,0,1,0,1,0,0,1,1,0,0,0,0,0,0,88544214057680328795797,88544214057680328795796,1,588289074034193676564773,0,0,0,0
9,1,4,0,7,5,4,0,4,0,0,4,0,2,2,0,0,0,1,3,0,560777755762027933498838,351125901100806728378796,209651854661221205120042,505568864497965781017779,0,0,0,0
7,7,9,0,8,4,4,0,2,0,2,2,1,2,2,0,0,0,0,4,0,133629217841377136201240,83003533831344741100876,50625684010032395100364,449888203298473301314502,0,0,0,0
7,7,8,0,4,5,5,0,3,0,0,3,0,1,4,0,0,0,1,1,0,514808439697886503238810,246405234663064009413560,268403205034822493825250,423217158477073242819927,0,0,0,0
10,6,8,0,3,6,2,0,1,0,1,1,0,1,1,0,0,0,0,3,0,125884491537927799000000,119360664363999999999999,6523827173927799000001,591807219745949340809433,0,0,0,0
12,7,4,0,6,8,7,0,5,0,1,4,1,2,5,0,0,0,1,4,0,722471760512713742306274,322570099096544237344054,399901661416169504962220,666675145118034512249466,0,0,0,0
5,2,9,0,11,7,4,0,4,0,0,1,0,1,3,0,0,0,1,5,0,168809849636412720005943,125698176259091935324067,43111673377320784681876,556325498579525163323022,0,0,0,0
9,4,8,0,5,9,3,0,1,0,2,1,0,3,0,0,0,0,0,2,0,310367455345914832414520,69587443139000000000000,240780012206914832414520,598149413170294879736346,0,0,0,0
12,8,8,0,6,4,7,0,5,0,1,5,1,3,4,0,0,0,0,3,0,476623317218015983727136,154529822806751010508865,322093494411264973218271,497135039777177653380375,0,0,0,0
6,4,7,0,9,5,6,0,4,1,1,2,1,2,4,0,0,0,2,2,0,757418333820042396708136,112603597261604938250002,644814736558437458458134,452873622391605328629267,0,0,0,0
8,6,8,0,8,3,5,0,5,0,0,4,1,1,4,0,0,0,0,1,0,290728408726503562583075,156811438693625356460851,133916970032878206122224,318195670357864058176184,0,0,0,0
12,5,8,0,12,3,6,0,3,1,2,2,2,2,4,0,0,0,0,2,0,285347966010188422231668,243209508391634849081666,42138457618553573150002,540142831884354013071389,0,0,0,0
7,7,9,0,2,6,9,0,5,0,3,5,0,6,3,0,0,0,1,6,0,515212100529373823578997,291286171928437037065940,223925928600936786513057,515309218170835294846156,0,0,0,0
6,8,12,0,7,7,6,0,4,1,1,3,1,3,3,0,0,0,0,5,0,477400820839877212444496,219772557498335160060156,257628263341542052384340,372272402008839782501943,0,0,0,0
9,5,7,0,14,6,2,0,2,0,0,2,0,2,0,0,0,0,0,4,0,324724058226071316520173,201850580972000000000000,122873477254071316520173,324587823678392276977975,0,0,0,0
4,4,7,0,11,5,6,0,5,1,0,3,1,0,6,0,0,0,1,4,0,267435199631153075680842,252315068510836912422110,15120131120316163258732,340000000000100000019338,0,0,0,0
8,0,10,0,6,6,5,0,3,0,0,2,1,1,4,0,0,0,0,2,0,328063269736404586449244,244767435826149239311664,83295833910255347137580,395944610087740421995785,0,0,0,0
7,11,7,0,10,3,2,0,1,0,1,0,0,1,1,0,0,0,0,0,0,92184417141241587980717,92184417141241587980715,2,672477831810847251971600,0,0,0,0
6,5,6,0,8,6,3,0,2,0,1,1,0,2,1,0,0,0,4,4,0,106172653607713799040264,72726930256557782537108,33445723351156016503156,399999000000140538004420,0,0,0,0
4,4,8,0,11,5,5,0,4,0,1,3,1,2,3,0,0,0,0,1,0,261045175771958738812302,187844455968803739286393,73200719803154999525909,420042488029261240543955,0,0,0,0
9,3,11,0,5,6,7,0,6,0,0,3,1,1,6,0,0,0,0,2,0,168578987141216474044371,157713570354850521696243,10865416786365952348128,320898514424479349117253,0,0,0,0
4,5,9,0,4,6,1,0,0,0,1,0,0,1,0,0,0,0,4,4,0,1668000000000000,1668000000000000,0,464856640866396099389077,0,0,0,0
12,5,4,0,6,7,7,0,5,0,2,3,1,3,4,0,0,0,0,5,0,405474557007782652852035,280520898812315824786245,124953658195466828065790,673960145118012672246234,0,0,0,0
9,9,7,0,8,3,5,0,3,1,1,3,1,3,2,0,0,0,0,1,0,334003553312687742379555,119189024631073175394989,214814528681614566984566,605607320270606403921666,0,0,0,0
10,4,9,0,5,6,3,0,1,2,0,1,2,0,3,0,0,0,0,3,0,106199009945030547141952,89102609346740482941950,17096400598290064200002,446570757142113711938816,0,0,0,0
5,7,6,0,4,9,3,0,3,0,0,2,1,1,2,0,0,0,0,8,0,363408743516027131384239,95353215963879099241859,268055527552148032142380,328472092287316574945549,0,0,0,0
6,4,7,0,9,6,5,1,2,1,2,0,1,3,2,1,1,0,1,4,0,235101754311429677428084,86192224990442023288169,148909529320987654139915,441760605277394547626160,0,0,0,0
7,6,6,0,10,3,5,0,3,0,2,2,1,3,2,0,0,0,0,2,0,250531516658937682347560,164422144412250489607244,86109372246687192740316,509930841683343799701728,0,0,0,0
9,5,7,0,6,5,8,1,5,2,0,2,3,2,6,1,1,0,2,5,0,169824146487102905904575,85348084835180394280536,84476061651922511624039,525672100965524101144541,0,0,0,0
10,4,7,0,6,4,8,0,6,0,2,3,1,3,5,0,0,0,2,3,0,346194100788182054273097,261176171910569344236145,85017928877612710036952,408095868549797991993757,0,0,0,0
5,4,6,0,8,5,7,0,5,1,1,3,1,4,3,0,0,0,2,4,0,441701858425264499056242,174510780808095394361654,267191077617169104694588,323819526830476311239225,0,0,0,0
9,4,7,0,14,3,3,0,3,0,0,3,0,2,1,0,0,0,0,3,0,339854715168182697802140,205928030971999999999999,133926684196182697802141,331777774088041787107956,0,0,0,0
5,7,9,0,11,4,3,0,3,0,0,3,1,1,2,0,0,0,2,0,0,266103875433150921279969,103826363990106853154177,162277511443044068125792,364922040952691138648168,0,0,0,0
8,2,5,0,8,3,9,0,8,0,1,6,0,4,5,0,0,0,0,5,0,937591970526613499226786,611626944162199527362600,325965026364413971864186,563991677363173186839642,0,0,0,0
9,1,8,0,8,9,2,0,1,0,0,1,2,0,2,0,0,0,1,3,0,22721354166666672884246,22721354166666666611026,6273220,427276645833496230991177,0,0,0,0
5,3,11,0,3,4,3,0,2,0,1,2,0,2,1,0,0,0,0,3,0,249278497017063140322017,203407385805000000007652,45871111212063140314365,499998963881891013817341,0,0,0,0
4,4,8,0,11,4,5,0,4,0,1,3,0,2,3,0,0,0,0,1,0,367784732026697525456170,195239969135802469086395,172544762890895056369775,443632299828931016945671,0,0,0,0
11,7,8,0,7,4,4,0,3,0,0,3,0,1,3,0,0,0,3,0,0,490278943896832550346590,231938105596132582506533,258340838300699967840057,398721608024841358064994,0,0,0,0
5,6,5,0,11,2,3,0,1,1,1,1,2,1,2,0,0,0,2,0,0,122957455854964558888633,78712276435399739872383,44245179419564819016250,303716494947243534749950,0,0,0,0
9,4,7,0,11,2,6,0,5,0,0,2,2,0,6,0,0,0,0,1,0,418936653953753402171851,336563835718835002935722,82372818234918399236129,493478359568051235287117,0,0,0,0
10,4,6,0,8,5,6,0,4,0,1,4,2,2,4,0,0,1,2,3,0,516877550068509722411781,179006937128024691358019,337870612940485031053762,333766653360821713267391,0,0,1,0
10,8,8,0,12,5,0,0,0,0,0,0,0,0,0,0,0,0,0,0,0,0,0,0,473039797047688667682527,0,0,0,0
9,9,7,0,8,3,5,0,3,1,1,3,1,3,2,0,0,0,0,1,0,301651547680575088984347,118485609513743666524527,183165938166831422459820,605607320270606795313995,0,0,0,0
4,6,7,0,12,5,6,0,4,1,0,3,1,2,4,0,0,0,1,4,0,462096762647191418141399,175675777551157683056081,286420985096033735085318,294583333333483333350000,0,0,0,0
5,5,10,0,8,3,6,0,4,0,1,3,1,2,4,0,0,0,0,3,0,341305010151261703226619,249326566564985511947133,91978443586276191279486,402688071576219642114587,0,0,0,0
7,5,7,0,9,4,4,0,1,1,2,1,1,2,2,0,0,0,0,2,0,83146712616692754490385,58252950415885996090385,24893762200806758400000,300000000000145133680556,0,0,0,0
9,5,7,0,6,5,6,0,4,0,1,5,2,3,3,0,0,0,3,6,0,235706158478989262666104,126811691796777574453725,108894466682211688212379,458325589749399029071616,0,0,0,0
13,3,5,0,5,7,2,0,0,2,0,0,2,0,2,0,0,0,0,1,0,30562804655536071361207,30562804655536071361207,0,520945588279460723094168,0,0,0,0
10,2,6,0,10,8,3,0,1,1,0,0,2,0,3,0,0,0,1,3,0,95494932680273100543082,95494932680273100543080,2,531160759177685006635725,0,0,0,0
11,7,11,0,6,5,5,0,3,0,2,2,0,3,2,0,0,0,2,3,0,491017833883311300076484,207580810567950615949997,283437023315360684126487,636781875197043302909265,0,0,0,0
11,3,7,0,6,7,3,0,2,1,0,2,1,1,2,0,0,0,2,5,0,98348609908631457991973,78597623725324619449998,19750986183306838541975,653213593380113056929070,0,0,0,0
9,2,8,0,8,8,2,0,1,0,0,1,2,0,2,0,0,0,1,3,0,211942997685185180890340,23032872727247274187603,188910124957937906702737,377277645833696229044369,0,0,0,0
5,3,10,0,7,7,4,0,2,0,2,1,1,2,2,0,0,1,0,2,0,136341191723133502942298,87892869306885120432665,48448322416248382509633,263741901284059218175432,0,0,1,0
13,6,10,0,5,6,4,0,4,0,0,4,2,1,3,0,0,0,0,2,0,928985114302750699479646,167867510459410847362408,761117603843339852117238,521022850153850425165134,0,0,0,0
9,6,11,0,6,5,6,0,4,1,1,2,2,1,5,0,0,0,0,0,0,175713973659942860127762,121553331824909813442474,54160641835033046685288,412668114159658211699836,0,0,0,0
6,4,3,0,10,7,5,1,4,0,1,2,1,1,4,1,1,0,0,7,0,326448233720732817739159,228375252857818603189529,98072980862914214549630,399998270288684036342010,0,0,0,0
5,8,5,0,11,2,3,0,2,1,0,2,2,1,2,0,0,0,1,1,0,289236001041739562849223,139016092193806246248876,150219908847933316600347,303716494947244894749950,0,0,0,0
7,5,6,0,10,6,5,0,5,0,0,5,1,1,4,0,0,0,0,3,0,863923212016516684584839,390177023009128079800750,473746189007388604784089,301567846094365506909176,0,0,0,0
8,5,12,0,7,6,5,0,3,0,2,3,1,4,1,0,0,0,0,1,0,357180635084031394047243,150000000000000000002691,207180635084031394044552,466326472941040031458251,0,0,0,0
7,3,9,0,8,5,5,0,1,0,2,1,1,2,3,0,0,0,3,4,0,128061379507654320950027,128061379507654320950026,1,487341364267823972213848,0,0,0,0
6,7,7,0,6,3,2,0,1,0,0,1,0,1,1,0,0,0,1,4,0,104772981179898442955717,41249861111111111050000,63523120068787331905717,378724278726118157850057,0,0,0,0
4,7,7,0,12,5,6,0,4,1,0,3,1,2,4,0,0,0,1,4,0,452500743802968352389204,139876683168365069126875,312624060634603283262329,294583333333483333350000,0,0,0,0
8,4,10,0,8,3,3,0,2,0,1,2,0,3,0,0,0,0,2,2,0,246612348781088520808774,171606136357000000000000,75006212424088520808774,626600617652219078072337,0,0,0,0
10,3,6,0,10,7,4,0,2,1,0,0,2,0,4,0,0,0,1,2,0,104630517648755193267575,104630517648755193267569,6,644479008599752672885110,0,0,0,0
7,7,6,0,5,7,5,0,4,0,1,4,1,3,2,0,0,0,2,7,0,607131231489604953735196,296796443267671404330745,310334788221933549404451,552623311482141617211766,0,0,0,0
12,5,11,0,12,3,7,0,5,0,2,3,0,2,5,0,0,0,0,1,0,298097962499765198129221,197856572217368483090743,100241390282396715038478,692213391561313684401138,0,0,0,0
7,5,11,0,5,5,7,0,4,0,2,3,1,2,5,0,0,0,2,1,0,423957926293479963892177,251260711121245308748154,172697215172234655144023,428808537000981980673023,0,0,0,0
13,5,6,0,7,4,5,0,4,0,1,2,0,2,3,0,0,0,0,2,0,482051348794419819928136,390437844490638656940979,91613504303781162987157,458674655766934190641329,0,0,0,0
5,3,10,0,7,8,5,0,3,0,2,3,1,2,3,0,0,0,0,2,0,422066999376725525292731,237891869306885120529075,184175130069840404763656,250000000000150000001001,0,0,0,0
10,4,9,0,4,6,6,1,3,2,1,1,3,2,4,1,1,0,1,3,0,232509076332816111188994,137532426633605938927443,94976649699210172261551,771470246435979115726958,0,0,0,0
10,6,7,0,5,4,2,0,1,0,0,0,0,0,2,0,0,0,0,2,0,12466434135200974334561,12466434135200974334558,3,679088387474905002689569,0,0,0,0
7,5,8,0,6,3,6,0,4,0,1,2,1,1,5,0,0,0,0,3,0,260524424435551248894111,234411641738598881886779,26112782696952367007332,368703432099996279183148,0,0,0,0
7,3,9,0,8,6,4,0,1,0,2,0,0,2,2,0,0,0,3,5,0,135473862975654320950009,135473862975654320950007,2,487341364267823972213746,0,0,0,0
5,6,9,0,11,6,5,0,4,0,1,2,1,1,4,0,0,0,0,4,0,391303358173804530718596,303034433802253365587401,88268924371551165131195,399983953703903759218408,0,0,0,0
3,4,8,0,9,4,8,0,8,0,0,5,1,2,6,0,0,0,0,1,0,323653340401798929120010,148956485976396515103729,174696854425402414016281,328659112921823808228147,0,0,0,0
13,4,6,0,7,4,5,0,4,0,1,2,0,3,2,0,0,0,0,2,0,316914268590763693834075,270419743086467593215380,46494525504296100618695,592425186007618110108122,0,0,0,0
3,4,7,0,9,6,5,0,5,0,0,4,1,1,4,0,0,0,0,4,0,502994502999376872801246,253548630134503271254383,249445872864873601546863,310074148387675877635080,0,0,0,0
6,9,6,0,10,5,3,0,0,1,2,0,1,2,1,0,0,0,2,1,0,24955992179000000003159,24955992179000000003159,0,441293507046089682129575,0,0,0,0
8,6,5,0,7,6,3,0,1,0,2,1,1,2,1,0,0,0,0,3,0,15464969665531200406707,15464969551440413607488,114090786799219,499898000000149240941307,0,0,0,0
5,7,9,0,11,6,5,0,3,0,1,3,1,2,3,0,0,0,0,4,0,373833211841492419679725,294611571270941315144334,79221640570551104535391,349983953703903759218408,0,0,0,0
9,4,11,0,6,6,1,0,0,1,0,0,1,0,1,0,0,0,0,3,0,9612233023390886222279,9612233023390886222279,0,445191982083536708935887,0,0,0,0
8,6,5,0,9,3,6,0,4,0,2,3,1,4,2,0,0,0,0,8,0,376487135678762543716376,231066763574531643542503,145420372104230900173873,641514229154477029300840,0,0,0,0
8,6,10,0,7,5,3,0,1,0,1,1,1,2,1,0,0,0,2,2,0,323329241871914741450125,239628026942395061700000,83701214929519679750125,408799967790825497399559,0,0,0,0
8,10,9,0,9,4,4,0,3,0,1,3,1,2,2,0,0,0,0,1,0,318118927146154918634398,187205158955999999999999,130913768190154918634399,600225449934849125548169,0,0,0,0
9,3,11,0,6,8,1,0,0,1,0,0,1,0,1,0,0,0,0,3,0,8990024061484617985084,8990024061484617985084,0,419802482176464219114296,0,0,0,0
6,2,6,0,8,5,8,0,4,1,3,4,1,5,3,0,0,0,0,3,0,404375653722689678212176,233843036461493827099998,170532617261195851112178,396586326022706107129856,0,0,0,0
10,2,9,0,4,3,6,0,4,1,1,4,1,4,2,0,0,0,2,3,0,476037018481172016742086,319828090065954352904700,156208928415217663837386,703776903241027510700816,0,0,0,0
10,2,9,0,4,4,7,0,3,1,3,3,1,5,2,0,0,0,2,2,0,651621621570548406470992,341605832324690992804701,310015789245857413666291,553851179332875894891533,0,0,0,0
5,1,12,0,3,5,8,0,5,0,1,4,1,3,5,0,0,0,3,8,0,771173474773220965896899,244618471492570983628374,526555003280649982268525,353903057756668150869645,0,0,0,0
7,5,7,0,5,6,3,0,2,1,0,1,1,1,2,0,0,0,0,2,0,218274326629016182520998,101785044308712656484514,116489282320303526036484,409927142514126729377335,0,0,0,0
7,2,8,0,7,6,1,0,0,0,1,0,0,1,0,0,0,0,2,1,0,38333247501000000000000,38333247501000000000000,0,377633443769151077471836,0,0,0,0
10,8,7,0,10,8,5,0,2,1,0,2,1,1,4,0,0,0,0,4,0,562653891565520804352212,139883417462247322613549,422770474103273481738663,666029088687317800309233,0,0,0,0
6,4,10,0,4,5,4,0,3,0,0,3,2,1,3,0,0,0,1,1,0,422311407245135099182110,164670910493827160450002,257640496751307938732108,504841376800328054002911,0,0,0,0
6,3,9,0,10,2,4,0,4,0,0,3,1,1,3,0,0,0,1,3,0,570046019900825795330576,338458479572779268206068,231587540328046527124508,430805483657798578111867,0,0,0,0
12,6,7,0,6,8,8,0,5,0,3,1,0,4,4,0,0,0,1,2,0,401757813218333407116437,141673800039216081213785,260084013179117325902652,599800447815857990945862,0,0,0,0
6,1,7,0,8,6,5,0,2,0,3,1,0,3,2,0,0,0,0,3,0,360893226282740279650000,133939429977111111049997,226953796305629168600003,373631042416649712425864,0,0,0,0
10,9,7,0,10,8,6,1,2,0,1,1,0,1,5,1,1,0,0,3,0,528287130764612414073282,191268182468573177460739,337018948296039236612543,606739690767500468184039,0,0,0,0
7,4,7,0,6,2,4,0,3,1,0,2,1,0,4,0,0,0,0,5,0,220405601870151048257951,160801150832226894238982,59604451037924154018969,357651185165968055933106,0,0,0,0
8,5,4,0,7,6,4,0,2,1,1,1,1,1,3,0,0,0,2,6,0,363838848939802907856756,112654375463578735851180,251184473476224172005576,659797829702955051622868,0,0,0,0
6,5,6,0,7,3,3,0,3,0,0,3,1,2,1,0,0,0,0,2,0,369604493422531959358045,99746000002000000000000,269858493420531959358045,491620762505939234279102,0,0,0,0
9,6,5,0,8,5,3,0,2,0,1,1,0,1,2,0,0,0,1,0,0,301358237095021410541775,126857674552504116249998,174500562542517294291777,397334938272086358302394,0,0,0,0
10,4,7,0,10,7,7,0,7,0,0,3,1,1,6,0,0,0,0,3,0,620546081562996492282643,477447968299474254940449,143098113263522237342194,583691000821005117918465,0,0,0,0
6,0,7,0,8,5,6,0,3,0,3,2,1,3,3,0,0,0,0,2,0,444508061489732626498619,230946342083148148059637,213561719406584478438982,384031007442418766305785,0,0,0,0
12,7,6,0,11,6,4,0,3,0,1,3,1,3,1,0,0,0,1,1,0,335846397436213874242607,257332816374000000000000,78513581062213874242607,394738236532634837138327,0,0,0,0
10,2,9,0,10,10,9,0,5,0,3,5,1,5,4,0,0,0,0,2,0,281973940371072471064167,150272154207604938249997,131701786163467532814170,343268388667412059907904,0,0,0,0
6,5,8,0,7,9,6,0,5,0,1,3,0,3,3,0,0,0,0,5,0,435674898305675846981236,208955597217999999999998,226719301087675846981238,343000189912100624191090,0,0,0,0
8,5,6,0,9,5,2,0,1,0,1,0,0,1,1,0,0,0,2,2,0,42303722993308641900000,42303722993308641899998,2,504876366495812716646042,0,0,0,0
6,3,3,0,7,6,9,0,4,2,3,3,2,4,5,0,0,0,0,4,0,431833723209386973816372,252956291677435775049656,178877431531951198766716,583225009259409860024976,0,0,0,0
3,7,14,0,7,5,5,0,5,0,0,3,0,1,4,0,0,0,2,6,0,351025096809276696495813,100824140514655084845662,250200956294621611650151,411922053663780084315239,0,0,0,0
6,5,6,0,7,4,1,0,1,0,0,1,0,1,0,0,0,0,1,3,0,81614829242112960553983,9421000002000000000000,72193829240112960553983,541619762506020713202597,0,0,0,0
8,4,10,0,9,7,4,0,3,0,1,2,1,2,2,0,0,0,1,3,0,106938803571889481973395,72973670419085291959023,33965133152804190014372,447131013625672038484786,0,0,0,0
9,7,7,0,9,5,5,0,4,0,1,3,1,2,3,0,0,0,0,7,0,767032370443648350643729,313691088914669000848225,453341281528979349795504,374538760990763654574171,0,0,0,0
14,3,4,0,5,7,2,0,2,0,0,2,1,1,1,0,0,0,2,1,0,310448537061398656511312,135635506021000000000000,174813031040398656511312,597931256553102474251111,0,0,0,0
9,4,10,0,8,3,7,0,5,1,1,4,2,3,4,0,0,0,1,0,0,649084634847273440235214,293217252574947334806090,355867382272326105429124,694898832954268740854518,0,0,0,0
7,4,7,0,6,6,3,0,1,1,0,1,2,0,3,0,0,0,1,2,0,111755523467616654217743,73489444721976771565935,38266078745639882651808,628664707146290073762531,0,0,0,0
8,2,11,0,8,4,5,0,3,1,1,2,1,3,2,0,0,0,1,2,0,332469654026537881018311,179365670915199989354854,153103983111337891663457,565181229392561383493269,0,0,0,0
12,7,6,0,11,8,4,0,4,0,0,4,1,3,1,0,0,0,1,1,0,393546231843317909739532,258930428971000000000000,134615802872317909739532,594736236532458802155368,0,0,0,0
8,6,10,0,4,3,7,1,5,1,1,3,1,3,4,1,1,0,3,3,0,608467561008689739388060,263451446384479070826560,345016114624210668561500,642917160873642488430740,0,0,0,0
7,2,6,0,7,9,0,0,0,0,0,0,0,0,0,0,0,0,0,4,0,0,0,0,458929294162197071525002,0,0,0,0
14,3,8,0,10,8,2,0,1,0,0,1,0,1,1,0,0,0,0,2,0,375580879248117375115721,171148929848444444400000,204431949399672930715721,616747127973955187225735,0,0,0,0
8,2,6,0,5,6,9,0,6,0,3,4,1,4,5,0,0,0,0,3,0,917892508564482631676402,324703607114430785656644,593188901450051846019758,549997000000162522796812,0,0,0,0
8,8,12,0,10,8,2,0,1,0,1,1,0,2,0,0,0,0,1,2,0,68354258025001617132856,34120755151000000000000,34233502874001617132856,537612701619562906873987,0,0,0,0
8,6,6,0,9,6,3,0,3,0,0,1,0,1,2,0,0,0,2,1,0,176308183569830731784004,83074114685734018499998,93234068884096713284006,559545713254231420065946,0,0,0,0
12,10,9,0,9,2,8,0,6,0,2,3,1,4,4,0,0,0,0,1,0,452464341922744518537900,286473748893656928586562,165990593029087589951338,694550842442663272714621,0,0,0,0
10,3,7,0,6,6,2,0,0,1,1,0,1,1,1,0,0,0,2,2,0,25207631728502045500000,25207631728502045500000,0,758811735008322646829583,0,0,0,0
12,11,8,0,6,5,8,0,5,0,1,1,0,1,7,0,0,0,0,1,0,317299096474479340182524,263862664992301084528665,53436431482178255653859,713788761569925243231816,0,0,0,0
6,5,12,0,11,3,5,0,3,0,2,3,1,3,2,0,0,0,1,2,0,300139481773724026001806,193409797809999999999998,106729683963724026001808,577940069291189839298264,0,0,0,0
10,7,5,0,5,4,3,0,2,0,1,1,0,2,1,0,0,0,2,3,0,221088042923436493686164,204548010422256042432484,16540032501180451253680,704150981284687299005868,0,0,0,0
11,3,1,0,5,7,8,0,4,2,2,3,2,4,4,0,0,0,1,3,0,520892382667225427881679,247008424654314070111387,273883958012911357770292,515636093682643519635246,0,0,0,0
9,7,7,0,9,7,5,0,4,0,1,2,0,2,3,0,0,0,1,6,0,199823646344386440878827,127610625119023730853075,72213021225362710025752,349937010489974809121234,0,0,0,0
6,5,9,0,4,5,6,0,5,0,0,5,1,1,5,0,0,0,0,4,0,343167573670820296275050,221132974431976571438358,122034599238843724836692,324569398214396373783367,0,0,0,0
5,5,14,0,11,4,4,0,3,0,1,1,1,1,3,0,0,0,4,4,0,155955401273043179720000,130779305493305688419998,25176095779737491300002,583320088748669897191455,0,0,0,0
6,10,7,0,3,5,7,0,6,0,1,3,1,3,4,0,0,0,0,4,0,750740556979866701761518,341407482424870502421674,409333074554996199339844,392307072811278936104377,0,0,0,0
6,3,9,0,12,6,4,0,3,0,1,2,1,2,2,0,0,0,2,5,0,148024833901857918156386,113974870810670283044194,34049963091187635112192,547954597348873899923534,0,0,0,0
10,9,8,0,6,6,4,0,4,0,0,1,0,1,3,0,0,0,0,5,0,188338151232729273599121,91311199592562190957899,97026951640167082641222,596278087633124556725729,0,0,0,0
9,9,5,0,9,6,5,0,3,0,2,2,0,3,2,0,0,0,1,0,0,472132858673766638606152,282597917527525270862196,189534941146241367743956,353059946744301009583166,0,0,0,0
8,3,11,0,8,4,4,0,4,0,0,3,0,3,1,0,0,0,1,3,0,375508732393288596298018,220525331934518518449998,154983400458770077848020,546095976744478391320550,0,0,0,0
13,4,4,0,8,5,7,0,4,0,1,2,0,2,5,0,0,0,0,5,0,600505533024612450125598,386442558967819450536680,214062974056792999588918,387735106879651157092675,0,0,0,0
6,6,6,0,6,5,4,0,3,0,1,3,0,2,2,0,0,0,0,3,0,563718722106637317626152,260481445987000000024184,303237276119637317601968,425857860397529034346771,0,0,0,0
12,6,7,0,7,4,4,0,3,0,1,3,2,1,3,0,0,0,1,0,0,623760954520512306016062,316365291960674302107061,307395662559838003909001,668400947370392712148097,0,0,0,0
5,4,7,0,12,6,4,0,2,0,1,1,1,1,3,0,0,0,1,3,0,126050627294717269974518,63568130968142013469955,62482496326575256504563,449741958927061499384014,0,0,0,0
11,5,6,0,7,6,4,0,1,1,2,0,1,2,2,0,0,0,1,1,0,96329076856703703500000,96329076856703703499999,1,400000000000149999999998,0,0,0,0
6,3,6,0,10,5,6,0,4,0,2,4,0,3,3,0,0,0,1,3,0,558963304255052167987121,149238640291884113073949,409724663963168054913172,370575573950646199022639,0,0,0,0
7,3,6,0,7,8,1,0,1,0,0,1,0,0,1,0,0,0,0,3,0,56096349118072470459175,18797851457697378529229,37298497660375091929946,441254294162197071525001,0,0,0,0
7,5,10,0,11,7,5,0,3,0,1,3,2,2,3,0,0,0,1,2,0,383409818371379488174639,275975331878798283468778,107434486492581204705861,364806131511396717071784,0,0,0,0
8,8,9,0,7,6,5,0,4,0,1,4,1,3,2,0,0,0,0,1,0,326080537803789674840191,89723563711387603645702,236356974092402071194489,360507644138470879414971,0,0,0,0
6,5,9,0,5,5,7,0,2,0,3,2,1,4,3,0,0,0,1,3,0,357442285349334626697048,118267078545803402300000,239175206803531224397048,549928671857998404198479,0,0,0,0
9,5,9,0,9,6,2,0,2,0,0,2,0,1,1,0,0,0,1,5,0,196106866383941544846461,100000003171999999999999,96106863211941544846462,652197955187640842847905,0,0,0,0
10,3,11,0,8,5,3,0,2,0,1,2,1,1,2,0,0,0,0,3,0,396043542962560507319061,224507238520339019555890,171536304442221487763171,342551306564239731752670,0,0,0,0
8,1,6,0,14,1,6,0,4,0,2,4,0,2,4,0,0,0,0,0,0,781203434654148147143308,614214153566618212794609,166989281087529934348699,556480226261026469394890,0,0,0,0
7,6,10,0,6,6,2,0,2,0,0,2,0,1,1,0,0,0,2,3,0,58454677242681776428364,31956367354227073674134,26498309888454702754230,564219051960398670952283,0,0,0,0
12,9,9,0,9,4,9,0,6,1,2,4,1,5,4,0,0,0,0,0,0,513096401490732536156123,353316389407462939470238,159780012083269596685885,627092107967270098371244,0,0,0,0
11,5,11,0,8,2,1,0,0,1,0,0,1,0,1,0,0,0,0,2,0,18587077756512793050000,18587077756512793050000,0,657870352694900558333580,0,0,0,0
5,5,7,0,12,6,5,0,4,0,0,4,1,2,3,0,0,0,1,3,0,449920120999032240192861,154284367285950617249999,295635753713081622942862,436010104511699698592406,0,0,0,0
9,6,10,0,12,3,3,0,3,0,0,1,1,0,3,0,0,0,2,1,0,149082578039093315285048,134670632716608106809850,14411945322485208475198,496599458145551618023505,0,0,0,0
10,2,5,0,5,3,4,0,3,0,1,3,1,2,2,0,0,0,2,2,0,295282194855391990443939,215928223859087855886826,79353970996304134557113,704280981284646868013156,0,0,0,0
11,7,6,0,4,4,9,0,5,1,2,4,1,5,4,0,0,0,0,0,0,693616988446999719251450,463501054605752836700926,230115933841246882550524,649570655941827859964321,0,0,0,0
5,6,6,0,10,3,2,0,1,0,0,1,1,0,2,0,0,0,3,6,0,123262701911748236455704,38306232291666666661955,84956469620081569793749,340718592207410354080143,0,0,0,0
4,6,8,0,8,5,4,0,2,0,2,2,0,3,1,0,0,0,0,3,0,280097396850655928858891,206106900399874264817524,73990496450781664041367,300000000000150000008041,0,0,0,0
5,3,5,0,7,5,1,0,1,0,0,1,1,0,1,0,0,0,1,5,0,137154852796893164300000,50000000000000000000000,87154852796893164300000,358944645907667593504857,0,0,0,0
6,5,9,0,4,6,5,0,4,0,0,4,0,1,4,0,0,1,0,4,0,369298233934135131943468,251404798907424536467693,117893435026710595475775,392056185344604899272343,0,0,1,0
7,5,7,0,14,4,2,0,2,0,0,1,0,1,1,0,0,0,1,3,0,124509378593784378129804,60722839456172839449999,63786539137611538679805,394374981791456835430232,0,0,0,0
3,1,8,0,7,9,2,0,0,1,1,0,1,1,1,0,0,0,1,4,0,69711093003074074000000,69711093003074074000000,0,352440559881836061327568,0,0,0,0
12,7,9,0,9,6,5,0,4,0,1,1,0,1,4,0,0,0,0,0,0,316596972536419277540592,297413131203987067693316,19183841332432209847276,622602252709519941091846,0,0,0,0
10,7,8,0,6,7,5,0,4,0,0,1,0,1,4,0,0,0,1,3,0,229688393930605823611947,104865166706460431942508,124823227224145391669439,501725777575833595632135,0,0,0,0
7,5,8,0,7,3,4,0,4,0,0,3,1,1,3,0,0,0,1,3,0,301821174747831328294538,181709741706367446495905,120111433041463881798633,281053519489739824368144,0,0,0,0
12,5,11,0,7,4,3,0,1,1,0,1,1,0,3,0,0,0,1,4,0,101995735012839680710304,65526356541418188410303,36469378471421492300001,817113134523949360093929,0,0,0,0
11,3,5,0,4,5,10,0,6,0,3,2,0,5,5,0,0,0,0,3,0,470550660425428559759445,426274706975899003820047,44275953449529555939398,415660948275257626939838,0,0,0,0
3,1,10,0,9,2,9,0,5,1,2,4,3,3,6,0,0,0,2,2,0,469921200291636533565528,320174169474081356873557,149747030817555176691971,334884463471891623575446,0,0,0,0
6,7,9,0,12,2,3,0,2,0,0,2,1,2,1,0,0,0,1,4,0,152456484544343919661369,112476851851851851800000,39979632692492067861369,469400541477595206091583,0,0,0,0
12,6,7,0,7,4,3,0,2,0,1,2,1,1,2,0,0,0,0,2,0,482925682537542895657847,347186376673264804877377,135739305864278090780470,865304743370293451522281,0,0,0,0
8,4,6,0,9,7,2,0,1,0,0,1,1,1,1,0,0,0,2,2,0,159874044933514669843223,66009837962962962900000,93864206970551706943223,412216223613842543656105,0,0,0,0
9,7,11,0,8,4,7,0,5,1,1,1,1,2,5,0,0,0,1,0,0,255282369153992729123295,240227025381369539110590,15055343772623190012705,584198414880717443372380,0,0,0,0
11,6,9,0,5,4,3,0,0,2,1,0,2,1,2,0,0,0,0,1,0,17411986497405040563614,17411986497405040563614,0,569118476552963931616836,0,0,0,0
9,6,12,0,9,10,1,0,1,0,0,0,0,0,1,0,0,0,3,0,0,38066454475308641900000,38066454475308641899999,1,528044492837669124506536,0,0,0,0
6,3,6,0,10,5,5,0,2,0,3,2,0,3,2,0,0,0,1,4,0,368354873422908774541770,123902968008884113073951,244451905414024661467819,389543255847792672930076,0,0,0,0
7,3,9,0,7,5,4,0,1,1,0,1,2,0,4,0,0,0,0,4,0,59917766556762129913110,52906329933226927826050,7011436623535202087060,576231048587159512471145,0,0,0,0
9,7,12,0,11,4,2,1,2,0,0,0,0,0,2,1,1,1,1,1,0,290080311314878525809804,37040338202301587949998,253039973112576937859806,603406453243709444479548,0,0,1,0
14,3,10,0,5,8,6,0,3,0,3,2,0,5,1,0,0,0,1,1,0,522168101042206911634478,384145252756289679087597,138022848285917232546881,1115045003364046247693502,0,0,0,0
6,4,9,0,5,4,7,0,2,0,3,2,0,4,3,0,0,0,1,3,0,328091957022064247807704,167282674437803402249998,160809282584260845557706,627853073577142473779493,0,0,0,0
4,3,10,0,7,7,3,0,2,0,1,2,1,2,1,0,0,0,1,5,0,589417965436622783686172,52777683159838568145484,536640282276784215540688,287791621836276879575255,0,0,0,0
9,3,9,0,8,3,8,1,6,0,2,3,0,4,4,1,1,0,1,4,0,541086898457170174694934,337297330646909504380147,203789567810260670314787,590333869279457814434376,0,0,0,0
8,8,5,0,11,5,5,0,2,1,2,2,2,2,3,0,0,0,1,1,0,180063004766984715715061,100445796472244186264194,79617208294740529450867,411572001018329042699992,0,0,0,0
10,5,7,0,9,5,3,0,2,0,1,1,0,1,2,0,0,0,0,1,0,187522094253897747250000,119498628783716049349997,68023465470181697900003,607845597228367114498085,0,0,0,0
7,7,10,0,6,6,2,0,2,0,0,2,0,1,1,0,0,0,2,3,0,192694362390927262409736,22784025018016991808800,169910337372910270600936,611597000037736409957458,0,0,0,0
9,8,11,0,5,4,6,0,1,0,4,1,1,4,2,0,0,0,2,4,0,311736988201638122290740,269671810424012345650000,42065177777625776640740,494031354913965501174098,0,0,0,0
10,3,8,0,7,4,6,0,5,0,0,1,0,1,5,0,0,0,2,3,0,224338981131002309257883,212924436377915889579470,11414544753086419678413,436247567040117620183345,0,0,0,0
6,3,8,0,10,7,6,0,5,0,1,4,0,2,4,0,0,0,0,3,0,423014587829537206065474,191672453859715269547256,231342133969821936518218,343108251190061762099254,0,0,0,0
7,5,4,0,12,5,7,0,4,1,2,4,2,3,4,0,0,0,0,3,0,505215690022307427126772,247447302063235095695172,257768387959072331431600,542016190667283805491619,0,0,0,0
11,8,6,0,4,4,6,0,1,0,4,1,0,5,1,0,0,0,1,2,0,417685554617803518602205,385543326788506172800000,32142227829297345802205,445113238245819360747994,0,0,0,0
13,5,4,0,7,3,3,0,2,1,0,1,1,1,2,0,0,0,2,2,0,148698018401858286824422,133323956199401928616771,15374062202456358207651,656591314107718723624144,0,0,0,0
5,7,6,0,11,5,4,1,3,0,1,2,0,2,2,1,1,1,0,2,0,437579819915680611348207,131129918988999999999999,306449900926680611348208,361278647749149024307475,0,0,0,1
8,2,9,0,11,3,3,0,3,0,0,3,0,2,1,0,0,0,3,2,0,490556977079431138185598,141995041528627304472548,348561935550803833713050,565363042652836978661528,0,0,0,0
7,4,7,0,14,5,3,0,3,0,0,2,0,1,2,0,0,0,0,3,0,252308117584869968182253,60982713089173194084997,191325404495696774097256,389326160498977160550001,0,0,0,0
9,2,9,0,2,6,3,0,0,1,1,0,1,1,2,0,0,0,2,2,0,67082762197225939120843,67082762197225939120843,0,895395230362193036685321,0,0,0,0
10,7,13,0,2,4,5,1,4,0,1,3,0,1,4,1,1,0,1,7,0,323145495827222221220237,91639847934561561529708,231505647892660659690529,519646684782991843295099,0,0,0,0
8,9,8,0,8,5,4,0,3,0,1,3,1,3,1,0,0,0,0,4,0,349726573555508847260625,148891728406000000000000,200834845149508847260625,606449083514620500705004,0,0,0,0
5,2,7,0,4,3,3,0,2,0,1,2,0,2,1,0,0,0,4,6,0,458970135258523092991560,116524731084999999999998,342445404173523092991562,588010345758599171308262,0,0,0,0
4,5,6,0,7,8,4,0,3,0,0,3,1,1,3,0,0,0,1,2,0,375037425377429659113659,110452260802469135749998,264585164574960523363661,333213996399991701977151,0,0,0,0
11,3,5,0,4,6,9,0,5,0,3,3,1,4,5,0,0,0,0,4,0,552795877949885672993052,259032664237108338075376,293763213712777334917676,300001000000150000000001,0,0,0,0
7,6,10,0,8,5,1,0,1,0,0,1,1,0,1,0,0,0,1,1,0,83,57,26,449789974423507312901958,0,0,0,0
8,5,8,0,7,5,7,0,5,0,1,3,0,3,4,0,0,0,0,1,0,568838341138686160885690,262877736337076016000742,305960604801610144884948,603341681045506357854566,0,0,0,0
4,6,8,0,11,6,5,0,4,0,0,3,1,3,2,0,0,0,0,7,0,397934739827322688882605,242679414526093458949999,155255325301229229932606,230387594631434623400000,0,0,0,0
7,7,6,0,7,4,4,0,4,0,0,4,0,2,2,0,0,0,1,5,0,298742727252266489642688,132325831839260704691250,166416895413005784951438,591606798302812368328425,0,0,0,0
9,5,11,0,8,5,7,0,4,2,1,1,2,2,5,0,0,0,1,0,0,246057805071134441013146,227422762441697827795049,18635042629436613218097,690091554637421295819668,0,0,0,0
8,7,10,0,7,4,4,1,2,0,2,1,0,3,1,1,1,0,1,1,0,297118491090271064368895,175898427871000000000000,121220063219271064368895,435377382873753206725846,0,0,0,0
8,3,9,0,6,4,6,0,4,2,0,3,2,1,5,0,0,0,0,2,0,439196338718461991186337,238806241678132869062106,200390097040329122124231,540915289701887087366978,0,0,0,0
15,4,7,0,8,6,5,0,3,1,0,2,1,0,5,0,0,0,0,2,0,147881405876850830510554,124557736644602714984458,23323669232248115526096,763816002786766138680834,0,0,0,0
6,3,10,0,9,7,3,0,3,0,0,2,0,1,2,0,0,0,2,1,0,188386714684709856287443,128531318869621267040079,59855395815088589247364,391787132365266573957066,0,0,0,0
7,4,9,0,7,4,5,0,1,1,0,0,1,0,5,0,0,0,1,2,0,155857909766077426523597,155857909766077426523595,2,573535890877869900851529,0,0,0,0
10,10,5,0,9,1,3,0,3,0,0,3,0,3,0,0,0,0,2,1,0,504434580507259975953487,149716810600000000000000,354717769907259975953487,514244444573607282188666,0,0,0,0
12,7,12,0,6,5,6,0,5,0,0,3,1,1,5,0,0,0,0,0,0,439911499032069200054069,330256850525005985969619,109654648507063214084450,630553329287256608441389,0,0,0,0
3,5,11,0,9,4,1,0,0,1,0,0,1,0,1,0,0,0,4,0,0,15933834876543209850000,15933834876543209850000,0,431499888504440997814124,0,0,0,0
8,6,5,0,4,3,3,0,2,0,1,2,1,1,2,0,0,0,0,4,0,173027391428282186730000,135986275907999999999997,37041115520282186730003,618016167488413310814803,0,0,0,0
8,6,5,0,11,5,6,0,3,1,2,3,2,3,3,0,0,0,1,0,0,224000623087975533836842,119818050371132173214176,104182572716843360622666,411636864518330854349161,0,0,0,0
7,2,2,0,5,4,7,0,3,1,1,3,3,2,5,0,0,0,1,3,0,538273360541618293695746,272721821189766442426188,265551539351851851269558,422168849376122912733456,0,0,0,0
6,5,6,0,8,2,6,0,4,0,2,3,1,3,3,0,0,0,1,1,0,577416323311511829716294,400940862406053363462930,176475460905458466253364,495266140310346943187560,0,0,0,0
7,4,4,0,7,3,8,0,3,1,3,3,1,4,4,0,0,0,2,1,0,747723491815871969565495,276456788323746257248189,471266703492125712317306,449747161645133406782825,0,0,0,0
7,6,10,0,5,5,6,1,4,0,2,2,1,3,3,1,1,0,0,3,0,429717567221974252921194,241386987249591564665251,188330579972382688255943,501170524380050383366786,0,0,0,0
6,2,8,0,10,5,7,0,6,0,1,5,1,2,5,0,0,0,0,2,0,718826561853304769808419,341724100019469584339916,377102461833835185468503,327080920732937107149186,0,0,0,0
12,9,6,0,7,3,6,0,5,1,0,0,1,0,6,0,0,0,1,5,0,157907973235782116228469,157907973235782116228463,6,934170976871422356308110,0,0,0,0
11,5,4,0,4,8,1,0,1,0,0,1,0,1,0,0,0,0,1,3,0,173889210825165010920874,59567061378000000000000,114322149447165010920874,472099082757244055874648,0,0,0,0
8,6,4,0,9,8,3,0,1,0,1,1,1,1,2,0,0,0,0,3,0,143934240159531147550000,56796682359765432049999,87137557799765715500001,510362305741694072646610,0,0,0,0
7,6,7,0,9,3,7,0,3,0,3,3,2,4,3,0,0,0,1,4,0,546429958673156767350097,382365753113448539979803,164064205559708227370294,442935114238369990233562,0,0,0,0
8,3,9,0,11,4,3,0,2,0,1,2,0,2,1,0,0,0,0,5,0,389418263948940320973365,228116101498075845747501,161302162450864475225864,515889311131182352895344,0,0,0,0
5,6,7,0,10,8,3,0,3,0,0,2,1,0,3,0,0,0,0,2,0,348722362511865210622971,82267984993240022758166,266454377518625187864805,385791824074224074114679,0,0,0,0
8,7,5,0,7,4,6,0,3,0,3,3,0,4,2,0,0,0,0,2,0,411300456977496340019568,250389170878000000016164,160911286099496340003404,592626691162985106500894,0,0,0,0
12,6,8,0,9,4,5,1,4,0,1,1,0,3,2,1,1,0,1,1,0,286856676740446117066858,140902869379069204756928,145953807361376912309930,1076793532225687464224046,0,0,0,0
8,8,8,0,8,6,4,0,2,0,2,2,0,4,0,0,0,0,0,4,0,239242785145180339979582,49113489985000000000000,190129295160180339979582,501274997460545542444550,0,0,0,0
9,5,12,0,7,4,6,0,3,2,1,2,2,1,5,0,0,0,1,3,0,557788200931031354274668,343400273752892525598387,214387927178138828676281,477492403566912425419940,0,0,0,0
8,5,8,0,10,2,5,0,3,0,2,3,1,4,1,0,0,0,0,2,0,416328896719790230024895,225596552037000000000000,190732344682790230024895,706263595974940057221741,0,0,0,0
10,5,15,0,6,5,6,0,5,0,0,1,0,0,6,0,0,0,0,1,0,258952296794165071413351,185871690969208654253295,73080605824956417160056,553790218424022692164295,0,0,0,0
10,4,7,0,6,8,3,0,0,1,1,0,2,1,2,0,0,0,0,0,0,100549493506200824903514,100549493506200824903514,0,709140665617767386253587,0,0,0,0
8,4,8,0,7,5,7,0,5,0,2,2,0,4,3,0,0,0,0,1,0,348236806923405627894380,271984727135114943549994,76252079788290684344386,636248721692635736197968,0,0,0,0
6,7,9,0,8,8,1,0,1,0,0,1,0,1,0,0,0,0,1,1,0,49444927181092747777645,1607605705000000000000,47837321476092747777645,436633086169715564856257,0,0,0,0
9,9,9,0,5,3,5,0,3,0,1,2,1,2,3,0,0,0,0,4,0,592174291139231199182635,406565082855931558223680,185609208283299640958955,626704127208433140366054,0,0,0,0
7,5,6,0,6,5,0,0,0,0,0,0,0,0,0,0,0,0,1,5,0,0,0,0,630945056452472759510244,0,0,0,0
10,3,3,0,5,6,5,0,4,1,0,3,2,0,5,0,0,0,0,3,0,470197822122192466717349,230928503348764813810634,239269318773427652906715,402640017367734597546142,0,0,0,0
15,4,7,0,8,5,5,0,3,1,0,2,1,0,5,0,0,0,0,2,0,195432091677656806958404,185879984307193952788932,9552107370462854169472,637998644900762423152659,0,0,0,0
13,7,8,0,11,7,2,0,2,0,0,2,0,1,1,0,0,0,1,2,0,151274673605199739011598,27904964202999999999999,123369709402199739011599,561294812233680729163962,0,0,0,0
6,4,5,0,3,6,9,1,6,2,1,4,2,2,7,1,1,0,0,8,0,622352355580521578321153,231043194268627202300103,391309161311894376021050,371523068677445700659070,0,0,0,0
8,2,4,0,12,5,4,0,3,1,0,0,1,0,4,0,0,0,1,1,0,101579000629919425722868,101579000629919425722864,4,721446797391643767540538,0,0,0,0
3,5,11,0,9,4,1,0,0,1,0,0,1,0,1,0,0,0,2,2,0,15959876543209876500000,15959876543209876500000,0,325261022730596999664671,0,0,0,0
7,2,11,0,2,7,3,0,3,0,0,1,0,0,3,0,0,0,0,4,0,102900365486134594376849,54235220061955834666450,48665145424178759710399,463509478635721051766739,0,0,0,0
8,3,9,0,9,4,6,0,6,0,0,6,2,2,4,0,0,0,0,5,0,697004474748953703811362,259002079016000000001201,438002395732953703810161,300000000000150000024897,0,0,0,0
7,3,9,0,7,7,2,0,2,0,0,1,0,1,1,0,0,0,0,2,0,70960842950826389637840,50000885813585480659744,20959957137240908978096,399999000000150000013396,0,0,0,0
2,2,8,0,10,2,5,0,5,0,0,3,1,0,5,0,0,0,2,3,0,468547639320091611902560,178721623137441171722646,289826016182650440179914,331083821494523468228445,0,0,0,0
12,4,7,0,12,7,3,0,2,0,1,2,0,2,1,0,0,0,0,1,0,344916654954093894769824,79078987430999999999994,265837667523093894769830,390634134881163825374917,0,0,0,0
7,7,4,0,7,4,8,0,3,2,2,2,2,3,5,0,0,0,2,1,0,476022340774998263108104,302778717633157932568400,173243623141840330539704,476303392098776958190666,0,0,0,0
6,1,6,0,7,10,2,0,1,0,1,1,0,1,1,0,0,0,0,6,0,365112448434597568226512,173178205246004548497490,191934243188593019729022,401359408516702685731895,0,0,0,0
6,5,6,0,10,6,3,0,2,0,1,2,0,3,0,0,0,0,0,3,0,384485839352657297473664,117495645042000000000000,266990194310657297473664,368419571908241373445785,0,0,0,0
8,2,4,0,12,6,3,0,2,1,0,2,2,0,3,0,0,0,1,2,0,235679393580144702502971,156993559652622738961103,78685833927521963541868,572687805522461768978862,0,0,0,0
9,10,9,0,7,4,2,0,2,0,0,1,0,1,1,0,0,0,4,0,0,69069812347819274962807,57212223033411862322329,11857589314407412640478,493147788743253834725249,0,0,0,0
11,7,4,0,4,9,2,0,2,0,0,2,0,1,1,0,0,0,0,3,0,681507148314437638042905,96191832542999999999999,585315315771437638042906,305801082757264688161440,0,0,0,0
5,2,2,0,14,5,3,0,3,0,0,3,1,2,1,0,0,0,0,4,0,559043981481481480727581,110230000000000096702540,448813981481481384025041,373869316389645280127332,0,0,0,0
8,5,7,0,12,7,3,0,1,1,1,1,1,2,1,0,0,0,2,2,0,132100060523466983984477,56301458820659271903102,75798601702807712081375,300215293171238229353716,0,0,0,0
9,2,9,0,10,5,3,0,3,0,0,2,0,0,3,0,0,0,1,6,0,236674142545990516150000,135463155864197530799996,101210986681792985350004,426271603901902193146690,0,0,0,0
5,4,7,0,10,6,2,0,2,0,0,1,1,0,2,0,0,0,0,3,0,92076212626872654392266,68057677993240022758168,24018534633632631634098,385791824074224074124600,0,0,0,0
12,7,6,0,7,5,5,0,5,0,0,5,0,2,3,0,0,0,2,3,0,516908535563281314429605,128373901081855171117384,388534634481426143312221,469469221247853762177643,0,0,0,0
10,4,10,0,7,2,7,0,3,0,4,3,0,6,1,0,0,0,2,0,0,548752157904483310343648,298050288553999999999999,250701869350483310343649,764461349272720241709816,0,0,0,0
11,7,12,0,10,2,5,0,2,0,3,0,0,3,2,0,0,0,1,0,0,73290662484243475100000,73290662484243475099998,2,611212799499802799100417,0,0,0,0
9,4,8,0,15,4,4,0,3,0,1,1,0,2,2,0,0,0,0,1,0,216749796633691633977323,151546256112836664249998,65203540520854969727325,612387690327315062119014,0,0,0,0
8,4,8,0,10,3,5,1,5,0,0,4,1,3,2,1,1,0,0,2,0,528464122629311691663819,166655540005000000000000,361808582624311691663819,726672689610531969923252,0,0,0,0
7,2,8,0,11,6,3,0,3,0,0,1,0,1,2,0,0,0,2,4,0,228164008009623057025811,119482534638414020563453,108681473371209036462358,531398412074450691350922,0,0,0,0
4,3,7,0,14,5,3,0,2,1,0,1,1,1,2,0,0,0,0,4,0,147223568628567492139306,141299538261086564607125,5924030367480927532181,456372013572280740961719,0,0,0,0
9,1,12,0,3,5,7,0,5,1,0,3,1,2,5,0,0,0,0,0,0,195471930115825171328424,159040054588121484393151,36431875527703686935273,349651107009732304263227,0,0,0,0
6,4,7,0,8,4,5,0,3,1,1,3,2,1,4,0,0,0,1,8,0,172644824630978439433232,123312651433000000303508,49332173197978439129724,399998000000083161119335,0,0,0,0
7,6,6,0,6,6,1,0,1,0,0,0,0,0,1,0,0,0,1,4,0,33747379791559721375918,33747379791559721375916,2,502118277657413475868875,0,0,0,0
8,6,3,0,11,4,7,0,4,2,0,4,2,2,5,0,0,0,1,7,0,533951206558836876536784,197455426923921923277750,336495779634914953259034,439141711419903086509657,0,0,0,0
12,7,8,0,6,4,1,0,1,0,0,1,0,1,0,0,0,0,3,0,0,97838713978852163033968,50000000000000000000000,47838713978852163033968,577359269764592026966448,0,0,0,0
7,4,10,0,8,4,7,0,3,1,2,1,1,2,5,0,0,0,0,1,0,193676412140556905891581,167374722595951079745018,26301689544605826146563,376545958701350505417236,0,0,0,0
14,3,9,0,9,6,5,0,3,1,1,2,1,1,4,0,0,0,1,2,0,316086989954255292999861,263238677142705094920143,52848312811550198079718,592443907920338771254706,0,0,0,0
6,7,5,0,3,7,8,1,5,2,1,3,2,1,7,1,1,0,0,9,0,472972429507297088955357,164639010332914373719805,308333419174382715235552,371523068677445700659070,0,0,0,0
10,3,6,0,9,7,4,0,3,0,1,3,0,2,2,0,0,0,0,1,0,449104253638721420677182,380754674700345396482203,68349578938376024194979,482358615302617341291179,0,0,0,0
6,5,10,0,3,3,7,0,6,0,1,4,2,1,6,0,0,0,1,0,0,420011349334202162736710,328324803222092120577709,91686546112110042159001,342116211888970197337043,0,0,0,0
6,10,6,0,4,4,5,0,4,0,0,4,1,1,4,0,0,0,0,1,0,615649177347675544667181,197250542454651664027377,418398634893023880639804,304322470845372702420855,0,0,0,0
4,3,4,0,8,4,6,1,6,0,0,5,1,3,3,1,1,0,1,8,0,1281709958783534931566278,193392509730221671166739,1088317449053313260399539,200005000000150000026162,0,0,0,0
7,3,9,0,7,6,1,0,1,0,0,1,0,1,0,0,0,0,2,1,0,52700852534262745537807,50000000000000000000000,2700852534262745537807,382791274012926545258250,0,0,0,0
10,11,9,0,10,7,1,0,1,0,0,0,0,0,1,0,0,0,1,2,0,1494598765432098750000,1494598765432098749999,1,459339543616526660577047,0,0,0,0
9,3,12,0,5,5,3,0,1,0,2,0,0,2,1,0,0,0,0,6,0,207548501288677990150000,207548501288677990149999,1,392956223442365984199122,0,0,0,0
6,5,12,0,5,5,5,0,4,0,0,3,2,1,4,0,0,0,0,2,0,518495837340720901621910,136289155551879823235243,382206681788841078386667,526418112431098370024984,0,0,0,0
8,3,8,0,8,6,1,0,0,0,1,0,0,1,0,0,0,0,2,3,0,591363000000000000,591363000000000000,0,418100410095791783559030,0,0,0,0
6,7,6,0,10,7,1,0,0,0,1,0,0,1,0,0,0,0,0,5,0,5381558641000000000000,5381558641000000000000,0,368419571908241373445785,0,0,0,0
6,1,11,0,4,9,6,0,1,2,3,0,2,3,3,0,0,0,2,0,0,49775669360857200696507,49775669360857200696506,1,547298594567732341924362,0,0,0,0
11,6,3,0,12,6,2,0,2,0,0,2,0,1,1,0,0,0,0,1,0,409979957267607180242201,93965352766999999999999,316014604500607180242202,409802303187649163254775,0,0,0,0
4,5,13,0,7,6,4,0,4,0,0,2,0,0,4,0,0,0,0,0,0,169156907672038393718036,100495990371385499354995,68660917300652894363041,373954892911165618768572,0,0,0,0
5,4,2,0,14,5,4,0,4,0,0,4,1,2,2,0,0,0,0,3,0,487754162273465708697404,160230000000000096702538,327524162273465611994866,399999000000152780439399,0,0,0,0
10,7,6,0,6,6,7,0,4,0,2,2,0,2,5,0,0,0,0,3,0,170125938697227110942643,134956792747461917645919,35169145949765193296724,411785206846837151700845,0,0,0,0
4,3,8,0,12,5,3,0,2,0,1,2,1,2,1,0,0,0,1,5,0,129841179251656771564630,100000000000000000000000,29841179251656771564630,449998000334284066384043,0,0,0,0
6,5,6,0,4,3,4,0,3,1,0,3,1,2,2,0,0,0,1,2,0,421238627956464976156407,176357902477054986849999,244880725479409989306408,324477041989152043544531,0,0,0,0
5,5,14,0,8,3,7,0,5,0,0,4,4,2,5,0,0,0,0,1,0,450776535951854492915409,122946030885469135749999,327830505066385357165410,423523867497176452029121,0,0,0,0
11,8,12,0,10,1,6,0,4,0,2,0,0,2,4,0,0,0,0,0,0,82212749919924417508965,82212749919924417508960,5,694617946842912810079734,0,0,0,0
5,7,8,0,7,7,3,0,3,0,0,1,0,0,3,0,0,0,0,3,0,113242438548697865018319,60072349325889033769351,53170089222808831248968,523824745422245971274080,0,0,0,0
10,5,13,0,8,7,3,0,3,0,0,2,0,1,2,0,0,0,0,3,0,293849811830358094100058,119132651669999999999998,174717160160358094100060,881956684122452505596278,0,0,0,0
7,2,6,0,10,6,3,0,1,1,0,1,2,1,2,0,0,0,1,2,0,138659351210359519306321,95966171440384139380841,42693179769975379925480,448317682531508008077009,0,0,0,0
9,1,12,0,3,5,7,0,6,0,0,4,1,2,5,0,0,0,0,0,0,334348011895890490096229,216567760392804204228441,117780251503086285867788,359995856789359293718278,0,0,0,0
7,3,14,0,6,6,5,0,3,0,2,3,0,2,3,0,0,0,0,1,0,387181086866229349931240,230107313483528295138473,157073773382701054792767,404575880878014604727412,0,0,0,0
5,3,7,0,5,5,5,0,4,0,1,0,0,1,4,0,0,0,3,1,0,101587774988711789739017,101587774988711789739010,7,513498531519118616940417,0,0,0,0
11,3,4,0,8,4,5,0,3,2,0,3,2,2,3,0,0,0,0,4,0,420890339266157741805673,273958697950786113268454,146931641315371628537219,551332974159820720086839,0,0,0,0
12,5,8,0,8,4,4,0,3,0,1,2,1,2,2,0,0,0,0,3,0,716991927348761953628035,534509976063049054666686,182481951285712898961349,1061602573346655255878516,0,0,0,0
6,6,13,0,10,3,5,0,4,0,0,3,0,1,4,0,0,0,1,3,0,404866925429002620938912,283258318275339212444089,121608607153663408494823,513148572673330509992620,0,0,0,0
12,6,8,0,6,4,1,0,1,0,0,1,0,1,0,0,0,0,3,0,0,103233757035302016662650,50000000000000000000000,53233757035302016662650,452779649747958277959007,0,0,0,0
9,6,11,0,13,7,2,0,1,0,1,1,0,2,0,0,0,0,3,1,0,54018135239971193834891,50000000000000000000000,4018135239971193834891,366583846753393697950224,0,0,0,0
7,6,8,0,10,7,1,0,1,0,0,1,0,0,1,0,0,0,1,3,0,30106693066330314858745,10960895855936960743067,19145797210393354115678,412634385231710804988329,0,0,0,0
5,6,15,0,6,6,1,0,0,0,1,0,0,1,0,0,0,0,3,5,0,26299575617000000000000,26299575617000000000000,0,400026111034739568055317,0,0,0,0
9,5,7,0,7,2,8,0,6,0,1,5,2,3,5,0,0,0,0,2,0,713700247369559812399736,412114428607962962908146,301585818761596849491590,518104537266179572001949,0,0,0,0
6,6,10,0,3,4,6,0,5,0,1,4,1,1,5,0,0,0,1,1,0,294827954153658965984800,211294145546373181460875,83533808607285784523925,342116211888970197337043,0,0,0,0
7,4,8,0,12,6,4,0,3,0,1,2,1,2,2,0,0,0,0,2,0,223321574211703693966302,133219830729742200849999,90101743481961493116303,442239320213553528613030,0,0,0,0
7,3,5,0,8,6,5,0,3,0,0,2,2,1,4,0,0,0,2,4,0,345516030613207934473056,141216150058981779929690,204299880554226154543366,464297311962567952177514,0,0,0,0
9,8,8,0,3,3,6,0,5,0,1,5,0,5,1,0,0,0,3,3,0,524635294894968845107980,231550759812999999999999,293084535081968845107981,531062641304473519612172,0,0,0,0
9,6,12,0,5,6,3,0,1,0,2,1,0,2,1,0,0,0,0,6,0,330731482283264600207736,283756500118679012237615,46974982164585587970121,397070427187974744901389,0,0,0,0
7,6,8,0,9,4,5,1,3,0,2,2,0,3,2,1,1,0,0,1,0,515689087085517136479169,268515637644000002591997,247173449441517133887172,335224625111649719651072,0,0,0,0
8,2,7,0,12,6,2,0,1,0,0,1,1,0,2,0,0,0,2,1,0,206758970557422185300000,85070635473460597399997,121688335083961587900003,520320577233030219287839,0,0,0,0
8,5,6,0,12,6,2,0,2,0,0,2,0,1,1,0,0,0,1,2,0,344968971234051824074358,81006882162943903972093,263962089071107920102265,486206621410655917339107,0,0,0,0
9,3,4,0,5,7,6,0,6,0,0,4,0,1,5,0,0,0,0,3,0,387267307019706843752189,324243054272221589966203,63024252747485253785986,371929533631146391166436,0,0,0,0
4,5,13,0,7,6,3,0,3,0,0,2,0,1,2,0,0,0,0,1,0,213160777204512087799989,174306354240288867149996,38854422964223220649993,372579056727678301834887,0,0,0,0
9,3,6,0,9,8,3,0,3,0,0,3,1,1,2,0,0,0,0,2,0,273587389887802575781818,135864999999999999999998,137722389887802575781820,497598707039357969724181,0,0,0,0
6,8,10,0,6,9,5,0,4,0,0,3,1,1,4,0,0,0,1,1,0,502558835167454474146628,219615133639692044580580,282943701527762429566048,397913533590684136966887,0,0,0,0
3,6,7,0,13,3,6,0,4,0,2,3,1,3,3,0,0,0,1,3,0,510726287631770028315527,205955836486962962867517,304770451144807065448010,300000000000225319950820,0,0,0,0
6,6,6,0,4,4,4,0,3,1,0,1,1,0,4,0,0,0,1,2,0,213987037293975989707022,93893674814348050538887,120093362479627939168135,268573050614867164255651,0,0,0,0
3,1,7,0,9,4,6,0,2,2,1,1,2,1,5,0,0,0,2,3,0,334565059468780795235207,245579567211241459024037,88985492257539336211170,540758283203746552704613,0,0,0,0
5,4,16,0,5,4,3,0,2,0,1,2,1,1,2,0,0,0,0,2,0,429287987029637701623595,148225308641000000047173,281062678388637701576422,367148188676024703928945,0,0,0,0
9,2,7,0,6,7,5,0,3,2,0,1,2,0,5,0,0,0,1,3,0,113342514421654840712456,83141861463619887527722,30200652958034953184734,504004314411512678686162,0,0,0,0
2,7,7,0,7,6,7,0,4,0,3,3,0,4,3,0,0,0,0,4,0,322187762501523190893755,189710627477985116355594,132477135023538074538161,300000000000141573881173,0,0,0,0
10,5,13,0,9,5,2,0,1,0,1,1,0,1,1,0,0,0,0,2,0,12837121778354572331743,12588598696432360183610,248523081922212148133,461722394039039897378422,0,0,0,0
7,3,6,0,10,4,4,0,3,0,0,3,2,1,3,0,0,0,1,1,0,230014445947000391832116,150001000002999999999998,80013445944000391832118,493778334030916744479131,0,0,0,0
6,4,9,0,9,6,3,0,3,0,0,2,0,1,2,0,0,0,0,2,0,121573028590045438277932,101745139750481481449998,19827888839563956827934,474158803630581640694009,0,0,0,0
10,7,9,0,6,5,5,0,4,1,0,2,1,1,4,0,0,0,1,1,0,432454901031681233750323,228718876577088133937288,203736024454593099813035,635050439379933862604608,0,0,0,0
7,2,6,0,7,10,3,0,0,1,2,0,1,2,1,0,0,0,0,4,0,29104635554000000000240,29104635554000000000240,0,300058000000102445442283,0,0,0,0
10,3,5,0,11,5,2,0,1,0,0,1,1,0,2,0,0,0,2,3,0,130077584472881066350000,61674575617283947900000,68403008855597118450000,600204983350545415982988,0,0,0,0
4,5,10,0,13,7,4,0,3,0,1,1,0,1,3,0,0,0,0,3,0,234924003177772240152275,135023630277622519350428,99900372900149720801847,400000000000132469889479,0,0,0,0
7,8,7,0,11,8,4,0,4,0,0,0,0,0,4,0,0,0,0,1,0,65281736975149891681250,65281736975149891681246,4,378029080130873666128528,0,0,0,0
11,2,4,0,8,6,4,0,1,1,2,1,1,2,2,0,0,0,0,5,0,153126265943751447102493,138709913145439396679748,14416352798312050422745,630916739069591452706688,0,0,0,0
7,5,3,0,7,5,6,0,3,1,2,3,2,4,2,0,0,0,2,5,0,341934470129119084406543,161340138447313047621219,180594331681806036785324,414574000000194072588748,0,0,0,0
9,4,9,0,4,3,5,0,4,0,1,4,0,4,1,0,0,0,1,4,0,468487602122075208387880,183210002070999999999999,285277600051075208387881,663315257026812041228474,0,0,0,0
6,2,7,0,10,1,6,0,2,2,1,0,3,1,5,0,0,0,3,4,0,88188111842113623270117,88188111842113623270114,3,492579351577508989066276,0,0,0,0
10,5,5,0,13,9,4,0,2,0,2,2,1,3,1,0,0,0,2,1,0,139212958653746733899002,68776765485000000050000,70436193168746733849002,433684335512926903496929,0,0,0,0
5,8,7,0,9,5,4,0,4,0,0,2,0,1,3,0,0,0,1,2,0,362800065374422714538978,150890251144965962501080,211909814229456752037898,335699919390881249910821,0,0,0,0
5,4,10,0,8,4,5,0,4,0,0,2,1,1,4,0,0,0,1,4,0,321326042215428863194693,258524723874493225297773,62801318340935637896920,365600524402909746447777,0,0,0,0
7,6,8,0,10,7,1,0,1,0,0,1,0,1,0,0,0,0,1,3,0,265299785813993122392998,50001000002000000000000,215298785811993122392998,458659037834902766077315,0,0,0,0
11,5,8,0,9,4,2,0,2,0,0,1,0,0,2,0,0,0,0,2,0,152797298250058179683392,50000000773856264556648,102797297476201915126744,515333357787141081297534,0,0,0,0
12,4,10,0,6,4,4,0,2,2,0,1,2,1,3,0,0,0,2,2,0,212709015704287727112651,152750042609920835627158,59958973094366891485493,989836348933663054818396,0,0,0,0
9,7,7,0,8,3,6,0,6,0,0,4,0,2,4,0,0,0,0,2,0,338496517497132480166350,209443852675789826982166,129052664821342653184184,516525728796101260462327,0,0,0,0
3,8,8,0,5,7,11,0,7,0,2,4,1,4,7,0,0,0,1,3,0,560110827465023001092514,191462420814594480397625,368648406650428520694889,323373636229305083508195,0,0,0,0
13,3,6,0,7,5,4,0,1,1,2,1,1,2,2,0,0,0,2,2,0,164781961034060606949154,116562000873156907406055,48219960160903699543099,499186016799568670802294,0,0,0,0
9,6,11,0,8,6,8,0,4,0,4,3,0,5,3,0,0,0,0,0,0,393602597823386766371390,273276145976432111624665,120326451846954654746725,326291907300039186105372,0,0,0,0
7,4,5,0,8,5,7,0,5,0,0,2,3,1,6,0,0,0,1,3,0,378932170242822779932842,153866113898929375026503,225066056343893404906339,501735136710059944281361,0,0,0,0
8,5,7,0,11,5,4,0,1,0,3,1,1,3,1,0,0,0,1,2,0,246612890235218576357531,96395951176000000015110,150216939059218576342421,346025661838679431584064,0,0,0,0
7,5,12,0,6,8,2,0,1,0,1,1,0,1,1,0,0,0,0,4,0,409523082211616500503454,58713723457999999999996,350809358753616500503458,608368202980149119967580,0,0,0,0
10,5,11,0,6,3,6,0,5,1,0,2,1,0,6,0,0,0,1,2,0,327094666840900833818428,289823516654323490574257,37271150186577343244171,554584192351959822009815,0,0,0,0
11,6,8,0,6,5,5,0,5,0,0,4,1,1,4,0,0,0,2,1,0,365224294135285972718646,239323225536565551822100,125901068598720420896546,577061584111890462809909,0,0,0,0
9,3,8,0,8,7,2,0,0,1,1,0,1,1,1,0,0,0,0,3,0,41845881605690726167000,41845881605690726167000,0,490682363114669302458781,0,0,0,0
4,2,5,0,10,9,2,0,0,1,1,0,1,1,1,0,0,0,0,0,0,39570881711679012300000,39570881711679012300000,0,300000000000565109359508,0,0,0,0
8,5,6,0,12,6,1,0,1,0,0,1,0,1,0,0,0,0,1,3,0,50921500726409460734656,30970000000000000000000,19951500726409460734656,436201621410655922326959,0,0,0,0
9,5,3,0,18,3,6,0,5,1,0,5,1,1,5,0,0,0,0,2,0,520491819592717446958033,303722984867327160495330,216768834725390286462703,488464244410189198652417,0,0,0,0
7,5,9,0,5,2,6,0,4,0,1,3,1,3,3,0,0,0,0,2,0,372063925524597967633008,207189756042167012732233,164874169482430954900775,574924989830475895924796,0,0,0,0
6,5,10,0,5,5,4,0,4,0,0,4,1,2,2,0,0,0,0,2,0,732366125269310441780637,346873527840541196648950,385492597428769245131687,458678935130684990310375,0,0,0,0
11,9,8,0,6,2,1,0,1,0,0,1,0,1,0,0,0,0,2,0,0,193029440706784091614299,88559964907000000000000,104469475799784091614299,550018265343660007251588,0,0,0,0
7,5,6,0,5,6,6,0,4,1,1,4,2,3,3,0,0,0,0,5,0,280818741159318775406774,168239068353713674324202,112579672805605101082572,371752388275128850433748,0,0,0,0
9,4,4,0,16,6,6,0,4,0,2,2,1,3,3,0,0,0,1,1,0,168978362390826953992432,159933590232877800657791,9044772157949153334641,642110521646277976279332,0,0,0,0
3,7,7,0,13,3,5,0,3,0,2,2,0,3,2,0,0,0,2,3,0,280498271347319251573285,162257681831999999999995,118240589515319251573290,322151842238002888395853,0,0,0,0
12,4,8,0,6,5,5,0,2,0,1,0,0,1,4,0,0,0,0,0,0,154021679853370611366260,154021679853370611366255,5,491427012345798308108065,0,0,0,0
15,1,14,0,4,8,2,0,2,0,0,0,0,0,2,0,0,0,0,1,0,109618100227693555195591,109618100227693555195588,3,803774280248526254262310,0,0,0,0
13,6,8,0,2,4,4,0,4,0,0,3,0,1,3,0,0,0,1,3,0,597823697081357242052582,232870070810280276437698,364953626271076965614884,851569183294333371701430,0,0,0,0
9,3,11,0,2,7,5,0,3,0,0,3,1,2,3,0,0,0,3,2,0,290732782363761631560214,153935269329471587076822,136797513034290044483392,578183486552645794427227,0,0,0,0
10,9,9,0,8,6,5,0,4,0,0,3,0,2,3,0,0,0,0,5,0,242619316306886665033045,157875059729879922699998,84744256577006742333047,403964257430056341816245,0,0,0,0
8,2,3,0,8,5,4,0,2,2,0,2,2,0,4,0,0,0,1,2,0,323168567810635369666079,85985569093913265884847,237182998716722103781232,365872047454876253871403,0,0,0,0
7,5,10,0,10,5,7,0,6,0,0,3,1,2,5,0,0,0,0,4,0,876648389685047568188139,248543029495398537630039,628105360189649030558100,464159210264694217017477,0,0,0,0
9,2,7,0,6,6,3,0,3,0,0,1,0,0,3,0,0,0,1,5,0,71166910794158910542030,37670603782872761940733,33496307011286148601297,559548852928036613954511,0,0,0,0
9,7,4,0,8,2,7,0,6,0,1,5,1,3,4,0,0,0,1,8,0,526047457074875438288715,375734722629097940555345,150312734445777497733370,583643083747343586110279,0,0,0,0
6,11,9,0,7,3,6,0,2,1,3,2,1,3,3,0,0,0,2,1,0,303676760291708169859073,117355314221610625496424,186321446070097544362649,346341293256908086645901,0,0,0,0
6,0,10,0,10,6,4,0,3,0,1,1,0,2,2,0,0,0,1,4,0,104332847092266754498222,98899843278983036428447,5433003813283718069775,399743536056738612208085,0,0,0,0
7,2,8,0,9,4,7,0,4,1,0,2,2,1,6,0,0,0,0,2,0,291705266688930047470302,199257928822902561694574,92447337866027485775728,460799951384198635810210,0,0,0,0
5,9,7,0,11,5,1,0,1,0,0,1,0,0,1,0,0,0,3,0,0,237504872574564007794184,44348500902299999999996,193156371672264007794188,332968001348919504481459,0,0,0,0
4,6,8,0,6,4,5,0,5,0,0,3,1,1,4,0,0,0,0,2,0,331721670672254278144271,196249129704547899104128,135472540967706379040143,399999000000152274452215,0,0,0,0
4,5,10,0,13,5,4,0,2,1,1,0,1,1,3,0,0,0,0,3,0,24275083098448679866876,24275083098448679866873,3,400000000000132469889621,0,0,0,0
7,6,7,0,4,3,6,0,4,0,1,4,1,2,4,0,0,0,2,2,0,642523169922611539420788,310600268902625631869988,331922901019985907550800,440167736819596512904279,0,0,0,0
10,2,8,0,10,4,4,0,3,0,0,3,0,2,2,0,0,0,2,3,0,447496636540397044429029,216248592040777777749999,231248044499619266679030,612301003051280513304516,0,0,0,0
11,6,7,0,11,4,3,0,2,0,0,2,1,0,3,0,0,0,0,2,0,311579673281155368369765,239622363682880408899583,71957309598274959470182,454812831213137506918340,0,0,0,0
5,5,9,0,10,5,4,0,2,0,2,0,0,2,2,0,0,0,0,2,0,140461112166138053506687,140461112166138053506684,3,611676920884102275361901,0,0,0,0
5,2,12,0,8,8,4,0,2,0,0,2,0,1,3,0,0,0,0,4,0,224326889186988190317418,71687338873352637999998,152639550313635552317420,296725501543359876550000,0,0,0,0
6,4,7,0,6,8,6,0,2,0,4,1,0,5,1,0,0,0,1,3,0,210898049920796877474508,157600190943864197449998,53297858976932680024510,352843065183163895947503,0,0,0,0
5,7,7,0,9,4,4,0,4,0,0,2,0,1,3,0,0,0,1,2,0,439672537366837773809942,150579149276251152938730,289093388090586620871212,323448727282286169501659,0,0,0,0
10,4,6,0,6,4,9,0,6,0,3,4,1,4,5,0,0,0,0,3,0,877975505599389514158548,325322973860188855095550,552652531739200659062998,439999007719483097094140,0,0,0,0
12,5,4,0,6,4,4,0,2,0,2,1,0,2,2,0,0,0,5,1,0,166530394731937129500000,102808550490098765399997,63721844241838364100003,907419165378102783799320,0,0,0,0
8,4,6,0,12,4,6,0,5,0,1,2,0,1,5,0,0,0,0,2,0,305630548351503647392956,297512561872227692537082,8117986479275954855874,545477203675578978783766,0,0,0,0
6,7,7,0,8,4,5,0,4,0,1,4,0,2,3,0,0,0,2,1,0,248895562813801831389864,99185861455217130756043,149709701358584700633821,538977080386551781314242,0,0,0,0
11,4,6,0,9,4,4,0,3,1,0,2,1,1,3,0,0,0,3,1,0,356950309214191473846994,205763179544463367943495,151187129669728105903499,581075861719630790452699,0,0,0,0
10,4,13,0,8,7,9,0,5,2,2,2,2,3,6,0,0,0,2,1,0,403702697849229089643671,206688469487565537224576,197014228361663552419095,513456884123147005485541,0,0,0,0
9,5,11,0,8,3,5,0,5,0,0,4,0,2,3,0,0,0,0,3,0,517577945796572757023760,376734750783414886923993,140843195013157870099767,677780695698095202329731,0,0,0,0
4,3,10,0,13,5,6,0,5,0,0,4,2,2,4,0,0,0,3,2,0,350873437555533924720270,191778688760389853889461,159094748795144070830809,470625733622013625113287,0,0,0,0
11,5,4,0,9,4,4,1,4,0,0,2,0,1,3,1,1,0,2,0,0,307428246670659781221580,199971288220860993708328,107456958449798787513252,682764695844054709025819,0,0,0,0
11,4,8,0,9,4,7,0,3,1,1,2,2,2,5,0,0,0,0,3,0,201136942941712514497513,189457861208466291416943,11679081733246223080570,521217776978573110660740,0,0,0,0
10,10,15,0,8,3,5,0,4,0,1,1,0,2,3,0,0,0,1,0,0,415154797906305556197847,274306088364492963978240,140848709541812592219607,614039223231478588167672,0,0,0,0
4,8,5,0,7,4,6,0,5,1,0,3,2,1,5,0,0,0,4,3,0,475272130556881237749151,163988963830737873323142,311283166726143364426009,399999000000125800014714,0,0,0,0
12,2,10,0,11,5,3,0,2,0,0,2,0,1,2,0,0,0,0,2,0,298409409552317206249242,177640933776769609670949,120768475775547596578293,520179466855701348549796,0,0,0,0
4,4,5,0,10,7,2,0,0,1,1,0,1,1,1,0,0,0,0,0,0,39631822787395061650000,39631822787395061650000,0,373828294202938002932651,0,0,0,0
12,7,7,0,7,4,6,0,5,0,0,1,1,0,6,0,0,0,1,0,0,417291942124801322557904,383023282076245997148664,34268660048555325409240,631015016431462274233828,0,0,0,0
5,2,3,0,8,6,4,0,3,0,1,3,0,2,2,0,0,0,1,3,0,272819053935008210650144,136619656783999999999998,136199397151008210650146,250000000000167813868924,0,0,0,0
8,5,4,0,10,7,5,0,4,0,1,4,1,2,3,0,0,0,0,1,0,337627698624581992016832,123641877587999999999974,213985821036581992016858,436160178727672408855010,0,0,0,0
6,5,12,0,6,3,4,0,1,1,2,0,1,2,2,0,0,0,0,0,0,181961134876034953703544,181961134876034953703543,1,485222060019992429053482,0,0,0,0
7,8,7,0,10,1,4,0,2,0,1,2,1,1,3,0,0,0,0,4,0,140373671150719554717201,101446584922681440709519,38927086228038114007682,499548563146924249426622,0,0,0,0
7,2,7,0,9,4,5,0,2,0,3,1,0,4,1,0,0,0,1,2,0,292740492316280314352357,225310673198825439649998,67429819117454874702359,499998000000239500146762,0,0,0,0
9,4,4,0,16,5,5,0,3,0,2,1,1,2,3,0,0,0,1,2,0,125517663748075986095131,120726094920004884030208,4791568828071102064923,823008712646323283135918,0,0,0,0
10,8,12,0,9,4,4,0,2,2,0,2,2,1,3,0,0,0,0,2,0,148799957136673609326262,76943762138991115535680,71856194997682493790582,649312539634195300083521,0,0,0,0
11,3,8,0,9,5,1,0,1,0,0,1,0,1,0,0,0,0,1,5,0,148826195330194927494073,81396903783000000000000,67429291547194927494073,436847671334204847284807,0,0,0,0
8,2,9,0,9,6,6,0,4,0,1,4,1,2,4,0,0,0,3,4,0,455010955825633315418905,161244043260629629601017,293766912565003685817888,300000000000150052536322,0,0,0,0
6,5,8,0,7,6,5,0,3,1,1,2,1,2,3,0,0,0,1,0,0,394111259788555021318994,162475685653882081923716,231635574134672939395278,500883255047225881748417,0,0,0,0
5,5,12,0,2,5,3,0,2,0,0,2,0,1,2,0,0,0,0,3,0,173688915249190330368417,82053966049382716004589,91634949199807614363828,361903172936557982944066,0,0,0,0
8,4,3,0,8,6,2,0,0,2,0,0,2,0,2,0,0,0,2,3,0,33670081592426583870281,33670081592426583870281,0,395084775245854494820580,0,0,0,0
5,4,7,0,9,6,4,0,3,0,1,1,1,1,3,0,0,0,1,2,0,99216887764988329291867,94828231796596656094367,4388655968391673197500,460852786013176166611494,0,0,0,0
9,3,10,0,11,4,7,0,5,0,2,1,0,2,5,0,0,0,0,0,0,254554203036998678745597,189845564256204531499708,64708638780794147245889,663184400588554613303791,0,0,0,0
10,4,8,0,7,2,5,0,2,0,3,1,0,3,2,0,0,0,0,1,0,141226028461582638703057,141226028461582152010239,486692818,659893648022094758523281,0,0,0,0
11,6,4,0,5,2,2,0,0,2,0,0,2,0,2,0,0,0,3,0,0,35703365532430050209546,35703365532430050209546,0,762319136548951676905748,0,0,0,0
6,3,10,0,13,3,8,0,7,1,0,6,1,3,5,0,0,0,2,5,0,846177224818885617117998,414354324074074073979379,431822900744811543138619,395194628296251868015491,0,0,0,0
10,6,6,0,9,4,4,0,2,1,1,1,2,1,3,0,0,0,1,8,0,69812631121249207933580,69812631119361154956619,1888052976961,605179255119764807745292,0,0,0,0
5,7,7,0,11,5,1,0,1,0,0,1,0,0,1,0,0,0,3,0,0,239688357118902178853740,47528132999999999999995,192160224118902178853745,282968001348759723575053,0,0,0,0
8,5,12,0,8,7,4,1,3,0,1,2,0,3,1,1,1,0,1,5,0,247991077177171426426445,190872232905231019449239,57118844271940406977206,461940064846498221423106,0,0,0,0
5,8,6,0,12,6,4,0,1,0,3,1,0,3,1,0,0,0,1,8,0,138116870639745872113839,82619458667999999999999,55497411971745872113840,331346001000231345272618,0,0,0,0
7,7,8,0,6,4,5,0,2,1,2,1,1,3,2,0,0,0,1,5,0,178624662192608170746010,139395379264987654253610,39229282927620516492400,445918343530264608930020,0,0,0,0
5,6,5,0,13,7,2,0,1,0,1,0,0,1,1,0,0,0,3,3,0,68012726921166944202120,68012726921166944202118,2,505536405349972739258275,0,0,0,0
9,1,8,0,6,6,5,0,4,1,0,2,1,2,3,0,0,0,1,2,0,222601200202732826654708,149160999778157814407925,73440200424575012246783,527298779463533740706077,0,0,0,0
6,2,4,0,9,8,4,0,2,0,2,2,1,3,1,0,0,0,0,5,0,142111678502180412692844,70548937024000000000000,71562741478180412692844,300000000000150000100000,0,0,0,0
4,3,6,0,8,3,6,0,4,0,2,3,0,3,3,0,0,0,1,3,0,335872929707730447912116,298760697867000000828409,37112231840730447083707,300000000000156132231866,0,0,0,0
6,3,7,0,6,7,6,0,3,0,2,2,0,4,2,0,0,0,1,3,0,402813607530928023657980,183250969802698718374870,219562637728229305283110,364935252007291868017763,0,0,0,0
8,7,11,0,10,4,4,0,3,0,1,2,1,1,3,0,0,0,0,1,0,395762132013447445304625,89028214070197530850978,306733917943249914453647,499575165121959338555059,0,0,0,0
7,7,8,0,4,6,4,0,2,0,0,2,1,0,4,0,0,0,0,3,0,408338651839276287907590,239873344806998933321899,168465307032277354585691,423217158477073242820019,0,0,0,0
6,9,5,0,3,8,3,0,3,0,0,3,1,0,3,0,0,0,0,2,0,511595083046854512642635,97744347720997955398836,413850735325856557243799,399999000000150000001111,0,0,0,0
6,6,4,0,10,5,2,1,2,0,0,1,0,1,1,1,1,0,0,1,0,375947510133366018306722,50000000000000000000000,325947510133366018306722,475503034618674942323984,0,0,0,0
3,4,6,0,9,5,5,0,4,0,1,2,0,2,3,0,0,0,1,2,0,212674365791508388964138,178353947006682702112117,34320418784825686852021,313550016661424921976747,0,0,0,0
6,5,9,0,8,5,5,0,3,0,2,1,0,3,2,0,0,0,3,1,0,115447689359843109932443,98259609768123504356509,17188079591719605575934,592274756036798332449362,0,0,0,0
11,3,6,0,9,5,3,0,2,0,0,2,1,1,2,0,0,0,3,2,0,143670385518619053773468,111410237222004637273557,32260148296614416499911,328869334756781461910115,0,0,0,0
8,3,9,0,11,2,4,0,3,0,1,2,0,1,3,0,0,0,0,6,0,133609215552923923155040,93763410979999999999994,39845804572923923155046,499996012900898467591106,0,0,0,0
12,8,8,0,6,4,7,0,4,0,2,3,0,4,3,0,0,0,0,3,0,303099584048922844210893,176789035635481481453248,126310548413441362757645,504259059607067782299493,0,0,0,0
7,1,11,0,4,5,5,0,4,1,0,4,1,2,3,0,0,0,0,4,0,609368678687361573661184,277417505702392415589615,331951172984969158071569,326280953287524184937458,0,0,0,0
9,5,8,0,6,2,1,0,0,0,0,0,0,0,1,0,0,0,2,1,0,17635223765432098700000,17635223765432098700000,0,750707986488975956051807,0,0,0,0
3,8,14,0,10,7,3,0,2,0,0,2,0,0,3,0,0,0,0,2,0,456503459774397934611271,21264767475000000015492,435238692299397934595779,292362183336342600257334,0,0,0,0
13,6,5,0,5,4,6,0,3,1,2,0,1,2,4,0,0,0,1,0,0,75648558913837232441690,75648558913837232441686,4,1098884981992426821228985,0,0,0,0
4,5,5,0,7,5,8,0,7,1,0,5,2,2,6,0,0,0,0,5,0,285121124595510994388750,160805687289169847086132,124315437306341147302618,399999000000125800014714,0,0,0,0
6,1,5,0,10,6,2,1,2,0,0,0,0,0,2,1,1,0,1,2,0,151796585648148147899998,12609374999999999949995,139187210648148147950003,355372516969504579475129,0,0,0,0
10,6,9,0,6,5,1,0,1,0,0,1,0,1,0,0,0,0,3,1,0,41862819187334912411696,36591923971000000000000,5270895216334912411696,737108650192760954262368,0,0,0,0
8,0,9,0,10,5,4,0,1,1,1,1,2,1,3,0,0,0,0,2,0,79436865365236197343961,68199885968106171139099,11236979397130026204862,592532510992934975949170,0,0,0,0
7,7,9,0,2,6,10,0,6,0,3,5,0,6,4,0,0,0,1,5,0,452974393514967046528112,349254464503074074000612,103719929011892972527500,598109390170907169969329,0,0,0,0
6,3,11,0,9,3,6,0,6,0,0,5,1,3,3,0,0,0,0,1,0,286506283592089861693704,197255800710852024436446,89250482881237837257258,651961361304852697469700,0,0,0,0
8,3,4,0,11,4,5,0,3,0,2,2,0,3,2,0,0,0,1,3,0,115017274122571750304638,56964718201689891083399,58052555920881859221239,309433566065748356576675,0,0,0,0
7,1,7,0,9,4,4,0,2,0,2,1,0,3,1,0,0,0,1,3,0,229944267970096074654266,164385915554279051849997,65558352415817022804269,521684295977956119935256,0,0,0,0
8,3,9,0,8,6,5,0,5,0,0,5,1,3,2,0,0,0,1,2,0,895909232762936200200872,247896577897536663017728,648012654865399537183144,422750505594488310767958,0,0,0,0
10,3,7,0,9,6,4,0,3,0,1,2,0,2,2,0,0,0,0,5,0,419915566160819934452449,236531542699086419750018,183384023461733514702431,370055988720232186492782,0,0,0,0
6,8,9,0,6,1,7,0,6,0,1,4,0,3,4,0,0,0,0,1,0,726505434380213032884161,308147821058878204242492,418357613321334828641669,431622812277096125824480,0,0,0,0
8,0,10,0,6,6,5,0,4,0,0,3,2,1,4,0,0,0,0,2,0,315858335467251825138501,218019348154775303713730,97838987312476521424771,395714659316792512168853,0,0,0,0
13,6,4,0,9,5,1,0,1,0,0,0,0,0,1,0,0,0,1,4,0,55571679646151521472482,55571679646151521472481,1,655933770480689216872096,0,0,0,0
6,6,7,0,5,4,7,0,6,0,1,5,1,3,4,0,0,0,1,2,0,850532826431217647063796,271778523826762392023875,578754302604455255039921,437602626086983400996184,0,0,0,0
6,8,5,0,12,5,4,0,3,0,1,3,0,2,2,0,0,0,0,2,0,506941864697893644410435,300479061818270227109536,206462802879623417300899,305654073891229882445905,0,0,0,0
5,3,7,0,11,5,5,0,4,1,0,4,2,2,3,0,0,0,2,3,0,648516448821332389324928,175229107751802469099998,473287341069529920224930,317504564917603014451669,0,0,0,0
9,3,10,0,11,5,7,0,5,0,2,1,1,2,5,0,0,0,0,0,0,389798778882049052881476,223335523914332490821588,166463254967716562059888,594461199296914681634983,0,0,0,0
8,6,10,0,5,6,3,0,3,0,0,3,0,1,2,0,0,0,1,1,0,453643137639419315394213,249999000000000000000050,203644137639419315394163,399999000000165328355002,0,0,0,0
8,4,7,0,9,4,3,0,2,1,0,1,1,0,3,0,0,0,2,0,0,161204540065378340124353,92986002288940243874349,68218537776438096250004,393204356338626162927363,0,0,0,0
9,7,11,0,5,4,5,0,4,0,0,3,1,1,4,0,0,0,0,4,0,139736009895128483834372,108614150566722239464803,31121859328406244369569,354461203723564335619831,0,0,0,0
6,4,14,0,8,4,3,0,3,0,0,2,0,1,2,0,0,0,2,4,0,360082559166129189302589,210270986409316147938486,149811572756813041364103,536851560474346138385382,0,0,0,0
10,7,8,0,9,3,4,0,2,1,1,2,1,2,2,0,0,0,4,1,0,217637378786762670325193,204175812633767523911488,13461566152995146413705,792559296916919170691537,0,0,0,0
6,6,9,0,6,6,3,0,2,0,1,2,1,2,1,0,0,0,1,2,0,415974244920159204546169,211823652794000000000000,204150592126159204546169,387376577217417371915659,0,0,0,0
7,4,8,0,6,4,5,0,3,0,2,3,1,3,2,0,0,0,2,4,0,510086023888972334912732,304169330427000000828413,205916693461972334084319,300000000000150000000665,0,0,0,0
6,6,6,0,8,4,5,0,3,2,0,3,2,2,3,0,0,0,2,4,0,493316102541514295205270,375918805307140294209067,117397297234374000996203,480761594327391837924518,0,0,0,0
10,2,7,0,8,9,4,0,2,0,2,1,0,2,2,0,0,0,1,2,0,296952867189510741752018,149482265792500496173844,147470601397010245578174,582053300697234179167790,0,0,0,0
5,5,6,0,4,6,4,0,4,0,0,3,1,1,3,0,0,0,0,7,0,418360389900000567127395,146502150868566146916317,271858239031434420211078,328472092287316574945549,0,0,0,0
17,3,4,0,11,5,1,0,1,0,0,1,0,0,1,0,0,0,1,3,0,220054563443016503275165,49365791712343200586940,170688771730673302688225,816146359737366308038992,0,0,0,0
8,6,8,0,13,10,0,0,0,0,0,0,0,0,0,0,0,0,0,0,0,0,0,0,455809447366595477342020,0,0,0,0
6,2,6,0,6,6,3,0,1,2,0,0,2,0,3,0,0,0,2,7,0,49648386661532185234958,49648386661532185234957,1,348914093233478308000034,0,0,0,0
7,9,8,0,4,6,5,0,3,0,0,3,0,1,4,0,0,0,1,1,0,375656042028034807515193,185748379454064009413563,189907662573970798101630,423217158477073242820719,0,0,0,0
9,6,9,0,8,7,5,0,3,0,1,2,1,2,3,0,0,0,1,1,0,412575379351734427341065,186951277771578031146326,225624101580156396194739,478069581998790781256925,0,0,0,0
10,6,6,0,6,5,6,1,6,0,0,2,0,0,6,1,1,0,0,3,0,454331496121625191586830,183157803371334608205613,271173692750290583381217,450016503351450042057191,0,0,0,0
5,3,4,0,10,6,2,0,2,0,0,1,0,1,1,0,0,0,1,3,0,156656207805459646608045,44229737723215052199997,112426470082244594408048,483416398941822246986953,0,0,0,0
10,4,7,0,6,3,8,0,7,0,1,3,1,2,6,0,0,0,2,3,0,189562098013566864272479,141977912100746830480014,47584185912820033792465,409040482227677802595491,0,0,0,0
9,6,9,0,3,2,7,0,6,1,0,5,2,2,5,0,0,0,1,5,0,714046410864224875151037,339736427661548889612905,374309983202675985538132,427209375187293920672592,0,0,0,0
4,4,6,0,5,5,3,0,3,0,0,3,0,1,2,0,0,0,2,3,0,357369805977332928404547,168232666148029989678521,189137139829302938726026,402698293049092354234245,0,0,0,0
12,8,8,0,6,2,6,0,4,0,1,4,0,3,3,0,0,0,0,4,0,414586070670558118450020,131825343054197530799996,282760727616360587650024,548907736240992408963785,0,0,0,0
8,4,9,0,11,5,6,0,2,0,3,2,1,4,2,0,0,0,1,3,0,566262018989719050650649,396739122112582972638648,169522896877136078012001,411436483364109492994597,0,0,0,0
8,6,11,0,10,4,2,0,0,2,0,0,2,0,2,0,0,0,1,2,0,38136643654248246612999,38136643654248246612999,0,667360044840760882258928,0,0,0,0
4,5,8,0,8,4,5,0,5,0,0,3,1,1,4,0,0,0,0,6,0,487636061703308496932524,199999999999999999999994,287636061703308496932530,301285092341597317978712,0,0,0,0
5,6,9,0,11,4,3,0,3,0,0,2,1,1,2,0,0,0,1,1,0,294510457958552471951923,193855525395817739133264,100654932562734732818659,364922040952688546774849,0,0,0,0
5,3,7,0,6,5,4,1,3,0,0,2,2,2,2,1,1,0,1,5,0,410152307175964966395649,100000000000000000000000,310152307175964966395649,385942322531016030222854,0,0,0,0
8,3,9,0,7,4,1,0,0,0,0,0,1,0,1,0,0,0,0,3,0,19939236111111111050000,19939236111111111050000,0,517950504292162884096418,0,0,0,0
11,2,12,0,6,3,6,0,4,0,2,3,1,3,3,0,0,0,1,3,0,346275920407020504561257,153323343571439487201742,192952576835581017359515,493290363351755779205666,0,0,0,0
9,5,6,0,6,6,3,0,2,1,0,2,1,0,3,0,0,0,0,2,0,224138173252635931039550,125073582875355156192363,99064590377280774847187,562675381783813365460583,0,0,0,0
7,6,9,0,2,6,11,0,7,0,3,3,1,4,7,0,0,0,0,5,0,422465036517434920485909,396713871484039292947007,25751165033395627538902,499906557002503321039402,0,0,0,0
4,6,9,0,7,6,7,0,6,0,1,2,0,1,6,0,0,0,0,0,0,174775671721215111378354,139458010622735000458238,35317661098480110920116,294693287037187037051226,0,0,0,0
11,6,8,0,7,5,5,0,4,0,0,4,1,1,4,0,0,0,0,2,0,534877685433462893799291,246656417657132582506559,288221267776330311292732,355933101904569796117885,0,0,0,0
13,6,7,0,5,6,7,0,7,0,0,3,0,3,4,0,0,0,0,4,0,531643732230037832565650,312659142347926721879907,218984589882111110685743,572056446412171641530536,0,0,0,0
10,2,3,0,11,2,3,0,2,0,0,1,1,0,3,0,0,0,2,3,0,71478813791270579600000,64534143518518518449999,6944670272752061150001,977583785336194113827276,0,0,0,0
7,4,9,0,10,3,1,0,1,0,0,1,0,1,0,0,0,0,0,1,0,68735620601397666942182,50000000025000000000000,18735620576397666942182,729308064844493391044818,0,0,0,0
11,1,11,0,7,8,5,0,4,0,1,1,0,1,4,0,0,0,1,3,0,141077307092874661918536,133182615590902435885758,7894691501972226032778,452279413736835394446970,0,0,0,0
8,0,10,0,6,5,6,0,5,0,0,3,1,2,4,0,0,0,0,1,0,611283988154463144414440,312372662699718384569017,298911325454744759845423,486143204759152778591103,0,0,0,0
10,8,3,0,10,5,5,0,3,0,2,3,0,4,1,0,0,0,3,1,0,382984716377056502583417,238501062064228922531246,144483654312827580052171,563947990011050672805212,0,0,0,0
8,7,6,0,6,3,5,0,1,1,3,1,1,4,1,0,0,0,3,0,0,169160176746531250555365,157777647834769143700000,11382528911762106855365,693425799701306204395498,0,0,0,0
10,4,6,0,8,6,7,1,4,1,1,3,2,2,5,1,1,0,0,5,0,543584981542810194818403,116618923808519092474088,426966057734291102344315,347246334876719971672785,0,0,0,0
10,8,9,0,11,5,4,0,2,0,1,1,1,1,3,0,0,0,0,0,0,129766289444365068512996,115866660859584778695341,13899628584780289817655,421005381619567160703186,0,0,0,0
8,2,4,0,5,7,3,0,2,0,0,1,0,1,2,0,0,0,1,0,0,409291443317723166759275,172688429764871255299999,236603013552851911459276,432916506613785760111575,0,0,0,0
9,4,11,0,11,4,2,0,2,0,0,2,0,1,1,0,0,0,1,3,0,201036343390206147015688,99999999999999999999999,101036343390206147015689,537629240681615773782751,0,0,0,0
4,6,5,0,14,2,8,1,5,1,2,4,2,3,5,1,1,0,0,2,0,606521067943077517612848,172346810984193055014687,434174256958884462598161,250000000000133998583938,0,0,0,0
8,6,9,0,5,5,2,1,2,0,0,1,0,1,1,1,1,0,1,3,0,181531619038849799878870,98958055794000000000000,82573563244849799878870,380913409187164012609274,0,0,0,0
9,6,11,0,5,4,7,0,6,0,0,3,0,1,6,0,0,0,0,2,0,228334273522314820653432,207732277518603608099668,20601996003711212553764,324444578545359862104185,0,0,0,0
7,4,7,0,9,4,5,0,2,1,2,1,1,2,3,0,0,0,0,1,0,91696348917365500411155,66740047419533262411153,24956301497832238000002,356894031846132420572285,0,0,0,0
7,5,4,0,13,3,8,0,6,0,1,4,0,1,7,0,0,0,0,1,0,432076100008854995228838,300693627698916722666876,131382472309938272561962,559417225642848443823717,0,0,0,0
10,3,7,0,7,5,5,0,5,0,0,1,0,1,4,0,0,0,0,3,0,207293922414229016246358,175258001183487273766391,32035921230741742479967,449353530087415515562860,0,0,0,0
8,5,10,0,7,5,3,0,2,0,1,1,0,1,2,0,0,0,2,1,0,201394964937307180530495,189686393038000000060618,11708571899307180469877,602246000000327014544879,0,0,0,0
9,3,12,0,14,8,6,0,2,2,2,2,2,3,3,0,0,0,1,1,0,377676737222179022384952,234352472182429350113666,143324265039749672271286,528053525203798165341483,0,0,0,0
13,4,6,0,5,2,10,0,5,2,2,4,2,3,7,0,0,0,0,1,0,751825276554710787553967,551911603878048334364017,199913672676662453189950,716263684482366546179233,0,0,0,0
5,5,6,0,4,7,2,0,2,0,0,2,1,1,1,0,0,0,0,9,0,148328585147073334908857,50173367987145488255695,98155217159927846653162,414619961262024084066878,0,0,0,0
7,5,10,0,5,4,3,0,3,0,0,3,1,2,1,0,0,0,0,3,0,328155618279500804348811,197342164592000000000000,130813453687500804348811,426669534550010892455811,0,0,0,0
11,7,11,0,6,5,6,0,4,0,2,3,0,4,2,0,0,0,2,2,0,526388153814904063978645,226448136208753085099998,299940017606150978878647,636781875197130274445758,0,0,0,0
14,6,13,0,8,7,7,0,2,4,0,1,4,1,6,0,0,0,1,3,0,528348406672095086071432,257215191804535388895716,271133214867559697175716,859660047047498316609374,0,0,0,0
9,6,8,0,4,6,4,0,3,0,1,3,0,3,1,0,0,0,1,1,0,280205395767343073763604,119902561399354693067822,160302834367988380695782,349999000000137296296314,0,0,0,0
7,4,8,0,10,4,2,0,2,0,0,1,0,0,2,0,0,0,0,8,0,45911576795462386561796,2830925925925925887997,43080650869536460673799,537993000467197154818468,0,0,0,0
6,1,6,0,9,4,6,0,4,1,0,3,1,2,4,0,0,2,0,4,0,864041657199075319346859,258216208356549132018480,605825448842526187328379,399999000000150000000024,0,0,2,0
10,4,7,0,6,4,9,0,7,0,2,5,0,6,3,0,0,0,1,3,0,345045384657592471390194,203526168874238444775827,141519215783354026614367,635287537434134902432722,0,0,0,0
14,6,9,0,9,3,6,0,4,1,1,3,1,2,4,0,0,0,0,3,0,442714783115723189561370,276611918422359917937255,166102864693363271624115,318424394348026277130873,0,0,0,0
4,3,10,0,5,6,7,0,3,1,2,3,2,4,3,0,0,0,0,0,0,303014314330478739154134,156100646761341854009781,146913667569136885144353,370075534596762852505043,0,0,0,0
9,10,11,0,6,5,4,0,2,1,1,0,1,1,3,0,0,0,1,1,0,39064591849304790548358,39064591849304790548355,3,613977831656362969431025,0,0,0,0
9,1,7,0,5,10,3,0,3,0,0,2,0,0,3,0,0,0,0,1,0,267220309656110303180871,123391869928923294292586,143828439727187008888285,344011567109917381434272,0,0,0,0
6,4,4,0,6,5,6,0,4,0,1,2,1,1,5,0,0,0,5,5,0,317261945763821886995335,139576106831615836362487,177685838932206050632848,294241532421758428735115,0,0,0,0
10,5,10,0,5,4,6,0,3,0,3,3,1,3,3,0,0,0,3,3,0,370865324810020336884608,168308051036034320621778,202557273773986016262830,405662233767835947297069,0,0,0,0
5,6,9,0,11,4,3,0,3,0,0,3,1,1,2,0,0,0,1,1,0,272070473328498288756647,105117616372973367614094,166952856955524921142553,375969472975709426463107,0,0,0,0
10,2,6,0,5,7,5,0,5,0,0,4,1,1,4,0,0,1,2,0,0,801771144394297468047019,385471663289972594779446,416299481104324873267573,487838280161168111594446,0,0,1,0
10,5,10,0,5,4,6,0,3,0,3,3,1,3,3,0,0,0,3,3,0,370865324810020336884608,168308051036034320621778,202557273773986016262830,405662233767835947297069,0,0,0,0
8,4,12,0,7,5,5,0,3,0,2,3,1,4,1,0,0,0,0,1,0,366723805461301228467103,150000000000000000022627,216723805461301228444476,454157461621779279151045,0,0,0,0
8,2,6,0,6,5,5,0,4,0,1,1,1,1,4,0,0,0,0,8,0,232604037939508873387347,222023308772842206837343,10580729166666666550004,549163449466240459709249,0,0,0,0
11,8,8,0,7,5,3,0,2,0,0,2,0,1,2,0,0,0,2,2,0,395082543807023993493264,181938105569132582506562,213144438237891410986702,440802176528494970893430,0,0,0,0
8,3,11,0,3,4,6,1,4,1,0,2,1,1,5,1,1,0,1,6,0,327028836824350617039377,177554187556986951879449,149474649267363665159928,801883789924210589256727,0,0,0,0
7,4,12,0,8,6,4,0,3,0,1,2,0,3,1,0,0,0,0,2,0,318854199943019084460501,270061770798543209799999,48792429144475874660502,329243341762249102125584,0,0,0,0
12,4,11,0,12,4,5,0,3,0,1,1,0,2,3,0,0,0,0,3,0,59792860008767568573929,59792857226742185432954,2782025383140975,698971307153862936655706,0,0,0,0
6,3,9,0,11,3,9,0,6,0,2,6,1,6,3,0,0,0,0,1,0,627565669663795827674058,297446292660394404650000,330119377003401423024058,389261964740962560812545,0,0,0,0
10,4,6,0,8,4,9,0,7,0,1,7,2,4,5,0,0,0,0,3,0,882351054122160224040037,222667589177024691456913,659683464945135532583124,333766653360821713267391,0,0,0,0
8,6,8,0,4,7,5,0,2,2,0,2,3,2,3,0,0,0,1,0,0,187252411459871666662937,84235502904055948016700,103016908555815718646237,621976444109616160315457,0,0,0,0
10,5,7,0,5,5,3,0,2,0,0,2,1,0,3,0,0,0,0,1,0,212247399439258838959661,145732414690258528779186,66514984749000310180475,545195354249942707466642,0,0,0,0
7,10,7,0,12,3,3,0,3,0,0,2,0,2,1,0,0,0,2,2,0,238731718493423674153527,123471412133194231499999,115260306360229442653528,487967806852178104894271,0,0,0,0
7,4,7,0,9,4,5,0,3,1,1,3,2,1,4,0,0,0,0,1,0,343939750110302049467676,125089117613830897801791,218850632496471151665885,376468779530216734299111,0,0,0,0
4,6,10,0,12,3,3,0,3,0,0,3,0,1,2,0,0,0,0,4,0,357077145473129545087739,173906510152000000002611,183170635321129545085128,354318629088507852558439,0,0,0,0
6,8,6,0,10,6,2,0,1,0,1,1,0,1,1,0,0,0,2,2,0,76346570488985440471558,74862331018579479199017,1484239470405961272541,359611258746561276691271,0,0,0,0
8,4,12,0,7,5,6,0,3,0,2,3,1,4,2,0,0,0,4,4,0,173993028522014995064472,110089239341000000000511,63903789181014995063961,399999000005150000000000,0,0,0,0
11,7,11,0,6,5,5,0,3,0,2,2,0,3,2,0,0,0,3,2,0,539843899431628620717437,220046667051259257949996,319797232380369362767441,710959961837600864538357,0,0,0,0
10,3,12,0,11,4,3,0,3,0,0,1,0,1,2,0,0,0,2,2,0,138203342400937665201413,129981697750810432516913,8221644650127232684500,524292528499627658315761,0,0,0,0
7,5,7,0,5,7,3,0,2,1,0,2,1,1,2,0,0,0,2,2,0,280478380843337288373662,136113607613015938799999,144364773230321349573663,399999000000150000028487,0,0,0,0
8,6,10,0,7,3,6,0,3,0,3,2,0,4,2,0,0,0,1,0,0,531335504722832445642796,305321847782018518486887,226013656940813927155909,385207844433294358162025,0,0,0,0
9,5,5,0,8,5,4,0,3,1,0,1,1,0,4,0,0,0,1,4,0,188920743547593335284390,155445772866230969684384,33474970681362365600006,593013726009494266133304,0,0,0,0
9,7,11,0,6,5,5,0,4,0,1,2,1,1,4,0,0,0,1,0,0,198322279296681398090725,143357445536316016404648,54964833760365381686077,509318228082012272831752,0,0,0,0
5,4,6,0,6,7,2,0,1,0,0,1,1,0,2,0,0,0,0,4,0,147805019141609043256745,21032130728395081838181,126772888413213961418564,329152088733629795619977,0,0,0,0
7,7,7,0,5,5,3,0,2,1,0,2,1,2,1,0,0,0,1,1,0,297146204100138411771056,130180241090609134212989,166965963009529277558067,435012659554668165488086,0,0,0,0
8,7,11,0,5,6,2,0,1,0,1,1,0,1,1,0,0,0,1,2,0,110210087973447218408010,61175704644999999999999,49034383328447218408011,470106630890568102196768,0,0,0,0
8,7,12,0,7,5,4,0,2,0,2,2,0,4,0,0,0,0,1,1,0,205618112642967681216675,95000012460000000000000,110618100182967681216675,556093784362277951826588,0,0,0,0
6,3,8,0,10,6,4,0,3,0,1,3,1,2,2,0,0,0,0,2,0,420765192926478722285454,219122088253100060294342,201643104673378661991112,381788524524015591142061,0,0,0,0
12,3,7,0,6,8,5,0,2,0,3,1,0,4,1,0,0,0,3,3,0,234521266638989614529034,105904794608296296249999,128616472030693318279035,761239970748496529118392,0,0,0,0
5,3,9,0,10,4,4,0,4,0,0,4,0,2,2,0,0,0,0,4,0,504579776727672042306323,200000006383999999999996,304579770343672042306327,300000000000230598586547,0,0,0,0
12,4,11,0,12,4,6,0,5,0,1,3,0,2,4,0,0,0,0,2,0,287904727809330785981195,138327859566488867104954,149576868242841918876241,617158113962923728736454,0,0,0,0
9,3,5,0,8,7,5,0,3,0,2,2,0,2,3,0,0,0,0,1,0,86127448279579393014330,82132181343784711699996,3995266935794681314334,449998000000153883353386,0,0,0,0
10,6,8,0,5,6,2,1,2,0,0,1,1,0,2,1,1,0,0,6,0,110140914621091184016905,50000000000000000000000,60140914621091184016905,383694200218467891946953,0,0,0,0
10,4,7,0,10,8,4,0,4,0,0,0,0,0,4,0,0,0,0,6,0,327701705359516142377453,327701705359516142377449,4,649996000821005117918500,0,0,0,0
6,7,6,0,11,3,7,1,3,0,3,2,1,4,3,1,1,0,1,2,0,411674169142959095733832,176053941853972789619653,235620227288986306114179,358045088798649995607905,0,0,0,0
10,6,7,0,5,5,3,0,2,0,0,1,0,0,3,0,0,0,0,1,0,71381096152312088229878,61270949547373816779875,10110146604938271450003,607213199959390676666491,0,0,0,0
7,5,6,0,6,5,5,0,3,1,1,3,3,2,3,0,0,0,0,4,0,346079164890738070855957,138186564588908912541602,207892600301829158314355,399883866246661572253079,0,0,0,0
6,3,3,0,7,5,9,0,3,3,3,3,3,4,5,0,0,0,0,4,0,827518467094804750781018,260107913615959925645727,567410553478844825135291,584708523431900975877842,0,0,0,0
7,2,8,0,9,5,5,0,4,1,0,4,2,2,3,0,0,0,0,3,0,678448986066814561635923,496537767056031149334951,181911219010783412300972,555165201865457478156243,0,0,0,0
6,7,6,0,10,7,2,0,1,0,1,1,0,1,1,0,0,0,1,3,0,74913642582726730492247,74862331018579479199019,51311564147251293228,359514028746561373545246,0,0,0,0
3,4,10,0,14,5,7,0,6,1,0,6,2,2,5,0,0,0,0,1,0,1085387481175943920936682,464690401026029500798192,620697080149914420138490,300000000000184905571883,0,0,0,0
9,4,10,0,8,2,4,0,2,1,1,2,1,2,2,0,0,0,1,3,0,244166162920000687090550,149130124400489240799998,95036038519511446290552,689043206797159751692429,0,0,0,0
12,10,5,0,6,5,1,0,1,0,0,0,0,0,1,0,0,0,1,3,0,26635052758075339661690,26635052758075339661688,2,604929374172008681907646,0,0,0,0
8,5,10,0,7,4,4,0,3,0,1,3,0,4,0,0,0,0,1,2,0,331699296908913643560406,246041802978000000000000,85657493930913643560406,421179051658382667272704,0,0,0,0
8,5,7,0,8,7,3,0,3,0,0,1,0,1,2,0,0,0,0,2,0,273955925518188109084791,207427678120706392169557,66528247397481716915234,375669000000150000006095,0,0,0,0
6,4,7,0,7,6,3,0,3,0,0,2,0,1,2,0,0,0,2,4,0,152608538724641185779219,90016010804939562632176,62592527919701623147043,310076931299686828937477,0,0,0,0
14,3,8,0,10,8,3,0,2,1,0,1,1,1,2,0,0,0,0,1,0,413707054257314288233457,168265613709943320414305,245441440547370967819152,743592197418309774036274,0,0,0,0
7,5,7,0,5,6,2,0,1,1,0,1,1,1,1,0,0,0,0,3,0,199492211841182776948500,80315248337609134212989,119176963503573642735511,546848975489374333853936,0,0,0,0
3,3,11,0,5,6,7,0,5,0,1,5,0,3,4,0,0,0,0,3,0,289332930661357941907833,205310279662030053873097,84022650999327888034736,376356842722306168141266,0,0,0,0
6,4,7,0,9,6,5,0,4,0,1,2,0,2,3,0,0,0,0,4,0,267544844820680074644869,201083257906184482744286,66461586914495591900583,638713045347706337010393,0,0,0,0
12,9,8,0,6,5,9,0,5,0,1,2,0,2,7,0,0,0,0,0,0,354010761971859827878961,298673835811545858211971,55336926160313969666990,670180139385892546681891,0,0,0,0
12,4,7,0,6,8,4,0,2,0,2,1,0,3,1,0,0,0,1,6,0,197351807417559015589965,86756185046555555499999,110595622371003460089966,724095694444583267650303,0,0,0,0
9,4,7,0,5,6,6,0,2,0,2,1,1,2,4,0,0,0,0,3,0,94848342795755129590741,71403080154647793206936,23445262641107336383805,346619236084670453965983,0,0,0,0
6,3,6,0,11,4,8,0,6,0,2,4,2,3,5,0,0,0,0,4,0,585957956286895610321326,335736106803957038108841,250221849482938572212485,367729662253450369646994,0,0,0,0
6,10,7,0,3,6,6,0,6,0,0,3,1,2,4,0,0,0,0,5,0,537225009084640877566506,279004438325360441412533,258220570759280436153973,418173349903433963890299,0,0,0,0
8,4,4,0,8,4,7,0,6,1,0,5,2,3,4,0,0,0,1,3,0,834263777961164273640499,284614534806551167697322,549649243154613105943177,399999000000153675710849,0,0,0,0
10,4,7,0,10,8,6,0,6,0,0,2,1,0,6,0,0,0,0,4,0,723439658370437107853595,380169006504988563450068,343270651865448544403527,585064038662267622492192,0,0,0,0
6,2,14,0,5,3,3,0,3,0,0,2,1,1,2,0,0,0,1,3,0,297982913688463522529746,163373574133014355173451,134609339555449167356295,474615845875805131505846,0,0,0,0
9,6,11,0,8,3,5,0,3,0,2,1,0,2,3,0,0,0,1,2,0,223676122818864514074224,160036241715401777589094,63639881103462736485130,467688393518841576868475,0,0,0,0
6,8,6,0,6,6,3,0,2,0,1,2,0,1,2,0,0,0,0,4,0,435935809675947384500000,113853973765999999999997,322081835909947384500003,475827860497571205612122,0,0,0,0
6,4,3,0,7,4,9,0,5,1,3,4,1,5,4,0,0,0,1,3,0,845446948478218904858061,299850793627690663903557,545596154850528240954504,572035121159409860022523,0,0,0,0
10,9,5,0,8,3,6,2,5,0,1,3,0,2,4,2,2,0,1,4,0,584479177092338679830912,185043723924999999999989,399435453167338679830923,401533000000159999004270,0,0,0,0
6,3,7,0,8,6,6,0,3,0,2,1,0,3,3,0,0,0,0,1,0,298702768871968951235665,171748999118917919119290,126953769753051032116375,381357131590492517623270,0,0,0,0
7,6,10,0,11,8,4,0,2,0,1,2,1,2,2,0,0,0,0,4,0,473326986186354282845457,191837422478284291743241,281489563708069991102216,350000000000153209203300,0,0,0,0
9,4,10,0,8,2,6,0,4,1,1,3,1,3,3,0,0,0,2,0,0,637624814080877109044106,362240481601002592340205,275384332479874516703901,750122568325826065945173,0,0,0,0
6,7,10,0,8,7,5,0,3,0,2,0,0,2,3,0,0,0,0,0,0,144997915043279223715828,144997915043279223715823,5,580711557341538477906267,0,0,0,0
6,1,9,0,7,7,3,0,2,0,1,2,1,2,1,0,0,0,0,6,0,241820471888895048581477,138225542414746402053782,103594929474148646527695,414468908447764823678764,0,0,0,0
8,1,6,0,14,1,3,0,2,0,1,2,0,1,2,0,0,0,0,3,0,141113871783160493550000,100000252955999999999996,41113618827160493550004,706479226260976023763086,0,0,0,0
9,5,7,0,9,3,3,0,1,0,2,1,0,2,1,0,0,0,2,3,0,148833436057652263097350,136912158894124579973488,11921277163527683123862,613884039873047120442342,0,0,0,0
14,5,8,0,10,7,2,0,1,0,0,1,0,1,1,0,0,0,0,2,0,404483771615466625068895,161131375836098765400000,243352395779367859668895,973522681986211011219566,0,0,0,0
6,4,10,0,7,6,4,0,1,0,0,0,3,0,4,0,0,0,4,2,0,69874366471678758069683,69874366471678758069682,1,388816129623719339921708,0,0,0,0
5,4,7,0,12,6,4,0,3,0,0,3,0,2,2,0,0,0,1,4,0,234434824172741668482769,104669389623950617249998,129765434548791051232771,455076180646099698592406,0,0,0,0
5,6,8,0,6,6,5,0,1,0,4,1,0,5,0,0,0,0,0,4,0,504236841433096340255810,413167080977000000000000,91069760456096340255810,300000000000150000000014,0,0,0,0
12,10,8,0,6,5,9,0,4,0,3,1,0,3,6,0,0,0,0,0,0,342980478681112429913380,292979071516504813621435,50001407164607616291945,678652044335552058553210,0,0,0,0
14,9,5,0,7,6,4,0,4,0,0,2,1,1,3,0,0,0,0,2,0,361326345413669014680330,172457176723149070815169,188869168690519943865161,706234127637236969603783,0,0,0,0
4,6,8,0,8,3,5,0,3,0,2,3,1,3,2,0,0,0,0,2,0,435672973347668979093988,215828052734874264824207,219844920612794714269781,300000000000150000008041,0,0,0,0
8,3,6,0,9,8,2,0,1,1,0,1,2,0,2,0,0,0,0,3,0,78621627530310567839277,58064079059829940739277,20557548470480627100000,414285301298634384368483,0,0,0,0
7,4,8,0,5,7,4,0,4,0,0,4,2,2,2,0,0,0,0,5,0,628801418898472013823123,110637396813154137008471,518164022085317876814652,323825069888764167569873,0,0,0,0
6,7,7,0,3,6,8,0,7,0,1,4,1,3,5,0,0,0,0,3,0,887192417724880645119996,331320640081626310105745,555871777643254335014251,387984359581533109972111,0,0,0,0
3,2,8,0,7,9,3,0,1,1,1,1,1,1,2,0,0,0,1,3,0,212179958545843478890205,129449528808182467893771,82730429737661010996434,352440559881836061327568,0,0,0,0
7,4,10,0,8,6,5,0,4,0,1,3,0,4,1,0,0,0,2,3,0,541255219389501358439854,152794362358402593568288,388460857031098764871566,472657492264296690687835,0,0,0,0
12,9,9,0,8,4,5,0,2,2,1,0,2,1,4,0,0,0,0,1,0,156172614966016297241970,156172614966016297241967,3,514648176440208541640859,0,0,0,0
6,8,6,0,6,8,4,0,3,0,1,3,1,2,2,0,0,0,0,3,0,440001327626934395345946,250298683641000000024445,189702643985934395321501,442818000000134117466310,0,0,0,0
7,5,8,0,7,3,4,0,4,0,0,4,1,1,3,0,0,0,2,2,0,771213645162045830955948,237696863178330621647926,533516781983715209308022,250001000000150000842569,0,0,0,0
11,6,8,0,7,4,7,0,5,0,0,4,1,1,6,0,0,0,0,3,0,524086687064498942424588,376643485483442814231889,147443201581056128192699,295605359147175813737373,0,0,0,0
8,6,5,0,8,5,4,0,3,0,1,2,1,1,3,0,0,0,2,2,0,185450261304714072614812,155879896253860545527167,29570365050853527087645,370677808444973252852948,0,0,0,0
7,7,10,0,11,7,5,0,4,0,0,4,2,1,4,0,0,0,1,2,0,651013648651032003360118,204315073972841951413051,446698574678190051947067,350000000000153209203300,0,0,0,0
4,4,9,0,4,5,4,0,3,0,1,3,1,1,3,0,0,0,1,4,0,624432010487973400850000,203757963377999999999998,420674047109973400850002,300000000000134624477399,0,0,0,0
6,3,9,0,12,1,4,0,3,0,0,3,1,2,2,0,0,0,2,2,0,236946685647182052343427,162505979938271604899998,74440705708910447443429,407157818101660391334345,0,0,0,0
11,5,9,0,6,5,3,1,2,0,1,1,0,1,2,1,1,0,0,2,0,505628917944663352378651,288014774074352484067644,217614143870310868311007,550135436351413970163649,0,0,0,0
8,1,6,0,14,2,4,0,3,0,1,2,0,2,2,0,0,0,0,2,0,487123150656426903043026,421380562923369405080624,65742587733057497962402,550958673124763384787283,0,0,0,0
9,6,16,0,4,6,1,0,0,0,0,0,1,0,1,0,0,0,0,2,0,17311415203718204100000,17311415203718204100000,0,706205049449347269387920,0,0,0,0
11,5,9,0,5,4,4,0,1,1,2,1,1,2,2,0,0,0,0,0,0,244822318486232932192412,176301830026968891384564,68520488459264040807848,540448749592697840918367,0,0,0,0
6,6,3,0,14,5,2,0,2,0,0,2,0,1,1,0,0,0,1,2,0,628892075542682225201553,136472127671999999999996,492419947870682225201557,515679109549414466505294,0,0,0,0
5,6,7,0,12,6,5,0,4,0,0,2,0,1,4,0,0,0,0,4,0,244612252967363334046416,116838669346110028232805,127773583621253305813611,371680633213625269084797,0,0,0,0
12,3,12,0,8,5,6,0,3,1,2,2,1,3,3,0,0,0,0,2,0,617966571959120034903148,376976193907700123000083,240990378051419911903065,472437748766614106141335,0,0,0,0
14,3,10,0,5,7,5,0,2,1,2,1,1,3,2,0,0,0,1,2,0,436054030159550912272839,422507650729953372272689,13546379429597540000150,1177629338776947756646277,0,0,0,0
7,7,8,0,10,4,4,0,2,0,2,2,0,3,1,0,0,0,0,4,0,168888155536154436529392,125284837866198494777133,43603317669955941752259,547919544291722401087279,0,0,0,0
11,3,12,0,7,8,2,0,1,0,1,0,0,1,1,0,0,0,1,1,0,95138699529740515130478,95138699529740515130477,1,545534065125346829090381,0,0,0,0
4,7,8,0,8,5,5,0,2,0,2,2,2,2,3,0,0,0,0,2,0,383844119209260868507478,214155553898317165989214,169688565310943702518264,300000000000150000007787,0,0,0,0
7,7,5,0,10,5,4,0,3,0,1,3,0,2,2,0,0,0,0,6,0,211879287387576098030396,79767183885999999999997,132112103501576098030399,428523967641097960048230,0,0,0,0
9,3,9,0,8,2,7,0,7,0,0,5,0,2,5,0,0,0,2,4,0,535829907207891036980982,315831365385937153155378,219998541821953883825604,483063071440061482850349,0,0,0,0
10,6,7,0,7,7,3,0,2,0,0,2,1,1,2,0,0,0,2,0,0,241055794158348925398099,110199124946681100697437,130856669211667824700662,421499533749319338616791,0,0,0,0
3,0,8,0,7,8,2,0,0,1,1,0,1,1,1,0,0,0,1,4,0,69786761445271604850000,69786761445271604850000,0,352440559881836061327568,0,0,0,0
5,7,7,0,11,4,4,0,4,0,0,4,1,1,3,0,0,0,0,0,0,1023124579873684117075105,172389669554943799137425,850734910318740317937680,451728428801433968764931,0,0,0,0
10,3,8,0,7,4,6,0,6,0,0,2,0,1,5,0,0,0,2,3,0,260282032948377826935161,241727265079537333556737,18554767868840493378424,435481139228593100258897,0,0,0,0
8,5,7,0,5,5,1,0,1,0,0,1,0,0,1,0,0,0,2,1,0,123876969324026374632193,48462888316343342644020,75414081007683031988173,553468317585274374887543,0,0,0,0
7,6,8,0,7,3,4,0,4,0,0,3,1,1,3,0,0,0,2,2,0,595253878663011821954585,224461098218014722617429,370792780444997099337156,250001000000150000843067,0,0,0,0
4,2,9,0,10,8,2,0,1,0,0,0,0,0,2,0,0,0,1,4,0,33168981481481481414160,33168981481481481414158,2,289776041666816666700000,0,0,0,0
13,3,10,0,7,6,5,0,2,0,2,1,0,2,3,0,0,0,3,2,0,154721491403977157637875,145894364887155972049997,8827126516821185587878,622501927180965914366651,0,0,0,0
13,6,4,0,7,2,4,1,2,1,1,0,1,1,3,1,1,0,2,1,0,360134524361690198556923,155561222377704977962323,204573301983985220594600,632231494323883252136453,0,0,0,0
6,4,10,0,12,2,5,0,4,0,0,4,1,2,3,0,0,0,0,3,0,381961751377948292532479,219105784661672733075739,162855966716275559456740,303444533285666670542975,0,0,0,0
6,4,8,0,7,4,6,0,4,1,1,3,1,3,3,0,0,0,0,0,0,548675011121140482787791,166741932721009090994323,381933078400131391793468,280390853867417837991836,0,0,0,0
7,4,8,0,8,3,3,0,3,0,0,2,0,0,3,0,0,0,1,2,0,169097570419075475754609,136315345535845715846124,32782224883229759908485,499530804705789060493770,0,0,0,0
10,7,13,0,2,3,7,0,5,1,1,4,1,1,6,0,0,0,1,5,0,316114810844767362197072,231784738643156666473694,84330072201610695723378,399999000000150000000064,0,0,0,0
10,2,8,0,5,5,3,0,1,0,2,0,0,2,1,0,0,0,4,4,0,142824517404893553287781,142824517404893553287780,1,660559197678187745527588,0,0,0,0
11,5,9,0,5,4,3,0,2,0,0,0,1,0,3,0,0,0,0,1,0,59487680556071546671180,59487680556071546671177,3,541609848157535414837194,0,0,0,0
9,3,6,0,8,6,4,0,3,1,0,2,1,2,2,0,0,0,0,4,0,389035351386173958599773,227569847443812296476114,161465503942361662123659,466620083192033172855577,0,0,0,0
4,5,6,0,7,8,3,0,2,0,0,2,0,1,2,0,0,0,2,2,0,296197227599792446839532,56297067901234567850016,239900159698557878989516,333214189301226269877150,0,0,0,0
10,3,5,0,5,5,4,0,2,1,0,2,2,1,3,0,0,0,3,3,0,312748420374181879700191,134654075349498589197327,178094345024683290502864,676541287578623808264242,0,0,0,0
14,3,10,0,5,7,5,0,2,0,3,1,0,4,1,0,0,0,2,1,0,368896449409974579606804,324367734309470662611748,44528715100503916995056,1115045003364058581204120,0,0,0,0
6,4,6,0,10,7,3,0,3,0,0,2,1,0,3,0,0,0,0,8,0,264307677469132640530391,116644600946804405415659,147663076522328235114732,221970196759409259300000,0,0,0,0
10,2,7,0,5,10,2,0,1,0,1,0,0,1,1,0,0,0,3,2,0,101365098612925925799996,101365098612925925799994,2,566963917582192050093589,0,0,0,0
4,8,8,0,11,5,4,0,3,0,0,2,1,2,2,0,0,0,1,7,0,249561136483183713254111,163148903755093458949999,86412232728090254304112,247241777938975677440798,0,0,0,0
9,3,9,0,8,2,6,1,5,0,1,2,0,2,4,1,1,0,1,6,0,277956656348750597542763,186992564329288412581054,90964092019462184961709,633062071440063306728437,0,0,0,0
13,5,12,0,5,4,3,0,2,0,0,2,1,1,2,0,0,0,4,2,0,205215493455997234757128,132991889601817669640398,72223603854179565116730,685557243278527222638191,0,0,0,0
8,4,4,0,4,5,5,0,2,1,2,2,1,2,3,0,0,0,1,3,0,402963330413534966150000,192060234383481481399994,210903096030053484750006,300000000000242894809791,0,0,0,0
8,2,9,0,6,4,4,0,3,1,0,3,1,1,3,0,0,0,1,3,0,484008493664922792587561,177989402035049382650005,306019091629873409937556,499998000000150000036016,0,0,0,0
6,7,3,0,16,8,2,0,1,0,0,1,1,0,2,0,0,0,0,1,0,229104063140001230600000,76057291666666666600000,153046771473334564000000,322123545098619319960406,0,0,0,0
10,3,8,0,7,4,5,0,5,0,0,1,0,1,4,0,0,0,2,4,0,194268104511860980506541,193078096795811597852733,1190007716049382653808,428036578688847776565030,0,0,0,0
7,4,9,0,12,4,4,0,2,1,1,2,2,2,2,0,0,0,0,1,0,160082465927471232485333,59885063633000000002831,100197402294471232482502,643349113806835372637411,0,0,0,0
10,9,5,0,9,1,3,0,3,0,0,3,0,3,0,0,0,0,2,1,0,513677636062815531497803,149716810600000000000000,363960825462815531497803,558913137822221979098474,0,0,0,0
6,6,6,0,10,5,4,0,2,1,1,2,1,3,1,0,0,0,1,2,0,357387378732772077913177,220207765299072657365596,137179613433699420547581,295203896499483261409040,0,0,0,0
13,7,4,0,7,3,3,0,3,0,0,2,0,1,2,0,0,0,2,2,0,378588568903898940115156,337587439246686321063662,41001129657212619051494,617535494323983253113411,0,0,0,0
8,3,9,0,8,4,7,0,4,1,1,3,3,1,6,0,0,0,0,5,0,411365430011593003127546,231262003805422076727323,180103426206170926400223,396072213561535944020260,0,0,0,0
6,4,4,0,10,4,4,0,2,0,2,1,0,3,1,0,0,0,1,3,0,208605513451698504961943,81334662779031309939592,127270850672667195022351,512748393917364194518704,0,0,0,0
7,3,2,0,5,5,5,0,1,0,3,1,1,3,2,0,0,0,1,5,0,293339758061938271350000,174879399265641975299997,118460358796296296050003,322169849376127572531760,0,0,0,0
10,5,13,0,2,5,5,0,4,0,1,3,0,1,4,0,0,0,1,7,0,426261188271222221147932,325997380755852457736307,100263807515369763411625,399999000000150000000064,0,0,0,0
14,4,3,0,12,3,2,0,2,0,0,2,0,2,0,0,0,0,0,2,0,534125864022424016263303,328759435905000000000000,205366428117424016263303,898563480810014344241256,0,0,0,0
10,6,6,0,9,6,2,0,2,0,0,2,1,0,2,0,0,0,0,2,0,169069645159720035268657,64514320219147097604094,104555324940572937664563,529315586777178172130523,0,0,0,0
7,6,10,0,5,4,6,0,5,0,1,4,1,3,3,0,0,0,0,3,0,284378007567742669091536,80472503113161055473158,203905504454581613618378,501170524380050383366786,0,0,0,0
7,2,8,0,6,7,2,0,2,0,0,2,1,0,2,0,0,0,1,5,0,243303640824379064889893,100000623440957200098320,143303017383421864791573,490910724175384994837455,0,0,0,0
4,4,6,0,7,7,5,0,3,1,0,3,2,2,3,0,0,0,1,1,0,274709368230544623315824,155179817131932426074680,119529551098612197241144,333213803498757134077150,0,0,0,0
13,3,8,0,4,5,4,0,1,0,2,1,0,2,2,0,0,0,0,4,0,97359896460160207650010,94259011691865299800022,3100884768294907849988,876237561476911106197336,0,0,0,0
8,4,4,0,9,9,4,0,3,0,1,2,0,2,2,0,0,0,0,2,0,301649491611784248801500,152877550562000000000062,148771941049784248801438,507023771566265914474661,0,0,0,0
6,4,7,0,11,4,5,0,4,0,0,3,0,1,4,0,0,0,0,0,0,457894262729311341391769,168957754629629629599997,288936508099681711791772,349139149921161816466571,0,0,0,0
4,9,8,0,11,6,4,0,2,1,0,1,2,1,3,0,0,0,1,7,0,159593054491536024138448,100656687776093458951243,58936366715442565187205,230387594631434623400000,0,0,0,0
5,4,12,0,8,5,7,0,6,1,0,4,1,0,7,0,0,0,0,1,0,327927005782594935134579,140677168267082431958277,187249837515512503176302,294008552574120125427125,0,0,0,0
6,3,13,0,7,3,5,0,4,1,0,2,1,1,4,0,0,0,0,2,0,187608835756757698251159,176537631213708264306679,11071204543049433944480,638456388947425334346520,0,0,0,0
12,6,8,0,9,4,5,1,4,0,1,1,0,3,2,1,1,0,1,1,0,335469336228416458686999,192378627563647677931117,143090708664768780755882,1025984534255784857259534,0,0,0,0
8,3,9,0,6,5,3,0,3,0,0,3,0,1,2,0,0,0,0,5,0,664456583959872413426581,249909033869000000000006,414547550090872413426575,399999000000249999036710,0,0,0,0
6,2,6,0,11,6,5,0,3,2,0,1,2,0,5,0,0,0,0,2,0,177430325667867611960854,173485253282054618544591,3945072385812993416263,373198903182537089718035,0,0,0,0
10,1,8,0,17,3,6,0,6,0,0,6,0,2,4,0,0,0,1,2,0,500697348976297154176079,379037414204000000004781,121659934772297154171298,450931434177046494122523,0,0,0,0
10,10,5,0,9,2,3,0,3,0,0,3,0,2,1,0,0,0,2,1,0,309590772245929070161645,149721810599999999999999,159868961645929070161646,504723003160738797117244,0,0,0,0
10,6,15,0,6,4,6,0,5,0,0,2,0,1,5,0,0,0,0,1,0,385754611185428376822089,222371152012777371752427,163383459172651005069662,547412483199207756499523,0,0,0,0
11,5,9,0,9,8,3,0,1,1,1,1,1,2,1,0,0,0,0,2,0,124992494118058647645618,121183544953026630777032,3808949165032016868586,573741063823780085490280,0,0,0,0
7,5,8,0,10,7,3,0,3,0,0,1,0,0,3,0,0,0,2,0,0,55395388478184024430679,51743634259259259249995,3651754218924765180684,298256365740890740770558,0,0,0,0
6,6,9,0,8,8,1,0,1,0,0,1,0,1,0,0,0,0,0,2,0,4904134622846926483,828424000000000000,4075710622846926483,365880676167827862959653,0,0,0,0
7,2,2,0,5,3,5,0,4,0,0,4,2,1,4,0,0,0,1,5,0,248646917534749153149571,150331866940999999999996,98315050593749153149575,322159849476329798327247,0,0,0,0
7,4,4,0,10,4,1,0,1,0,0,1,1,0,1,0,0,0,0,2,0,145483588106519819017088,65461660299219749465360,80021927807300069551728,682289492360683086731358,0,0,0,0
6,4,10,0,10,7,6,0,3,1,1,2,2,1,5,0,0,0,1,4,0,331466958666629291160634,318982339179762918292473,12484619486866372868161,505768095735428122395918,0,0,0,0
13,7,8,0,11,6,4,0,3,1,0,2,1,2,2,0,0,0,0,1,0,361793884480683986352026,254354321037568608325109,107439563443115378026917,595746371575399938660999,0,0,0,0
7,9,5,0,6,6,2,0,2,0,0,2,0,2,0,0,0,0,3,1,0,191944242717008131485530,92758280329000000000000,99185962388008131485530,526632679936421027723865,0,0,0,0
7,4,10,0,5,4,6,0,3,1,2,2,1,3,3,0,0,0,0,3,0,323248523059431372746619,246458679423261650411877,76789843636169722334742,501170524380149927643096,0,0,0,0
5,5,10,0,7,4,3,0,2,0,1,2,1,1,2,0,0,0,1,1,0,235653434165598119625164,195282933501715804922233,40370500663882314702931,704443041428650175554280,0,0,0,0
6,4,7,0,10,6,4,0,2,2,0,2,2,2,2,0,0,0,2,2,0,216557946043069885622118,135783164627655961770664,80774781415413923851454,441759312031638161944453,0,0,0,0
7,4,11,0,2,5,4,0,4,0,0,3,0,1,3,0,0,0,0,3,0,324438693117006949765771,98370047358051986162767,226068645758954963603004,471549319883822489934107,0,0,0,0
8,4,4,0,9,8,3,0,1,0,1,1,1,2,1,0,0,0,0,3,0,198254986669024888184377,59675234097765432050000,138579752571259456134377,575865581081347925731861,0,0,0,0
7,6,10,0,9,5,3,0,3,0,0,3,1,2,1,0,0,0,0,5,0,276123721335380850814936,113661009688304593375601,162462711647076257439335,461719915514456039113842,0,0,0,0
6,6,6,0,8,4,8,0,5,0,2,4,2,3,5,0,0,0,2,3,0,200166494353068562488209,171083013504026255572038,29083480849042306916171,451456797916776841665048,0,0,0,0
12,4,7,0,12,7,3,0,2,0,1,2,0,2,1,0,0,0,0,1,0,269324673311059851577949,78948794547999999999995,190375878763059851577954,390634134881163825567818,0,0,0,0
12,5,8,0,9,4,5,0,4,0,1,2,0,3,2,0,0,0,1,1,0,336617742297455778681749,198737177580030847660222,137880564717424931021527,1049404306735392022084516,0,0,0,0
6,3,5,0,9,6,3,0,3,0,0,3,1,0,3,0,0,0,0,6,0,198720236755366678302602,104668304556771378728725,94051932198595299573877,349999000000150000024415,0,0,0,0
10,5,8,0,8,7,2,0,1,0,0,0,1,0,2,0,0,0,0,2,0,117742603963595841363595,117742603963595841363592,3,678550898677057426282674,0,0,0,0
8,3,4,0,12,6,3,0,3,0,0,2,1,1,2,0,0,0,0,3,0,250775838731532618568610,123383754844623022659798,127392083886909595908812,648998221418802932319890,0,0,0,0
10,7,5,0,10,6,2,0,2,0,0,1,0,1,1,0,0,0,1,2,0,122924900660313199177619,99187825043029248649997,23737075617283950527622,509039940741526010462610,0,0,0,0
10,5,15,0,6,5,5,0,4,0,0,2,0,1,4,0,0,0,0,2,0,396877713590892008500203,206288684572133354277193,190589029018758654223010,542724102936690905760979,0,0,0,0
9,5,9,0,8,6,4,0,4,0,0,3,0,3,1,0,0,0,6,0,0,481620530946297337461808,269827501110186930699997,211793029836110406761811,524171505288117082957313,0,0,0,0
9,2,9,0,10,6,3,0,3,0,0,2,0,0,3,0,0,0,1,6,0,236798038021550940016608,135468942903234567849992,101329095118316372166616,376271603901902193147246,0,0,0,0
7,8,15,0,5,4,6,0,5,0,1,2,1,2,4,0,0,0,0,4,0,124152664330681935311148,61492275075883518484180,62660389254798416826968,575326625574973001918911,0,0,0,0
6,6,9,0,8,8,2,0,2,0,0,2,0,2,0,0,0,0,1,0,0,200253293128643601735947,1608456272000000000000,198644836856643601735947,449668086169674784304787,0,0,0,0
6,7,13,0,7,8,4,0,2,1,1,0,1,1,3,0,0,0,1,1,0,118053287887180423123823,118053287887180423123821,2,510437780929111140350950,0,0,0,0
9,6,4,0,9,4,2,0,1,1,0,1,1,0,2,0,0,0,1,1,0,156449234205137042585281,73723825551748112768145,82725408653388929817136,538906165612237728914317,0,0,0,0
10,4,10,0,7,2,5,0,3,1,1,3,1,2,3,0,0,0,2,2,0,496188639180973497579624,333659514541086419700014,162529124639887077879610,761481630891460471913948,0,0,0,0
13,5,8,0,11,6,3,0,2,0,1,2,0,2,1,0,0,0,1,1,0,215932509033182537992034,100968196444999999999999,114964312588182537992035,663518797461679982672528,0,0,0,0
5,8,17,0,6,2,1,0,0,1,0,0,1,0,1,0,0,0,1,4,0,34739248681407727550000,34739248681407727550000,0,470276447014124476072825,0,0,0,0
13,3,9,0,3,5,3,0,3,0,0,2,0,2,1,0,0,0,2,0,0,357103883766683576650197,156136232824259259199998,200967650942424317450199,605376676664143519943700,0,0,0,0
7,3,8,0,11,6,4,0,4,0,0,2,0,1,3,0,0,0,1,4,0,278117579419701047462961,190521459994469607454319,87596119425231440008642,568725801241755937949675,0,0,0,0
7,4,11,0,2,6,4,0,4,0,0,3,0,1,3,0,0,0,0,3,0,367586432496543085196849,111946232311757083277620,255640200184786001919229,393167212015750540793070,0,0,0,0
6,2,9,0,11,4,6,0,4,0,2,2,0,4,2,0,0,0,1,5,0,176686202983403580545606,172790947064613085249997,3895255918790495295609,693482629796968822277078,0,0,0,0
9,2,11,0,7,7,3,0,1,0,1,0,0,1,2,0,0,0,1,0,0,46127122833580246800000,46127122833580246799998,2,432254631120782718451294,0,0,0,0
8,5,3,0,11,4,7,0,4,2,0,4,2,1,6,0,0,0,0,8,0,488497892125014629990988,275625936631565410005265,212871955493449219985723,421426558544427475751904,0,0,0,0
12,2,7,0,12,7,2,0,1,0,1,1,0,1,1,0,0,0,0,2,0,340689921217961278806698,119487656846037036739824,221202264371924242066874,390634134881163822099347,0,0,0,0
4,1,9,0,8,4,4,0,3,0,0,2,0,1,3,0,0,0,1,2,0,286297366569889615455038,121382005157906810149997,164915361411982805305041,440149732411670672502322,0,0,0,0
7,5,3,0,9,4,7,0,3,0,3,3,0,3,4,0,0,0,0,4,0,778202924596320986721661,480792374877001979941261,297410549719319006780400,240986638046670701470169,0,0,0,0
10,4,5,0,10,5,5,0,5,0,0,5,1,1,4,0,0,0,0,3,0,326823431571898315536040,153236600782528161166959,173586830789370154369081,406629674365712585159420,0,0,0,0
8,3,4,0,12,5,4,0,4,0,0,2,1,0,4,0,0,0,0,2,0,159822153010374673675374,128169915612139811428395,31652237398234862246979,650766229152284385983189,0,0,0,0
14,3,9,0,9,6,2,0,1,0,1,0,0,1,1,0,0,0,2,4,0,65904665026237673001788,65904665026237673001786,2,604612810533971232527485,0,0,0,0
3,4,7,0,13,5,3,0,1,1,1,1,1,2,1,0,0,0,3,3,0,165154618231528254115276,67044384973437869584674,98110233258090384530602,250000000000139395061729,0,0,0,0
7,0,12,0,12,3,7,0,3,0,4,3,0,5,2,0,0,0,2,2,0,303603495936898583126187,215596449691000001169328,88007046245898581956859,704477453487880498276774,0,0,0,0
4,5,4,0,8,3,6,0,5,0,1,5,1,2,4,0,0,0,1,8,0,875863794206142169709416,180326329174221671166736,695537465031920498542680,200005000000150000015031,0,0,0,0
9,2,9,0,10,4,3,0,3,0,0,3,0,0,3,0,0,0,1,6,0,419712770908383953310107,209792032618905293763647,209920738289478659546460,536063636520857486903145,0,0,0,0
13,1,7,0,5,7,6,0,3,2,1,2,2,1,5,0,0,0,0,2,0,367188389641232043874103,355990361874819934666813,11198027766412109207290,655890681114717240907030,0,0,0,0
7,4,7,0,9,5,6,0,5,0,1,3,1,2,4,0,0,0,0,1,0,347250137076217626572184,149377468672901234557617,197872668403316392014567,495851780762099032672985,0,0,0,0
6,6,12,0,5,5,5,0,4,0,0,3,2,0,5,0,0,0,0,2,0,258429106562211648809674,90296155660416421099260,168132950901795227710414,426419112431101593081394,0,0,0,0
10,4,10,0,7,2,8,0,7,1,0,3,1,2,6,0,0,0,0,1,0,472224516812986990501256,290101145269551291211068,182123371543435699290188,653384017557781796700503,0,0,0,0
9,4,8,0,9,6,4,0,3,0,0,3,1,1,3,0,0,0,0,2,0,296168979159025405269614,126188935830350688050283,169980043328674717219331,678117125820280763120585,0,0,0,0
6,4,2,0,6,6,4,0,1,3,0,1,3,0,4,0,0,0,0,4,0,227350084540790507532023,128796434701279336788393,98553649839511170743630,367647362362278224778112,0,0,0,0
11,5,3,0,12,5,1,0,1,0,0,1,0,1,0,0,0,0,0,2,0,237748303594134754931205,60763028872000000000000,176985274722134754931205,577195712579793728244460,0,0,0,0
7,1,8,0,11,6,5,0,5,0,0,2,0,2,3,0,0,0,1,3,0,290531001899982291714721,39483919351383187724836,251047082548599103989885,695186072019344945432452,0,0,0,0
5,8,9,0,6,5,2,0,1,0,1,1,0,2,0,0,0,0,1,5,0,60377122248917364001568,55459651973000000000000,4917470275917364001568,333104228504458423864401,0,0,0,0
5,3,7,0,11,8,4,0,1,2,1,1,2,2,2,0,0,0,0,3,0,205040312669114826012360,136807842294823611981885,68232470374291214030475,368807309833380501997315,0,0,0,0
4,4,7,0,12,5,5,0,4,0,1,4,2,2,3,0,0,0,2,2,0,192986220788423645717524,163547346802000000009352,29438873986423645708172,440843878109115686265397,0,0,0,0
9,5,7,0,5,6,3,0,2,1,0,2,2,0,3,0,0,0,2,3,0,197422970909218423866342,129936117707200552710897,67486853202017871155445,403588395769035421323621,0,0,0,0
8,3,3,0,11,3,6,0,5,0,0,4,1,2,4,0,0,0,0,9,0,314629462401290023568577,160856289529797291064923,153773172871492732503654,422855831790275357983121,0,0,0,0
7,4,10,0,9,8,5,0,4,1,0,3,1,1,4,0,0,0,0,1,0,570008038958158905346050,243310954405740682466666,326697084552418222879384,464822625609210179115291,0,0,0,0
6,2,10,0,4,10,1,0,0,0,0,0,0,0,1,0,0,0,0,7,0,18417438271604938200000,18417438271604938200000,0,506230806299603425501875,0,0,0,0
5,7,8,0,7,7,4,0,3,0,0,1,0,0,4,0,0,0,0,2,0,151313129713019995369359,112726199634531009019351,38586930078488986350008,309840586425236135012522,0,0,0,0
14,4,9,0,9,6,3,0,2,0,1,0,0,1,2,0,0,0,2,3,0,184072884839478375582590,184072884839478375582588,2,654536641181417470355139,0,0,0,0
4,5,10,0,6,5,5,0,3,0,1,3,1,1,4,0,0,0,1,1,0,487492586554136273248563,192917776140285495064974,294574810413850778183589,358027897206324005195178,0,0,0,0
8,7,14,0,12,6,4,0,3,0,1,2,0,2,2,0,0,0,2,0,0,301389503482978689286202,193894179056701339354185,107495324426277349932017,468622789429334353770375,0,0,0,0
7,3,14,0,6,5,5,0,3,0,2,2,0,2,3,0,0,0,0,1,0,382041315213388445078007,228742264179633240038476,153299051033755205039531,511205946856442162367870,0,0,0,0
4,4,4,0,8,5,7,0,6,0,1,6,2,3,4,0,0,0,0,8,0,1455987269368466829554372,223953749812221671745949,1232033519556245157808423,200005000000150000015186,0,0,0,0
6,5,5,0,10,7,6,0,5,0,1,1,0,2,4,0,0,0,0,4,0,268575386545857083281084,201210626254418711552324,67364760291438371728760,576663047254099672975576,0,0,0,0
9,4,8,0,6,6,5,0,3,0,2,2,0,3,2,0,0,0,0,1,0,404070833818639093971639,340652814537907235799994,63418019280731858171645,485560465155526848429408,0,0,0,0
6,6,13,0,10,3,4,0,4,0,0,2,0,1,3,0,0,0,2,3,0,254437069894472416078762,195980609279785750754462,58456460614686665324300,451942892230180733350914,0,0,0,0
7,7,9,0,8,4,3,0,2,0,1,1,1,1,2,0,0,0,0,5,0,142349938143677038735482,82331376134369432450578,60018562009307606284904,449888203298471107541661,0,0,0,0
6,6,12,0,5,5,4,0,2,1,0,1,2,1,3,0,0,0,1,2,0,164546745832420109243865,72131383887478183378532,92415361944941925865333,526418112431143496976545,0,0,0,0
10,6,8,0,3,5,3,0,2,0,1,1,1,1,2,0,0,0,0,2,0,268543947315347056600000,209611393144366057799998,58932554170980998800002,741806219745840608315076,0,0,0,0
9,6,8,0,5,9,3,0,1,0,1,1,0,2,1,0,0,0,0,2,0,316956313994332491342133,74494488713148000162856,242461825281184491179277,489756765242144120829025,0,0,0,0
5,6,15,0,6,6,3,0,1,0,2,1,0,3,0,0,0,0,1,5,0,209705172198178735105518,115546203001000000000000,94158969197178735105518,383662442335442061690038,0,0,0,0
11,5,3,0,12,6,2,0,2,0,0,2,0,1,1,0,0,0,0,1,0,367142138760003666808639,86754826018999999999999,280387312741003666808640,532571790543182925544585,0,0,0,0
8,4,8,0,8,3,5,0,4,1,0,4,1,2,3,0,0,0,0,1,0,549834235867732445700922,220583779237037362410851,329250456630695083290071,318195670357864058176184,0,0,0,0
6,5,12,0,7,6,7,0,5,1,1,5,1,5,2,0,0,0,0,4,0,790873125158190368324680,258482799524255952769160,532390325633934415555520,472271402008771323502053,0,0,0,0
7,3,8,0,12,7,4,0,3,0,1,2,1,1,3,0,0,0,0,2,0,280671093566216267748092,212073152591999999999998,68597940974216267748094,335251371244782593065652,0,0,0,0
4,6,7,0,12,4,7,0,3,1,3,2,2,4,3,0,0,0,1,1,0,305233317600708523918228,252234027451173288422522,52999290149535235495706,449998000334396472135854,0,0,0,0
4,6,7,0,11,5,5,0,4,1,0,4,2,0,5,0,0,0,1,5,0,283138082859180777972995,169316226456220040344826,113821856402960737628169,340000000000100000019326,0,0,0,0
6,6,6,0,8,5,3,0,2,0,1,1,0,2,1,0,0,0,5,3,0,114487123578661099304042,80744436821046668494679,33742686757614430809363,399999000000140435013071,0,0,0,0
8,4,7,0,12,7,2,0,0,0,2,0,0,2,0,0,0,0,2,1,0,18242063109000000000000,18242063109000000000000,0,381550971186497728208261,0,0,0,0
5,6,8,0,7,5,4,0,3,0,0,1,0,0,4,0,0,0,0,2,0,150948107310260700971782,113139951980243407171774,37808155330017293800008,481091052438319815776317,0,0,0,0
4,5,8,0,4,4,3,0,2,0,0,2,2,0,3,0,0,0,1,5,0,179812539488004107248141,149919000800000000024936,29893538688004107223205,364856640866397939913300,0,0,0,0
10,5,9,0,5,6,4,0,3,1,0,2,2,0,4,0,0,0,0,2,0,107513239395376394121580,89127338757949510253259,18385900637426883868321,373313820244609128090504,0,0,0,0
9,3,6,0,9,8,2,0,2,0,0,2,0,0,2,0,0,0,1,2,0,99493351142609846584182,90639593600000000008841,8853757542609846575341,506932332418129046008590,0,0,0,0
7,4,15,0,6,6,4,0,3,0,1,3,0,1,3,0,0,0,0,2,0,260602772439701915020512,176532056784528295138475,84070715655173619882037,418709133055162052539256,0,0,0,0
7,6,6,0,10,3,5,0,3,0,2,2,1,3,2,0,0,0,0,2,0,241467106319257304373180,167016332000388654859062,74450774318868649514118,524627307683365101987641,0,0,0,0
5,4,6,0,8,4,8,0,6,0,2,5,1,5,3,0,0,0,1,4,0,448526303323727493724276,215055277788066678913476,233471025535660814810800,330461016807063238400752,0,0,0,0
3,1,6,0,9,5,6,0,2,2,1,1,2,1,5,0,0,0,1,4,0,439408741570753408067001,244704586600685665260278,194704154970067742806723,508067755538118985777646,0,0,0,0
8,2,5,0,8,4,10,0,7,0,3,5,0,5,5,0,0,0,0,4,0,932886069843723905237551,566196749721622129814520,366689320122101775423031,443362677363272483960405,0,0,0,0
6,4,13,0,10,3,5,0,4,0,0,3,0,2,3,0,0,0,2,2,0,494581189632876339225874,276160063276050990070132,218421126356825349155742,549243059736415754503419,0,0,0,0
5,5,11,0,3,7,3,0,1,0,2,1,0,2,1,0,0,0,0,3,0,195443286052231325250000,130324765093999999999999,65118520958231325250001,300000963881840993318193,0,0,0,0
9,2,7,0,11,3,5,0,4,0,0,2,2,0,5,0,0,0,0,2,0,298023651782573602690954,221715618178233024596433,76308033604340578094521,493478359568051235280844,0,0,0,0
10,5,13,0,9,5,3,0,2,0,1,2,0,1,2,0,0,0,0,1,0,114779493309050009833852,62573359499432360201409,52206133809617649632443,461722394039139911632449,0,0,0,0
5,6,15,0,6,6,5,0,2,0,3,2,0,4,1,0,0,0,2,2,0,612610215034919169346645,239903856870999999999997,372706358163919169346648,432778956166007809014804,0,0,0,0
10,9,8,0,12,5,0,0,0,0,0,0,0,0,0,0,0,0,0,0,0,0,0,0,633528692147538668703498,0,0,0,0
5,5,10,0,8,4,6,0,4,0,1,4,1,2,4,0,0,0,0,3,0,396237705810492217354002,291734939835659702861895,104502765974832514492107,402688071576219642114589,0,0,0,0
10,8,9,0,6,5,4,0,4,0,0,2,0,1,3,0,0,0,2,1,0,406368213513158386537144,204405110591357568170543,201963102921800818366601,519940592397860174504735,0,0,0,0
7,5,8,0,12,7,4,0,3,0,1,2,1,1,3,0,0,0,0,2,0,276485745412041135087792,211134348863999999999998,65351396548041135087794,395138110339525656204476,0,0,0,0
13,3,5,0,5,7,3,0,0,2,1,0,2,1,2,0,0,0,0,0,0,47411540115974384841073,47411540115974384841073,0,648493813113087973501897,0,0,0,0
11,5,9,0,6,6,3,0,2,1,0,1,1,1,2,0,0,0,0,7,0,114803865162027851853394,114803762687761181754859,102474266670098535,785902464341843686387871,0,0,0,0
8,3,7,0,12,7,1,0,0,0,0,0,1,0,1,0,0,0,2,2,0,30784659517029947000000,30784659517029947000000,0,578710367626667362833754,0,0,0,0
7,8,7,0,11,7,4,0,3,0,1,1,0,2,2,0,0,0,0,1,0,52957578674957182376811,52957577624302166570737,1050655015806074,387234214755767056217266,0,0,0,0
13,6,10,0,5,5,2,0,2,0,0,2,0,0,2,0,0,0,0,4,0,376070541396801125654240,237560142036145847779543,138510399360655277874697,747769167504068337837510,0,0,0,0
6,4,3,0,10,7,4,1,4,0,0,2,1,0,4,1,1,0,2,6,0,293376125511338536753881,149999270288584035339418,143376855222754501414463,436196029547943294642035,0,0,0,0
7,6,6,0,10,6,5,0,5,0,0,5,1,1,4,0,0,0,0,3,0,872601994520722821518045,374817125149128079800750,497784869371594741717295,301567846094365506909187,0,0,0,0
9,2,6,0,9,9,2,0,2,0,0,2,1,0,2,0,0,0,0,3,0,132141905747252378712355,85864999999999999999999,46276905747252378712356,476898023423656166860479,0,0,0,0
9,7,9,0,4,3,5,0,3,0,2,3,0,4,1,0,0,0,3,2,0,269653239340717388958509,193500564482536963243088,76152674858180425715421,696898714885826464879057,0,0,0,0
6,7,7,0,6,3,2,0,1,0,0,1,0,1,1,0,0,0,1,4,0,100078046698885261689159,41249668209876543150000,58828378489008718539159,378860476959839838972271,0,0,0,0
8,5,10,0,8,3,3,0,2,0,1,2,0,3,0,0,0,0,2,2,0,224565157360331173465862,171606136357000000000000,52959021003331173465862,592655617652219056345591,0,0,0,0
3,3,6,0,9,5,5,0,2,1,1,1,1,1,4,0,0,0,0,6,0,333540689474709501910348,244395763804529614077523,89144925670179887832825,428022774914369094672694,0,0,0,0
10,5,5,0,13,9,2,0,1,0,1,1,0,2,0,0,0,0,3,2,0,319108849599013501184109,254517367500000000000000,64591482099013501184109,733681335512678694923573,0,0,0,0
7,5,6,0,5,7,5,0,4,0,1,3,1,3,2,0,0,0,2,7,0,608439338262105072301191,394483709024074073228590,213955629238030999072601,552623311482141608338443,0,0,0,0
7,6,11,0,5,4,7,0,4,0,2,3,1,2,5,0,0,0,2,1,0,420126890399962817418941,236348922661245308748157,183777967738717508670784,395765643020173868735607,0,0,0,0
10,5,13,0,9,5,3,0,2,0,1,2,0,1,2,0,0,0,0,1,0,122081011992754466318321,63581654036432360183608,58499357956322106134713,461722394039138903342653,0,0,0,0
12,3,10,0,6,4,5,0,2,3,0,1,3,1,4,0,0,0,2,1,0,190249336922115686994821,126906533076355493826838,63342803845760193167983,915465871921618479903269,0,0,0,0
10,4,9,0,4,4,5,0,2,1,2,1,2,2,3,0,0,0,2,3,0,176547689017795577279040,131135190659119292185344,45412498358676285093696,790056074831090844067815,0,0,0,0
7,1,8,0,6,5,6,0,4,0,1,2,0,1,5,0,0,0,0,3,0,250640997969649620360611,205877638591316488929543,44763359378333131431068,453866322444965265555401,0,0,0,0
10,6,9,0,6,5,5,0,4,1,0,2,1,1,4,0,0,0,1,1,0,414544564544934225474062,233491090792172468597782,181053473752761756876280,569559263339761072572643,0,0,0,0
3,5,8,0,9,4,6,0,6,0,0,4,1,1,5,0,0,0,0,3,0,222536973884035419222319,113874480553420361978651,108662493330615057243668,319187932162429045629409,0,0,0,0
3,7,8,0,5,6,11,0,6,0,3,4,1,5,6,0,0,0,2,2,0,388102931192623986440449,161183946756662847509597,226918984435961138930852,325180115797824815295279,0,0,0,0
3,4,7,0,9,6,5,0,5,0,0,4,1,1,4,0,0,0,0,4,0,399671026554936057428244,141476466049600118420166,258194560505335939008078,306491972461749951735080,0,0,0,0
7,9,7,0,11,6,4,0,2,0,0,0,0,0,4,0,0,0,0,1,0,40958753639746282121130,40958753639746282121127,3,530143352030653493581523,0,0,0,0
8,6,5,0,7,6,3,0,1,0,2,1,1,2,1,0,0,0,0,3,0,8807458112440372714270,8807457997440413607488,114999959106782,449898000000267989914112,0,0,0,0
7,10,12,0,6,6,3,0,3,0,0,3,0,2,1,0,0,0,0,3,0,582106489900671488265449,269250029991000000027198,312856459909671488238251,476337152938513837245847,0,0,0,0
8,6,5,0,9,2,7,0,5,0,2,4,1,4,3,0,0,0,0,7,0,491951247603354762393237,173241891646000000000028,318709355957354762393209,650544007449159917732447,0,0,0,0
8,10,9,0,9,4,3,0,2,0,1,2,0,2,1,0,0,0,1,1,0,226669237446392727012490,137214225313999999999999,89455012132392727012491,654488902481977887359048,0,0,0,0
9,6,9,0,4,3,5,0,4,0,1,3,0,3,2,0,0,0,3,2,0,405975286105908940607899,166822463490685835399996,239152822615223105207903,590527495650835934664092,0,0,0,0
11,6,8,0,6,5,4,0,4,0,0,2,1,0,4,0,0,0,3,1,0,284591303646544117500183,182965991990106048461022,101625311656438069039161,524317599753210567746359,0,0,0,0
6,3,6,0,8,6,7,0,3,0,4,3,1,5,2,0,0,0,0,4,0,414493518838783613758858,266292530984999999999999,148200987853783613758859,300000000000145950231482,0,0,0,0
5,3,12,0,3,7,12,1,9,0,2,5,1,4,8,1,1,0,1,6,0,975062016189156495248165,306607144581723308185799,668454871607433187062366,303904057756568150868539,0,0,0,0
10,4,5,0,13,9,2,0,1,0,1,1,0,2,0,0,0,0,3,2,0,242276581536287707352479,154528367392000000000000,87748214144287707352479,649996000000255685939377,0,0,0,0
7,3,8,0,7,6,4,0,1,1,2,1,2,2,2,0,0,0,0,0,0,128641985403099955918708,126101198081655767239602,2540787321444188679106,361083396826594404173745,0,0,0,0
7,6,9,0,5,1,5,1,4,0,0,2,2,1,4,1,1,0,0,3,0,400980900997255208286149,156849633116401169432945,244131267880854038853204,541369354789968108545189,0,0,0,0
6,4,10,0,4,8,4,0,2,0,1,2,1,1,3,0,0,0,1,1,0,337636859128776311605920,115268032407209876499997,222368826721566435105923,421150438861693744260206,0,0,0,0
12,4,10,0,6,5,5,0,1,3,1,0,3,1,4,0,0,0,2,1,0,220880228581636382644516,220880228581636382644515,1,787240222811269557636615,0,0,0,0
6,4,9,0,10,3,2,0,2,0,0,1,0,0,2,0,0,0,1,5,0,152704921936136899377133,139952957331869260255096,12751964604267639122037,430805483657798578111868,0,0,0,0
11,10,8,0,6,2,2,0,1,0,1,1,0,2,0,0,0,0,1,0,0,279122834605071342847289,146102050135000000000000,133020784470071342847289,539038375343614925249498,0,0,0,0
7,3,7,0,6,3,4,0,3,1,0,2,2,0,4,0,0,0,0,5,0,217297023667749631964068,159723385171786517241606,57573638495963114722462,377135139871990031823559,0,0,0,0
8,4,4,0,7,6,5,0,2,1,2,1,1,2,3,0,0,0,2,5,0,293879212830934974686830,143606867758835938749996,150272345072099035936834,459799760470808825747561,0,0,0,0
3,4,8,0,5,8,10,0,6,1,2,3,1,4,6,0,0,0,3,2,0,541662571868178916996219,189897581588880587789660,351764990279298329206559,316622356795262556955700,0,0,0,0
12,5,8,0,6,5,4,0,2,0,1,0,0,1,3,0,0,0,0,1,0,114059504142629306561603,114059504142629306561601,2,637140229166756022173049,0,0,0,0
9,8,5,0,8,4,2,0,2,0,0,1,0,0,2,0,0,0,1,1,0,198374322250768679583730,29688966689504116249997,168685355561264563333733,347155231880206714554948,0,0,0,0
10,4,9,0,10,8,7,0,3,0,3,2,0,4,3,0,0,0,1,3,0,99364856650845684216393,50370057440379629609256,48994799210466054607137,457617868584827585335071,0,0,0,0
7,8,12,0,6,6,2,0,1,0,1,1,0,1,1,0,0,0,0,4,0,321659518813338778587262,246648892786000549883803,75010626027338228703459,556062669369652741817378,0,0,0,0
6,3,8,0,7,8,7,0,5,0,2,3,0,3,4,0,0,0,0,4,0,564718493694888266530306,318210280869495419938944,246508212825392846591362,279070501633769609432498,0,0,0,0
9,2,11,0,2,6,5,0,3,0,0,2,1,1,4,0,0,0,2,3,0,189101450610248472758708,146042314306321846138831,43059136303926626619877,589375322235137504953717,0,0,0,0
3,8,14,0,7,7,8,0,6,1,0,4,2,2,6,0,0,0,0,5,0,464510007911476053587389,152796744652921647251855,311713263258554406335534,300000000000202459010001,0,0,0,0
11,5,8,0,6,5,7,0,3,4,0,1,4,1,6,0,0,0,0,1,0,352249698721449847992181,306523533401618780367598,45726165319831067624583,601322742701485240365774,0,0,0,0
8,5,10,0,9,8,3,0,3,0,0,2,0,2,1,0,0,0,4,1,0,328645172790806830114852,236248134887864197499999,92397037902942632614853,431164233045759402967125,0,0,0,0
7,1,10,0,10,4,8,0,6,0,1,3,1,3,5,0,0,0,0,3,0,674019588268395344637320,217139741150282412849733,456879847118112931787587,514159210264694217017476,0,0,0,0
14,5,4,0,5,7,2,0,2,0,0,2,1,1,1,0,0,0,1,2,0,301133236883235889138141,120606650215000000000000,180526586668235889138141,585561380253169782908827,0,0,0,0
7,5,9,0,5,1,5,0,4,0,0,2,1,2,3,0,0,0,0,3,0,208296105849268195743677,152060157642090626056010,56235948207177569687667,546362339525544544603126,0,0,0,0
7,3,7,0,6,7,2,0,1,0,0,1,0,1,1,0,0,0,2,2,0,84529417438271604827161,71583526234567901200000,12945891203703703627161,476412103079115369477222,0,0,0,0
6,9,9,0,7,4,7,0,3,1,3,3,2,3,4,0,0,0,1,1,0,329928399444950161686566,149433347814103136310499,180495051630847025376067,355635877669765084076778,0,0,0,0
8,7,10,0,4,2,8,1,6,0,2,5,1,4,4,1,1,0,3,2,0,562641936009730922330717,245076919906320202470316,317565016103410719860401,532185244109443640133125,0,0,0,0
11,10,8,0,6,2,2,0,2,0,0,2,1,1,1,0,0,0,1,0,0,303857476606032062468227,138549964907000000000000,165307511699032062468227,610868025567454391649096,0,0,0,0
8,3,6,0,5,5,10,0,7,0,3,4,1,3,7,0,0,0,0,2,0,774942364727686404647920,282679149852685409030378,492263214875000995617542,401744958369038079837553,0,0,0,0
4,5,8,0,6,5,3,0,3,0,0,1,0,1,2,0,0,0,2,2,0,119457585332731414120710,91731920644971238132556,27725664687760175988154,399999000000152274452215,0,0,0,0
8,3,12,0,10,8,2,0,1,0,1,1,0,2,0,0,0,0,0,3,0,82420193648126193504480,50000000000000000000000,32420193648126193504480,505772383219700330981093,0,0,0,0
10,5,7,0,6,4,2,0,0,1,1,0,1,1,1,0,0,0,2,2,0,25229419709088894200000,25229419709088894200000,0,802027106052967772520529,0,0,0,0
12,3,8,0,6,5,5,0,2,0,1,0,0,1,4,0,0,0,0,0,0,121405054613044573927304,121405054613044573927301,3,573387098657836173009885,0,0,0,0
6,6,12,0,11,3,5,0,3,0,2,3,1,3,2,0,0,0,1,2,0,326239084910524304859032,208083035586999999999998,118156049323524304859034,541635127334667600342807,0,0,0,0
10,3,8,0,10,4,5,0,4,0,0,3,0,2,3,0,0,0,1,3,0,794580572932267704994231,159067414135374035499997,635513158796893669494234,654967140671680266445490,0,0,0,0
11,3,1,0,5,5,8,0,5,1,2,4,2,4,4,0,0,0,0,4,0,671808954677650434527072,245522296306931469515767,426286658370718965011305,316265284626906381345077,0,0,0,0
9,3,11,0,2,7,5,0,3,0,0,1,1,0,5,0,0,0,3,2,0,174804437237958200746985,151218158319264957027119,23586278918693243719866,515454727548401259588086,0,0,0,0
5,5,14,0,11,4,4,0,2,1,1,0,1,1,3,0,0,0,5,3,0,116263360291564810021060,116263360291564810021058,2,593788667202677688142767,0,0,0,0
5,6,9,0,10,5,4,0,2,0,2,0,0,2,2,0,0,0,0,2,0,160480490117565249413898,160480490117565249413896,2,561632442432677971266732,0,0,0,0
6,4,9,0,12,6,4,0,3,0,1,2,0,2,2,0,0,0,3,4,0,330657764270565470534819,193476616725724494380448,137181147544840976154371,546457154564975522014355,0,0,0,0
7,2,10,0,10,5,7,0,4,1,1,2,2,2,5,0,0,0,0,4,0,552224860748066634673991,201040005851421037108814,351184854896645597565177,514159210264694217018280,0,0,0,0
9,9,5,0,9,4,5,0,3,0,2,1,0,3,2,0,0,0,0,1,0,308024103652349770980472,229989371979698733036408,78034731672651037944064,451979897648067673911109,0,0,0,0
12,6,4,0,6,5,5,0,2,0,2,1,1,2,3,0,0,0,3,2,0,202215403022253921558920,138769170916355472708918,63446232105898448850002,773782662588588588563698,0,0,0,0
13,2,4,0,8,4,9,0,7,1,1,6,2,3,6,0,0,0,0,3,0,792224502304990839025317,540544921241235622838894,251679581063755216186423,403087129847348438014493,0,0,0,0
6,8,9,0,7,4,5,0,3,0,2,3,1,2,3,0,0,0,1,3,0,346920358912400790982130,130116761249999999999994,216803597662400790982136,355635878669684089077845,0,0,0,0
5,2,7,0,12,6,2,0,1,0,0,0,1,0,2,0,0,0,2,4,0,10409434981142013463402,10409434981142013463400,2,471582680522661499331584,0,0,0,0
11,5,6,0,7,6,3,0,1,1,1,0,1,1,2,0,0,0,1,2,0,88005615029469135600000,88005615029469135599998,2,400000000000149999999998,0,0,0,0
6,10,7,0,8,3,4,0,3,0,1,3,0,2,2,0,0,0,2,2,0,148026045355794793214446,58559508122591605517743,89466537233203187696703,522876093557881948183988,0,0,0,0
8,6,9,0,7,6,5,0,4,0,1,4,1,3,2,0,0,0,0,1,0,275423316117378769220747,89723563890387603645702,185699752226991165575045,352473319763858391180369,0,0,0,0
4,6,8,0,6,5,4,0,4,0,0,2,1,0,4,0,0,0,0,3,0,404764346192628066639958,246601542795479431673175,158162803397148634966783,399999000000152274452215,0,0,0,0
9,3,9,0,9,8,6,0,5,0,1,5,0,4,2,0,0,0,0,2,0,667943682969745940183486,206076124300999999999998,461867558668745940183488,593572307245030034803089,0,0,0,0
4,4,10,0,13,4,5,0,4,0,0,3,1,3,2,0,0,0,3,3,0,266699210289391623001002,146494597052769390422772,120204613236622232578230,470625733622013625113301,0,0,0,0
10,4,11,0,8,5,4,0,4,0,0,4,1,1,3,0,0,0,0,2,0,475625171063785740359527,275933665879380969555888,199691505184404770803639,342551306564081169577682,0,0,0,0
10,3,8,0,10,3,6,0,4,0,1,4,0,4,2,0,0,0,1,2,0,787438456567193618651350,321229266952543209849999,466209189614650408801351,608381099198756099910291,0,0,0,0
11,5,11,0,8,3,1,0,0,1,0,0,1,0,1,0,0,0,0,2,0,17014739793549830100000,17014739793549830100000,0,607870352694958416550995,0,0,0,0
10,9,15,0,8,3,3,0,2,0,0,2,1,1,2,0,0,0,1,2,0,426976297045914731034087,230773787947633122247197,196202509098281608786890,568312439676629904000338,0,0,0,0
9,8,10,0,12,3,4,0,4,0,0,2,1,0,4,0,0,0,1,1,0,348798584780492102574618,319666800863261887681774,29131783917230214892844,496599458145551618023568,0,0,0,0
5,6,9,0,10,4,4,1,2,0,2,0,0,2,2,1,1,0,0,2,0,130805738116016796830828,74790584701506172799999,56015153414510624030829,473843276817915877848189,0,0,0,0
5,4,6,0,10,2,5,0,4,0,0,2,1,1,4,0,0,0,3,3,0,229470445923899694972142,96339074074074073985526,133131371849825620986616,291365144028717146661220,0,0,0,0
5,3,5,0,7,4,2,0,2,0,0,2,0,1,1,0,0,0,2,3,0,222004773878717228421176,81572022752999999999999,140432751125717228421177,374034645907717593504610,0,0,0,0
12,7,7,0,7,4,5,0,4,0,0,0,1,0,5,0,0,0,1,1,0,307844559646391332269963,307844559646391332269959,4,633942163574406385065274,0,0,0,0
12,6,4,0,6,5,5,0,2,0,2,1,1,2,3,0,0,0,3,2,0,171577535288554585131897,122376552270200314624871,49200983018354270507026,632517550775515666800214,0,0,0,0
12,7,9,0,9,5,5,0,4,0,1,2,0,1,4,0,0,0,0,0,0,318093738950107058328848,277954597125374667544320,40139141824732390784528,486362336958909763872070,0,0,0,0
12,8,11,0,7,3,5,0,2,1,1,2,1,3,2,0,0,0,2,1,0,247272754057449625893147,104906925778198686576428,142365828279250939316719,985867662514750433794179,0,0,0,0
6,5,12,0,6,2,4,0,1,1,2,0,1,2,2,0,0,0,0,0,0,190628665423362986870752,190628665423362986870751,1,484160135553212412723564,0,0,0,0
3,3,10,0,9,2,6,0,3,1,2,3,1,3,3,0,0,0,4,3,0,496179547260215880327028,325225877316116847699998,170953669944099032627030,334884463471898848691186,0,0,0,0
6,9,7,0,8,4,4,0,3,0,1,3,0,2,2,0,0,0,1,3,0,106561004955865508702569,40967908395610769308246,65593096560254739394323,557742553387373903177558,0,0,0,0
8,5,6,0,9,7,3,0,1,0,1,1,1,2,1,0,0,0,2,1,0,215303035155249075499667,91861593363703703650000,123441441791545371849667,421020275776220601241067,0,0,0,0
9,5,12,0,9,8,2,0,2,0,0,1,1,0,2,0,0,0,2,0,0,100093158940284310461726,92269588017894227090540,7823570922390083371186,439624920434986310330622,0,0,0,0
10,7,12,0,9,4,4,0,3,1,0,2,1,2,2,0,0,0,0,2,0,227663336972291248136957,144148808684929991777964,83514528287361256358993,675286754017892057083359,0,0,0,0
4,3,10,0,13,4,7,0,6,0,0,5,2,2,5,0,0,0,3,1,0,633916694751646305557995,247861266177863760150054,386055428573782545407941,470625733622013625113303,0,0,0,0
9,6,12,0,11,4,2,0,2,0,0,1,0,0,2,0,0,1,1,1,0,247975451397131625505427,247198871347431925252324,776580049699700253103,653087219203666670246559,0,0,1,0
4,3,10,0,7,7,3,0,2,0,1,2,1,2,1,0,0,0,1,5,0,594172968549841858489051,152776696731838568145260,441396271818003290343791,287791621836276879575297,0,0,0,0
6,3,8,0,7,5,3,0,1,1,1,0,1,1,2,0,0,0,2,1,0,91219858382538120732206,91219858382538120732205,1,592247424953416155963750,0,0,0,0
10,9,15,0,8,4,4,0,4,0,0,1,0,1,3,0,0,0,1,1,0,379233921221568929897397,253951483382938107721321,125282437838630822176076,568312439676644938586468,0,0,0,0
10,3,7,0,9,4,3,0,3,0,0,2,0,1,2,0,0,0,0,1,0,130087134435713555758408,100762924382716049349996,29324210052997506408412,893706389021946114075916,0,0,0,0
9,7,11,0,5,3,8,0,4,0,4,3,1,6,2,0,0,0,1,3,0,311170937095519804372365,218087062784012345649998,93083874311507458722367,424852645587215390705537,0,0,0,0
5,4,7,0,9,6,3,0,2,0,1,2,1,2,1,0,0,0,1,3,0,188540190078032712006076,99862102111000000000000,88678087967032712006076,439145206448450841834134,0,0,0,0
7,8,4,0,12,5,5,0,4,0,1,3,0,2,3,0,0,0,0,5,0,383630608595532282160306,163096047273061728349997,220534561322470553810309,542016190667283805491619,0,0,0,0
12,8,7,0,7,4,5,0,4,0,0,1,1,1,4,0,0,0,0,2,0,384077869166981861809063,319233134357750977372932,64844734809230884436131,686316681694587063998301,0,0,0,0
5,6,6,0,11,7,4,2,3,0,1,0,0,1,3,2,2,1,0,2,0,217587433881411504232694,148113614869780265206207,69473819011631239026487,361278647749149024307475,0,0,0,1
9,3,9,0,2,5,3,0,0,1,1,0,1,1,2,0,0,0,0,4,0,105034936533875505981011,105034936533875505981011,0,746137268856559908179044,0,0,0,0
6,5,10,0,13,2,8,0,8,0,0,5,0,3,5,0,0,0,1,6,0,831040427701832873358812,385310816538997090370666,445729611162835782988146,424686639698164692411012,0,0,0,0
6,5,12,0,6,2,4,0,1,1,2,0,1,2,2,0,0,0,0,0,0,183174015073760402231773,183174015073760402231771,2,485465383303713436450063,0,0,0,0
5,2,7,0,4,4,5,0,4,0,1,2,0,1,4,0,0,0,3,5,0,234714745098868252714832,192972944380381488206251,41741800718486764508581,398821345758534105103393,0,0,0,0
7,6,11,0,8,4,0,0,0,0,0,0,0,0,0,0,0,0,2,1,0,0,0,0,449789974423507312901941,0,0,0,0
8,4,12,0,8,7,4,1,3,0,1,2,0,3,1,1,1,0,2,4,0,235949767724339187160917,193118151689231019449240,42831616035108167711677,547286392946034602676798,0,0,0,0
10,7,12,0,9,3,3,0,2,1,0,2,1,2,1,0,0,0,0,3,0,193287590263797789170888,104757663502903137717034,88529926760894651453854,662995184249566820758446,0,0,0,0
7,9,6,0,7,5,8,0,3,2,3,3,2,4,4,0,0,0,0,2,0,404198812852614746338522,246162992862033090560939,158035819990581655777583,530617201713715534155409,0,0,0,0
8,8,10,0,7,4,4,1,4,0,0,3,0,3,1,1,1,1,1,0,0,442824549677584416569294,122526553799000000000000,320297995878584416569294,435377382873753206725846,0,0,1,0
5,6,5,0,13,6,3,0,1,0,2,1,0,2,1,0,0,0,3,2,0,69780234343765432000000,66249177244999999999998,3531057098765432000002,505449680350010606425321,0,0,0,0
6,2,10,0,9,6,2,0,2,0,0,0,0,0,2,0,0,0,2,2,0,2447422259186614899721,2447422259186614899718,3,514524726791003715715454,0,0,0,0
6,3,8,0,7,6,5,0,3,1,1,2,1,2,3,0,0,0,1,0,0,186607097109906423202947,141436244504492464920529,45170852605413958282418,477526909949161451960145,0,0,0,0
12,6,12,0,6,5,5,0,4,0,0,3,1,1,4,0,0,0,0,1,0,270854398683996729573933,153878239173586033880920,116976159510410695693013,530554329285256608441391,0,0,0,0
4,4,6,0,8,4,5,0,3,0,2,3,0,3,2,0,0,0,1,4,0,243113131352772113484376,70355583716999999999997,172757547635772113484379,300000000000156132231866,0,0,0,0
8,4,5,0,4,4,3,0,2,0,1,2,1,1,2,0,0,0,0,4,0,173916475903061728150000,138557872507999999999999,35358603395061728150001,718015167488313311814802,0,0,0,0
5,4,7,0,9,5,2,0,1,0,1,1,1,1,1,0,0,0,2,3,0,64468419993978176850000,62798225308000000000000,1670194685978176850000,477130206448535108274360,0,0,0,0
6,6,6,0,8,3,6,0,4,0,1,1,2,1,5,0,0,0,0,2,0,378175004724888230520686,353628107362374986956437,24546897362513243564249,558618548785334226727175,0,0,0,0
6,9,5,0,3,7,2,0,2,0,0,2,0,0,2,0,0,0,0,3,0,203735593760893212803298,23105016315715853928779,180630577445177358874519,399999000000150000001111,0,0,0,0
12,9,6,0,7,3,6,0,5,0,1,0,0,1,5,0,0,0,1,5,0,153474422720987140603422,153474422720987140603415,7,898070619705919573479210,0,0,0,0
6,4,10,0,13,2,11,0,9,2,0,7,2,3,8,0,0,0,0,4,0,831963997187425563673469,362807991188824729512283,469156005998600834161186,407151444828403649736743,0,0,0,0
7,8,7,0,9,3,5,0,3,0,1,3,2,2,3,0,0,0,2,5,0,478530081008072312935980,234451373901646463389911,244078707106425849546069,484451613911267534379040,0,0,0,0
8,7,5,0,7,2,7,0,3,0,4,3,0,5,2,0,0,0,0,1,0,440871655992225749119123,255473169119000000015435,185398486873225749103688,513011891163017664204544,0,0,0,0
6,5,9,0,8,4,4,0,4,0,0,2,0,2,2,0,0,0,3,2,0,201288386697470332237422,101219520956729591736924,100068865740740740500498,632514200235813872334422,0,0,0,0
8,3,12,0,8,7,4,0,3,0,1,2,0,2,2,0,0,0,1,5,0,327091687320226298181101,279257180157001318248635,47834507163224979932466,457696932644643711094105,0,0,0,0
9,5,13,0,7,3,7,0,4,1,2,3,2,2,5,0,0,0,1,2,0,612167930215453550942940,334577984139216921087838,277589946076236629855102,332888646600364896321836,0,0,0,0
10,5,7,0,6,6,2,0,1,0,0,1,1,1,1,0,0,0,0,1,0,95270653600698448143687,50352754629629629600000,44917898971068818543687,709140665617768639895047,0,0,0,0
7,1,11,0,4,7,3,0,2,1,0,2,1,2,1,0,0,0,0,6,0,217503392733404058023299,95143304596629629600000,122360088136774428423299,328726059330607329229907,0,0,0,0
5,7,5,0,13,6,3,0,2,0,1,2,1,1,2,0,0,0,2,3,0,121617791615394021817587,61486277110999999999998,60131514504394021817589,404899211205850891406866,0,0,0,0
9,9,9,0,5,4,5,0,4,0,0,2,0,1,4,0,0,0,0,4,0,570385259115044394762206,389520595793959854464543,180864663321084540297663,619368830873556322200669,0,0,0,0
10,2,3,0,5,8,3,0,2,1,0,1,1,0,3,0,0,0,1,4,0,151581122339652512378018,146510644151937575967117,5070478187714936410901,419612904704480624233964,0,0,0,0
13,5,5,0,5,4,4,0,2,0,2,0,0,2,2,0,0,0,0,3,0,73780727894921255321454,73780727894921255321452,2,883068719506106714898901,0,0,0,0
8,1,4,0,12,4,3,0,2,1,0,0,1,0,3,0,0,0,1,2,0,57452628007765371222868,57452628007765371222866,2,780147675571510850591473,0,0,0,0
4,2,6,0,8,4,4,0,3,0,1,3,0,2,2,0,0,0,2,4,0,282066837798937228228336,162109140482999999999995,119957697315937228228341,300000000000156132231866,0,0,0,0
8,2,9,0,9,5,6,0,5,0,1,5,1,3,3,0,0,0,0,5,0,508908253927423676246382,312890795088000000001202,196017458839423676245180,300000000000150000024910,0,0,0,0
10,6,9,0,6,6,0,0,0,0,0,0,0,0,0,0,0,0,2,3,0,0,0,0,675846099286552268369401,0,0,0,0
2,1,8,0,10,3,6,0,6,0,0,4,0,2,4,0,0,0,1,3,0,608327177705964745264958,228154321772695236549995,380172855933269508714963,370563216893984317431829,0,0,0,0
6,7,5,0,3,5,2,0,2,0,0,2,0,0,2,0,0,0,0,3,0,167716399456879919641823,44878394035060191086611,122838005421819728555212,399999000000150000002604,0,0,0,0
6,2,6,0,7,8,3,0,2,0,1,2,0,1,2,0,0,0,0,5,0,432376282615848435366022,223189586419004548497488,209186696196843886868534,501358408516602686760193,0,0,0,0
9,8,9,0,7,5,2,0,2,0,0,1,0,1,1,0,0,0,3,1,0,61147589938933108842177,50539732165207648899999,10607857773725459942178,660887061332117501308023,0,0,0,0
8,3,4,0,11,4,6,0,3,0,3,2,0,4,2,0,0,0,1,2,0,165496035552651214861190,125722520347303417309484,39773515205347797551706,320448216199094521565266,0,0,0,0
6,6,9,0,8,3,6,0,6,0,0,4,1,3,3,0,0,0,2,1,0,496781837456975579255229,207920981607372894915462,288860855849602684339767,621408473826790641480159,0,0,0,0
8,4,7,0,12,5,4,0,1,1,2,1,1,3,1,0,0,0,1,2,0,128635882913074771673114,55491990304056578416434,73143892609018193256680,594966006554903756383457,0,0,0,0
12,5,6,0,7,6,5,0,4,0,0,4,1,2,3,0,0,0,2,3,0,434875800349969611662676,161126057540474869217386,273749742809494742445290,573460308835709310023690,0,0,0,0
10,2,7,0,9,3,4,0,3,0,1,3,1,3,1,0,0,0,1,4,0,354156103667183085844947,194793899296000000000000,159362204371183085844947,841868811334778579317746,0,0,0,0
7,6,11,0,4,7,4,0,3,1,0,2,1,1,3,0,0,0,0,5,0,325399094035407825113523,183302189859461553563585,142096904175946271549938,326280953287524184938766,0,0,0,0
9,4,8,0,15,4,3,0,2,0,1,1,0,2,1,0,0,0,0,2,0,212827337921598588321516,136930622582659693699999,75896715338938894621517,715903977186838812998159,0,0,0,0
4,3,7,0,14,5,3,0,2,0,1,1,0,2,1,0,0,0,0,4,0,153844438232906663114508,138444939727382715999999,15399498505523947114509,456372013572280740961719,0,0,0,0
13,3,4,0,9,7,3,0,2,1,0,2,2,1,2,0,0,0,0,3,0,319069926386105757268363,73653112780069538940493,245416813606036218327870,679691223737328055378716,0,0,0,0
6,4,7,0,8,6,9,0,5,1,3,4,2,5,4,0,0,0,2,3,0,478418246377329099370154,270699123024000000298200,207719123353329099071954,303954000000150000273728,0,0,0,0
13,5,5,0,5,4,6,0,2,1,3,1,2,3,3,0,0,0,0,1,0,142127442124942783965725,136062119995996713066735,6065322128946070898990,975328649884506110991002,0,0,0,0
7,5,10,0,8,4,7,0,3,0,3,1,0,3,4,0,0,0,0,1,0,249024336692672497358976,167036008618181216014070,81988328074491281344906,304559351807039656149578,0,0,0,0
6,7,5,0,12,5,4,0,2,0,2,2,0,3,1,0,0,0,0,2,0,651718303446246162380435,332643425042439025557211,319074878403807136823224,348212823219344931957593,0,0,0,0
10,2,6,0,9,6,3,0,1,0,2,1,0,2,1,0,0,0,0,2,0,276358923432797254550000,253214562073000000000000,23144361359797254550000,408719615302717328831014,0,0,0,0
10,5,9,0,6,5,2,0,2,0,0,2,1,1,1,0,0,0,2,1,0,155529732820041133345501,50015000000000000000000,105514732820041133345501,743920918444491576760539,0,0,0,0
6,7,6,0,4,3,4,0,3,0,0,3,1,1,3,0,0,0,0,2,0,444180155443296526849663,141855030864197530799999,302325124579098996049664,406031137435809862868913,0,0,0,0
8,5,7,0,9,5,3,0,1,1,1,0,1,1,2,0,0,0,2,0,0,218468410637447240633698,218468410637447240633696,2,299750000000152424296776,0,0,0,0
10,9,9,0,10,7,1,0,1,0,0,0,0,0,1,0,0,0,1,2,0,1494598765432098750000,1494598765432098749999,1,521002220841698013806445,0,0,0,0
8,3,4,0,11,5,4,0,2,0,2,2,0,2,2,0,0,0,0,5,0,141322493541937680107083,86515961391279953248863,54806532150657726858220,300000000000148042824075,0,0,0,0
8,5,8,0,8,7,0,0,0,0,0,0,0,0,0,0,0,0,2,4,0,0,0,0,376305689195836266159169,0,0,0,0
6,3,11,0,4,10,4,0,1,2,1,0,2,1,3,0,0,0,2,2,0,49486320160331857919017,49486320160331857919016,1,505666309022816274203209,0,0,0,0
10,8,8,0,9,3,3,0,2,1,0,2,1,1,2,0,0,0,4,2,0,114275018560383011686061,104080755388668659685429,10194263171714352000632,692745414095857386362712,0,0,0,0
10,3,7,0,9,4,5,1,3,0,0,2,2,2,3,1,1,0,0,4,0,359114281516318639915735,168735475380337949242024,190378806135980690673711,832843522843153633140861,0,0,0,0
10,5,6,0,6,5,6,0,3,0,2,2,0,3,3,0,0,0,0,4,0,174671857441026639279042,139271892661223939226974,35399964779802700052068,403337055882700577617533,0,0,0,0
5,4,14,0,8,4,8,0,5,0,0,3,4,2,6,0,0,0,0,0,0,212244111143581932445189,130704642527636205057957,81539468615945727387232,519167981582782256523534,0,0,0,0
10,1,7,0,8,9,4,0,2,0,2,1,0,2,2,0,0,0,1,2,0,141256686245210423813748,70963893309999999999994,70292792935210423813754,582053300697234178855820,0,0,0,0
13,5,4,0,9,5,2,0,0,2,0,0,2,0,2,0,0,0,2,2,0,12541138918802995082433,12541138918802995082433,0,768464687669830311663178,0,0,0,0
10,5,13,0,8,6,3,0,3,0,0,2,0,1,2,0,0,0,0,3,0,224778992415939800001180,119132651669999999999996,105646340745939800001184,881956684122502505596282,0,0,0,0
5,5,7,0,5,4,5,0,4,0,1,1,1,1,4,0,0,0,2,2,0,341885966517085196262378,168466119227896370441717,173419847289188825820661,500216165373096512741208,0,0,0,0
8,5,8,0,13,10,0,0,0,0,0,0,0,0,0,0,0,0,0,0,0,0,0,0,555808447366509983342047,0,0,0,0
12,5,8,0,8,5,6,0,3,0,3,2,0,4,2,0,0,0,0,1,0,473887665767112467500375,332276040994477025383946,141611624772635442116429,958364652722487744689019,0,0,0,0
6,8,5,0,12,4,4,0,3,0,1,3,0,3,1,0,0,0,0,2,0,537242519168460473949604,248915146737956885925637,288327372430503588023967,384232268392983262509204,0,0,0,0
9,3,11,0,13,7,2,0,0,0,2,0,0,2,0,0,0,0,3,1,0,148619005198000000000000,148619005198000000000000,0,454283989292803732628215,0,0,0,0
10,4,6,0,6,4,4,0,4,0,0,4,1,1,3,0,0,0,0,5,0,714296883692395252915944,364292998968335280562027,350003884724059972353917,550015503351450042063737,0,0,0,0
9,5,7,0,7,5,8,0,4,1,2,3,2,3,5,0,0,0,0,2,0,719822132707187976792057,407707820878442741995674,312114311828745234796383,418055537266160242320577,0,0,0,0
8,4,7,0,9,5,3,0,2,1,0,1,1,1,2,0,0,0,2,0,0,145994678980912037510521,82590462920751826927631,63404216060160210582890,351522423793958312352435,0,0,0,0
9,10,9,0,3,3,7,0,7,0,0,5,0,4,3,0,0,0,3,2,0,395839884960417903376515,225841425009491562643489,169998459950926340733026,487025532722878517949614,0,0,0,0
7,5,8,0,9,4,4,1,2,0,2,1,0,3,1,1,1,0,0,2,0,311927630434879765524509,193640258708000000000000,118287371726879765524509,435223625111619679575002,0,0,0,0
9,7,9,0,3,3,8,0,6,2,0,5,3,2,6,0,0,0,0,5,0,670175954130396016876847,278633916842514732415250,391542037287881284461597,427177591950031781572592,0,0,0,0
10,8,8,0,9,3,6,0,5,1,0,3,1,3,3,0,0,0,3,0,0,360400957179258130228801,129636280777763462128842,230764676401494668099959,684247378743602496861399,0,0,0,0
9,5,4,0,5,7,4,0,4,0,0,3,0,1,3,0,0,0,0,5,0,384967963247688258340941,277040544638721701999996,107927418608966556340945,343576777104432579823294,0,0,0,0
6,8,10,0,6,6,3,0,3,0,0,3,1,0,3,0,0,0,1,3,0,204673934327035806050886,97933533590545511712577,106740400736490294338309,397913533590684136966887,0,0,0,0
8,7,11,0,10,4,1,0,0,1,0,0,1,0,1,0,0,0,2,2,0,35757004112902948500000,35757004112902948500000,0,668219240556635850964384,0,0,0,0
10,2,7,0,8,8,3,0,1,0,2,0,0,2,1,0,0,0,1,3,0,22828825734975308600000,22828825734975308599999,1,582053300697234178838878,0,0,0,0
5,4,16,0,5,4,4,0,3,0,1,3,1,1,3,0,0,0,0,1,0,670963831017759158650705,202139687352726020563649,468824143665033138087056,281517934119555399928241,0,0,0,0
2,7,7,0,7,8,7,0,4,0,3,2,0,5,2,0,0,0,0,4,0,280774306413781752130415,85608918424377722268132,195165387989404029862283,300000000000141573881173,0,0,0,0
5,1,7,0,6,4,4,0,3,0,0,3,2,2,2,0,0,0,1,5,0,289522033008431406270640,150000000000000000000000,139522033008431406270640,385942515432250183857829,0,0,0,0
8,6,8,0,13,8,0,0,0,0,0,0,0,0,0,0,0,0,0,0,0,0,0,0,517441827067043947298897,0,0,0,0
6,5,9,0,9,6,3,0,2,0,1,1,0,2,1,0,0,0,0,2,0,212455111521707860326355,103750777329194866449999,108704334192512993876356,495403803630571171865603,0,0,0,0
7,5,6,0,7,9,4,0,0,1,3,0,1,3,1,0,0,0,0,3,0,27439157867000000000240,27439157867000000000240,0,350048000000002445442282,0,0,0,0
11,3,12,0,6,2,9,0,7,0,2,5,1,4,5,0,0,0,0,1,0,831085226893586705325971,373818412163699039584693,457266814729887665741278,475338201753695829905129,0,0,0,0
10,3,5,0,11,5,2,0,2,0,0,2,1,0,2,0,0,0,1,4,0,285089042042371867789999,150000000000000001007340,135089042042371866782659,636538247531451461410508,0,0,0,0
10,6,6,0,6,6,4,0,4,0,0,3,1,0,4,0,0,0,0,5,0,308839511149823037835383,149908028292649728885381,158931482857173308950002,406999937821402870019565,0,0,0,0
7,4,3,0,7,6,3,0,2,0,1,2,1,1,2,0,0,0,1,9,0,170360072945607271260741,73003750953999999999999,97356321991607271260742,403164690000326483481617,0,0,0,0
6,2,7,0,10,4,6,0,2,2,2,0,2,2,4,0,0,0,4,3,0,94426168263936525276148,94426168263936525276146,2,427428999576855742382882,0,0,0,0
13,7,7,0,5,7,9,0,6,0,3,3,0,5,4,0,0,0,0,2,0,563961863734376612151406,373330744554000029585434,190631119180376582565972,503887942531098333810766,0,0,0,0
9,7,9,0,3,2,5,0,4,1,0,3,1,1,4,0,0,0,1,7,0,585557276968141847821228,336882614389169944562533,248674662578971903258695,483258973804927203334384,0,0,0,0
5,7,10,0,8,5,5,0,5,0,0,1,0,1,4,0,0,0,1,4,0,218973971256933001309284,166006971554360588331926,52966999702572412977358,464509348090392667488225,0,0,0,0
11,6,8,0,9,4,3,0,3,0,0,3,1,0,3,0,0,0,0,1,0,501711390061511349507461,111719618529083116876880,389991771532428232630581,538964756364372741564829,0,0,0,0
7,4,9,0,10,3,1,0,1,0,0,1,0,1,0,0,0,0,0,1,0,64687865177000551665994,50000000300000000000000,14687864877000551665994,729308064844493391050175,0,0,0,0
8,6,10,0,10,5,1,0,0,1,0,0,1,0,1,0,0,0,2,2,0,34225396521934567400000,34225396521934567400000,0,538584765822127830706814,0,0,0,0
9,5,7,0,8,3,4,0,4,0,0,3,0,2,2,0,0,0,0,4,0,345193001446685618096084,186708058069423527558513,158484943377262090537571,466526728796201258462336,0,0,0,0
13,3,6,0,7,4,3,1,3,0,0,2,1,1,2,1,1,0,3,2,0,128732496888221503170844,52390000000000000000000,76342496888221503170844,597966531930917103850480,0,0,0,0
5,2,7,0,6,5,3,0,2,0,0,2,2,1,2,0,0,0,1,6,0,245983827120436574331965,100000000000000000000000,145983827120436574331965,385942515432250183857946,0,0,0,0
8,5,7,0,11,7,5,0,2,0,3,1,1,3,2,0,0,0,2,0,0,209553843159168930555390,101015569678000000024580,108538273481168930530810,359491030338683251940183,0,0,0,0
8,7,6,0,6,3,4,0,0,1,3,0,1,3,1,0,0,0,4,0,0,112759559853821356850000,112759559853821356850000,0,685775693502519429973817,0,0,0,0
10,7,11,0,6,3,5,0,4,1,0,2,1,0,5,0,0,0,1,3,0,292512496609848615320955,282000130818131986637127,10512365791716628683828,490553907638025609209334,0,0,0,0
9,6,8,0,8,5,1,0,0,0,1,0,0,1,0,0,0,0,0,4,0,12594521604000000000000,12594521604000000000000,0,555158189564717533085907,0,0,0,0
11,0,12,0,6,2,7,0,5,0,2,3,1,3,4,0,0,0,1,2,0,625496608324808327477168,271409193421117578216210,354087414903690749260958,587233708318278080689973,0,0,0,0
8,2,4,0,5,8,3,0,2,0,0,1,0,1,2,0,0,0,0,1,0,390384889439146244927832,172687851061167551599999,217697038377978693327833,333942117076903006271642,0,0,0,0
9,5,3,0,18,4,5,0,5,0,0,4,1,1,4,0,0,0,1,2,0,493630631708089828626994,167939143518518518499996,325691488189571310126998,478484945983270719680685,0,0,0,0
6,5,10,0,5,6,4,0,4,0,0,4,1,2,2,0,0,0,0,2,0,761183583902816530724647,346873527840541196648950,414310056062275334075697,445015747419170375701334,0,0,0,0
4,5,5,0,14,3,8,1,5,1,2,4,2,3,5,1,1,0,0,2,0,627485355649665901205072,172363050292444829849093,455122305357221071355979,313931558478033969624327,0,0,0,0
13,8,7,0,5,7,9,0,5,0,4,2,0,5,4,0,0,0,0,2,0,540971268460161738169105,355587498236000029585433,185383770224161708583672,563886942531054689387193,0,0,0,0
7,4,6,0,5,6,5,0,4,0,1,4,2,3,2,0,0,0,0,6,0,209989633172883854860374,137845163318000000000009,72144469854883854860365,371269953054443633119232,0,0,0,0
15,0,14,0,4,6,3,0,3,0,0,2,0,0,3,0,0,0,0,0,0,190163911681680831019737,133826189966951565526032,56337721714729265493705,789460435239877580774999,0,0,0,0
7,5,9,0,10,3,1,0,1,0,0,1,0,1,0,0,0,0,0,1,0,63694015267614242164770,49885000000000000000000,13809015267614242164770,729423064844493391057118,0,0,0,0
10,3,7,0,7,5,6,0,6,0,0,2,0,1,5,0,0,0,0,2,0,328698738767139280032241,200128552672989550111457,128570186094149729920784,549352985708958405107138,0,0,0,0
13,2,8,0,2,3,4,0,4,0,0,3,0,1,3,0,0,0,0,4,0,591096415489316441878849,338947351433928864400162,252149064055387577478687,622447183294334425249297,0,0,0,0
10,8,9,0,8,5,5,0,5,0,0,2,0,1,4,0,0,0,0,5,0,162053717111846909205019,141865580958851528963218,20188136152995380241801,320210831503287180886645,0,0,0,0
8,5,6,0,6,3,4,0,1,0,3,1,1,3,1,0,0,0,4,0,0,154805981280387066150000,126740364692000000000000,28065616588387066150000,721831922533902731113988,0,0,0,0
9,7,4,0,8,2,11,0,6,2,3,4,2,4,7,0,0,0,2,3,0,618219525462363613461221,462153683508938665096505,156065841953424948364716,532606137756410868228450,0,0,0,0
9,4,12,0,14,7,7,0,3,2,2,3,2,3,4,0,0,0,0,1,0,435588086523184973103959,240844047483419679996865,194744039039765293107094,420691150141013587444742,0,0,0,0
6,0,10,0,10,5,3,0,2,0,1,1,0,2,1,0,0,0,1,5,0,99615937700381720692067,93881726256148148099999,5734211444233572592068,453269759770573500536538,0,0,0,0
8,6,4,0,5,8,3,0,1,0,1,0,0,1,2,0,0,0,1,0,0,67546358867511444250000,67546358867511444249998,2,417463631822211295667862,0,0,0,0
7,4,8,0,9,4,7,0,4,1,0,2,2,1,6,0,0,0,0,2,0,266476017156729632533594,214125173539577668041750,52350843617151964491844,461472017441316166020290,0,0,0,0
7,7,10,0,5,4,3,0,2,0,1,2,0,2,1,0,0,0,0,3,0,439319089043179872223844,358413763121423913388667,80905325921755958835177,518250959207013253593715,0,0,0,0
7,6,7,0,4,5,2,0,1,0,1,1,0,1,1,0,0,0,4,4,0,197131945444275355908520,81138466721999999999997,115993478722275355908523,452370832436777143228181,0,0,0,0
11,6,7,0,11,4,3,0,2,0,0,2,1,0,3,0,0,0,0,2,0,398239244317700926321756,245592403149818569806360,152646841167882356515396,569583653888508219235030,0,0,0,0
4,10,5,0,14,3,7,1,4,1,2,3,1,4,3,1,1,0,1,2,0,697312443087899187887673,134755652471636877425303,562556790616262310462370,333233587010808460218114,0,0,0,0
7,0,8,0,10,4,3,0,3,0,0,2,0,0,3,0,0,0,1,6,0,260832070877570885420013,99999999999999999999995,160832070877570885420018,558552074541262381340128,0,0,0,0
5,4,12,0,8,6,3,0,1,0,0,1,0,1,2,0,0,1,0,4,0,166543288112475838934846,65686548269373180300000,100856739843102658634846,296725501543359876550000,0,0,1,0
10,5,6,0,6,4,6,0,4,0,2,4,0,3,3,0,0,0,0,6,0,422110111032337997236538,276432638511000000049995,145677472521337997186543,389999007719483097094139,0,0,0,0
10,2,7,0,7,4,6,0,6,0,0,2,1,1,5,0,0,0,0,2,0,356572355477372874217461,262740893459993635569120,93831462017379238648341,534820263974876329519068,0,0,0,0
8,5,6,0,12,4,5,0,3,0,2,2,0,3,2,0,0,0,0,3,0,214989902073676695878735,159067519037925925800972,55922383035750770077763,566157776251365627506678,0,0,0,0
14,6,9,0,9,3,6,0,4,1,1,3,1,2,4,0,0,0,1,2,0,420856213131413340922774,185388708020032480699687,235467505111380860223087,440664525874351914206217,0,0,0,0
10,4,13,0,8,7,9,0,6,2,1,2,2,2,7,0,0,0,3,0,0,140180861084211990134813,120081759174986490035201,20099101909225500099612,630889641718631081607369,0,0,0,0
9,4,12,0,14,8,7,0,3,2,2,3,2,4,3,0,0,1,0,0,0,700197777500833539941965,383364701628378319768276,316833075872455220173689,420651498304238815120776,0,0,1,0
11,5,4,0,9,5,5,0,4,1,0,1,1,1,4,0,0,0,1,0,0,525169140047053917547084,407762448885260686752159,117406691161793230794925,513858105437521532336928,0,0,0,0
6,4,5,0,6,6,5,0,4,0,0,2,1,1,4,0,0,0,4,7,0,314498004118358972931312,211789142225040324951679,102708861893318647979633,289476068541212369300000,0,0,0,0
11,2,8,0,9,4,7,0,2,0,3,1,1,3,4,0,0,0,0,3,0,352112310017148168879845,306030436285246551987971,46081873731901616891874,620058005929281551874809,0,0,0,0
7,6,10,0,5,5,2,0,1,0,1,1,0,2,0,0,0,1,0,3,0,77004637604912476517704,76879123457000000000000,125514147912476517704,533412936426017815426060,0,0,1,0
12,2,10,0,11,5,3,0,1,0,1,0,0,1,2,0,0,0,0,2,0,137815421438892455345224,137815421438892455345221,3,605890538375451871138019,0,0,0,0
10,2,6,0,5,6,5,0,5,0,0,4,1,1,4,0,0,0,1,2,0,750936013433944365336805,456419802335691626413920,294516211098252738922885,472939785592972597380362,0,0,0,0
5,4,3,0,8,6,5,0,4,0,1,3,0,1,4,0,0,0,0,3,0,457469079626291762267144,146043274744714764065333,311425804881576998201811,249835108000167813868924,0,0,0,0
7,3,8,0,10,4,2,0,2,0,0,1,0,0,2,0,0,0,1,7,0,169832841714726987550000,50865547839506172799996,118967293875220814750004,543871106739075030505647,0,0,0,0
8,7,4,0,10,7,4,0,2,0,2,1,1,2,2,0,0,0,0,2,0,240337229243300680623038,61799199973962962899998,178538029269337717723040,486080138727676780414314,0,0,0,0
8,2,6,0,6,5,6,0,4,0,2,2,1,2,4,0,0,0,0,7,0,317077789246059399140029,182852380260187507701992,134225408985871891438037,407954449466240459698096,0,0,0,0
7,7,7,0,10,2,5,0,3,0,1,3,2,2,3,0,0,0,0,3,0,222774036734458049122654,122066570459265267426168,100707466275192781696486,426284187741787306538150,0,0,0,0
11,3,8,0,9,5,1,0,1,0,0,1,0,1,0,0,0,0,2,4,0,148827269455449454529172,81396903783000000000000,67430365672449454529172,436847671334204847284810,0,0,0,0
14,4,9,0,9,3,5,0,4,0,1,3,0,2,3,0,0,0,1,3,0,273543102421809440180134,167643492143718092006560,105899610278091348173574,441202136150317067456106,0,0,0,0
8,3,9,0,9,5,9,0,6,0,2,6,1,5,4,0,0,0,0,4,0,854567602245760422415868,342188477592000000003240,512379124653760422412628,343031986111257271890931,0,0,0,0
8,1,11,0,3,7,7,0,6,0,0,5,1,2,5,0,0,0,1,5,0,562925776660397702125483,342220442753727020491276,220705333906670681634207,562991690497796042099213,0,0,0,0
5,4,12,0,2,6,3,0,2,0,0,2,0,1,2,0,0,0,0,3,0,164401785021591669883113,83057438271604938254609,81344346749986731628504,343752826140903569617234,0,0,0,0
6,4,5,0,6,8,4,0,3,0,0,1,1,0,4,0,0,0,5,7,0,303121436966923556806303,121639372210319836406296,181482064756603720400007,365067047699958182764098,0,0,0,0
10,4,8,0,7,2,4,0,3,0,1,2,0,2,2,0,0,0,1,1,0,249763000967990542346179,145715609058432902250449,104047391909557640095730,759419546170138801194311,0,0,0,0
7,5,12,0,8,4,5,0,4,0,1,3,0,3,2,0,0,0,0,1,0,598661518073712580847866,519969777533360694157065,78691740540351886690801,475584616208718509059219,0,0,0,0
11,6,4,0,5,2,1,0,0,1,0,0,1,0,1,0,0,0,4,0,0,20548489505568395049400,20548489505568395049400,0,698529244926845600714551,0,0,0,0
10,2,6,0,5,8,4,0,3,0,1,3,2,1,3,0,0,0,0,4,0,699080432011063486759505,408518959042000000042010,290561472969063486717495,421299455825701010192825,0,0,0,0
10,7,6,0,9,4,4,0,2,1,1,1,2,1,3,0,0,0,5,4,0,69849899681977676112450,69849899680107376685688,1870299426762,647239998344130666080807,0,0,0,0
6,4,9,0,11,3,8,0,4,2,1,4,3,3,5,0,0,0,1,1,0,408413896759875594799753,245972206376286576950919,162441690383589017848834,370089990142855338850451,0,0,0,0
5,6,6,0,12,5,4,0,2,0,2,1,0,2,2,0,0,0,1,8,0,148906936188925101230967,96176279822409042907285,52730656366516058323682,318723736984133603117138,0,0,0,0
9,1,8,0,6,3,5,0,2,1,2,1,1,3,2,0,0,0,1,2,0,198869095053349850992567,140391008667707314945739,58478086385642536046828,651322885373769854162448,0,0,0,0
8,3,6,0,6,5,5,0,3,0,2,1,1,2,3,0,0,0,0,8,0,211777677317763640400000,209218070836282158999998,2559606481481481400002,438126380703483624165127,0,0,0,0
6,3,4,0,9,8,5,0,4,0,1,4,2,2,3,0,0,0,0,4,0,445275107684972538705974,120539878670000000099998,324735229014972538605976,300000000000150000100000,0,0,0,0
8,8,8,0,4,7,3,0,3,0,0,2,0,2,1,0,0,0,2,1,0,185353575473527114168601,78250023148148148099999,107103552325378966068602,582506507711269362728357,0,0,0,0
8,7,11,0,10,4,4,0,3,0,1,2,1,1,3,0,0,0,0,1,0,221756992944896113376963,91211717177197530850952,130545275767698582526011,587995196429552612431567,0,0,0,0
8,3,11,0,3,4,6,1,5,0,0,3,0,3,3,1,1,0,0,7,0,613380390227395369032279,347856456706400103766987,265523933520995265265292,657040583502133156444266,0,0,0,0
6,7,3,0,10,5,2,0,2,0,0,2,0,1,1,0,0,0,0,1,0,228870831157443212579161,75492194153026743180394,153378637004416469398767,475503034618674942323984,0,0,0,0
7,9,7,0,12,5,3,0,2,0,1,1,0,2,1,0,0,0,2,2,0,104540376711046220555764,72085510608921186499999,32454866102125034055765,493898105852059723133797,0,0,0,0
3,5,6,0,9,6,5,0,4,0,1,2,0,2,3,0,0,0,1,2,0,252945629856519934813516,196873396782631077621522,56072233073888857191994,313550016661424921976747,0,0,0,0
7,5,12,0,8,5,5,0,4,0,1,2,0,3,2,0,0,0,0,1,0,330145581659396054847799,277076939728097688296367,53068641931298366551432,328365641144964708624348,0,0,0,0
8,4,9,0,11,2,4,0,2,0,2,1,0,2,2,0,0,0,0,6,0,128431958439555044055635,96189001921999999999998,32242956517555044055637,406616350900953430386959,0,0,0,0
9,4,8,0,6,2,1,0,0,0,0,0,0,0,1,0,0,0,3,0,0,17635223765432098700000,17635223765432098700000,0,823598910235159138304307,0,0,0,0
4,7,10,0,12,4,5,0,5,0,0,2,0,0,5,0,0,0,0,2,0,242337043863247452075631,154830034778311609662104,87507009084935842413527,404317629088513323887263,0,0,0,0
3,7,14,0,10,7,4,0,3,0,0,3,0,1,3,0,0,0,0,1,0,576060649895811490487280,59124902506444444395298,516935747389367046091982,292352255326328812249099,0,0,0,0
6,3,9,0,11,3,7,0,4,1,1,4,2,3,4,0,0,0,1,2,0,457722633671436130503364,238569706196773632326508,219152927474662498176856,370089990142855338850451,0,0,0,0
6,4,5,0,10,5,2,0,2,0,0,2,1,0,2,0,0,0,1,2,0,287944662685328873649999,199999000000000000000012,87945662685328873649987,324414141158898788013829,0,0,0,0
8,3,12,0,7,5,6,0,5,0,0,5,1,4,2,0,0,0,2,6,0,456695756718153258568176,247490851095518518449998,209204905622634740118178,399999000005150000000000,0,0,0,0
8,2,9,0,10,5,2,0,0,1,0,0,1,0,2,0,0,0,1,3,0,37926989851562424181969,37926989851562424181969,0,528098757462630995884420,0,0,0,0
8,5,8,0,4,7,4,0,2,1,1,2,1,3,1,0,0,0,0,2,0,255723137958631271139174,156199273902157127968212,99523864056474143170962,478595372803760376439121,0,0,0,0
6,4,11,0,9,3,4,0,2,0,2,2,1,3,1,0,0,0,0,3,0,363952357257005973435007,183951714056000000000000,180000643201005973435007,632032060604833374226308,0,0,0,0
10,3,12,0,11,4,3,0,3,0,0,1,0,1,2,0,0,0,3,1,0,148725547363012372963190,134883850040787163310584,13841697322225209652606,524292528499627658315761,0,0,0,0
8,5,9,0,8,7,5,0,4,0,1,4,1,3,2,0,0,0,0,3,0,274949452421878591873820,104082083727536663017731,170867368694341928856089,372750505594467677087839,0,0,0,0
7,11,7,0,12,3,4,0,3,1,0,2,1,2,2,0,0,0,1,2,0,268457390009729021572260,127755583237388677973498,140701806772340343598762,542170327965504331139288,0,0,0,0
6,7,9,0,6,2,6,0,5,0,1,3,0,3,3,0,0,0,0,2,0,572566883438724095722735,331799452398698304756266,240767431040025790966469,545662667720240297316125,0,0,0,0
7,4,7,0,5,6,4,0,2,2,0,2,2,1,3,0,0,0,0,3,0,261203303151013402903589,149350492670823406499485,111852810480189996404104,399999000000150000028486,0,0,0,0
6,8,7,0,5,3,7,1,5,0,2,3,1,3,4,1,1,0,1,2,0,621948561343748513109034,295178030814299262967311,326770530529449250141723,500123971507113554535167,0,0,0,0
5,2,7,0,11,6,5,0,4,1,0,4,2,2,3,0,0,0,2,3,0,736720625761645136315858,175244459577543209799998,561476166184101926515860,288191759741406026871740,0,0,0,0
4,7,10,0,12,4,6,0,6,0,0,3,1,1,5,0,0,0,0,1,0,389266681427340476330292,203132274703190423447533,186134406724150052882759,369218173338580998762695,0,0,0,0
8,4,10,0,5,6,3,0,2,1,0,2,1,2,1,0,0,1,0,1,0,175738917989239878320830,139232060185185185100000,36506857804054693220830,399999000000150000000007,0,0,1,0
9,5,5,0,8,5,4,0,3,1,0,1,1,0,4,0,0,0,1,4,0,170272273470311541670531,141616494945609492570526,28655778524702049100005,598154964974826680265027,0,0,0,0
6,5,14,0,8,3,2,0,2,0,0,1,0,0,2,0,0,0,3,4,0,200405105935473407477917,168327385955127228427905,32077719980346179050012,427583334046061235754967,0,0,0,0
8,5,12,0,7,6,8,0,2,1,4,2,2,5,3,0,0,0,1,5,0,279721228442046932618689,211353001230010797763543,68368227212036134855146,399999000005150000000000,0,0,0,0
6,5,9,0,6,7,3,0,2,0,1,2,1,2,1,0,0,0,1,2,0,441374831251918687485316,211825967609000000000000,229548863642918687485316,349999000000205835176319,0,0,0,0
5,4,6,0,6,6,3,0,2,0,0,2,1,0,3,0,0,0,0,3,0,302690936643805946092006,99599690844674425364277,203091245799131520727729,351796647260208908192992,0,0,0,0
6,5,6,0,8,3,4,0,3,1,0,3,1,2,2,0,0,0,2,5,0,498363695584286582677513,388054764088218513079361,110308931496068069598152,490016537225405922289184,0,0,0,0
10,2,12,0,11,4,4,0,4,0,0,2,1,1,3,0,0,0,1,2,0,199087990437210953826034,178582285300057854570049,20505705137153099255985,524292528499627658315761,0,0,0,0
17,3,4,0,11,5,2,0,1,1,0,1,1,0,2,0,0,0,0,3,0,35543450211486177785296,35543450211486177779876,5420,829653141954766955392722,0,0,0,0
8,5,11,0,5,6,3,0,2,0,1,1,0,1,2,0,0,0,0,2,0,282340126228520416577984,249045273270405101249609,33294852958115315328375,370193733890668101196769,0,0,0,0
6,5,6,0,6,6,3,0,2,1,0,1,2,0,3,0,0,0,2,7,0,14990589013860740533906,14985281902652812246122,5307111207928287784,343945528233507653850035,0,0,0,0
7,4,7,0,5,5,3,0,2,1,0,2,1,1,2,0,0,0,2,2,0,241300859004161020570885,135042191290313610949999,106258667713847409620886,399999000000150000028609,0,0,0,0
9,4,9,0,8,8,6,0,3,0,2,1,1,3,3,0,0,0,1,0,0,233844202298313118246271,133842134632191202523433,100002067666121915722838,533334329259944057234356,0,0,0,0
6,3,8,0,10,5,3,0,3,0,0,3,1,1,2,0,0,0,0,3,0,342999344217082481220110,105999960000000000002706,236999384217082481217404,428799569055915530870740,0,0,0,0
5,4,4,0,10,3,3,0,3,0,0,2,1,1,2,0,0,0,1,2,0,247156970897622107538910,96382876363974587987406,150774094533647519551504,529107522577854879040836,0,0,0,0
4,3,6,0,5,4,4,0,4,0,0,4,1,1,3,0,0,0,0,4,0,480681762108465714936764,218232666148029989678519,262449095960435725258245,402698293049092354234245,0,0,0,0
9,5,5,0,8,5,3,0,2,1,0,1,1,0,3,0,0,0,1,5,0,140723686439353917267833,108885418695738001118331,31838267743615916149502,629451589427427184828030,0,0,0,0
8,3,9,0,11,5,5,0,4,0,0,4,1,2,3,0,0,0,0,5,0,581814999818902605545899,378376683475145046102651,203438316343757559443248,461427643489252786244598,0,0,0,0
5,3,9,0,10,3,4,0,4,0,0,4,1,1,3,0,0,0,1,3,0,560717082687631940707834,162403351499999999999997,398313731187631940707837,342908412716010392577941,0,0,0,0
4,5,8,0,8,4,7,0,7,0,0,5,1,2,5,0,0,0,1,3,0,490876432153638380333056,274866918231066830265105,216009513922571550067951,300001000000150000000003,0,0,0,0
5,4,6,0,6,7,2,0,1,0,0,1,0,0,2,0,0,0,0,4,0,208383485756054904400000,67004436728395061699997,141379049027659842700003,408934698506495658224992,0,0,0,0
8,4,9,0,7,5,1,0,0,0,0,0,1,0,1,0,0,0,0,3,0,19868827160493827100000,19868827160493827100000,0,553049496081369148888466,0,0,0,0
9,4,5,0,8,7,2,0,2,0,0,1,0,0,2,0,0,0,0,4,0,37681816153887939068218,36262311557200898953885,1419504596687040114333,506624157199471415782349,0,0,0,0
9,4,6,0,6,5,3,0,2,1,0,2,1,0,3,0,0,0,1,1,0,328568986714590153105094,135340367410408160742342,193228619304181992362752,700986015833913160103371,0,0,0,0
8,7,11,0,5,7,4,1,3,0,1,2,0,1,3,1,1,0,1,0,0,291365558458389517217097,184757877054011926774556,106607681404377590442541,470192733890568102196992,0,0,0,0
4,5,9,0,7,6,5,0,5,0,0,2,0,0,5,0,0,0,1,1,0,136701525653621793578655,99958091926052392240838,36743433727569401337817,294693287037187037051225,0,0,0,0
10,5,8,0,5,7,4,0,4,0,0,3,2,0,4,0,0,0,0,4,0,406443448334846059161787,197887564343527831026467,208555883991318228135320,308631952577857710249290,0,0,0,0
10,1,3,0,11,4,4,0,3,0,0,1,0,0,4,0,0,0,1,3,0,113655128905457039295438,113655128905457039285592,9846,798595227039065247623087,0,0,0,0
6,2,8,0,10,6,6,0,5,0,1,5,2,3,3,0,0,0,0,0,0,518514813852278510373002,267454001984000000029788,251060811868278510343214,428799569055915530870870,0,0,0,0
11,1,11,0,7,7,5,0,5,0,0,2,1,0,5,0,0,0,1,3,0,291859707875131999330602,147338469924622321318837,144521237950509678011765,359471843269248817479591,0,0,0,0
6,6,6,0,11,4,7,0,4,1,1,3,2,2,5,0,0,0,1,2,0,434257956332949356841930,198017998710785177737693,236239957622164179104237,341284270335767518860036,0,0,0,0
10,7,3,0,10,5,6,0,3,0,3,2,0,5,1,0,0,0,3,0,0,407008767448705223880287,374268265815382614765508,32740501633322609114779,463808990011149683107289,0,0,0,0
10,7,9,0,11,5,2,0,0,0,0,0,0,0,2,0,0,0,0,2,0,32264181651140206599859,32264181651140206599859,0,343930134259409259327183,0,0,0,0
5,3,9,0,10,5,3,0,3,0,0,3,0,2,1,0,0,0,0,5,0,277558938805348641418580,144880014903999999999999,132678923901348641418581,300000000000230598586547,0,0,0,0
9,4,11,0,11,5,3,0,3,0,0,1,0,1,2,0,0,0,0,3,0,181622564809119319253740,121055145827637837906707,60567418981481481347033,488002966240035989782919,0,0,0,0
7,5,5,0,6,5,6,0,4,1,1,4,3,2,4,0,0,0,0,3,0,701815685809933574600074,476825450609245034969152,224990235200688539630922,472216077043215046818785,0,0,0,0
8,5,9,0,5,4,3,0,3,0,0,3,1,1,2,0,0,0,1,2,0,353021504035720752777463,231457230794000000035887,121564273241720752741576,459880947485171590036576,0,0,0,0
9,2,5,0,8,6,2,0,2,0,0,1,0,0,2,0,0,0,0,4,0,37482732637608642064330,36063228040921601949997,1419504596687040114333,586948341559970118569711,0,0,0,0
7,4,4,0,13,4,7,0,5,0,1,3,0,1,6,0,0,0,0,2,0,338577777885383393536248,203440634952450342181593,135137142932933051354655,559417225642848443823717,0,0,0,0
7,2,8,0,9,5,3,0,2,1,0,2,1,1,2,0,0,0,1,4,0,450258595820468086328560,199999000000129596472854,250259595820338489855706,651976474300532174236009,0,0,0,0
8,6,10,0,7,6,4,0,3,0,1,2,1,1,3,0,0,0,1,1,0,292395612569621963130774,212468018294471330534986,79927594275150632595788,541730201405351973698942,0,0,0,0
10,3,8,0,5,5,3,0,3,0,0,3,1,2,1,0,0,0,0,5,0,501482039950475346392138,200000008275000000000000,301482031675475346392138,619671656218253903722787,0,0,0,0
13,5,6,0,5,3,8,0,6,1,1,3,1,2,6,0,0,0,1,2,0,774809854238457098857521,372818141478964352726887,401991712759492746130634,677254703031903791341725,0,0,0,0
3,3,11,0,14,8,7,0,6,1,0,5,1,3,4,0,0,0,0,1,0,755567741474183513694389,352642391859240157441024,402925349614943356253365,322964768430230501117553,0,0,0,0
14,4,13,0,8,6,3,0,2,0,0,1,0,1,2,0,0,0,1,7,0,469182069026922788556410,399174668757223756056763,70007400269699032499647,845798743035340962841523,0,0,0,0
6,6,6,0,11,3,7,0,4,1,1,4,2,3,4,0,0,0,1,2,0,538969363833204155919925,189912711244357673767822,349056652588846482152103,406313464254925111238137,0,0,0,0
9,8,8,0,4,7,4,0,2,1,1,2,1,3,1,0,0,0,0,2,0,185531594693808924742310,68400088457901234550000,117131506235907690192310,382377002432154701194778,0,0,0,0
12,10,5,0,6,5,1,0,1,0,0,0,0,0,1,0,0,0,1,3,0,15068248237433970018304,15068248237433970018303,1,794846089461787217940594,0,0,0,0
6,1,6,0,9,7,7,0,5,1,0,4,1,2,5,0,0,0,0,5,0,817071863765053384146013,235393574663783840983233,581678289101269543162780,399999000000150000000024,0,0,0,0
7,5,5,0,6,4,5,0,3,1,1,3,2,2,3,0,0,0,1,3,0,376191585259329646341477,219326316860587641646388,156865268398742004695089,611891882572009585431538,0,0,0,0
4,4,10,0,5,7,5,0,3,1,0,2,2,2,3,0,0,0,0,2,0,103340682788019171176476,87411546690861524382994,15929136097157646793482,427882116196154751932868,0,0,0,0
8,5,7,0,8,8,1,0,1,0,0,1,0,1,0,0,0,0,2,2,0,170382007283426949389565,99999999998000000000000,70382007285426949389565,513960119603279405335466,0,0,0,0
9,2,7,0,5,11,2,0,2,0,0,1,0,1,1,0,0,0,0,2,0,122616884274749356952055,54852237654320987599999,67764646620428369352056,344011567109917381434272,0,0,0,0
7,3,8,0,9,6,7,0,6,1,0,6,2,2,5,0,0,0,0,1,0,550664592961231440219037,254165191993952208626506,296499400967279231592531,547348914606232943908624,0,0,0,0
10,6,10,0,5,4,7,0,3,0,4,3,1,4,3,0,0,0,3,2,0,564614398350649538203211,317506184738034320621776,247108213612615217581435,363307059880290821774460,0,0,0,0
10,6,10,0,5,4,7,0,3,0,4,3,1,4,3,0,0,0,3,2,0,564614398350649538203211,317506184738034320621776,247108213612615217581435,363307059880290821774460,0,0,0,0
6,4,7,0,7,7,6,0,5,0,0,4,0,3,3,0,0,0,1,2,0,471769587790375159788459,170982142586604938249997,300787445203770221538462,302487618028081890687477,0,0,0,0
3,5,11,0,14,6,5,0,4,1,0,3,2,1,4,0,0,0,0,3,0,385030727748845492424792,173195914133816370195337,211834813615029122229455,300000000000184905571883,0,0,0,0
3,1,11,0,5,8,9,0,1,0,7,1,0,7,2,0,0,0,0,1,0,248216392388084664149998,199859910908518518449996,48356481479566145700002,274334012272917702541266,0,0,0,0
12,9,5,0,6,5,1,0,1,0,0,0,0,0,1,0,0,0,1,3,0,48489173832818136989895,48489173832818136989894,1,636269560312156724491565,0,0,0,0
6,5,7,0,9,4,5,1,4,0,1,3,0,3,2,1,1,0,0,4,0,214921500416781148222275,100000053261999999999999,114921447154781148222276,638713045347706337010396,0,0,0,0
8,3,7,0,8,6,5,0,4,1,0,3,1,1,4,0,0,0,0,0,0,553038876431430229147862,310560533015119473063142,242478343416310756084720,390364326312568035231412,0,0,0,0
9,5,7,0,5,5,4,0,1,0,1,1,1,1,3,0,0,0,2,3,0,47600448970755413725791,47366489196136826924508,233959774618586801283,424786800412478438400625,0,0,0,0
6,4,7,0,7,5,5,0,3,0,1,2,0,2,3,0,0,0,0,4,0,195945309054041648930091,106824489018271604899997,89120820035770044030094,301430326361415224037477,0,0,0,0
6,3,6,0,11,4,7,0,4,1,2,2,1,3,4,0,0,0,0,5,0,399348322120034527014144,319900712693472030764903,79447609426562496249241,306820159706901027364047,0,0,0,0
3,1,11,0,5,7,7,0,5,0,1,5,0,3,4,0,0,0,0,3,0,784790700406006433465041,403860242171518518460196,380930458234487915004845,374333012272817703541265,0,0,0,0
8,4,5,0,8,5,6,0,5,1,0,4,1,3,3,0,0,0,2,3,0,604520373759984978492750,186065845685024468595300,418454528074960509897450,399999000000153675713656,0,0,0,0
6,5,7,0,9,6,4,0,3,0,1,3,0,2,2,0,0,0,1,4,0,222481426620214633538854,150000000000999999999998,72481426619214633538856,578198045347706376957090,0,0,0,0
6,3,14,0,5,2,3,0,3,0,0,2,0,2,1,0,0,0,1,3,0,566498361229938156942017,129429600030753720838028,437068761199184436103989,580091408466872525078699,0,0,0,0
9,5,7,0,5,6,8,0,4,2,1,3,2,2,6,0,0,0,0,1,0,391020422485201791620747,190189639236960656797355,200830783248241134823392,347414708606810434462018,0,0,0,0
9,5,11,0,8,3,4,0,3,0,1,3,0,2,2,0,0,0,1,3,0,202238362748449367935395,146937895973846104924921,55300466774603263010474,699271005800125635763805,0,0,0,0
6,3,6,0,11,5,6,0,5,0,1,3,1,2,4,0,0,0,0,6,0,343866169037776655321729,161263104053809128253997,182603064983967527067732,317729662253656788308574,0,0,0,0
10,6,5,0,8,1,8,2,6,0,2,3,0,3,5,2,2,0,0,3,0,605195871070333029065648,312464670464999999999999,292731200605333029065649,628142827091798108081344,0,0,0,0
8,4,5,0,8,5,7,0,6,1,0,5,2,3,4,0,0,0,0,4,0,889223349628793500995111,267731242737598754749462,621492106891194746245649,399999000000153675710230,0,0,0,0
6,5,7,0,8,7,7,1,5,0,1,2,0,4,3,1,1,0,0,0,0,617141676607787767521097,169664575973137143245556,447477100634650624275541,391635493508970999321469,0,0,0,0
6,3,14,0,5,3,3,0,3,0,0,2,1,1,2,0,0,0,0,4,0,497473037516443873031558,124670434678697630517824,372802602837746242513734,576750573818928615399482,0,0,0,0
6,7,10,0,8,7,4,0,1,0,3,0,0,3,1,0,0,0,0,1,0,102254405384345678950000,102254405384345678949999,1,535269689558046905895500,0,0,0,0
9,5,11,0,8,3,4,0,3,0,1,3,0,2,2,0,0,0,1,3,0,271706757193906937146563,171625991499999999999995,100080765693906937146568,699851000000125965049363,0,0,0,0
6,1,9,0,7,8,4,0,3,0,1,2,1,2,2,0,0,0,0,5,0,256556761500847626962737,138256014652425414567960,118300746848422212394777,380914896102085811164585,0,0,0,0
10,10,5,0,8,2,9,2,6,0,3,4,1,5,4,2,2,0,1,1,0,551690292483365278542918,107596762487999999999998,444093529995365278542920,383253182800134597365320,0,0,0,0
9,5,7,0,9,3,5,0,2,0,3,2,0,3,2,0,0,0,1,2,0,322003893683926164559736,253266276193124579990732,68737617490801584569004,563787331756245356505331,0,0,0,0
6,3,7,0,8,6,5,0,3,0,1,3,0,3,2,0,0,0,0,2,0,503526277149786047758890,174987283612642786349999,328538993537143261408891,392101709561169186136111,0,0,0,0
6,3,10,0,7,6,3,0,1,0,0,0,2,0,3,0,0,0,5,2,0,56595805928087269850000,56595805928087269849999,1,522643099201150960233365,0,0,0,0
6,5,10,0,8,7,3,0,1,0,2,0,0,2,1,0,0,0,1,1,0,93086415085691357950000,93086415085691357949999,1,499998000000143723580355,0,0,0,0
5,5,9,0,6,7,6,0,3,0,3,3,0,5,1,0,0,0,0,3,0,542049476818551424509471,339409389535999999999998,202640087282551424509473,350969000000135057101196,0,0,0,0
6,1,9,0,7,9,2,0,2,0,0,2,1,1,1,0,0,0,3,4,0,204774336883716085045926,100000000000000000002455,104774336883716085043471,380742350258725865397196,0,0,0,0
14,7,5,0,7,6,3,0,3,0,0,1,0,1,2,0,0,0,2,1,0,253987370045117847029333,114109751712210981471871,139877618332906865557462,706234127637236969603783,0,0,0,0
9,5,7,0,9,3,3,0,1,0,2,1,0,2,1,0,0,0,2,3,0,217066739714880422740176,151786498484124579958584,65280241230755842781592,463788331756504944653891,0,0,0,0
8,2,6,0,9,9,2,0,1,1,0,0,1,0,2,0,0,0,1,2,0,21548298605902712550019,21548298605902712550018,1,454413577303002945778969,0,0,0,0
6,4,10,0,7,7,4,0,2,0,0,1,3,0,4,0,0,0,3,3,0,91723774765405363587782,68914332968179426999999,22809441797225936587783,310325572161208361765154,0,0,0,0
7,4,8,0,5,11,4,0,4,0,0,4,1,2,2,0,0,0,1,4,0,370025579541121849521367,164004144100000000013301,206021435441121849508066,323825069888764167569873,0,0,0,0
5,6,9,0,6,6,6,0,3,0,3,3,0,5,1,0,0,0,1,2,0,498789235251401101380120,291959271623999999999999,206829963627401101380121,350969000000138344716929,0,0,0,0
7,3,10,0,8,5,5,0,4,0,1,4,2,3,2,0,0,0,0,5,0,666425490270423416302605,163938196540055226575233,502487293730368189727372,448873904226927228200716,0,0,0,0
14,8,5,0,7,5,4,0,4,0,0,2,1,1,3,0,0,0,0,2,0,483510115931920883924633,272642860771370723790691,210867255160550160133942,606235127637336968603783,0,0,0,0
12,8,9,0,8,4,5,0,3,1,1,1,2,1,4,0,0,0,0,1,0,170366225555249568175468,169073757239804192261028,1292468315445375914440,514648176440208541640836,0,0,0,0
8,4,6,0,9,5,2,0,1,0,1,1,1,1,1,0,0,0,0,3,0,88999908710899124750000,52276143750000000000000,36723764960899124750000,512482317678633402045428,0,0,0,0
11,5,8,0,7,4,6,0,5,0,0,3,1,0,6,0,0,0,1,3,0,180574777636945567768381,155276473460390408685922,25298304176555159082459,295605359147175813737373,0,0,0,0
7,3,8,0,5,9,4,0,4,0,0,4,1,2,2,0,0,0,1,4,0,680124045597574504258568,162524310501212429093407,517599735096362075165161,323825069888764167569872,0,0,0,0
8,6,5,0,8,4,5,0,4,0,1,3,1,2,3,0,0,0,2,1,0,395639577219583209725849,242061886530954179891710,153577690688629029834139,493717542734139443387435,0,0,0,0
7,4,10,0,8,7,5,0,4,0,1,3,0,4,1,0,0,0,2,3,0,300562009769083798172256,210674083425986865750512,89887926343096932421744,465477535898012795929156,0,0,0,0
4,4,9,0,4,3,3,0,3,0,0,3,0,1,2,0,0,0,1,5,0,413081983664561509267916,128749999999999999999997,284331983664561509267919,337455072948943243626318,0,0,0,0
12,7,9,0,8,5,3,0,2,0,1,1,1,1,2,0,0,0,0,3,0,99404069260102865145959,99082665730994699551144,321403529108165594815,514648176440208541641381,0,0,0,0
11,7,9,0,6,5,3,1,3,0,0,1,0,0,3,1,1,0,1,1,0,488897987745835285319144,194127874640129098076520,294770113105706187242624,550135436351279176310637,0,0,0,0
11,4,8,0,7,4,8,1,4,0,2,3,1,2,6,1,1,0,0,2,0,380396091444840034351513,336445522680940264250819,43950568763899770100694,295605359147175813737373,0,0,0,0
9,6,16,0,4,5,1,0,0,0,1,0,0,1,0,0,0,0,0,2,0,17356674125000000000000,17356674125000000000000,0,661745154688420675980987,0,0,0,0
8,6,5,0,8,4,5,0,4,0,1,3,2,1,4,0,0,0,1,2,0,280396575427236230001528,202041955493157617872305,78354619934078612129223,494093931271919223813783,0,0,0,0
6,6,3,0,14,4,3,0,3,0,0,3,1,1,2,0,0,0,0,2,0,660727098019778168849882,186487127671999999999999,474239970347778168849883,515694109549469997279650,0,0,0,0
4,5,9,0,4,5,2,0,2,0,0,2,0,1,1,0,0,0,2,5,0,230314281940066305086549,80115859232999999999999,150198422707066305086550,300000000000134624477399,0,0,0,0
11,3,9,0,6,6,4,0,4,0,0,3,1,1,3,0,0,0,0,1,0,350884027501712841979364,214381968476008699525149,136502059025704142454215,729030722513118366160433,0,0,0,0
12,4,12,0,8,5,7,0,2,1,4,1,1,4,3,0,0,0,0,1,0,183641544924322578162444,113020850158081998203427,70620694766240579959017,496102216901846977487903,0,0,0,0
9,6,16,0,4,6,1,0,0,0,0,0,1,0,1,0,0,0,0,2,0,17311415203718204100000,17311415203718204100000,0,520772445385390774072126,0,0,0,0
7,7,8,0,10,5,3,0,3,0,0,1,0,0,3,0,0,0,0,5,0,133775129056091466194855,68469830082380852894850,65305298973710613300005,473308111462914592629680,0,0,0,0
6,6,3,0,14,4,3,0,3,0,0,3,1,1,2,0,0,0,0,2,0,752422430211043804913099,186472127671999999999996,565950302539043804913103,415680109549437744793647,0,0,0,0
11,3,12,0,7,7,1,0,0,0,1,0,0,1,0,0,0,0,1,2,0,67257574248000000000000,67257574248000000000000,0,534280239875823191472693,0,0,0,0
12,3,12,0,8,5,7,0,4,0,3,4,2,3,4,0,0,0,0,1,0,822469644230086056906236,406470778616623826499005,415998865613462230407231,449998000000278130232289,0,0,0,0
7,6,5,0,10,5,5,0,4,0,0,3,0,1,4,0,0,0,0,5,0,379715721199255822978812,115954977070710543395824,263760744128545279582988,368210991676935136663141,0,0,0,0
7,6,8,0,10,4,4,0,2,0,2,2,0,3,1,0,0,0,1,3,0,174228924427333063306171,125284837866198494771356,48944086561134568534815,591543820082500639452665,0,0,0,0
10,6,7,0,7,6,4,0,3,0,0,3,2,1,3,0,0,0,0,1,0,403628400521461299976032,160065124946681100697438,243563275574780199278594,421499533749227434972567,0,0,0,0
11,3,12,0,7,7,2,0,1,0,1,0,0,1,1,0,0,0,1,1,0,91471973621137265376891,91471973621137265376890,1,645533065125350162646474,0,0,0,0
5,6,7,0,11,5,4,0,4,0,0,4,1,1,3,0,0,0,0,0,0,1022968007240867345418572,172389669554943799137425,850578337685923546281147,460808186911095105523286,0,0,0,0
7,6,5,0,10,5,3,0,3,0,0,3,0,2,1,0,0,0,0,7,0,366028744359504417168468,164237940970999999999997,201790803388504417168471,428745434641132667463134,0,0,0,0
8,5,7,0,5,5,1,0,1,0,0,1,0,0,1,0,0,0,3,0,0,187794403731416158713599,129106223522659708247697,58688180208756450465902,380343294975249511381922,0,0,0,0
10,7,7,0,7,5,3,0,2,0,0,1,1,1,2,0,0,0,2,0,0,123919828713643615494856,105635480336627893636489,18284348377015721858367,584768786054902809096398,0,0,0,0
4,2,9,0,10,7,3,0,1,1,0,1,1,0,3,0,0,0,1,3,0,62635714411341899288426,56884210252224469686566,5751504159117429601860,289776041666816666700000,0,0,0,0
5,7,7,0,11,4,3,0,3,0,0,3,0,1,2,0,0,0,1,0,0,682728551276044347360317,159207641371543799148775,523520909904500548211542,460808186911095105550278,0,0,0,0
13,3,10,0,7,5,6,0,2,0,3,1,0,3,3,0,0,0,3,1,0,206028661165285136870184,196327988142367416811697,9700673022917720058487,572157405575983133907423,0,0,0,0
8,6,7,0,5,5,2,0,2,0,0,2,1,0,2,0,0,0,2,0,0,242262520532237605759436,179106223522659708247695,63156297009577897511741,379998222587700592588529,0,0,0,0
6,3,8,0,7,4,6,0,4,1,1,3,1,3,3,0,0,0,0,0,0,738601652278109473509913,213766428365273592496244,524835223912835881013669,280383909422973393591836,0,0,0,0
4,2,9,0,10,7,3,0,1,1,0,1,1,0,3,0,0,0,1,3,0,60465656903946082844749,58253504596680505075109,2212152307265577769640,289776041666816666700000,0,0,0,0
7,4,8,0,8,4,3,0,2,1,0,1,1,0,3,0,0,0,0,3,0,95474478045137528204081,50000000000000000018432,45474478045137528185649,499530804705789060473879,0,0,0,0
13,4,10,0,7,7,6,0,3,0,2,2,0,3,3,0,0,0,3,1,0,282813649965311682125905,256112074113288451799997,26701575852023230325908,627002714417711555765666,0,0,0,0
10,1,8,0,5,4,4,0,2,0,2,1,0,3,1,0,0,0,2,5,0,184904597324021440014632,131984226026893553287779,52920371297127886726853,660545728667348288080870,0,0,0,0
6,3,8,0,7,4,6,0,4,1,1,3,1,3,3,0,0,0,0,0,0,755234566507261994162264,314422644634052662246247,440811921873209331916017,280354202632849936791836,0,0,0,0
9,1,6,0,8,8,3,0,0,1,2,0,1,2,1,0,0,0,0,5,0,48503735674253716795513,48503735674253716795513,0,395235696785988049792541,0,0,0,0
7,4,8,0,8,4,4,0,4,0,0,1,0,0,4,0,0,0,0,2,0,158680702251726095933420,132440625578230612315409,26240076673495483618011,441238288265097864649804,0,0,0,0
10,3,5,0,5,6,6,0,4,0,1,2,1,2,4,0,0,0,3,1,0,361635267642307690534082,203533579413831690370737,158101688228476000163345,531825185258139969675611,0,0,0,0
10,2,8,0,5,5,4,0,2,1,1,1,1,1,3,0,0,0,2,5,0,344458437137114699113401,219733845735431346326890,124724591401683352786511,574209095090728905723817,0,0,0,0
6,2,6,0,10,8,4,0,2,0,1,1,0,1,3,0,0,0,0,7,0,208511960132606713920350,188071505224284256720349,20440454908322457200001,299199196759459258303011,0,0,0,0
9,2,6,0,8,8,5,0,4,0,0,2,1,2,3,0,0,0,0,3,0,224681802075837669159044,133373497351934579192067,91308304723903089966977,407613783205641137186399,0,0,0,0
10,4,7,0,5,10,4,0,3,0,1,2,1,2,2,0,0,0,0,3,0,101613222756955594515975,101612907427222222186395,315329733372329580,439768252588039943229649,0,0,0,0
10,3,5,0,5,5,4,0,3,0,0,2,1,1,3,0,0,0,3,3,0,181087012111964022294479,112464721238074074049998,68622290873889948244481,647618456014689508502697,0,0,0,0
13,6,12,0,5,3,4,0,2,0,1,2,1,1,3,0,0,0,4,1,0,592229031822524821263333,454576568338503514088568,137652463484021307174765,656771731535011001727286,0,0,0,0
6,4,6,0,10,6,4,0,3,0,1,2,1,1,3,0,0,0,0,7,0,383986051946185184783326,240429842707804405415659,143556209238380779367667,252212445143907274412457,0,0,0,0
8,4,4,0,4,5,5,0,2,1,2,2,1,2,3,0,0,0,1,3,0,392137432958699734600000,193149662482222222149994,198987770476477512450006,300000000000242391337569,0,0,0,0
10,5,7,0,5,9,2,0,1,0,1,1,0,1,1,0,0,0,0,5,0,116931715304916688372279,27495658509000000002400,89436056795916688369879,539767252588189942269245,0,0,0,0
6,6,3,0,16,9,2,0,0,0,1,0,0,1,1,0,0,0,1,0,0,42100791267592592550000,42100791267592592550000,0,317862473975973616972754,0,0,0,0
13,5,12,0,5,2,4,0,3,0,0,3,1,1,3,0,0,0,4,1,0,481206599025305259886935,347979797542564619797527,133226801482740640089408,731838610934686272440783,0,0,0,0
7,4,9,0,12,5,4,0,2,1,1,2,2,2,2,0,0,0,0,1,0,159187053415993888890704,59885063633000000002831,99301989782993888887873,492580257551236684955801,0,0,0,0
8,4,4,0,4,5,7,0,4,1,2,2,1,2,5,0,0,1,1,0,0,369517855053971186654745,192711002862999999906707,176806852190971186748038,300000000000242390951767,0,0,1,0
6,6,6,0,10,5,2,0,0,1,1,0,1,1,1,0,0,0,1,4,0,17390536875692930195579,17390536875692930195579,0,343253365024752324541681,0,0,0,0
6,8,3,0,16,11,1,0,0,0,0,0,0,0,1,0,0,0,1,1,0,27733217592592592550000,27733217592592592550000,0,311859012908707933075310,0,0,0,0
8,3,9,0,8,6,7,0,6,0,1,3,2,1,6,0,0,0,0,5,0,585221317815939371512596,326612411626670310526507,258608906189269060986089,483475449571630575733954,0,0,0,0
7,4,9,0,12,4,3,0,2,0,1,2,1,2,1,0,0,0,0,2,0,247467831526735153375326,109885063633000000000064,137582767893735153375262,506376505138770459653830,0,0,0,0
6,4,4,0,10,7,4,0,2,0,2,0,0,2,2,0,0,0,1,3,0,62213106575821201471148,62213106575821201471143,5,468623511419039165606835,0,0,0,0
6,5,6,0,10,4,6,0,3,0,3,3,2,3,3,0,0,0,0,1,0,474797615772160218287219,278423998071034784285407,196373617701125434001812,313904848131074360876479,0,0,0,0
14,7,3,0,12,4,2,0,2,0,0,2,0,2,0,0,0,0,0,2,0,482912247475474974855263,318623189512000000000000,164289057963474974855263,698135484010124617005068,0,0,0,0
8,4,9,0,8,5,4,1,3,0,1,1,0,1,3,1,1,1,0,7,0,217714037037856260750010,62263716335000000000016,155450320702856260749994,398735977687926748167274,0,0,1,0
10,6,6,0,9,6,3,0,3,0,0,3,2,1,2,0,0,0,0,1,0,415405707809800741622500,99473887396003272739043,315931820413797468883457,594193612277121740371096,0,0,0,0
6,3,4,0,10,8,5,0,3,0,2,2,0,3,2,0,0,0,0,3,0,474297975186280737840104,142706084265611556789588,331591890920669181050516,419556202226834914397026,0,0,0,0
7,1,8,0,6,8,2,0,2,0,0,1,0,0,2,0,0,0,1,5,0,687512894088946648,623440957199933187,64071936889013461,549252997737054099051463,0,0,0,0
14,4,3,0,12,3,2,0,2,0,0,2,0,2,0,0,0,0,0,2,0,365437598228688558393122,272883896071000000000000,92553702157688558393122,898453480810058467719548,0,0,0,0
13,3,8,0,4,4,3,0,1,0,1,0,0,1,2,0,0,0,0,5,0,92081432244894493150008,92081432244894493150006,2,852588581862097682456452,0,0,0,0
10,4,5,0,9,6,2,0,1,1,0,1,2,0,2,0,0,0,1,1,0,79044687173344849289669,62427596123962133339669,16617091049382715950000,547941597473513355928735,0,0,0,0
6,6,7,0,11,5,5,0,4,0,0,3,0,2,3,0,0,0,0,0,0,489887665488988574613952,116414930573555555499997,373472734915433019113955,526865143219821108386852,0,0,0,0
7,2,8,0,6,6,2,0,2,0,0,1,0,0,2,0,0,0,1,5,0,630334721771781772,623440957199935183,6893764571846589,648114000474521904785820,0,0,0,0
5,5,11,0,8,6,6,0,5,1,0,3,1,0,6,0,0,0,1,1,0,362973340529274907159818,195193191764536792819108,167780148764738114340710,360285913045940540289234,0,0,0,0
13,3,8,0,4,5,4,0,2,0,1,2,0,2,2,0,0,0,0,4,0,123157744629105185191083,94813350948674921950022,28344393680430263241061,881770918248010265061855,0,0,0,0
6,3,13,0,7,4,4,0,2,1,1,2,1,2,2,0,0,0,1,2,0,229091519407068697764373,214741419531974244994144,14350099875094452770229,608089751369673909363908,0,0,0,0
6,7,7,0,11,5,4,0,3,0,0,2,0,1,3,0,0,0,0,1,0,378761505206477317524938,116414930555555555499998,262346574650921762024940,332633053512761814052789,0,0,0,0
6,3,6,0,11,5,5,0,3,2,0,1,2,0,5,0,0,0,0,2,0,125760174770085895819064,123806014307451902514802,1954160462633993304262,445970334064604439743296,0,0,0,0
5,4,12,0,8,3,7,0,6,1,0,5,1,1,6,0,0,0,0,1,0,386443355656265386979321,180852168267072747832639,205591187389192639146682,307731913045944530260434,0,0,0,0
10,2,8,0,17,5,6,1,4,1,1,3,1,3,3,1,1,0,0,3,0,375073194640958085514003,248976406071522732241324,126096788569435353272679,497528749423741224740679,0,0,0,0
6,3,13,0,7,4,4,0,3,1,0,3,1,1,3,0,0,0,0,3,0,257543242869476104788384,197500860893159430194144,60042381976316674594240,585119934637324552812565,0,0,0,0
11,5,9,0,9,7,3,0,1,1,1,0,1,1,2,0,0,0,0,2,0,46841021635929831473923,46841021635929831473922,1,723740063823820085700278,0,0,0,0
6,3,6,0,11,6,7,0,4,2,1,3,2,1,6,0,0,0,0,0,0,441625377824656491555604,237661346730582418046912,203964031094074073508692,300000000000149999021127,0,0,0,0
7,5,8,0,10,7,2,0,2,0,0,0,0,0,2,0,0,0,2,1,0,13191516088448880450000,13191516088448880449997,3,298256172839656172870864,0,0,0,0
10,2,8,0,17,5,7,0,6,1,0,4,1,2,5,0,0,0,1,1,0,403822533653840779514713,334376633561050032061471,69445900092790747453242,397528749423841364736821,0,0,0,0
7,4,4,0,10,4,1,0,1,0,0,1,1,0,1,0,0,0,0,2,0,149021192049362150273571,65461660299219749465360,83559531750142400808211,482291492360881018217306,0,0,0,0
11,4,9,0,9,8,2,0,0,1,1,0,1,1,1,0,0,0,0,3,0,19806691408983033011031,19806691408983033011031,0,690940063823780085608043,0,0,0,0
6,5,10,0,10,7,8,0,6,0,1,2,2,1,7,0,0,0,0,3,0,318851790513600870774387,174905679972446596484575,143946110541154274289812,602792183835228124368642,0,0,0,0
7,7,8,0,10,8,3,0,3,0,0,1,0,0,3,0,0,0,2,0,0,79813165087671296495534,63306559850907988752292,16506605236763307743242,298254243827310493870922,0,0,0,0
7,8,5,0,6,6,3,0,3,0,0,2,0,2,1,0,0,0,3,0,0,235282969428559308751049,121868839956983116962975,113414129471576191788074,762879884905996249539736,0,0,0,0
7,4,4,0,10,5,2,0,2,0,0,2,1,1,1,0,0,0,0,1,0,223084065652437170496425,152688620036219749465360,70395445616217421031065,533935671694684581694111,0,0,0,0
5,4,10,0,7,4,3,0,2,0,1,2,1,1,2,0,0,0,1,1,0,221570487068129030997296,196180695847715804835844,25389791220413226161452,704443041428649277791943,0,0,0,0
6,3,10,0,10,8,8,0,5,0,2,2,1,2,6,0,0,0,2,1,0,318486016422935026949002,264673574290336628104868,53812442132598398844134,541352298235289861234563,0,0,0,0
6,4,7,0,10,5,3,0,2,1,0,2,1,2,1,0,0,0,2,3,0,342457895920957585240980,133815973242222222150000,208641922678735363090980,443737184950835567540011,0,0,0,0
7,8,5,0,6,6,3,0,3,0,0,2,0,2,1,0,0,0,1,2,0,261664052910991948471316,125517692739425760947495,136146360171566187523821,541288810065570466826789,0,0,0,0
7,6,10,0,9,5,3,0,3,0,0,3,0,2,1,0,0,1,1,3,0,122451507815576772361566,59485000000000000005126,62966507815576772356440,425781994603875496188056,0,0,1,0
5,4,10,0,7,5,3,0,2,0,1,2,1,2,1,0,0,0,1,1,0,241120652518062908695495,120492283950000000000000,120628368568062908695495,704443041428650103795031,0,0,0,0
6,7,6,0,8,4,9,0,5,0,3,5,3,3,6,0,0,0,0,4,0,616699660102648345193066,248821403902842094215104,367878256199806250977962,431291847816573326021216,0,0,0,0
6,3,7,0,10,5,4,0,2,2,0,2,2,2,2,0,0,0,2,2,0,218360219103415268601877,136150897451976672109864,82209321651438596492013,441389585314042434664220,0,0,0,0
6,3,5,0,9,5,4,0,4,0,0,4,2,0,4,0,0,0,0,5,0,209533285775204868368121,92138533956771378723124,117394751818433489644997,395443642766102069589896,0,0,0,0
7,6,10,0,9,4,4,0,2,0,2,2,1,3,1,0,0,0,1,3,0,405008607426778183959086,194690811831304593375601,210317795595473590583485,325782994603880623023785,0,0,0,0
10,2,8,0,8,7,3,0,1,1,0,0,2,0,3,0,0,0,0,1,0,57700371559588325610718,57700371559588325610717,1,868002790593926551884871,0,0,0,0
6,5,6,0,8,5,12,0,10,0,1,6,3,3,9,0,0,0,0,1,0,539087084612437573977531,359252231221084589683062,179834853391352984294469,398418243330170492222062,0,0,0,0
10,7,5,0,10,4,1,0,1,0,0,0,0,0,1,0,0,0,1,3,0,52971687789909554505740,52971687789909554505738,2,541436851015488059697689,0,0,0,0
6,3,5,0,9,6,4,0,3,1,0,3,2,0,4,0,0,0,2,3,0,241707114057116033070930,110610000000000000002615,131097114057116033068315,395443642766102069597995,0,0,0,0
9,8,9,0,8,5,3,0,2,1,0,3,1,2,1,0,0,0,6,1,0,290819305880904750466926,137074586783000000000001,153744719097904750466925,538803955543208433279265,0,0,0,0
10,4,8,0,8,5,2,0,2,0,0,1,0,1,1,0,0,0,1,1,0,270879381612563250837447,133324186427588849516769,137555195184974401320678,714319016315675833349571,0,0,0,0
7,8,15,0,5,5,6,0,4,0,1,2,1,2,4,0,0,0,2,2,0,172159247789523331165858,80865338603180026832878,91293909186343304332980,587800470678200587302142,0,0,0,0
10,4,5,0,10,6,1,0,1,0,0,1,0,0,1,0,0,0,1,3,0,42382308030863964625360,41959999999999999999999,422308030863964625361,564544874961099050639858,0,0,0,0
6,6,13,0,7,7,3,0,2,1,0,0,1,0,3,0,0,0,3,0,0,75951453788432035640366,75951453788432035640364,2,553697863014403452967065,0,0,0,0
9,4,9,0,8,7,4,0,4,0,0,3,1,2,2,0,0,0,4,2,0,404384173177177405805423,257542644758809946857376,146841528418367458948047,658071549821993536352060,0,0,0,0
9,7,4,0,9,5,2,0,1,1,0,1,1,0,2,0,0,0,1,1,0,141179746585670831294127,55335394370708573902301,85844352214962257391826,423115783015508168737496,0,0,0,0
7,7,15,0,5,4,7,0,4,1,2,1,1,2,5,0,0,0,1,2,0,223411540660480571948684,180091380114178264276114,43320160546302307672570,477385476180817184806153,0,0,0,0
5,8,17,0,6,3,3,0,3,0,0,2,1,1,2,0,0,0,1,2,0,143366315711071216811505,57705474378838446961265,85660841332232769850240,496364527890719708719396,0,0,0,0
6,5,13,0,7,8,4,0,4,0,0,1,0,0,4,0,0,0,1,1,0,180288002071502460597489,143129409738862459538740,37158592332640001058749,406556238811253456619947,0,0,0,0
13,4,9,0,3,4,4,1,3,0,1,1,0,2,2,1,1,0,0,1,0,369690778091784620034057,194071442554447606752159,175619335537337013281898,529869941891494521587576,0,0,0,0
9,5,4,0,9,5,2,0,1,1,0,1,1,0,2,0,0,0,1,1,0,161542788994841128038222,73756040057920952318146,87786748936920175720076,504124426636909826742135,0,0,0,0
6,1,9,0,11,3,7,0,4,1,2,2,1,4,3,0,0,0,1,4,0,148717561194540882280780,136261229615194638349997,12456331579346243930783,551978988244218091482602,0,0,0,0
5,8,17,0,6,2,1,0,0,1,0,0,1,0,1,0,0,0,1,4,0,37152978134254609100000,37152978134254609100000,0,510870517232900215376359,0,0,0,0
9,1,11,0,7,5,3,0,2,0,0,1,1,0,3,0,0,0,0,1,0,115782374910900218929514,92900393024649705034236,22881981886250513895278,414221392533163795896026,0,0,0,0
13,2,9,0,3,5,2,0,1,0,1,0,0,1,1,0,0,0,2,1,0,119843808911904396900000,119843808911904396899999,1,604807102138560143952412,0,0,0,0
4,3,9,0,8,4,4,1,3,0,0,1,0,1,3,1,1,0,1,2,0,263445963627030034143003,32524559170252489270998,230921404456777544872005,481721949205040745467253,0,0,0,0
6,2,9,0,11,5,6,0,3,0,3,2,0,5,1,0,0,1,1,4,0,131581666047824056573394,100323694333604938249998,31257971714219118323396,758781789290072718102163,0,0,1,0
7,4,3,0,9,4,7,0,5,0,1,5,0,3,4,0,0,0,0,4,0,801634997006306345851709,413888198420001979941262,387746798586304365910447,299702952317932791730924,0,0,0,0
9,1,11,0,7,5,2,0,1,0,0,0,0,0,2,0,0,0,2,0,0,46264853395061728300000,46264853395061728299998,2,423766262318666222431234,0,0,0,0
10,5,5,0,10,5,4,0,4,0,0,3,0,1,3,0,0,0,2,2,0,331907799162097492887066,151722754596971142294461,180185044565126350592605,383639131378920489377887,0,0,0,0
4,1,9,0,8,6,5,0,3,0,1,2,0,2,3,0,0,0,1,1,0,250144725359514709529557,186300603650771007649998,63844121708743701879559,395659822073232471469699,0,0,0,0
3,4,8,0,13,4,7,0,4,2,1,4,4,3,4,0,0,0,0,2,0,401279907587424491457373,169129076330964447142100,232150831256460044315273,250000000000138222415124,0,0,0,0
7,5,3,0,9,4,5,0,3,0,1,3,1,1,4,0,0,0,1,5,0,718505822668718672220825,97053009258283950599997,621452813410434721620828,241308952318071739747307,0,0,0,0
7,0,12,0,12,3,6,0,2,0,3,2,0,4,2,0,0,0,2,3,0,270261933141684580497337,207802472511210856161790,62459460630473724335547,712059339815308857173939,0,0,0,0
10,5,5,0,10,5,4,0,4,0,0,3,0,1,3,0,0,0,2,2,0,287270537009898861610290,151722754596971142300234,135547782412927719310056,406971430542627425901936,0,0,0,0
3,4,8,0,13,4,4,0,2,1,1,2,2,2,2,0,0,0,0,5,0,242897498267688116188242,117965496082964447142080,124932002184723669046162,250000000000139385995371,0,0,0,0
13,2,7,0,5,7,5,0,3,1,1,0,1,1,4,0,0,0,1,2,0,421643615209287672821941,421643615209287672821936,5,610184445002328022913390,0,0,0,0
7,0,12,0,12,2,6,0,4,0,2,3,0,4,2,0,0,0,2,3,0,392724461938482615340420,322032732477953722241241,70691729460528893099179,804476453487864979674927,0,0,0,0
7,2,7,0,9,5,4,0,3,0,1,2,0,2,2,0,0,0,0,3,0,222176979101671094334273,111097428690833812894361,111079550410837281439912,438944904948509406389721,0,0,0,0
13,2,7,0,5,6,4,0,3,1,0,2,1,0,4,0,0,0,0,4,0,264535485658761087107108,225779316513102169917213,38756169145658917189895,677587266695242148476770,0,0,0,0
9,4,8,0,9,5,4,0,3,0,0,3,1,1,3,0,0,0,0,2,0,222277340473653897753606,93428673484671675700284,128848666988982222053322,778076388165959775487901,0,0,0,0
6,2,2,0,6,6,4,0,1,3,0,1,3,0,4,0,0,0,0,4,0,237180933370193199928704,135994476484117240999501,101186456886075958929203,366876004898414199238035,0,0,0,0
7,3,7,0,9,6,5,0,4,0,1,3,1,2,3,0,0,0,0,2,0,310909328719117503814607,149197428690833812894361,161711900028283690920246,389582140432240734088314,0,0,0,0
5,7,9,0,6,5,4,0,0,0,4,0,0,4,0,0,0,0,1,3,0,69478504408000000000000,69478504408000000000000,0,375853478504440181948335,0,0,0,0
9,3,8,0,9,5,5,0,2,2,0,2,2,1,4,0,0,0,0,1,0,261562623027700370691691,124386535114787614648602,137176087912912756043089,778051503906700516224270,0,0,0,0
5,4,7,0,11,7,4,0,1,3,0,1,3,1,3,0,0,0,1,2,0,171560998087392545034085,82203106640275961392955,89357891447116583641130,299999000000149970000020,0,0,0,0
6,2,2,0,6,7,4,0,1,3,0,1,3,0,4,0,0,0,1,3,0,206557772355601773201103,103178902252025445392620,103378870103576327808483,366876004898414199238035,0,0,0,0
9,7,7,0,5,4,2,0,2,0,0,2,1,0,2,0,0,0,2,4,0,269082729248656218294914,106210152253552998973070,162872576995103219321844,554495561277614040034268,0,0,0,0
5,7,9,0,6,6,4,0,2,1,1,2,1,3,1,0,0,0,0,4,0,162957427385840107806291,136578831374000000006195,26378596011840107800096,317303478504345365747665,0,0,0,0
7,1,10,0,9,10,4,0,4,0,0,3,0,1,3,0,0,0,1,1,0,623344495883172168206363,232452911653769670860610,390891584229402497345753,408861000956202159058902,0,0,0,0
5,4,7,0,11,9,5,0,3,2,0,3,3,2,3,0,0,0,0,2,0,344073473045049171721466,187408835787061923243740,156664637257987248477726,299999000000149970000020,0,0,0,0
9,6,7,0,5,5,4,0,3,0,1,3,1,3,1,0,0,0,2,2,0,393849230402854753458338,271031586532000000000000,122817643870854753458338,419034193277594305136208,0,0,0,0
6,3,10,0,4,10,2,0,1,0,0,1,0,1,1,0,0,0,0,6,0,81531726748492127251072,63644490300183422900000,17887236448308704351072,511116616486338521519874,0,0,0,0
7,3,10,0,9,8,6,0,5,1,0,4,2,1,5,0,0,0,0,0,0,583450068549574621213448,229455819993046245974095,353994248556528375239353,408861000956202159058902,0,0,0,0
4,6,10,0,6,4,5,0,2,0,2,2,0,2,3,0,0,0,1,1,0,275562645915572521972247,95794388886557099945568,179768257029015422026679,299056520061928910488362,0,0,0,0
6,3,10,0,4,10,2,0,1,0,0,1,0,0,2,0,0,0,0,6,0,99073886115223239022273,66578325176726632852498,32495560938496606169775,508113407481790246517316,0,0,0,0
8,8,14,0,12,7,5,0,2,1,2,2,3,2,3,0,0,0,1,0,0,126262578380537388939556,108673963919409716215391,17588614461127672724165,414913955200310699950080,0,0,0,0
4,6,10,0,6,5,5,0,2,0,2,2,0,2,3,0,0,0,1,1,0,201840081797842151268542,121766509370557099970661,80073572427285051297881,424401785250376781173866,0,0,0,0
6,7,5,0,10,7,5,0,5,0,0,3,1,1,4,0,0,0,0,5,0,368385767304145110538174,261257470933153276674873,107128296370991833863301,433345996052868945244184,0,0,0,0
8,8,14,0,12,6,2,0,1,0,1,1,1,1,1,0,0,0,1,3,0,41629271677961876822800,38784579394000000000000,2844692283961876822800,495967043000880571181326,0,0,0,0
9,3,8,0,6,3,5,0,4,0,1,3,1,3,2,0,0,0,0,1,0,477991515227356985649634,351201504792380921749999,126790010434976063899635,447630160230093372634223,0,0,0,0
6,5,5,0,10,7,7,0,7,0,0,4,1,2,5,0,0,0,0,3,0,695206898454915351812959,479828570674647741567970,215378327780267610244989,677122668791520508939746,0,0,0,0
7,7,9,0,8,5,4,0,2,0,2,2,1,3,1,0,0,0,0,4,0,195383665090667970074906,129162070110344741100579,66221594980323228974327,449888203298482745926720,0,0,0,0
9,3,8,0,6,5,4,0,3,0,1,2,0,3,1,0,0,0,1,1,0,281582217975107108892655,246496799446907235799999,35085418528199873092656,485560465155526848429408,0,0,0,0
10,6,8,0,3,5,2,0,1,0,1,1,1,1,1,0,0,0,0,3,0,194981260333446266300000,123854603444000000000000,71126656889446266300000,741806219745844847890790,0,0,0,0
7,8,9,0,8,4,4,0,2,0,1,2,1,1,3,0,0,0,0,4,0,148434899126198446092134,86437806507970436450875,61997092618228009641259,413971573646585836105175,0,0,0,0
9,6,8,0,5,9,3,0,1,0,1,1,0,2,1,0,0,0,1,1,0,300137779745500967012140,76475043702604739035958,223662736042896227976182,485838263163908396444449,0,0,0,0
10,6,8,0,3,5,3,0,2,0,1,1,1,1,2,0,0,0,0,2,0,265288420466835045000025,199757513744549545200018,65530906722285499800007,839690078365275943964256,0,0,0,0
8,4,8,0,8,3,4,0,4,0,0,4,0,1,3,0,0,0,0,2,0,279311434388933386003434,156870438693625356480749,122440995695308029522685,318195670357864058176184,0,0,0,0
9,6,8,0,5,10,2,0,1,0,1,1,0,2,0,0,0,0,0,3,0,318086422348704095673044,94094667686000000000000,223991754662704095673044,449998960357436170736705,0,0,0,0
6,9,12,0,7,7,8,0,5,2,1,4,2,5,3,0,0,0,0,3,0,402953188668883197341227,272672747324616264631080,130280441344266932710147,339381738265872523477390,0,0,0,0
8,3,8,0,8,4,6,0,5,1,0,5,1,2,4,0,0,0,0,0,0,436852449999808573994571,252473695751355709610847,184378754248452864383724,318195670357864058176184,0,0,0,0
4,5,7,0,11,4,6,0,5,1,0,4,1,1,5,0,0,0,1,4,0,356386436914500911547725,240151934599686097428974,116234502314814814118751,340000000000100000019422,0,0,0,0
6,6,12,0,7,6,7,0,5,1,1,4,1,5,2,0,0,0,1,3,0,471299088507369194234739,195705034882475556298526,275594053624893637936213,372272402008779976124484,0,0,0,0
6,7,6,0,8,6,4,0,2,1,1,1,1,2,2,0,0,0,4,3,0,119570495554641460999361,86228335083517929952319,33342160471123531047042,393183311412885188381730,0,0,0,0
4,3,7,0,11,5,5,0,4,1,0,3,1,1,4,0,0,0,1,5,0,273677039349241110298330,198576954472697900972424,75100084876543209325906,340000000000100000019597,0,0,0,0
4,2,9,0,4,8,3,0,1,0,1,1,2,1,2,0,0,0,1,5,0,59664545637341721530881,50000001843000000000000,9664543794341721530881,349999000000150000006260,0,0,0,0
6,5,6,0,8,6,5,0,2,2,1,1,2,2,3,0,0,0,3,3,0,150652374730067308283972,119859026983989804390030,30793347746077503893942,394061773635405950562261,0,0,0,0
10,4,9,0,5,4,3,0,2,1,0,1,1,0,3,0,0,0,0,3,0,94425297638927965618189,89129767539407539649998,5295530099520425968191,466554132478466706815269,0,0,0,0
4,5,9,0,4,4,2,0,1,0,1,1,0,1,1,0,0,0,3,4,0,2000000026233,2000000022509,3724,564855640866396099382034,0,0,0,0
7,6,6,0,10,3,6,0,4,1,1,3,1,2,4,0,0,0,0,1,0,211281759464460568567055,150127774005634068238961,61153985458826500328094,494463622662094337371611,0,0,0,0
10,4,9,0,5,6,2,0,1,1,0,1,1,0,2,0,0,0,1,3,0,107531592955956790500000,89224048419641956099998,18307544536314834400002,477071278187031222841336,0,0,0,0
5,4,6,0,8,3,9,0,7,0,1,6,3,4,5,0,0,0,0,4,0,650637129229895121832330,237541080257733345513473,413096048972161776318857,403229781753047996111436,0,0,0,0
7,5,6,0,10,3,5,0,4,0,1,3,0,2,3,0,0,0,0,2,0,164540846020732167815023,102798359631350990416315,61742486389381177398708,540925841683364993848977,0,0,0,0
8,1,5,0,8,4,7,0,5,0,2,5,0,5,2,0,0,0,1,6,0,685026974806628651406219,447913829917999999999997,237113144888628651406222,563991677363159274236369,0,0,0,0
5,3,6,0,8,6,7,0,5,0,1,4,2,3,4,0,0,0,1,5,0,561297790302513797986304,203135951204338283763475,358161839098175514222829,319673786868798695664949,0,0,0,0
5,4,11,0,3,6,3,0,2,0,1,1,0,2,1,0,0,0,0,3,0,190892855543959134723848,153331972345427270349997,37560883198531864373851,449998963881891013817654,0,0,0,0
8,1,5,0,8,3,8,0,6,0,1,5,1,4,4,0,0,0,0,6,0,728409896120211922533189,610626999634345643952063,117782896485866278581126,452556426168750324019306,0,0,0,0
9,2,7,0,11,3,4,0,3,0,0,1,1,0,4,0,0,0,0,3,0,260643961888040741630671,224032876318787537420004,36611085569253204210667,493478359568051235280843,0,0,0,0
5,4,11,0,3,6,2,0,1,0,1,1,0,1,1,0,0,0,0,4,0,108792262659223373049999,104153534126999999999997,4638728532223373050002,449998963881840993336387,0,0,0,0
10,5,8,0,12,6,0,0,0,0,0,0,0,0,0,0,0,0,0,0,0,0,0,0,483529692147688667677735,0,0,0,0
9,3,7,0,11,4,5,0,4,0,0,1,1,0,5,0,0,0,0,2,0,294377532652839283246229,259031268227399812285912,35346264425439470960317,493478359568051235281676,0,0,0,0
5,6,10,0,8,4,8,0,4,0,3,3,1,4,4,0,0,0,0,1,0,383384218667732402886993,312532011227801926133490,70852207439930476753503,402643476978219279028190,0,0,0,0
10,8,8,0,12,5,0,0,0,0,0,0,0,0,0,0,0,0,0,0,0,0,0,0,577119045042065471864447,0,0,0,0
13,3,5,0,5,6,2,0,0,2,0,0,2,0,2,0,0,0,0,1,0,30562804655536071361207,30562804655536071361207,0,491100819705843991824867,0,0,0,0
5,5,10,0,8,4,7,0,5,0,1,4,1,3,4,0,0,0,0,2,0,360315654835726046334982,271417494532656078121598,88898160303069968213384,402483844103042700881722,0,0,0,0
11,4,9,0,6,6,3,0,2,1,0,0,1,0,3,0,0,0,1,6,0,37086563861734706109450,37086563861734706109448,2,817114294053282280171657,0,0,0,0
13,4,5,0,5,8,1,0,0,1,0,0,1,0,1,0,0,0,0,2,0,11279771866584942900000,11279771866584942900000,0,686505664037246553043939,0,0,0,0
13,5,10,0,5,6,3,0,2,1,0,1,1,0,3,0,0,0,0,3,0,142965811536280644031864,90648278399140886777324,52317533137139757254540,667980433178159079079053,0,0,0,0
11,3,9,0,6,7,4,0,3,1,0,1,1,1,3,0,0,0,2,4,0,85922230270670987759007,85922125567983354728130,104702687633030877,820311586472840672065816,0,0,0,0
6,1,3,0,10,7,7,0,6,0,1,3,1,2,5,0,0,0,0,5,0,469206381041058794695428,358368069327602076381125,110838311713456718314303,405756600535597615692137,0,0,0,0
13,5,10,0,5,7,1,0,1,0,0,1,0,0,1,0,0,0,1,4,0,163855547907954772464273,44228251934483150820657,119627295973471621643616,593671348301950436612531,0,0,0,0
7,6,6,0,10,6,5,0,5,0,0,5,0,1,4,0,0,0,0,3,0,753850233613482908977277,341742020613216888784153,412108213000266020193124,301567846094365506909258,0,0,0,0
6,3,3,0,10,8,3,0,3,0,0,2,1,0,3,0,0,0,2,7,0,229978353071781744808644,141698344362658109342216,88280008709123635466428,358299196214659962342334,0,0,0,0
6,7,7,0,6,4,3,0,2,0,0,2,0,2,1,0,0,0,2,2,0,245810185185185184873221,91252175925925925900000,154558009259259258973221,282334899921438654330865,0,0,0,0
7,7,6,0,10,6,4,0,4,0,0,4,0,1,3,0,0,0,0,4,0,609921448884215801953747,340177023009128079800749,269744425875087722152998,301296734208265506910084,0,0,0,0
8,5,10,0,8,3,3,0,2,0,1,2,0,3,0,0,0,0,3,1,0,256430705722647437995055,170980861731000000000000,85449843991647437995055,626600617652219229148375,0,0,0,0
6,8,7,0,6,3,2,0,1,0,0,1,0,1,1,0,0,0,1,4,0,103652401193534243159054,41276674382716049350000,62375726810818193809054,496499133038804481650203,0,0,0,0
7,6,6,0,5,6,5,0,4,0,1,4,0,5,0,0,0,0,4,5,0,474818376776704289795471,100393453983000000000000,374424922793704289795471,574060806774701201601674,0,0,0,0
8,6,10,0,8,3,3,0,2,0,1,2,0,3,0,0,0,0,2,2,0,248702165600340819520619,171606136357000000000000,77096029243340819520619,586025617652217737476499,0,0,0,0
7,5,6,0,5,7,5,0,3,0,2,3,1,4,1,0,0,0,3,6,0,421079914035317343275313,209512725545000000000000,211567188490317343275313,524061806774801200651180,0,0,0,0
7,7,11,0,5,3,7,0,4,0,2,3,1,2,5,0,0,0,2,1,0,495342109892338340749898,302298655194245308748154,193043454698093032001744,378829896474293816702433,0,0,0,0
7,3,11,0,5,4,7,0,4,0,2,3,1,2,5,0,0,0,2,1,0,452949907389472771626072,274079296858245309400197,178870610531227462225875,390866396837102804374392,0,0,0,0
10,3,9,0,4,6,7,0,3,1,3,2,3,3,4,0,0,0,1,2,0,239699556445880593047092,171250589804478890588837,68448966641401702458255,693721032857489124454247,0,0,0,0
10,4,9,0,4,4,7,0,3,2,2,2,3,2,5,0,0,0,1,2,0,388785937206410790529994,277525003028143666348394,111260934178267124181600,643733890721084779341769,0,0,0,0
7,8,8,0,6,5,7,0,5,0,1,2,1,1,6,0,0,0,0,2,0,373719029499846171373877,292245082746830303537677,81473946753015867836200,428779962005873445511024,0,0,0,0
7,7,8,0,6,4,7,0,5,0,1,1,0,1,6,0,0,0,0,2,0,287242882661624628634547,261309178926343075583086,25933703735281553051461,441812284792685092652755,0,0,0,0
3,5,8,0,9,5,6,0,6,0,0,3,1,0,6,0,0,0,0,3,0,416775240050899164783028,156735012931827769306075,260040227119071395476953,319187932162426605980608,0,0,0,0
3,4,8,0,9,5,5,0,5,0,0,3,1,1,4,0,0,0,0,4,0,302081196313820011754614,100910278917947849638290,201170917395872162116324,334526200692410594180011,0,0,0,0
3,3,7,0,9,7,5,0,5,0,0,4,1,1,4,0,0,0,0,4,0,600396648415408436316419,178749999999999999999997,421646648415408436316422,310071447770391927035080,0,0,0,0
3,3,7,0,9,6,4,0,4,0,0,3,1,0,4,0,0,0,0,5,0,369721386155204484956750,128749999999999999999995,240971386155204484956755,311295020301256124535080,0,0,0,0
8,5,5,0,7,7,3,0,1,0,2,1,1,2,1,0,0,0,0,3,0,18755217498719949017309,18755214699440413607488,2799279535409821,499898000000149236311702,0,0,0,0
8,5,5,0,7,7,3,0,1,0,2,1,1,2,1,0,0,0,0,3,0,35292226058654909936969,35292226022440413607488,36214496329481,449898000000267989914111,0,0,0,0
8,6,5,0,9,2,7,0,5,0,2,4,1,4,3,0,0,0,0,7,0,447186673928270603571302,173007701947999999999997,274178971980270603571305,750543007449059792597917,0,0,0,0
8,6,5,0,9,4,6,0,4,0,2,4,1,4,2,0,0,0,0,8,0,299914651954838970851552,114062279020000000000028,185852372934838970851524,488449834633769296351422,0,0,0,0
8,10,9,0,9,3,4,0,3,0,1,3,1,2,2,0,0,0,0,1,0,312185969529374669056337,187210560189999999999999,124975409339374669056338,608584480657599182502724,0,0,0,0
8,11,9,0,9,5,5,0,2,0,3,2,1,4,1,0,0,0,0,0,0,264795862911278613784424,132316761227000000000000,132479101684278613784424,530380331941086487378595,0,0,0,0
6,3,6,0,8,6,6,0,3,1,2,3,1,4,2,0,0,0,1,4,0,437923380130029445445695,187936451482790123399999,249986928647239322045696,489905613059698075201079,0,0,0,0
6,3,6,0,8,7,7,0,3,1,3,3,1,5,2,0,0,0,1,3,0,348445567036304591368824,222898505965444444399999,125547061070860146968825,336872705538232819344484,0,0,0,0
5,3,12,0,3,6,6,0,4,0,0,4,1,2,4,0,0,0,2,11,0,1010479597645465465691669,411292596694126204307801,599187000951339261383868,379978140614260396247339,0,0,0,0
5,3,12,0,3,6,10,0,7,1,1,4,2,3,7,0,0,0,1,8,0,800951196331380966869055,311521041311708426153919,489430155019672540715136,342361428721419313047447,0,0,0,0
7,3,8,0,7,8,4,0,2,1,0,2,2,1,3,0,0,0,0,0,0,101133622853443085347929,99085437910963821981858,2048184942479263366071,449998000000150000025144,0,0,0,0
7,4,8,0,7,6,3,0,0,2,1,0,2,1,2,0,0,0,0,1,0,110204094137695929275578,110204094137695929275578,0,449998000000150000025972,0,0,0,0
6,4,10,0,4,7,5,0,3,0,1,3,1,1,4,0,0,0,1,0,0,529406037344975481227218,165268418209444444433300,364137619135531036793918,473107383223939165192438,0,0,0,0
6,5,10,0,4,6,4,0,2,0,1,2,1,2,2,0,0,0,1,1,0,274365741932051649993168,132120563271308641949998,142245178660743008043170,456099463816701532406390,0,0,0,0
6,3,9,0,10,3,3,0,3,0,0,2,0,1,2,0,0,0,4,1,0,269276158212845579820835,187879044235627483110349,81397113977218096710486,530784483857698579109108,0,0,0,0
6,2,9,0,10,3,3,0,3,0,0,2,0,1,2,0,0,0,2,3,0,246501316939803462360024,164116165501529726829395,82385151438273735530629,530804483657698579111896,0,0,0,0
7,3,7,0,6,3,5,0,4,1,0,3,2,0,5,0,0,0,0,4,0,313432683009812363812108,209723385171786517241608,103709297838025846570500,357651378067202623833106,0,0,0,0
7,3,7,0,6,3,4,0,3,1,0,2,2,0,4,0,0,0,0,5,0,214621912196403767867013,159540371628008231020749,55081540568395536846264,377319350786714024006068,0,0,0,0
8,5,4,0,7,5,5,0,3,1,1,2,1,2,3,0,0,0,0,7,0,378798471861662864356307,134886684523835938751179,243911787337826925605128,659766028883687385406111,0,0,0,0
8,4,4,0,7,6,4,0,2,1,1,1,1,1,3,0,0,0,0,8,0,205669884518952538725910,72360471873348930249998,133309412645603608475912,559016746739488883100637,0,0,0,0
9,5,5,0,8,7,1,0,0,0,1,0,0,1,0,0,0,0,0,3,0,7562885802000000000000,7562885802000000000000,0,447153940072102406576194,0,0,0,0
9,4,5,0,8,7,3,0,2,0,1,1,0,1,2,0,0,0,0,1,0,241270343603628603393950,58529924098504116249997,182740419505124487143953,347334938272089620671458,0,0,0,0
10,2,9,0,10,7,5,0,2,1,2,3,1,3,2,0,0,2,0,4,0,260259734888900714242303,143428783349388574649994,116830951539512139592309,414438286997039251650905,0,0,2,0
10,1,9,0,10,10,7,0,5,0,2,5,1,4,3,0,0,0,0,4,0,280987272340310565551431,143966696291999999999996,137020576048310565551435,414438286997019236303327,0,0,0,0
6,6,8,0,7,7,8,0,8,0,0,5,0,1,7,0,0,0,1,2,0,496770153674182578451384,232316419675177249717233,264453733999005328734151,248376558642125308650000,0,0,0,0
6,5,8,0,7,7,8,0,8,0,0,5,1,1,7,0,0,0,0,3,0,605345052328007756142662,194871671426513903656352,410473380901493852486310,284965393916283776539556,0,0,0,0
3,8,14,0,7,8,8,0,7,0,0,4,1,3,5,0,0,0,1,4,0,458717565866739603576952,115462521039752582412538,343255044826987021164414,319665408214269351472061,0,0,0,0
3,7,14,0,7,8,4,0,3,0,1,2,0,1,3,0,0,0,4,5,0,291477933113655427987847,118735928525863701886683,172742004587791726101164,320642583664457730846909,0,0,0,0
8,5,10,0,9,7,5,0,4,0,1,3,0,4,1,0,0,0,3,0,0,465196111646235628392732,296235603912864197499999,168960507733371430892733,415244168140953339103932,0,0,0,0
8,5,10,0,9,6,6,0,6,0,0,3,1,2,4,0,0,0,0,2,0,636944940666768751707334,371244587836429426529426,265700352830339325177908,405331079666933540201304,0,0,0,0
14,5,4,0,5,7,3,0,3,0,0,3,1,2,1,0,0,0,1,1,0,339336229797063538415115,222789350233000000000000,116546879564063538415115,497932256553269781927980,0,0,0,0
14,4,4,0,5,6,2,0,2,0,0,2,1,1,1,0,0,0,2,1,0,178076541980547941214161,135635506021000000000000,42441035959547941214161,497932256553287586484994,0,0,0,0
7,4,7,0,6,6,2,0,1,0,0,1,1,0,2,0,0,0,2,2,0,359295310962702978150000,82394097222222222150000,276901213740480756000000,566556131167534433500409,0,0,0,0
7,2,7,0,6,7,2,0,0,1,0,0,1,0,2,0,0,0,1,3,0,59868294040294266300000,59868294040294266300000,0,456515000308008582491581,0,0,0,0
8,7,10,0,4,4,5,1,4,0,1,2,0,2,3,1,1,0,2,6,0,371690420662366696964280,187758701759058819159360,183931718903307877804920,500456472231493003840932,0,0,0,0
8,7,10,0,4,2,7,1,5,0,2,4,1,4,3,1,1,0,3,3,0,589457203535444521772157,333352556943320202470318,256104646592124319301839,444762667306709992251079,0,0,0,0
8,3,6,0,5,5,9,0,6,0,3,4,1,4,5,0,0,0,0,3,0,743788454239964898484032,292937385801273903440269,450851068438690995043763,449998058004403225676991,0,0,0,0
8,3,6,0,5,4,11,0,8,0,3,6,1,5,6,0,0,0,0,1,0,993929566063395049202209,419444246564414000052699,574485319498981049149510,401744958369038079813464,0,0,0,0
8,6,12,0,10,8,2,0,1,0,1,1,0,2,0,0,0,0,1,2,0,81990009953794507286027,50000000000000000000000,31990009953794507286027,587611701619693496960584,0,0,0,0
8,6,12,0,10,6,3,0,2,0,1,2,0,3,0,0,0,0,0,2,0,220554024065457880682398,68052501369000000000000,152501522696457880682398,637516701619700330980882,0,0,0,0
10,4,7,0,6,5,3,0,2,1,0,2,1,2,1,0,0,0,1,2,0,246763273167675304439932,75278451409416045450000,171484821758259258989932,794773961482243972602410,0,0,0,0
10,2,7,0,6,6,4,0,2,1,1,1,1,2,2,0,0,0,1,1,0,172918244359396372692575,119969996944344598779689,52948247415051773912886,737220461051295566906528,0,0,0,0
6,7,12,0,11,3,5,0,4,0,1,4,1,3,2,0,0,0,1,2,0,239210474077151259529458,139284006632999999999999,99926467444151259529459,477941069291207807821304,0,0,0,0
6,6,12,0,11,3,5,0,4,0,1,4,1,3,2,0,0,0,1,2,0,294907891716235715325754,180405099285999999999998,114502792430235715325756,463676069291288970975280,0,0,0,0
11,2,1,0,5,7,5,0,4,0,1,4,1,3,2,0,0,0,0,7,0,536682776548373501250389,243686598692884336677838,292996177855489164572551,297823702154944343030527,0,0,0,0
11,2,1,0,5,9,2,0,2,0,0,2,1,1,1,0,0,0,0,10,0,328954150855483610251820,115917793419019799010115,213036357436463811241705,431784125673346385918527,0,0,0,0
5,5,14,0,11,5,4,0,2,2,0,0,2,0,4,0,0,0,6,2,0,76898236783132009827001,76898236783132009826999,2,708459889169403072496425,0,0,0,0
5,5,14,0,11,4,4,0,3,0,1,1,1,1,3,0,0,0,4,4,0,153073938066952067389000,129702204041463423638997,23371734025488643750003,583430590291829582644949,0,0,0,0
6,4,9,0,12,6,5,0,4,0,1,4,1,2,3,0,0,0,3,3,0,392990400785471079235810,184230217440401008544190,208760183345070070691620,423704364045534243699466,0,0,0,0
6,3,9,0,12,6,5,0,4,0,1,2,0,2,3,0,0,0,4,2,0,385619987084394682811583,196831652878378608149993,188788334206016074661590,474342423470109014388578,0,0,0,0
9,8,5,0,9,6,5,0,3,0,2,2,0,3,2,0,0,0,0,1,0,525276869145192025497800,279566142900525270812516,245710726244666754685284,353059946744300366370086,0,0,0,0
9,8,5,0,9,5,4,0,2,0,2,1,1,2,2,0,0,0,0,2,0,427338450274932677762519,125806042867525270812517,301532407407407406950002,353059946744298985850221,0,0,0,0
13,4,4,0,8,6,7,0,4,0,1,3,0,2,5,0,0,0,2,3,0,487862682395398891653649,332702090953821425580100,155160591441577466073549,460006794484587162151968,0,0,0,0
13,3,4,0,8,4,7,0,5,0,0,3,0,1,6,0,0,0,1,4,0,458672870505022396471719,343695722346619229622472,114977148158403166849247,486382459494030983628453,0,0,0,0
5,2,7,0,12,5,4,0,4,0,0,2,1,0,4,0,0,0,1,3,0,238003050731949476236685,99138330286961290306187,138864720444988185930498,400069451020440590921357,0,0,0,0
5,3,7,0,12,6,4,0,3,0,0,2,0,0,4,0,0,0,2,2,0,325227308973551012576126,109558220076757090987000,215669088896793921589126,505133879142257590467524,0,0,0,0
11,4,6,0,7,6,4,0,0,1,2,0,1,2,2,0,0,0,1,1,0,80739349132567262445632,80739349132567262445632,0,405160009851992786026521,0,0,0,0
11,3,6,0,7,6,4,0,1,1,1,1,1,1,3,0,0,0,1,1,0,113045086838060680450000,109073443319542162049998,3971643518518518400002,400000000000149999999998,0,0,0,0
8,8,9,0,7,7,5,0,4,0,1,4,1,3,2,0,0,0,0,1,0,311032696630532431616143,91114658594387603645702,219918038036144827970441,352473319763858391180369,0,0,0,0
8,7,9,0,7,7,5,0,4,0,1,4,1,3,2,0,0,0,0,1,0,297112375143746009284158,189722564046387603645702,107389811097358405638456,360452644138470879400791,0,0,0,0
9,4,9,0,9,7,5,0,4,0,1,4,0,3,2,0,0,0,1,2,0,570242512227200861359831,186036715764310937727735,384205796462889923632096,588008543578319666388807,0,0,0,0
9,6,9,0,9,5,3,0,3,0,0,3,0,2,1,0,0,0,0,5,0,457932062787335440917959,171025687071999999999999,286906375715335440917960,758000738279344008140846,0,0,0,0
10,4,11,0,8,5,4,0,3,0,1,3,1,1,3,0,0,0,0,2,0,627833347958198297623813,211422332762339019555889,416411015195859278067924,311858600056895005306709,0,0,0,0
10,2,11,0,8,5,4,0,3,0,1,3,1,1,3,0,0,0,0,2,0,588174953162638149304421,248913956890339019555886,339260996272299129748535,311858600056895005306709,0,0,0,0
11,5,11,0,8,2,2,0,1,1,0,0,1,0,2,0,0,0,0,1,0,41422989707605902050000,41422989707605902049998,2,679709548369664459065600,0,0,0,0
11,5,11,0,8,3,1,0,1,0,0,0,0,0,1,0,0,0,0,2,0,18049382716049382650000,18049382716049382649999,1,707869352694932037615220,0,0,0,0
9,8,10,0,12,3,5,0,4,0,1,1,1,1,4,0,0,0,0,1,0,335201084016398277360467,192529669544689103034046,142671414471709174326421,568858976049822939171213,0,0,0,0
9,9,10,0,12,3,6,0,6,0,0,3,1,1,5,0,0,0,0,0,0,451488688404991100642607,289944267197666415611551,161544421207324685031056,502596680578190883485908,0,0,0,0
5,4,6,0,10,4,3,0,2,0,0,2,1,1,2,0,0,0,3,5,0,374321124146343285788888,184521776422666666650000,189799347723676619138888,305023058596075114103961,0,0,0,0
5,4,6,0,10,3,4,0,3,0,0,3,1,1,3,0,0,0,3,4,0,176409697637610670781958,58651416666666666649997,117758280970944004131961,291365144028717146661220,0,0,0,0
5,2,5,0,7,4,2,0,1,0,1,1,1,1,1,0,0,0,1,4,0,152402758109296296100000,52747086813000000000000,99655671296296296100000,364004645907614847408862,0,0,0,0
5,3,5,0,7,5,3,0,2,0,1,2,1,1,2,0,0,0,2,2,0,377958424810615247792315,136611174322209852455947,241347250488405395336368,364004645907663916896037,0,0,0,0
12,6,9,0,9,4,5,0,4,0,1,2,0,1,4,0,0,0,0,0,0,296394536136185683383730,272900073434914773287931,23494462701270910095799,788705681361183898503711,0,0,0,0
12,7,9,0,9,4,5,0,4,0,1,1,0,1,4,0,0,0,0,0,0,358079836996063489124962,331063524616475438161341,27016312379588050963621,603107437594039358466831,0,0,0,0
12,7,11,0,7,4,5,0,2,1,2,2,1,3,2,0,0,0,1,2,0,132685285526334267581349,90405470561950903267690,42279814964383364313659,896385579281945375370011,0,0,0,0
12,8,11,0,7,3,5,0,3,1,1,2,1,3,2,0,0,0,2,1,0,334834934087698501540500,192532928191906926981600,142302005895791574558900,735795533549940839175104,0,0,0,0
3,3,10,0,9,2,9,0,5,1,2,5,3,3,6,0,0,0,2,2,0,742837000888508242957779,367192728487166393516281,375644272401341849441498,334884463471891512159799,0,0,0,0
3,2,10,0,9,2,8,0,4,2,2,4,2,4,4,0,0,0,4,1,0,546215906518398640299493,331548535959643340193256,214667370558755300106237,334884463471891623575446,0,0,0,0
8,5,6,0,9,6,3,0,2,0,1,2,1,2,1,0,0,0,1,2,0,257264160705293750866492,110757908950000000000000,146506251755293750866492,340531695369624768785104,0,0,0,0
8,3,6,0,9,5,3,0,2,0,1,2,1,2,1,0,0,0,0,3,0,262409712288859416906044,109747095113440931763352,152662617175418485142692,455828105175448432341920,0,0,0,0
9,4,12,0,9,7,2,0,2,0,0,1,1,0,2,0,0,0,2,0,0,97958382817798810011278,96399121196906572790540,1559261620892237220738,522467995924038877609717,0,0,0,0
9,4,12,0,9,8,2,0,2,0,0,1,1,0,2,0,0,0,2,0,0,93809707122827611634218,92661370425301634490540,1148336697525977143678,476205746695662510906824,0,0,0,0
9,8,12,0,11,6,3,0,2,0,0,1,1,0,3,0,0,1,0,1,0,302982467842398521851799,279073810770519765857055,23908657071878755994744,399999000000250189950126,0,0,1,0
9,8,12,0,11,6,3,0,2,0,0,1,1,0,3,0,0,1,0,1,0,290468617007604568474569,179212715771176441064721,111255901236428127409848,521511926436799613477987,0,0,1,0
4,2,10,0,7,6,4,0,2,1,1,2,2,2,2,0,0,0,2,3,0,595431439715108032476091,85684386049705427699254,509747053665402604776837,437790621836176880588714,0,0,0,0
4,3,10,0,7,7,4,0,4,0,0,4,2,2,2,0,0,0,1,4,0,696870045809995240130407,152776769561838568311531,544093276248156671818876,287446557447607368437263,0,0,0,0
10,5,7,0,9,5,3,0,3,0,0,1,0,1,2,0,0,0,0,1,0,151471399609202370647846,130562545442535704067402,20908854166666666580444,660361160174568706285613,0,0,0,0
10,4,7,0,9,4,3,0,3,0,0,2,0,1,2,0,0,0,0,1,0,316309155587834308937515,199999000000000000023536,116310155587834308913979,808842565303010637270594,0,0,0,0
9,8,11,0,5,3,8,0,2,0,6,1,1,6,2,0,0,0,2,2,0,303621923915321917086670,263383605653012345649998,40238318262309571436672,539094158324828562681110,0,0,0,0
9,8,11,0,5,3,6,0,3,0,3,2,1,4,2,0,0,0,2,4,0,325659116288253852349831,278031587967012345649998,47627528321241506699833,436708446673681151294169,0,0,0,0
7,6,4,0,12,5,5,0,4,1,0,3,1,1,4,0,0,0,1,4,0,407189114540592186922608,231867413059983805349996,175321701480608381572612,442017190667383804491619,0,0,0,0
7,6,4,0,12,5,4,0,3,0,1,2,0,1,3,0,0,0,2,4,0,349846559738777777154000,191539877640012345599996,158306682098765431554004,442017190667383804491619,0,0,0,0
5,6,6,0,11,5,4,1,3,0,1,2,0,1,3,1,1,1,0,2,0,182613491351988188156296,92409566730008056502118,90203924621980131654178,394117039200050006410344,0,0,0,1
5,7,6,0,11,9,2,1,1,0,1,0,0,1,1,1,1,1,0,4,0,66274209104456790050000,31129918981000000000000,35144290123456790050000,361278647749149024307475,0,0,0,1
9,3,9,0,2,6,2,0,0,1,0,0,1,0,2,0,0,0,3,2,0,62075858642809042721588,62075858642809042721588,0,873154386075252030946201,0,0,0,0
9,3,9,0,2,6,2,0,0,1,0,0,1,0,2,0,0,0,3,2,0,57432698968191509013831,57432698968191509013831,0,949735548293652951883437,0,0,0,0
5,5,7,0,4,5,5,0,4,0,1,1,0,2,3,0,0,0,3,5,0,460089768036747587734420,226435547123515026168828,233654220913232561565592,439189000000161344419627,0,0,0,0
5,6,7,0,4,4,3,0,2,0,1,0,0,1,2,0,0,0,4,6,0,41558368283070164592881,41558368283070164592879,2,389189000000209885893392,0,0,0,0
7,4,11,0,8,4,2,0,2,0,0,2,2,0,2,0,0,0,0,1,0,68572048611111110950094,50000000000000000000025,18572048611111110950069,492395693003391421165194,0,0,0,0
7,5,11,0,8,5,1,0,1,0,0,1,1,0,1,0,0,0,1,1,0,43,25,18,542394693003409458121383,0,0,0,0
7,5,6,0,7,4,7,0,5,0,2,3,1,3,4,0,0,0,1,2,0,400807006309918247341682,257137293678049546802555,143669712631868700539127,541785647796103034992755,0,0,0,0
7,7,6,0,7,4,5,0,3,0,2,2,0,4,1,0,0,0,2,3,0,135939951766549632336988,73508507141426081826326,62431444625123550510662,708735485392384989062379,0,0,0,0
8,7,10,0,7,2,5,1,3,0,2,2,0,3,2,1,1,0,1,0,0,347140948479837866596683,107928685018999999999998,239212263460837866596685,505603770665248680520455,0,0,0,0
8,7,10,0,7,4,5,1,3,0,2,2,0,3,2,1,1,0,1,0,0,420547606534458737509108,190181404240999999999998,230366202293458737509110,435377382873753206725843,0,0,0,0
6,3,10,0,9,7,1,0,1,0,0,0,0,0,1,0,0,0,2,3,0,3392693899287012450152,3392693899287012450148,4,454151830340050254328060,0,0,0,0
6,3,10,0,9,5,3,0,2,0,1,1,0,2,1,0,0,0,2,1,0,139736664794115892260131,136142053194702491440480,3594611599413400819651,454151830340183603063775,0,0,0,0
12,5,12,0,6,5,5,0,4,0,0,3,1,1,4,0,0,0,1,0,0,414757450530456887435757,145424975284697144978198,269332475245759742457559,692112750380673678854123,0,0,0,0
8,5,5,0,4,5,3,0,2,0,1,2,1,1,2,0,0,0,1,3,0,188327612310289241400000,145619843901999999999999,42707768408289241400001,558016167488413310816844,0,0,0,0
12,4,12,0,6,5,6,0,4,0,1,2,1,2,4,0,0,0,0,0,0,465633361677671049112280,240515973591447999499553,225117388086223049612727,630553329285156609441390,0,0,0,0
8,7,5,0,4,4,3,0,2,0,1,2,1,1,2,0,0,0,1,3,0,187031135232682539450000,143905515192999999999997,43125620039682539450003,472417123488413310814805,0,0,0,0
6,6,6,0,8,2,8,0,5,1,2,2,2,3,5,0,0,0,0,0,0,553632175063656170959065,440884702036068495719336,112747473027587675239729,615770808661392214168306,0,0,0,0
12,9,6,0,7,3,6,0,5,1,0,1,1,1,5,0,0,0,1,5,0,185900056619585111984593,146893032234669291429795,39007024384915820554798,986879430918242685275055,0,0,0,0
6,6,6,0,8,3,8,0,6,1,1,4,3,1,7,0,0,0,0,0,0,373814055691078825909638,338992758762540007299850,34821296928538818609788,543840878525680846683957,0,0,0,0
7,6,7,0,9,3,6,0,5,0,0,4,2,2,4,0,0,0,1,5,0,533205104289552226817212,265859144451067380315735,267345959838484846501477,531526100087917613530324,0,0,0,0
12,8,6,0,7,3,5,0,4,1,0,0,1,0,5,0,0,0,2,5,0,114971352410581057957507,114971352410581057957503,4,845115412739178677933553,0,0,0,0
8,7,5,0,7,5,6,0,3,0,3,3,0,4,2,0,0,0,0,2,0,447661962717022048610638,248827668446000000018106,198834294271022048592532,412966891162936713005283,0,0,0,0
7,7,7,0,9,1,5,0,4,0,0,4,2,2,3,0,0,0,4,3,0,572234938786001585439869,318773206034182659534942,253461732751818925904927,426674142194042892613211,0,0,0,0
9,7,13,0,7,5,7,0,6,1,0,5,2,1,6,0,0,0,0,3,0,623927410779228099274759,380904698483727729092092,243022712295500370182667,437951523992353301842226,0,0,0,0
8,7,5,0,7,4,6,0,3,0,3,3,0,4,2,0,0,0,1,1,0,400849851725149790670874,247200330957000000016149,153649520768149790654725,534882591162988340340797,0,0,0,0
10,4,7,0,6,7,2,0,0,0,1,0,1,1,1,0,0,0,0,1,0,88741119820629629600000,88741119820629629600000,0,609141665617872340432382,0,0,0,0
9,7,13,0,7,3,6,0,4,0,1,3,1,1,5,0,0,0,3,1,0,586154077918841036285511,270007724591468946777266,316146353327372089508245,506198339360316974105946,0,0,0,0
9,9,9,0,5,4,6,0,5,0,0,2,0,2,4,0,0,0,0,3,0,510373139283574003532917,288764949994390955620804,221608189289183047912113,719370936043207344608321,0,0,0,0
10,4,7,0,6,6,2,0,0,1,0,0,2,0,2,0,0,0,0,1,0,4257665336155518847750,4257665336155518847750,0,709140665617768629895038,0,0,0,0
10,2,3,0,5,6,6,0,4,2,0,4,3,1,5,0,0,0,1,1,0,371495158000505818816602,117943152654265130025137,253552005346240688791465,402640017367784597546141,0,0,0,0
9,8,9,0,5,5,6,0,4,0,1,3,0,2,4,0,0,0,0,3,0,562657630931270822446414,293416239458906358274525,269241391472364464171889,726807968296295571388064,0,0,0,0
8,2,4,0,12,5,3,0,2,1,0,0,1,0,3,0,0,0,1,2,0,57452628007765371222868,57452628007765371222866,2,680148675571510850591461,0,0,0,0
10,2,3,0,5,7,5,0,4,1,0,2,2,0,5,0,0,0,1,2,0,302323955147262779236916,117909378171955560712004,184414576975307218524912,407653358959027962450233,0,0,0,0
8,4,9,0,9,6,7,0,6,0,1,6,2,3,4,0,0,0,0,4,0,479654724338944253012780,282576160740000000024938,197078563598944252987842,300000000000150000024940,0,0,0,0
8,2,4,0,12,4,4,0,3,1,0,0,1,0,4,0,0,0,1,1,0,61713921886249301543851,61713921886249301543848,3,675887381693026920270478,0,0,0,0
2,3,8,0,10,4,5,0,4,1,0,2,1,0,5,0,0,0,2,3,0,365352430555555554877516,128983331696190052650462,236369098859365502227054,350090183744778568597714,0,0,0,0
8,4,9,0,9,2,8,0,7,0,1,7,3,2,6,0,0,0,0,3,0,910932954524057463561545,479358009873083886807044,431574944650973576754501,300000000000150000024940,0,0,0,0
6,2,6,0,7,8,1,0,0,0,1,0,0,1,0,0,0,0,0,7,0,23203703703000000000000,23203703703000000000000,0,601357408516561132958931,0,0,0,0
2,2,8,0,10,4,4,0,4,0,0,2,1,0,4,0,0,0,2,4,0,468318226907250021365092,147319933752168433825809,320998293155081587539283,302680066247981850503648,0,0,0,0
9,9,9,0,7,5,4,0,4,0,0,3,0,2,2,0,0,0,1,1,0,428302981045101077164083,166476206263985426649997,261826774781115650514086,605500535054315310826939,0,0,0,0
6,2,6,0,7,8,3,0,2,0,1,0,0,1,2,0,0,0,0,5,0,211028138312845550083128,211028138312845550083126,2,506191004533265599476039,0,0,0,0
8,4,7,0,12,6,4,0,2,1,1,2,1,2,2,0,0,0,2,1,0,134156047224019968172060,55446625970591015333874,78709421253428952838186,500190161579070319806345,0,0,0,0
9,10,9,0,7,5,5,1,5,0,0,3,2,1,4,1,1,0,0,1,0,290772394721943485310707,124027806982683594787066,166744587739259890523641,458654614004048922068634,0,0,0,0
12,6,6,0,7,6,7,0,6,0,0,3,1,2,5,0,0,0,1,2,0,441392437793491086459741,121429083196312516104070,319963354597178570355671,623291049103178018925355,0,0,0,0
8,4,7,0,12,5,3,0,1,1,1,1,1,2,1,0,0,0,2,2,0,157552516363536027256241,155938671083595358482627,1613845279940668773614,466303516786436062832405,0,0,0,0
9,6,8,0,15,5,2,0,1,0,1,0,0,1,1,0,0,0,1,2,0,87322982416215249300000,87322982416215249299999,1,615708796631325641199631,0,0,0,0
12,6,6,0,7,6,4,0,4,0,0,2,0,1,3,0,0,0,1,5,0,149799190892802130243488,99734304522246529457855,50064886370555600785633,641163412555249554524705,0,0,0,0
4,5,7,0,14,4,3,0,1,1,1,1,1,2,1,0,0,0,0,4,0,215162482875275597330091,98449725091408201450001,116712757783867395880090,456372013572280740961719,0,0,0,0
9,5,8,0,15,4,3,0,2,0,1,0,0,1,2,0,0,0,0,2,0,107859590417702765050000,107859590417702765049997,3,609123192993573652631054,0,0,0,0
6,4,7,0,8,4,5,0,4,1,0,3,2,1,4,0,0,0,1,8,0,335128838455789730992319,208498323879031196768550,126630514576758534223769,370839000000100000272960,0,0,0,0
4,4,7,0,14,4,3,0,1,0,2,0,0,2,1,0,0,0,1,3,0,82837816329358024650000,82837816329358024649998,2,456372013572280740961719,0,0,0,0
7,5,10,0,8,7,4,0,1,0,2,0,0,2,2,0,0,0,0,4,0,57062639879222222100000,57062639879222222099999,1,368630866550130869434475,0,0,0,0
6,5,7,0,8,4,8,0,5,2,1,5,3,3,5,0,0,0,0,6,0,479582632424193577216908,220700057747000000404621,258882574677193576812287,382923000000100000274899,0,0,0,0
10,3,6,0,9,8,2,0,1,0,1,1,0,1,1,0,0,0,0,3,0,92390995396668599850000,70521124931000000000000,21869870465668599850000,367684615302716640971948,0,0,0,0
7,5,10,0,8,3,7,0,3,0,3,2,0,4,3,0,0,0,0,1,0,370985627622882654588647,230072848657334244978070,140912778965548409610577,318045707197716538946373,0,0,0,0
6,9,6,0,4,4,4,0,3,0,0,3,1,1,3,0,0,0,0,2,0,428266400301340222421025,141855030864197530799999,286411369437142691621026,406031137435816667382606,0,0,0,0
10,3,6,0,9,6,3,0,1,0,2,1,0,2,1,0,0,0,0,2,0,208528306461274121600000,196510002839000000000000,12018303622274121600000,481333615302617327339673,0,0,0,0
10,9,9,0,10,7,1,0,1,0,0,0,0,0,1,0,0,0,0,3,0,1494598765432098750000,1494598765432098749999,1,544596824731309395840004,0,0,0,0
6,9,6,0,4,4,4,0,3,0,0,3,1,1,3,0,0,0,0,2,0,438688119444530261208526,141855030864197530799999,296833088580332730408527,406031137435826830653655,0,0,0,0
8,3,8,0,8,7,1,0,0,0,1,0,0,1,0,0,0,0,0,5,0,551486000000000000,551486000000000000,0,418100410095836267834220,0,0,0,0
10,10,9,0,10,7,1,0,1,0,0,0,0,0,1,0,0,0,0,3,0,1494598765432098750000,1494598765432098749999,1,429936569576202599089963,0,0,0,0
6,3,11,0,4,6,5,0,2,1,2,1,1,3,2,0,0,0,3,0,0,88434098738954887071458,87667754580938839399993,766344158016047671465,601700511460188610159855,0,0,0,0
8,3,8,0,8,7,0,0,0,0,0,0,0,0,0,0,0,0,2,4,0,0,0,0,439842296697550474192883,0,0,0,0
10,3,6,0,6,5,8,0,4,0,3,4,0,5,3,0,0,0,0,2,0,303497047833911802675660,248190211411606655326972,55306836422305147348688,463149522524919169478584,0,0,0,0
6,2,11,0,4,9,5,0,2,2,1,1,2,2,3,0,0,0,3,0,0,101615554430637943031164,99257068481366744759950,2358485949271198271214,551793247318779115535281,0,0,0,0
5,4,14,0,8,4,7,0,4,0,1,4,3,4,3,0,0,0,0,1,0,454915596290667606624133,177483968851324540861467,277431627439343065762666,454910676069383834728861,0,0,0,0
10,6,6,0,6,6,8,0,5,0,1,2,1,2,6,0,0,0,0,2,0,280231870502709887232062,235262801923446068582996,44969068579263818649066,446743144346686884631424,0,0,0,0
10,5,13,0,8,7,4,0,3,0,1,2,0,2,2,0,0,0,0,2,0,278381434320351755404440,134116793113999999999997,144264641206351755404443,881956684122452505596278,0,0,0,0
5,4,14,0,8,5,6,0,4,0,0,3,3,2,4,0,0,0,0,2,0,246240411976808839257718,148500115691485212339967,97740296285323626917751,476384582303951736072734,0,0,0,0
5,4,7,0,5,5,4,0,3,0,1,0,0,1,3,0,0,0,3,2,0,160499217779773531438646,160499217779773531438641,5,449999000000136820000016,0,0,0,0
10,6,13,0,8,6,3,0,3,0,0,2,0,1,2,0,0,0,0,3,0,223307194796511782520320,119132651669999999999998,104174543126511782520322,881956684122502505588320,0,0,0,0
12,6,8,0,8,3,4,0,2,0,2,1,0,2,2,0,0,0,1,2,0,369186920336758480434906,312224576273744625374494,56962344063013855060412,861294973181570935246826,0,0,0,0
9,3,11,0,13,8,2,0,1,0,1,1,0,2,0,0,0,0,3,1,0,87142060074434809038812,81338584799000000000000,5803475275434809038812,300001000000150000030188,0,0,0,0
5,5,7,0,5,5,7,0,5,0,2,1,1,2,5,0,0,0,2,0,0,306182395350892718952674,126896145727067157821547,179286249623825561131127,491260096524725600251762,0,0,0,0
9,4,7,0,7,4,8,0,6,0,1,5,2,3,5,0,0,0,0,2,0,727262012968006688115160,379971295882938271558147,347290717085068416557013,541690085294197965634690,0,0,0,0
12,6,8,0,8,4,2,0,1,0,1,1,0,2,0,0,0,0,1,4,0,105551387772559017995070,65461419753000000000000,40089968019559017995070,998604571346605255851107,0,0,0,0
9,9,9,0,3,3,5,0,3,0,2,3,0,4,1,0,0,0,4,3,0,223015578115941170877266,113472705498999999999998,109542872616941170877268,629118910404533140826217,0,0,0,0
9,3,11,0,13,6,2,0,1,0,1,1,0,2,0,0,0,0,3,1,0,52165405785211560982868,49994627643000000000000,2170778142211560982868,513632859792092563165291,0,0,0,0
7,5,8,0,9,4,3,0,1,0,2,1,0,3,0,0,0,0,0,3,0,260183407101176967408014,168601169255000000000000,91582237846176967408014,430258625111625500495510,0,0,0,0
9,5,7,0,7,5,8,0,6,0,1,5,2,3,5,0,0,0,0,2,0,683433909535401126914213,379877160066703703658145,303556749468697423256068,424777028221840610471656,0,0,0,0
9,3,4,0,5,8,6,0,4,0,2,3,0,3,3,0,0,0,0,3,0,428431984323151198904197,324909283728061180899999,103522700595090018004198,395436646134356556098282,0,0,0,0
9,11,8,0,3,3,7,1,7,0,0,6,0,5,2,1,1,0,2,3,0,385198197132774795684652,201245130337999999999999,183953066794774795684653,513422122266653489511885,0,0,0,0
6,6,10,0,6,8,4,0,4,0,0,4,2,1,3,0,0,0,1,2,0,498126959551234335146488,197913533590556185230953,300213425960678149915535,397913533590684136966887,0,0,0,0
7,7,8,0,9,3,4,1,2,0,2,1,0,3,1,1,1,0,0,2,0,427742488245524239170287,168212943883000000000000,259529544362524239170287,391810694428834207507692,0,0,0,0
5,6,16,0,5,4,5,1,3,1,1,2,2,1,4,1,1,0,0,0,0,372930491847845670991872,139337723762000000002231,233592768085845670989641,367148188676039398942577,0,0,0,0
9,3,5,0,5,7,5,0,4,0,1,3,0,2,3,0,0,0,0,4,0,423872037871378035016529,316524392097544605899998,107347645773833429116531,355277565708133249159737,0,0,0,0
2,7,7,0,7,8,5,0,2,0,3,1,0,4,1,0,0,0,0,6,0,118865204035654796763222,113294486347365356699997,5570717688289440063225,300000000000141573881173,0,0,0,0
6,6,10,0,6,5,5,0,4,0,0,4,2,0,5,0,0,0,1,1,0,233212069763915162971729,147178851094275221841435,86033218669639941130294,397913533590684136966887,0,0,0,0
6,6,9,0,9,4,4,0,4,0,0,2,0,2,2,0,0,0,0,1,0,268827244325262643764050,143547317395102302749997,125279926930160341014053,437987268859452599851806,0,0,0,0
5,5,16,0,5,4,5,0,4,0,1,4,1,3,2,0,0,0,0,0,0,424371071346606920799203,153700293907530910662668,270670777439076010136535,367148188676008694547437,0,0,0,0
7,4,6,0,7,9,4,0,1,1,2,0,1,2,2,0,0,0,0,3,0,39410047942728395000239,39410047942728395000238,1,250000000000140639853396,0,0,0,0
2,8,7,0,7,7,5,0,2,0,3,2,0,4,1,0,0,0,0,6,0,404186421800479052682267,188613135712985116355600,215573286087493936326667,300000000000141573881173,0,0,0,0
10,3,5,0,11,6,3,0,1,0,1,1,0,1,2,0,0,0,0,4,0,149090802044760490549999,121121601655432096049997,27969200389328394500002,600180835202397497435352,0,0,0,0
6,5,9,0,9,6,4,0,3,0,1,2,0,2,2,0,0,0,0,1,0,127968304813228818031838,106825579565296296249997,21142725247932521781841,396954511095023951297027,0,0,0,0
7,3,3,0,7,6,6,1,3,1,2,2,2,2,4,1,1,0,2,5,0,340383118973359069616360,102548513217456790049999,237834605755902279566361,391075457729645018508586,0,0,0,0
7,1,6,0,7,10,3,0,1,1,1,1,2,1,2,0,0,0,0,4,0,39374664302312189358639,9370146604000000000239,30004517698312189358400,350048000000102445442283,0,0,0,0
6,2,7,0,10,2,5,0,1,2,2,1,2,2,3,0,0,0,3,5,0,78128613181008813872223,77934756229912915611608,193856951095898260615,453103859879457636312905,0,0,0,0
10,4,5,0,11,6,4,0,3,0,0,3,1,1,3,0,0,0,0,3,0,219991455710185835663462,149905008915999999999995,70086446794185835663467,561783558967829330441244,0,0,0,0
5,6,10,0,8,4,7,0,6,0,0,3,1,2,5,0,0,0,1,2,0,574062658191414636711066,242740153750274242257438,331322504441140394453628,505690848437654066841567,0,0,0,0
7,3,3,0,7,6,5,0,3,1,1,2,2,2,3,0,0,0,3,5,0,234038434984785478213157,136856192350090389549999,97182242634695088663158,460423239181308556168386,0,0,0,0
11,4,8,0,9,4,2,0,2,0,0,2,0,0,2,0,0,0,1,1,0,239516314279325102974029,50000000773856264557142,189516313505468838416887,615331826842181138242415,0,0,0,0
6,2,7,0,10,3,6,0,4,1,1,2,2,1,5,0,0,0,1,6,0,228385939252182773295316,129215402816841838770214,99170536435340934525102,300000000000148664930556,0,0,0,0
9,7,7,0,8,2,5,0,5,0,0,3,0,2,3,0,0,0,0,3,0,280903917375045081798408,205264470543658795122390,75639446831386286676018,566525728796101260462460,0,0,0,0
5,5,10,0,8,3,7,0,7,0,0,4,2,1,6,0,0,0,0,3,0,286903725157830401016085,239293325309052430808277,47610399848777970207808,369459246881248887269948,0,0,0,0
13,4,6,0,7,5,3,0,0,2,1,0,2,1,2,0,0,0,4,1,0,84491494603410549849120,84491494603410549849120,0,592398444143997995460450,0,0,0,0
11,4,8,0,9,3,2,0,2,0,0,2,0,0,2,0,0,0,0,2,0,314769985215080400619060,100000000773856264556706,214769984441224136062354,565251825242225877797262,0,0,0,0
8,2,7,0,11,7,4,0,1,1,2,1,2,2,2,0,0,0,1,2,0,205554397613497021689860,71118576326094943989852,134435821287402077700008,388993696220928365423685,0,0,0,0
9,7,7,0,8,3,4,0,4,0,0,3,0,2,2,0,0,0,0,4,0,301558371472886519151076,226452950405350927093597,75105421067535592057479,637074259060259355029648,0,0,0,0
10,7,11,0,6,3,6,0,5,1,0,2,1,0,6,0,0,0,1,2,0,296004700636423565795080,278434873699323107213607,17569826937100458581473,543477899796694882646451,0,0,0,0
13,4,6,0,7,5,6,1,3,2,1,1,2,1,5,1,1,0,2,0,0,138952118408676256527624,112879311490331885525613,26072806918344371002011,590793881539320371114311,0,0,0,0
9,5,8,0,8,7,4,0,0,0,4,0,0,4,0,0,0,0,0,1,0,190395118543000000000000,190395118543000000000000,0,477116122471710969509065,0,0,0,0
8,4,7,0,11,6,5,0,2,0,3,2,1,3,2,0,0,0,2,0,0,195435453010364644060470,98362967110000000008671,97072485900364644051799,388992696220844948175143,0,0,0,0
9,6,3,0,18,3,6,0,6,0,0,5,2,1,5,0,0,0,0,2,0,826493610995943307751957,325676329189592592559517,500817281806350715192440,436254808123642326908464,0,0,0,0
10,7,11,0,6,3,7,0,6,1,0,1,1,0,7,0,0,0,1,1,0,297555832547310795167416,284473430526391007879452,13082402020919787287964,488549195131331769651280,0,0,0,0
6,4,10,0,5,6,4,0,3,0,1,3,1,2,2,0,0,0,0,2,0,667648991204463819238408,289917534528541196648949,377731456675922622589459,454090896345181164945453,0,0,0,0
9,4,8,0,8,6,2,0,0,1,1,0,1,1,1,0,0,0,0,3,0,12960415620335985835887,12960415620335985835887,0,557043129557169451584494,0,0,0,0
7,6,5,0,5,7,4,0,3,0,1,3,1,2,2,0,0,0,1,6,0,260407406639551133075783,82764788618000000000007,177642618021551133075776,368470805454393633052291,0,0,0,0
9,7,3,0,18,4,5,1,4,1,0,2,1,1,4,1,1,0,0,3,0,473489483257880384235514,83517380497685185185551,389972102760195199049963,473892032977871877662592,0,0,0,0
15,0,14,0,4,7,3,0,3,0,0,0,0,0,3,0,0,0,0,0,0,113673712545943026981282,113673712545943026981278,4,689461242338743011857809,0,0,0,0
6,5,10,0,5,6,3,0,3,0,0,3,1,2,1,0,0,0,0,3,0,379712729652886199042852,196874506769000000000000,182838222883886199042852,458639205473188460906949,0,0,0,0
13,5,8,0,2,4,7,0,6,0,1,5,1,2,5,0,0,0,0,1,0,660996994494784884290306,409954355465103602703065,251042639029681281587241,469687183294477825721520,0,0,0,0
7,6,6,0,5,7,4,0,3,0,1,3,1,2,2,0,0,0,1,6,0,383328518393147407721842,100354000458000000000001,282974517935147407721841,318470805454443633052295,0,0,0,0
10,8,9,0,8,6,7,0,4,0,3,3,1,4,3,0,0,0,0,3,0,222036896864042197616358,165293502465785074343716,56743394398257123272642,331121945527442982816605,0,0,0,0
15,0,14,0,4,6,3,0,3,0,0,2,0,0,3,0,0,0,0,0,0,193308609328980419899796,133825997065716997626033,59482612263263422273763,789460628141112148674826,0,0,0,0
9,7,4,0,8,3,10,0,7,1,2,5,2,4,6,0,0,0,1,5,0,554774156320375064334377,410057056263197483654230,144717100057177580680147,422987416002643610460758,0,0,0,0
13,6,8,0,2,3,4,0,4,0,0,4,0,1,3,0,0,0,0,4,0,741696370534298323484412,417218534007690282432016,324477836526608041052396,694380145472626651103597,0,0,0,0
6,0,10,0,10,4,5,0,3,0,2,1,0,3,2,0,0,0,1,3,0,261482943860586957945742,258921738743785409443560,2561205116801548502182,405000302506088014177388,0,0,0,0
10,8,9,0,8,5,6,0,3,0,3,1,0,4,2,0,0,0,0,4,0,131089338976285592397427,106472729365893699514672,24616609610391892882755,429706955256333170017453,0,0,0,0
7,4,8,0,9,2,8,0,2,2,2,0,2,2,6,0,0,0,0,1,0,375202881385646518126324,375202881385646518126321,3,408381858287861322021160,0,0,0,0
9,6,4,0,8,3,7,0,5,0,2,4,1,3,4,0,0,0,1,8,0,469162074134160695758770,344649471814883458831098,124512602319277236927672,484904675066813613640664,0,0,0,0
7,7,7,0,4,6,6,0,3,1,1,3,2,1,5,0,0,0,0,4,0,643769761514626164255187,157124980876002624641853,486644780638623539613334,310882667875279155747350,0,0,0,0
6,0,10,0,10,4,3,0,2,0,1,1,0,2,1,0,0,0,1,5,0,108032333755135358399797,97102992852839506099999,10929340902295852299798,453753832627147637371461,0,0,0,0
11,6,7,0,11,4,3,0,3,0,0,3,1,0,3,0,0,0,1,1,0,345380008374593772003883,132123956129703765352220,213256052244890006651663,404977061905306002136668,0,0,0,0
7,4,8,0,9,2,8,0,3,2,1,0,2,1,7,0,0,0,0,1,0,243794294547909669377723,243794294547909669377719,4,390134180411649585392882,0,0,0,0
5,1,12,0,8,8,5,0,3,0,0,3,0,1,4,0,0,0,0,3,0,356222843540266505009331,118523158600025371340986,237699684940241133668345,296725501543359876550000,0,0,0,0
7,5,7,0,4,4,6,0,3,0,2,3,1,2,4,0,0,0,2,2,0,672612302989160259366713,373899361045193533069991,298712941943966726296722,352371832436918532897514,0,0,0,0
10,3,6,0,6,5,6,0,5,0,1,5,1,2,4,0,0,0,0,6,0,918416785716904911532074,322592481777000000049996,595824303939904911482078,439999007719409189256845,0,0,0,0
11,7,7,0,11,3,4,0,2,0,0,2,2,0,4,0,0,0,1,0,0,202871463964578807510434,137869358502229457752358,65002105462349349758076,638819957278710955705589,0,0,0,0
8,5,6,0,12,6,5,0,3,1,1,1,1,2,3,0,0,0,2,1,0,273427795015066968727395,232982929160095872306397,40444865854971096420998,496511773376763795612462,0,0,0,0
5,2,12,0,8,6,6,0,5,0,0,4,0,1,5,0,0,0,0,2,0,366588294292956593025270,109274498456790123461373,257313795836166469563897,296725501543359876550000,0,0,0,0
10,4,13,0,8,7,9,0,6,2,1,2,2,1,8,0,0,0,3,0,0,319048202228225162533501,117708263102960080286942,201339939125265082246559,410828730313257337509930,0,0,0,0
10,2,6,0,6,4,6,0,4,0,2,4,1,3,3,0,0,0,0,6,0,488705766128701745578649,306194394649000000019048,182511371479701745559601,439999007719433097094141,0,0,0,0
11,6,4,0,9,3,5,0,4,1,0,3,1,1,4,0,0,0,1,0,0,449670538382423824333965,303308817393328724486912,146361720989095099847053,572868401798348400838077,0,0,0,0
8,5,6,0,12,6,6,0,4,2,0,2,3,1,5,0,0,0,0,2,0,505189927946832495692456,245399996594172833991736,259789931352659661700720,473157508291145026140540,0,0,0,0
11,4,8,0,9,5,6,0,3,0,2,1,1,2,4,0,0,0,0,4,0,241317532326888805033100,204431818122546946089872,36885714204341858943228,511427920798547606328078,0,0,0,0
12,2,10,0,11,5,3,0,1,0,1,1,0,1,2,0,0,0,1,1,0,158082015083393964349204,137817246625618903724877,20264768457775060624327,520179466855701348549798,0,0,0,0
10,4,13,0,8,7,7,0,4,2,1,1,2,1,6,0,0,0,4,1,0,170761456589235936552609,104461033076409126406021,66300423512826810146588,498188830735047828011923,0,0,0,0
5,4,3,0,8,6,5,0,4,0,1,3,0,2,3,0,0,0,0,3,0,411655837471936037229755,196578334589308641899992,215077502882627395329763,250000000000167693868924,0,0,0,0
11,6,4,0,9,5,5,0,4,1,0,2,1,1,4,0,0,0,1,0,0,461857591678864488614710,303685025655739465444035,158172566023125023170675,513858105437520454406750,0,0,0,0
8,7,4,0,10,6,4,0,2,0,2,2,1,3,1,0,0,0,0,2,0,230710795156006961571081,70114775420000000000000,160596019736006961571081,537749250727774501260528,0,0,0,0
11,4,8,0,9,4,7,0,3,0,3,2,1,4,3,0,0,0,0,3,0,500210191439172023929968,378105990416742045319489,122104201022429978610479,579204813901496759433363,0,0,0,0
7,8,7,0,10,1,5,0,3,0,1,2,1,1,4,0,0,0,2,1,0,135638517041410113664896,89364364996274410003019,46274152045135703661877,521360204986993907754813,0,0,0,0
12,2,10,0,11,5,5,0,2,1,1,2,1,1,4,0,0,0,0,0,0,504829231345900924344629,211872430707618903724886,292956800638282020619743,574735769906231006115993,0,0,0,0
11,3,8,0,9,4,3,0,2,0,1,2,0,3,0,0,0,0,1,3,0,355364712404723483976641,184220705465000000000000,171144006939723483976641,436847671334209305187185,0,0,0,0
5,4,3,0,8,6,4,0,3,0,1,3,0,2,2,0,0,0,0,4,0,269423494856922723233233,136472645091999999999997,132950849764922723233236,249955000000167693868924,0,0,0,0
8,2,9,0,9,6,6,0,3,0,2,3,1,3,3,0,0,0,2,5,0,663957556037111164914288,294635498390000000001020,369322057647111164913268,300000000000150052536620,0,0,0,0
8,6,4,0,10,5,5,0,4,0,1,3,1,2,3,0,0,0,0,1,0,230066244835714256091261,132740201492973275718132,97326043342740980373129,336181178727920804845732,0,0,0,0
5,4,12,0,2,5,3,0,2,0,0,2,0,1,2,0,0,0,0,3,0,171064177081220055884718,83094282407407407355428,87969894673812648529290,451902172936457983947134,0,0,0,0
7,8,7,0,10,1,4,0,2,0,1,1,1,1,3,0,0,0,1,3,0,75272837007803378868861,56865068399034502118860,18407768608768876750001,515127747612449235124813,0,0,0,0
10,3,8,0,7,3,4,0,3,0,1,1,0,2,2,0,0,0,0,2,0,154172342809079378553779,152036194424324818289957,2136148384754560263822,754644860871214005113287,0,0,0,0
11,2,8,0,9,5,2,0,2,0,0,2,0,1,1,0,0,0,2,3,0,70778391795551471366106,57281704057005968471949,13496687738545502894157,436847671334154847284807,0,0,0,0
11,7,4,0,5,2,1,0,0,1,0,0,1,0,1,0,0,0,4,0,0,14677517895249799847966,14677517895249799847966,0,810938556407139810067423,0,0,0,0
8,2,9,0,9,5,5,0,3,0,2,3,1,3,2,0,0,0,2,6,0,687040516915833989778858,310154377866904495051214,376886139048929494727644,397932014287327020419637,0,0,0,0
10,7,6,0,9,4,4,0,2,1,1,1,2,1,3,0,0,0,4,5,0,108145596179177275031996,108145596177755693339305,1421581692691,569297187426163649426351,0,0,0,0
5,2,12,0,2,4,4,0,3,0,0,3,0,1,3,0,0,0,0,2,0,346468345966904488172359,132912291667028160879560,213556054299876327292799,501902172936507983039791,0,0,0,0
5,7,6,0,12,6,5,0,3,0,2,3,1,4,1,0,0,0,1,7,0,625994155332919724125578,219307950231000000000000,406686205101919724125578,250695000000099627897205,0,0,0,0
10,4,8,0,7,2,4,0,4,0,0,2,0,1,3,0,0,0,1,1,0,364205678596851436802144,242109271944927176103420,122096406651924260698724,663023103170402900165910,0,0,0,0
9,1,8,0,6,4,4,0,3,1,0,2,1,2,2,0,0,0,1,3,0,216103954728089220425333,145811999238616737113892,70291955489472483311441,530642978661084558377417,0,0,0,0
11,7,4,0,5,2,2,0,0,2,0,0,2,0,2,0,0,0,3,0,0,26852515234438725513969,26852515234438725513969,0,824807688640150502001714,0,0,0,0
6,2,4,0,9,9,4,0,3,0,1,3,1,3,1,0,0,0,0,5,0,149637733715971016450604,70539978670000000000000,79097755045971016450604,300000000000150000100000,0,0,0,0
10,6,6,0,9,4,6,0,4,1,1,2,2,1,5,0,0,0,1,6,0,194097096393653251435341,153765881270387692680201,40331215123265558755140,604226028120628157713683,0,0,0,0
8,7,11,0,10,4,4,0,3,0,1,1,1,1,3,0,0,0,0,1,0,291482555634144021230352,178467189465566357330347,113015366168577663900005,496825165121959338555816,0,0,0,0
5,7,6,0,12,6,4,0,2,0,2,2,1,3,1,0,0,0,1,8,0,254620811161417006156401,176451966510000000000000,78168844651417006156401,322736035172400945715278,0,0,0,0
6,6,3,0,10,6,2,0,2,0,0,1,0,1,1,0,0,0,0,1,0,87691250619841894533239,52876146453175227969705,34815104166666666563534,475503034618674942323984,0,0,0,0
9,1,8,0,6,4,4,0,2,1,0,1,2,1,3,0,0,0,1,3,0,195701700280885174618694,105635729794692536044138,90065970486192638574556,637973689595049129335607,0,0,0,0
3,4,6,0,9,6,5,0,4,0,1,3,0,2,3,0,0,0,1,2,0,304271559503176234867581,173435098418610902632333,130836461084565332235248,313550016661424921976747,0,0,0,0
6,3,4,0,9,8,5,0,4,0,1,4,1,2,3,0,0,0,0,4,0,437388622502497182923055,111759878670000000099996,325628743832497182823059,300000000000150000099999,0,0,0,0
8,1,9,0,11,1,5,0,3,1,1,2,1,1,4,0,0,0,0,5,0,219771995947672786728250,140322403747826046999992,79449592199846739728258,426278149453931716617523,0,0,0,0
9,5,8,0,6,2,2,0,0,1,0,0,1,0,2,0,0,0,2,0,0,17635223765432098700015,17635223765432098700015,0,713248898835168312111550,0,0,0,0
8,7,11,0,10,4,4,0,3,0,1,2,1,1,3,0,0,0,0,1,0,200265217097264751770814,91210517968197530850952,109054699129067220919862,587995196429552579864101,0,0,0,0
6,5,4,0,10,5,2,0,2,0,0,2,0,2,0,0,0,0,0,1,0,120867470532569656718155,73454831122000000000000,47412639410569656718155,475503034618674942323984,0,0,0,0
3,8,14,0,10,8,4,0,3,0,0,3,0,1,3,0,0,0,0,1,0,649765894514901404740524,105031074544320987600123,544734819970580417140401,292335576269505648378795,0,0,0,0
6,3,5,0,10,4,2,0,2,0,0,1,0,0,2,0,0,0,1,2,0,436696180555555554655059,255204863919944599528792,181491316635610955126267,499998000000199999032869,0,0,0,0
3,3,6,0,9,6,4,0,3,0,1,1,0,2,2,0,0,0,2,2,0,185038733505738512752874,168132364356139181349997,16906369149599331402877,313550016661424921976747,0,0,0,0
8,2,9,0,10,4,3,0,1,1,0,0,1,0,3,0,0,0,1,2,0,54445279983867109670235,54445279983867109670234,1,605024305795626858552418,0,0,0,0
8,3,9,0,11,4,3,0,2,0,1,1,0,1,2,0,0,0,1,6,0,118135704160925772668122,93160097865999999999998,24975606294925772668124,416767059099240670056580,0,0,0,0
6,3,11,0,9,3,6,0,6,0,0,5,2,2,4,0,0,0,1,0,0,189054998784288224825900,146872054432402222226981,42182944351886002598919,651961361304882370191659,0,0,0,0
9,5,8,0,6,2,1,0,0,0,0,0,0,0,1,0,0,0,2,1,0,17635223765432098700000,17635223765432098700000,0,801049149636196959042704,0,0,0,0
3,6,14,0,10,7,3,0,2,0,0,2,0,0,3,0,0,0,0,2,0,449060705073877321121643,25153194756944444406106,423907510316932876715537,292354042368131294081317,0,0,0,0
8,4,9,0,8,6,7,0,6,0,1,6,2,4,3,0,0,0,1,0,0,811221921033335558360592,214868040664999999999999,596353880368335558360593,372750505594488310767977,0,0,0,0
6,3,5,0,10,3,3,1,3,0,0,1,1,0,3,1,1,0,1,1,0,217858217592592592249998,65458043981481481449997,152400173611111110800001,430957375810905790810104,0,0,0,0
6,9,9,0,6,2,6,0,5,0,1,4,0,3,3,0,0,0,1,1,0,565031665648221117767367,243091556058000000007796,321940109590221117759571,552129198754848480879845,0,0,0,0
8,2,9,0,10,4,5,0,2,1,0,2,3,0,5,0,0,0,0,1,0,214160198992533741290184,96075415221572632341465,118084783770961108948719,552295506480974689366256,0,0,0,0
6,8,7,0,5,5,9,1,5,1,3,3,1,5,4,1,1,0,0,1,0,662967184039627051030505,296568781584995792361049,366398402454631258669456,387644061587019109240853,0,0,0,0
6,3,11,0,9,3,4,0,4,0,0,3,1,2,2,0,0,0,0,3,0,131572769731872371146248,99730944806131318307138,31841824925741052839110,701961361304862411192072,0,0,0,0
5,2,7,0,11,5,6,0,5,1,0,4,2,2,4,0,0,0,2,2,0,726058830996052427730607,210462980499162463755582,515595850496889963975025,338220641683794933578530,0,0,0,0
8,5,9,0,8,7,7,0,5,1,1,5,2,4,3,0,0,0,0,1,0,707044728709648747625697,226427312656533071156238,480617416053115676469459,372750505594469373461295,0,0,0,0
8,5,10,0,5,5,4,0,3,1,0,3,2,1,3,0,0,0,0,1,0,214331207663776558489819,148896138302510385374443,65435069361266173115376,631739053552961340204685,0,0,0,0
6,7,9,0,6,2,6,0,5,0,1,4,0,3,3,0,0,0,0,2,0,545895688768672513393808,243091556058003573559081,302804132710668939834727,582092175254848480867912,0,0,0,0
6,4,14,0,8,3,5,0,5,0,0,4,1,2,3,0,0,0,1,3,0,508451554413309666761834,300986648251826338284227,207464906161483328477607,479198672624404097073955,0,0,0,0
6,5,9,0,6,6,3,0,2,0,1,2,1,2,1,0,0,0,1,2,0,428229141431903397007762,211080404337000000000000,217148737094903397007762,399999000000206580740160,0,0,0,0
6,8,7,0,5,4,7,0,5,0,2,4,0,5,2,0,0,0,0,3,0,637917225073654500192543,201800480455118573590229,436116744618535926602314,519871416188933820849892,0,0,0,0
6,7,6,0,8,4,5,0,1,1,3,1,1,3,2,0,0,0,2,4,0,211698200264570818471014,126770024763435463899026,84928175501135354571988,390017537225505921289735,0,0,0,0
5,2,7,0,11,5,7,0,6,1,0,4,2,2,5,0,0,0,2,1,0,764975245342214505352117,248041810608486138090036,516933434733728367262081,420588211135291549492044,0,0,0,0
17,6,4,0,11,5,0,0,0,0,0,0,0,0,0,0,0,0,2,3,0,0,0,0,818434941888405801693114,0,0,0,0
8,5,10,0,5,6,3,0,3,0,0,1,0,1,2,0,0,0,0,2,0,86830200857956753053935,83828124999999998584284,3002075857956754469651,468467699279108087843474,0,0,0,0
6,2,6,0,6,7,4,0,2,2,0,1,2,1,3,0,0,0,0,8,0,160406650024077218179727,77136159847609612229078,83270490176467605950649,394114338643279530268086,0,0,0,0
6,4,14,0,8,2,5,0,5,0,0,4,1,2,3,0,0,0,1,3,0,617056552530756501320063,344896445590453325749737,272160106940303175570326,532515557143208624332856,0,0,0,0
9,4,9,0,8,8,6,0,4,0,1,2,1,3,3,0,0,0,1,0,0,320393702141697045257626,215907921213318490717926,104485780928378554539700,443772688543518878584255,0,0,0,0
6,6,9,0,6,7,3,0,2,0,1,2,1,2,1,0,0,0,1,2,0,338005038316639904191122,167568849733561504184708,170436188583078400006414,399999000000167662143874,0,0,0,0
5,4,4,0,10,3,1,0,1,0,0,0,0,0,1,0,0,0,2,3,0,2154737723215052200000,2154737723215052199997,3,483416398941871541985808,0,0,0,0
6,9,6,0,8,3,4,0,2,2,0,2,2,1,3,0,0,0,2,5,0,264338755213971763932369,162595001153962832501971,101743754060008931430398,480761594327293785457056,0,0,0,0
4,4,6,0,5,5,4,0,4,0,0,4,0,2,2,0,0,0,1,3,0,498747911419047148747850,218232666148029989678520,280515245271017159069330,429614952825988229736617,0,0,0,0
17,4,4,0,11,5,1,0,1,0,0,1,0,1,0,0,0,0,1,3,0,93240303293274986086431,50000000000000000000000,43240303293274986086431,816146359737316308063327,0,0,0,0
8,1,9,0,11,5,8,0,5,0,2,4,1,3,5,0,0,0,0,2,0,730121397131498775226053,446334594332271001118581,283786802799227774107472,411407849856421464544599,0,0,0,0
6,3,6,0,6,6,3,0,2,1,0,1,2,0,3,0,0,0,3,6,0,129670691704528341532664,52589044332094126286963,77081647372434215245701,378552777777927777800035,0,0,0,0
4,5,8,0,8,6,5,0,5,0,0,3,0,1,4,0,0,0,1,5,0,471117657742931617498318,196269927854443781905253,274847729888487835593065,300170072146904058005167,0,0,0,0
9,6,9,0,8,8,6,0,4,0,1,2,1,3,3,0,0,0,1,0,0,443141941704954672208290,187728073957806400206997,255413867747148272001293,445839876245477769826821,0,0,0,0
8,4,9,0,7,5,1,0,0,0,1,0,0,1,0,0,0,0,0,3,0,20031442901000000000000,20031442901000000000000,0,515974880350893893983526,0,0,0,0
5,4,4,0,10,4,1,0,1,0,0,0,0,0,1,0,0,0,2,3,0,2154737723215052200000,2154737723215052199996,4,531260661218656489825300,0,0,0,0
9,4,6,0,6,6,3,0,2,1,0,2,1,0,3,0,0,0,2,0,0,323560906362074561699459,116791095995553858692343,206769810366520703007116,703828753519931826068735,0,0,0,0
4,4,6,0,5,4,5,0,5,0,0,5,2,1,4,0,0,0,0,3,0,596392975380533890010362,241470295876025815113462,354922679504508074896900,355282871339279765435116,0,0,0,0
4,5,9,0,7,6,5,0,4,1,0,2,1,0,5,0,0,0,0,2,0,163370852167491040158508,131152450163897264381239,32218402003593775777269,308771258121934741361974,0,0,0,0
8,4,9,0,11,5,6,0,4,0,1,4,1,3,3,0,0,0,0,4,0,596437836113619859755154,397287965782362968317902,199149870331256891437252,461438405076034863994598,0,0,0,0
10,2,3,0,11,4,4,0,3,0,0,1,0,1,3,0,0,0,0,4,0,395843501479104399156881,299306090119517581752794,96537411359586817404087,775035730818542960583294,0,0,0,0
4,5,8,0,8,6,5,0,5,0,0,3,1,2,3,0,0,0,1,5,0,397270265051168302297101,207636069451471913122624,189634195599696389174477,300001000000150000000003,0,0,0,0
11,1,11,0,7,8,5,0,4,0,1,1,0,1,4,0,0,0,1,3,0,135909882082276576579162,133052248714302757911802,2857633367973818667360,360206989874187089079591,0,0,0,0
8,5,9,0,7,5,1,0,0,0,0,0,1,0,1,0,0,0,0,3,0,19889081790123456750000,19889081790123456750000,0,404174323083221583890098,0,0,0,0
10,5,3,0,10,5,5,0,4,0,1,4,0,4,1,0,0,0,2,2,0,530686095154061149797955,363729890291803810248166,166956204862257339549789,563947990011049233699135,0,0,0,0
9,5,6,0,6,5,2,0,2,0,0,2,0,0,2,0,0,0,2,1,0,97661936225019248445405,50000999999999999999997,47660936225019248445408,684558337639972216019460,0,0,0,0
10,6,9,0,11,5,3,0,2,0,0,1,1,0,3,0,0,0,0,1,0,94885268371153514301461,81885403128920783351468,12999865242232730949993,416424657195869779271663,0,0,0,0
4,5,9,0,7,5,5,0,4,0,1,1,0,1,4,0,0,0,0,2,0,106571355312119661769972,88887196118565147176173,17684159193554514593799,294693287037187037051225,0,0,0,0
9,6,11,0,11,4,3,0,2,0,1,2,0,2,1,0,0,0,0,3,0,191876277563083521629848,139813371875824912638919,52062905687258608990929,488002966240035989784666,0,0,0,0
10,2,3,0,11,3,3,0,2,0,0,1,1,0,3,0,0,0,1,4,0,77536414094414361500000,64534143518518518449999,13002270575895843050001,928083783336341053756874,0,0,0,0
8,4,9,0,5,4,3,1,3,0,0,2,1,1,2,1,1,0,1,2,0,288212446683747263610991,148958055794000000017713,139254390889747263593278,487775053134206986367335,0,0,0,0
11,1,11,0,7,7,4,0,4,0,0,1,1,0,4,0,0,0,1,4,0,196638914229754284679729,53885940184414335711181,142752974045339948968548,335819594207019619431316,0,0,0,0
7,4,4,0,13,3,7,0,6,0,1,4,0,1,6,0,0,0,0,2,0,338262496509118295764283,195355964715338423672302,142906531793779872091981,559180535828033628973717,0,0,0,0
10,6,3,0,10,6,6,0,5,0,1,4,0,4,2,0,0,0,3,0,0,478743375691183186635815,361845476069310975107900,116897899621872211527915,463808990011145215530042,0,0,0,0
8,6,10,0,7,6,4,0,2,0,2,1,0,2,2,0,0,0,2,0,0,258292981740680218594138,247919044898000000011807,10373936842680218582331,602246000000258989696687,0,0,0,0
10,8,9,0,11,6,2,0,1,0,1,0,0,1,1,0,0,0,0,2,0,97207524523782960335809,97207524523782960335807,2,348499000000145431161425,0,0,0,0
13,7,6,0,5,3,8,0,5,1,2,3,1,3,5,0,0,0,1,2,0,286007663275839542333398,173364058273671957035912,112643605002167585297486,780262055540458849676173,0,0,0,0
9,7,11,0,11,3,4,0,2,1,1,2,1,2,2,0,0,0,0,2,0,115485021607504964018135,64825032339000000011819,50659989268504964006316,572177872586167760355385,0,0,0,0
14,6,13,0,8,8,7,0,3,3,0,2,3,1,6,0,0,0,1,3,0,566834596835802706591848,361678991839200235970044,205155604996602470621804,967637249207969912301836,0,0,0,0
8,7,9,0,5,4,2,0,2,0,0,2,0,1,1,0,0,0,1,3,0,270705487452930612249027,181457230794000000032881,89248256658930612216146,531190581567838624093806,0,0,0,0
9,6,8,0,4,6,5,0,2,1,2,2,2,3,2,0,0,0,0,1,0,741898507090586843703450,109425703425229450329048,632472803665357393374402,424817936730227944399433,0,0,0,0
7,6,4,0,13,4,8,0,6,0,1,4,0,1,7,0,0,0,0,1,0,570716224077853583756923,192972510651367012889493,377743713426486570867430,559180535828033628973717,0,0,0,0
6,0,6,0,9,6,7,0,6,1,0,5,1,2,5,0,0,0,0,5,0,756377769282871318185507,237652129374659795693675,518725639908211522491832,399999000000150000000024,0,0,0,0
8,5,10,0,7,5,3,0,2,0,1,1,0,1,2,0,0,0,2,1,0,165690500521402943439634,150248887745000000010818,15441612776402943428816,602246000000327014528403,0,0,0,0
4,2,11,0,5,7,5,0,3,1,0,2,2,2,3,0,0,0,1,1,0,96849291786028563785541,90930266053912712229580,5919025732115851555961,374197876395012362520902,0,0,0,0
13,5,6,0,5,3,9,0,3,2,3,3,2,4,5,0,0,0,0,2,0,792214265377260960775249,426253563188855409901098,365960702188405550874151,768827683021606932844039,0,0,0,0
9,3,7,0,5,12,3,0,3,0,0,2,0,0,3,0,0,0,0,1,0,307500901447780450045245,50006336593060978498234,257494564854719471547011,344011567109917381434272,0,0,0,0
14,6,13,0,8,7,4,0,3,0,0,2,0,1,3,0,0,0,1,6,0,448261975242884189401821,252306880221155065329586,195955095021729124072235,945793306306773031246370,0,0,0,0
10,4,10,0,5,4,7,1,5,0,2,4,1,4,3,1,1,0,3,2,0,571150350176817332938879,270873493207034320620752,300276856969783012318127,363307059880290821774460,0,0,0,0
10,4,10,0,5,4,7,1,5,0,2,4,1,4,3,1,1,0,3,2,0,571150350176817332938879,270873493207034320620752,300276856969783012318127,363307059880290821774460,0,0,0,0
9,7,8,0,4,6,3,0,3,0,0,2,0,2,1,0,0,0,1,2,0,283267845204984366081720,116362810659765432049998,166905034545218934031722,437232567901368263974427,0,0,0,0
6,2,6,0,9,4,7,0,5,1,0,4,1,1,6,0,0,0,0,5,0,496100674081599602891569,246338758365969414960082,249761915715630187931487,399999000000150000000024,0,0,0,0
4,3,11,0,5,7,5,0,4,0,0,3,1,2,3,0,0,0,1,1,0,447118743101221194241376,208710845752875843526984,238407897348345350714392,323452675325933438646285,0,0,0,0
9,2,7,0,5,9,3,0,3,0,0,2,0,1,2,0,0,0,0,1,0,231199194810017161530143,99999999999999999999996,131199194810017161530147,344011567109917381434272,0,0,0,0
10,6,10,0,5,5,6,0,3,0,3,3,1,3,3,0,0,0,1,5,0,378966584659129215098911,170704805170034320642643,208261779489094894456268,363308059880240821774459,0,0,0,0
10,6,10,0,5,5,6,0,3,0,3,3,1,3,3,0,0,0,1,5,0,378966584659129215098911,170704805170034320642643,208261779489094894456268,363308059880240821774459,0,0,0,0
