9,3,7,8,0,3,4,1,2,0,2,0,0,2,2,1,1,0,0,5,0,644426998500787386349167,48132080372573347383530,0,652147254619004775628097,0,0,0,0
9,4,7,8,0,4,4,1,1,0,3,0,0,3,1,1,1,0,1,4,0,740702995000854238520142,108427928354000000000000,0,667550565755553972322289,0,0,0,0
9,4,7,9,0,2,3,1,1,0,2,0,0,2,1,1,1,0,0,6,0,570058816030320330001469,95882693518000000000000,0,606561342064451375888891,0,0,0,0
9,3,7,5,0,3,6,0,4,0,2,3,1,3,3,0,0,0,0,3,0,893747160225567288269407,390227583901702406148665,0,667550565755562915846834,0,0,0,0
7,2,6,8,0,3,6,0,3,1,2,2,1,4,2,0,0,0,0,0,0,569080388131192026817790,322962412465493360399996,0,541374505734933808121748,0,0,0,0
7,3,6,8,0,3,6,0,2,2,2,1,2,3,3,0,0,0,0,0,0,461963499324214741571792,233400251364902941227427,0,550911704366948162416594,0,0,0,0
7,5,4,3,0,5,7,0,6,0,0,5,1,2,5,0,0,0,0,3,0,1159460070874915344806035,289707726091594806650219,0,322065618563497760104799,0,0,0,0
7,1,6,7,0,3,6,0,4,2,0,3,2,2,4,0,0,0,0,0,0,625479433567091925635681,342474840319269679398064,0,498347528030058429537485,0,0,0,0
7,0,6,8,0,3,5,0,2,1,2,1,1,3,2,0,0,0,1,0,0,717841181691195278091613,392899246100643179691018,0,554037391709441233345556,0,0,0,0
12,3,11,5,0,6,7,0,5,2,0,3,3,0,7,0,0,0,0,2,0,699806441092425576377173,109176687971418044116768,0,390877472222372222284496,0,0,0,0
7,5,4,3,0,5,6,0,5,0,0,3,0,2,4,0,0,0,0,4,0,828651814066309057626151,146309148046420891513314,0,327330239646560259535302,0,0,0,0
7,4,4,3,0,5,6,0,6,0,0,4,0,1,5,0,0,0,0,4,0,505183059557184039704122,149695667093766009666518,0,322065618563497760104799,0,0,0,0
7,5,4,2,0,6,5,0,5,0,0,3,0,1,4,0,0,0,0,5,0,741523692957694742013624,184426855964434944316455,0,322065636329167234251753,0,0,0,0
5,8,8,5,0,4,4,0,2,2,0,2,2,1,3,0,0,0,0,0,0,420293758156392420173317,86383509001312376851074,0,305329386442304151109265,0,0,0,0
12,3,11,5,0,6,6,0,4,2,0,3,3,0,6,0,0,0,0,3,0,798968898851594742618357,109177529800538080382501,0,323053071269169868099472,0,0,0,0
11,7,7,9,0,3,2,0,1,0,1,0,0,1,1,0,0,0,1,0,0,679617048684639593845895,17335157413789605363904,0,879830696067105026001260,0,0,0,0
12,2,11,5,0,6,7,0,7,0,0,5,3,0,7,0,0,0,0,2,0,890370676873991794228469,131380190516914162864759,0,306711231605756090027302,0,0,0,0
12,2,11,6,0,6,6,0,6,0,0,4,2,0,6,0,0,0,1,2,0,900163508255892869229208,209188216693329041579940,0,423052071269150848164061,0,0,0,0
8,7,7,2,0,4,6,0,5,0,1,3,1,2,4,0,0,0,0,2,0,609203575935055998931877,140288927093843325511534,0,535374904518902021503427,0,0,0,0
5,9,8,6,0,5,2,0,1,1,0,1,1,0,2,0,0,0,1,1,0,738711665176721215147965,64205688146139209399998,0,278383727088742322459570,0,0,0,0
10,3,4,3,0,11,4,0,2,0,2,1,0,2,2,0,0,0,0,4,0,302914576787768036501088,218403210860389743039564,0,350000000000206667611085,0,0,0,0
5,10,8,5,0,4,1,0,1,0,0,1,0,0,1,0,0,0,0,3,0,592187010561380677755271,49999999999999999999999,0,312157506919503604411867,0,0,0,0
11,8,7,10,0,3,2,0,1,0,1,0,0,1,1,0,0,0,1,0,0,793969015660957448372140,143291368337206002468168,0,780294358853937126359538,0,0,0,0
5,7,8,4,0,4,2,0,1,0,1,1,0,1,1,0,0,0,0,2,0,354231162197948897459650,52054893932999999999999,0,305328386942321559507062,0,0,0,0
6,9,6,7,0,4,4,0,2,0,2,1,0,2,2,0,0,0,0,2,0,430708619705669424473992,65882497380325815700145,0,380425813861374361050709,0,0,0,0
8,5,7,3,0,3,6,1,6,0,0,3,0,3,3,1,1,0,1,1,0,721405470629796062642219,173002252482073348017626,0,499998000000150000020028,0,0,0,0
11,7,7,8,0,3,3,0,2,0,1,1,1,1,2,0,0,0,0,0,0,1173495807217989045424684,229583085695672133865388,0,745154260853998839208044,0,0,0,0
11,5,3,5,0,5,3,0,2,0,1,2,0,3,0,0,0,0,1,1,0,438935414732985968295298,161038636711000000000000,0,697696080065564219086616,0,0,0,0
11,7,7,8,0,3,2,0,1,0,1,1,0,2,0,0,0,0,1,0,0,743448087994075722268281,235627164572000000000000,0,845633257653702983598749,0,0,0,0
10,5,11,2,0,4,2,0,2,0,0,1,0,0,2,0,0,0,0,4,0,180959494609849737468204,68037210786348585439851,0,603652030020506936323286,0,0,0,0
10,2,4,2,0,7,5,0,5,0,0,1,0,0,5,0,0,0,1,2,0,420239237765771049662730,253452148163518817944875,0,367906817983545996227485,0,0,0,0
8,5,7,4,0,4,6,0,6,0,0,4,1,2,4,0,0,0,0,2,0,807241430654498152266914,153291044306333068768214,0,535374904518894716357935,0,0,0,0
7,8,10,6,0,5,3,1,3,0,0,1,0,0,3,1,1,0,0,1,0,610550623557404623495378,10931542726069277177116,0,443348702672194617550613,0,0,0,0
8,7,7,4,0,4,6,0,4,0,2,2,0,3,3,0,0,0,0,2,0,605780661912714843785614,145113860844992968662196,0,509956928522695802236330,0,0,0,0
6,9,6,7,0,6,4,0,2,0,2,1,0,2,2,0,0,0,0,2,0,260739363742477884663261,62206939988575184647575,0,325979233257617043070499,0,0,0,0
16,4,8,7,0,5,5,0,0,1,4,0,1,4,1,0,0,0,1,1,0,856098717779291355600603,463990807763195096300263,0,843602915022091953682706,0,0,0,0
10,2,4,4,0,8,2,0,2,0,0,1,0,0,2,0,0,0,1,5,0,339242680925872650246927,152707448206389743004989,0,350000000000206667611085,0,0,0,0
10,3,4,4,0,8,3,0,2,1,0,1,1,0,3,0,0,0,1,4,0,434636721370465597753372,157875570055504509113360,0,367906817983641935176402,0,0,0,0
12,5,7,10,0,3,3,0,3,0,0,2,1,1,2,0,0,0,2,1,0,938723106699868682207860,75126201779131468551131,0,808178931957535987200712,0,0,0,0
11,5,3,6,0,5,2,0,1,0,1,1,0,2,0,0,0,0,1,2,0,560697642062066267157360,89890675736000000000000,0,797694480058501788200912,0,0,0,0
10,2,6,3,0,5,4,0,4,0,0,4,0,2,2,0,0,0,1,3,0,708729181798992590853193,224417233806999999999995,0,558448365205875314477632,0,0,0,0
6,8,6,6,0,5,5,0,3,0,2,1,0,2,3,0,0,0,0,1,0,370130303596275072303470,98852710206410594540478,0,375169998509955959352007,0,0,0,0
6,10,6,5,0,6,3,0,2,0,1,1,0,1,2,0,0,0,0,3,0,321223150752641287265998,65271515711314143026178,0,378341650534981718800018,0,0,0,0
10,6,11,4,0,6,3,0,3,0,0,1,0,1,2,0,0,0,0,3,0,136918412422147416296409,57977970537596729245936,0,598644394798989019246021,0,0,0,0
7,7,6,5,0,5,3,0,1,0,2,1,0,3,0,0,0,0,0,1,0,667774754019535728880448,88284884822000000000000,0,403867786834959446583490,0,0,0,0
11,6,3,5,0,2,3,0,2,0,1,2,0,3,0,0,0,0,1,1,0,647683403856788519936157,141114908840000000000000,0,807614986467376662966116,0,0,0,0
7,11,10,7,0,7,1,0,1,0,0,0,0,0,1,0,0,0,0,3,0,333152981156473809100682,457261619759037071709,0,337150390847438766187921,0,0,0,0
7,4,7,8,0,7,6,0,3,2,1,3,2,2,4,0,0,0,1,0,0,1040257267049156201589906,132332104452080231892912,0,578465527197155191923920,0,0,0,0
11,4,3,5,0,4,2,0,2,0,0,2,0,2,0,0,0,0,1,2,0,588745718545722817933294,113748558170000000000000,0,797695080065514220072013,0,0,0,0
6,5,9,8,0,3,4,0,2,1,1,0,1,1,3,0,0,0,3,2,0,373177897434850402133119,101493459836479347727294,0,493671086437913102203925,0,0,0,0
10,4,11,3,0,6,2,0,1,0,0,1,1,0,2,0,0,0,0,4,0,178985286822343652597594,63517988591366077134836,0,690593733735899907316504,0,0,0,0
16,3,8,7,0,5,6,0,2,2,2,1,2,3,3,0,0,0,1,0,0,895906191470459959622824,456382724454120729686833,0,814341159181395751244416,0,0,0,0
10,4,11,2,0,5,3,0,2,0,0,2,1,0,3,0,0,0,0,3,0,416287568161763014659317,244772721602475203256362,0,557527447851494420237410,0,0,0,0
8,4,13,2,0,4,7,0,1,0,6,1,0,6,1,0,0,0,2,1,0,102100159965069077892763,67610584113999999999998,0,408415115921663718284675,0,0,0,0
12,5,7,9,0,3,1,0,0,0,1,0,0,1,0,0,0,0,3,2,0,980956590446295678680102,64594128417000000000000,0,725276810171293380009152,0,0,0,0
7,9,10,7,0,3,4,1,4,0,0,1,0,1,3,1,1,0,0,0,0,655207158465435070063143,5786180567517641425084,0,411956084189756473424529,0,0,0,0
6,1,6,3,0,6,8,0,4,1,1,3,3,4,4,0,0,0,1,2,0,654721210664151468069748,211087080706217777043948,0,484551030836831737630324,0,0,0,0
7,12,10,7,0,4,2,0,2,0,0,0,0,0,2,0,0,0,0,2,0,527978525652888257644315,455544457124282510878,0,359551681678307997055699,0,0,0,0
10,3,6,3,0,5,2,0,2,0,0,2,0,1,1,0,0,0,1,5,0,501009303430912840176252,99999999999999999999998,0,558448365205875314477632,0,0,0,0
10,4,8,3,0,2,7,0,5,1,0,3,1,2,5,0,0,0,1,4,0,723060430300697669658934,310520403231512282263572,0,616060708572624890603544,0,0,0,0
16,3,8,6,0,5,6,0,2,2,2,1,3,2,4,0,0,0,0,1,0,731855397315527081899578,307317316038383201007356,0,838862891110234595103587,0,0,0,0
6,6,6,6,0,5,5,0,4,0,0,0,0,0,5,0,0,0,0,1,0,496348964436660717767597,243071469874268068498572,0,579465803746729627221242,0,0,0,0
16,3,8,5,0,5,5,0,3,0,2,2,1,3,2,0,0,0,1,1,0,801531154352015845143057,464944171259220812227370,0,843602915022283684620754,0,0,0,0
7,6,6,4,0,5,3,0,1,0,2,1,0,3,0,0,0,0,0,1,0,510229045445862132058588,88060524905000000000000,0,492914131834959485469274,0,0,0,0
12,7,7,9,0,3,2,0,2,0,0,1,0,1,1,0,0,0,2,2,0,1008159672373589806781874,65659488302621737637719,0,709925183656469665615238,0,0,0,0
11,7,5,11,0,5,4,0,1,1,2,0,1,2,2,0,0,0,0,2,0,996359038449243853312799,123842157448368486301570,0,615056829231246578635686,0,0,0,0
7,4,7,8,0,6,5,0,2,2,1,2,2,1,4,0,0,0,1,1,0,1059139408048041777252593,124353288144013402159719,0,615530698682892329694308,0,0,0,0
12,4,7,9,0,3,3,0,2,1,0,1,1,0,3,0,0,0,1,2,0,847343166376006815457455,104008207462758272843345,0,826301211718250138224805,0,0,0,0
6,6,4,4,0,4,4,0,3,0,1,2,1,2,2,0,0,0,1,7,0,553159038544504130144519,95968677665259259199999,0,630236930522890353771997,0,0,0,0
10,1,6,2,0,5,4,0,3,1,0,3,1,2,2,0,0,0,1,3,0,345247330177018639616460,189176484282558725772795,0,627494994603600828720633,0,0,0,0
7,6,4,5,0,3,3,0,1,0,2,0,0,2,1,0,0,0,1,5,0,664014533978171259502965,53507166259753086399998,0,440021544917868718624732,0,0,0,0
6,4,9,6,0,3,6,0,4,1,1,1,1,2,4,0,0,0,2,1,0,571409039958777192927351,274909422608598310491785,0,433293881118601554819478,0,0,0,0
10,3,6,7,0,5,5,0,4,0,1,4,0,3,2,0,0,0,2,1,0,1039127822294394076815035,339745588592000000014924,0,558448365205875314477632,0,0,0,0
11,2,8,5,0,5,4,0,3,0,1,3,0,2,2,0,0,0,0,3,0,1279195933186014996921063,326108771505921851508490,0,573783243312569855406479,0,0,0,0
7,7,6,4,0,4,3,0,1,0,2,1,0,3,0,0,0,0,0,1,0,438824132409059638814712,88062859837000000000000,0,540109206047681882982412,0,0,0,0
8,3,13,2,0,4,5,0,3,0,2,3,1,3,2,0,0,0,0,5,0,227694599090679188654743,103620228835002027370905,0,376407711408286708287366,0,0,0,0
6,3,8,7,0,5,5,0,3,1,1,2,1,2,3,0,0,0,0,4,0,639586954466574846145436,110601374391662356814291,0,577840526879851541879563,0,0,0,0
7,7,6,4,0,5,2,0,0,0,2,0,0,2,0,0,0,0,0,2,0,294940678445912893670427,16369285503000000000000,0,492914131835031146429544,0,0,0,0
7,4,7,9,0,7,4,0,2,1,1,2,1,1,3,0,0,0,2,1,0,861931039323963685421651,105458495411296063690279,0,579509079038481538477154,0,0,0,0
6,2,6,5,0,7,7,0,4,1,0,3,3,3,4,0,0,0,1,3,0,733389751862353460054703,176946630173664075308099,0,482957075464761736346149,0,0,0,0
4,4,11,8,0,2,6,2,6,0,0,3,1,2,4,2,2,0,0,2,0,827794228841622669266122,179874017886621654713223,0,244235000000200000000000,0,0,0,0
7,4,7,7,0,6,4,0,2,1,1,2,1,1,3,0,0,0,2,1,0,999246355071516119999362,118494405608590925585325,0,567206221814439131145823,0,0,0,0
7,4,11,4,0,3,4,0,3,0,1,3,0,3,1,0,0,0,1,6,0,456015968171221345078630,173905258580360878540869,0,388496998350756858862218,0,0,0,0
10,3,8,4,0,2,10,0,7,0,2,6,1,5,5,0,0,0,1,1,0,1036741142526898377867072,358353727386058402811097,0,373139651763031837807222,0,0,0,0
6,3,9,6,0,3,6,1,4,1,1,0,1,2,4,1,1,0,1,2,0,397014581698899396490493,114234504751424818911397,0,531471514141015614473678,0,0,0,0
4,9,8,3,0,2,3,0,3,0,0,3,0,3,0,0,0,0,0,4,0,644085791530672902494180,141311823100000000000000,0,307929000107922144428563,0,0,0,0
6,5,9,5,0,3,7,0,4,2,1,1,2,2,5,0,0,0,1,1,0,493999431673438941330545,166980692244537193703673,0,488162163436595229739283,0,0,0,0
6,6,6,7,0,5,5,0,4,0,0,0,0,0,5,0,0,0,0,1,0,534966253990386436527882,247031243149362121706750,0,547131749103097149148316,0,0,0,0
10,4,5,5,0,7,5,0,4,0,0,2,1,1,4,0,0,0,1,3,0,525720142337647716154194,105273296426387743187103,0,429169489197716714278998,0,0,0,0
8,3,13,2,0,4,6,0,3,0,3,3,1,4,2,0,0,0,0,4,0,274207539905815299597047,167462878709002027372782,0,451303579925385895871712,0,0,0,0
6,5,10,5,0,5,8,0,6,2,0,4,4,1,7,0,0,0,0,3,0,769476395941886271153734,304447597918032262037035,0,441074484487495730878065,0,0,0,0
11,7,5,11,0,5,5,0,2,1,2,1,1,2,3,0,0,0,0,1,0,931572756353169794425870,96667357348448229467747,0,521944651966394056554023,0,0,0,0
8,5,13,2,0,4,5,0,2,0,3,2,0,4,1,0,0,0,2,3,0,114224700134727368885995,91708419855999999999998,0,458413115921639618321586,0,0,0,0
6,3,5,4,0,8,7,0,4,1,0,3,3,3,4,0,0,0,1,3,0,552648067214900943411284,207905465479488897327692,0,486976063666822653426647,0,0,0,0
13,7,4,5,0,9,4,0,2,0,2,0,0,2,2,0,0,0,1,0,0,317541606735754186291017,80261887349337065510440,0,668140222262980922206568,0,0,0,0
6,7,4,7,0,4,3,0,2,0,1,1,1,1,2,0,0,0,1,8,0,744612840626151230593068,96767087426259259199948,0,529847386422990349389951,0,0,0,0
7,2,6,6,0,7,4,1,1,1,2,0,1,2,2,1,1,0,0,3,0,312597756669853681317470,54740680424692426458515,0,416211315027415782026481,0,0,0,0
6,1,6,3,0,7,6,0,3,1,0,2,3,2,4,0,0,0,1,4,0,633184125704147699871779,151647133426087006346202,0,592771902755977917386866,0,0,0,0
10,4,8,3,0,3,7,0,5,0,1,4,0,3,4,0,0,0,1,4,0,756716910606417786158304,243277107681360032566802,0,496328567362444325762079,0,0,0,0
7,6,4,4,0,3,2,0,0,0,2,0,0,2,0,0,0,0,1,6,0,737269383094833708658249,41853515042000000000000,0,448118381337612087817942,0,0,0,0
8,1,14,9,0,7,5,0,1,0,3,1,1,4,1,0,0,0,2,2,0,828942425346491418751359,86359567901234567800000,0,617363953440147590081558,0,0,0,0
13,6,6,3,0,7,2,0,2,0,0,1,0,0,2,0,0,0,0,1,0,207039754965147963962319,83644685069746697233059,0,493507811040548707208849,0,0,0,0
10,5,8,5,0,3,7,0,6,0,0,3,0,2,5,0,0,0,1,4,0,1010767569493522248898575,213280905926689672346255,0,698875313295543626505255,0,0,0,0
11,2,8,6,0,5,5,0,5,0,0,2,0,1,4,0,0,0,0,2,0,1263993018340471247968229,324163956093778640678715,0,573783243312586814068705,0,0,0,0
6,6,6,7,0,4,5,0,4,0,0,0,0,0,5,0,0,0,0,1,0,514604584609680351207260,263740493194184313428780,0,587532672980751889328955,0,0,0,0
11,4,9,2,0,3,4,0,4,0,0,2,0,2,2,0,0,0,0,3,0,227700716862981275219872,108706782575203300099997,0,539600436945550472352536,0,0,0,0
6,2,8,5,0,5,4,0,3,0,1,2,0,2,2,0,0,0,0,5,0,586667323085227202606175,110007716049000000007818,0,680223116550477239694693,0,0,0,0
6,6,6,7,0,5,5,0,4,0,0,1,0,0,5,0,0,0,0,1,0,615525045849016633984566,297361141703748311378325,0,592309094266867711913827,0,0,0,0
9,4,3,8,0,4,7,0,7,0,0,5,0,5,2,0,0,0,0,4,0,871595553406370546396453,191117350396335056026136,0,301686790024588753129089,0,0,0,0
11,7,5,11,0,4,4,0,0,2,2,0,2,2,2,0,0,0,0,2,0,907534658909455676900793,16611908321950554943626,0,671468350203821374276835,0,0,0,0
4,3,10,6,0,3,7,0,3,0,3,3,1,5,2,0,0,0,1,2,0,899718547592305343471104,124030677149624610346015,0,325970523173055319549236,0,0,0,0
4,3,12,7,0,3,6,1,5,0,1,3,1,2,4,1,1,0,0,2,0,828358472580647815995987,291612438575621654713223,0,244235000000219895281854,0,0,0,0
11,8,5,11,0,5,5,0,1,1,3,0,1,3,2,0,0,0,0,1,0,962902102305274002664141,54239359924846798976944,0,694363323262607253682136,0,0,0,0
6,7,4,5,0,4,5,0,4,0,1,3,1,1,4,0,0,0,1,6,0,744515270238837584788369,134554207816999999999997,0,557613770682149609589950,0,0,0,0
10,5,5,8,0,7,0,0,0,0,0,0,0,0,0,0,0,0,0,2,0,421885455102236482715409,0,0,381099954730397779511719,0,0,0,0
7,5,11,4,0,3,5,0,4,0,1,3,0,3,2,0,0,0,1,5,0,470036214956122289905693,187950680340615813277624,0,519673576590401925229894,0,0,0,0
7,5,13,10,0,3,6,0,3,0,2,2,1,2,4,0,0,0,0,0,0,775337036269757271890231,252510271272563860865471,0,496484973635590097477335,0,0,0,0
7,6,4,4,0,3,2,0,1,0,1,0,0,1,1,0,0,0,1,6,0,609435113801667618756480,53554617964604938249999,0,439997818066016866774732,0,0,0,0
6,7,4,7,0,4,5,0,3,0,1,1,2,1,4,0,0,0,1,6,0,835531748586186376532637,197527494370500000743473,0,417772246543106093684613,0,0,0,0
4,9,8,2,0,3,3,0,2,0,0,2,0,2,1,0,0,0,0,4,0,240874059899232891757807,101811340983347751410232,0,300000000000175455124818,0,0,0,0
9,5,8,5,0,7,4,0,1,2,1,0,2,1,3,0,0,0,0,4,0,507322767375919435327592,235471760792110317911264,0,584428595054913534086688,0,0,0,0
11,2,8,6,0,5,3,0,3,0,0,3,0,1,2,0,0,0,0,4,0,1311227204370674337525745,276108771505921851508488,0,560783243312562948163914,0,0,0,0
7,5,4,4,0,3,4,0,2,0,2,1,0,2,2,0,0,0,1,4,0,852330036072999457247025,81112860974527730625324,0,440006112819103286524732,0,0,0,0
3,7,8,8,0,5,5,0,5,0,0,4,1,1,4,0,0,0,2,3,0,1192376451685480144452611,141835664005383394167240,0,282420652266870885957827,0,0,0,0
10,6,5,6,0,5,4,0,3,1,0,2,2,0,4,0,0,1,1,3,0,562784898422345208744713,81890681406313603250120,0,369590049708729042399598,0,0,1,0
8,6,3,6,0,4,7,0,2,1,1,1,4,1,6,0,0,0,3,3,0,486771887485438832982292,87679299379567010878420,0,471921402846917544548008,0,0,0,0
6,1,8,7,0,7,4,0,3,0,1,1,0,1,3,0,0,0,0,5,0,635251755045627150640265,60008759739697721649997,0,528835861675344266486304,0,0,0,0
11,1,8,7,0,5,3,0,3,0,0,3,0,1,2,0,0,0,0,4,0,1172006281599721804640623,198284684478454533388735,0,445959156285146261532890,0,0,0,0
6,4,10,5,0,4,9,0,6,1,2,4,2,4,5,0,0,0,0,2,0,826505283379455067090648,269975335826910482004932,0,395930272799910357096621,0,0,0,0
4,5,6,4,0,3,3,0,2,0,1,2,0,3,0,0,0,0,0,4,0,346357139186120353895574,148405255041000000000000,0,300000000000199999000014,0,0,0,0
2,5,9,8,0,6,5,0,2,1,1,0,1,1,4,0,0,0,1,5,0,609573122144856923583608,110016293765872664581271,0,312202512304959999722905,0,0,0,0
6,3,8,7,0,6,4,0,2,1,1,1,1,1,3,0,0,0,0,5,0,452192117378232691362895,60604980808959699812584,0,591963513338028561173310,0,0,0,0
13,6,4,3,0,7,4,0,1,1,2,0,1,2,2,0,0,0,0,1,0,421308120595380335873603,38137194465037037035511,0,586644212729855336558244,0,0,0,0
4,3,11,8,0,2,6,1,5,0,1,3,1,2,4,1,1,0,0,2,0,731914025076653064924106,202641234321621654713224,0,244235000000200000000000,0,0,0,0
7,3,7,6,0,8,6,0,5,0,1,4,1,2,4,0,0,0,2,2,0,1068224670184730625607346,127105059792746376912101,0,474684360471486102688384,0,0,0,0
5,4,11,2,0,6,2,0,1,0,1,1,0,1,1,0,0,1,1,3,0,251468473929591591850000,65272200102999999999998,0,303920000992910873371622,0,0,1,0
4,3,12,8,0,2,6,1,4,0,2,2,0,3,3,1,1,0,1,1,0,743998281652190811339973,265412886563621654721003,0,288334618961922320616070,0,0,0,0
7,0,6,8,0,8,4,0,2,0,2,1,0,2,2,0,0,0,0,3,0,1146618717197613945222740,76907942629999999999998,0,349000250657927089087910,0,0,0,0
7,4,11,4,0,3,5,0,3,1,1,3,1,3,2,0,0,0,0,6,0,452823807332400699743357,198420458315978733804696,0,506607491477612681231171,0,0,0,0
9,2,4,9,0,8,4,0,3,0,0,2,0,2,2,0,0,0,0,4,0,578012363571251723938129,107046829639421350749999,0,449998000000195097014706,0,0,0,0
8,2,14,7,0,7,4,0,2,0,2,1,1,2,2,0,0,0,2,3,0,499129635193422843842906,111624019421588891907363,0,653723521341378929068809,0,0,0,0
7,4,11,4,0,4,7,0,4,0,3,2,0,5,2,0,0,0,0,4,0,560968226255657997200679,336212288473874563289518,0,357465585245109484917773,0,0,0,0
12,6,5,2,0,6,3,0,3,0,0,1,0,0,3,0,0,0,2,2,0,231844013063851335992795,100123074203980475533344,0,956644973477844209460682,0,0,0,0
4,9,8,1,0,4,3,0,2,0,1,2,0,3,0,0,0,0,1,3,0,428452322035410159810368,109850883622000000000000,0,300000000000175455124818,0,0,0,0
7,5,6,4,0,7,4,0,3,0,1,1,0,1,3,0,0,0,0,5,0,904926710846467994635195,94032340174636098999995,0,455692392024024922481377,0,0,0,0
13,5,6,6,0,8,2,0,2,0,0,1,0,0,2,0,0,0,0,1,0,347581363048847425017452,83644685069746697233060,0,410218059212688326503570,0,0,0,0
4,9,8,3,0,3,3,0,2,0,1,2,0,2,1,0,0,0,0,4,0,554810720000152817953911,159023157216323735872952,0,300000000000175455124818,0,0,0,0
10,3,5,4,0,4,4,0,4,0,0,3,2,0,4,0,0,0,1,4,0,427871595393236170154065,131628702838053201340657,0,430432799382901899529079,0,0,0,0
4,4,7,4,0,6,5,0,3,1,1,1,1,1,4,0,0,0,0,6,0,462247427945674680345902,151906099417287657723551,0,349999000000056952729070,0,0,0,0
11,4,9,3,0,3,4,0,4,0,0,2,0,1,3,0,0,0,0,3,0,608132774619590934928951,157665220429317640478026,0,537543429889831732991222,0,0,0,0
14,9,5,4,0,5,6,0,4,0,2,2,0,3,3,0,0,0,0,2,0,405389620238109457545250,118931139560017999637926,0,466324895198681449928830,0,0,0,0
10,5,5,5,0,4,4,0,3,1,0,2,1,1,3,0,0,0,1,4,0,548240538357119192699190,110433671213264394544541,0,419805901875361363839076,0,0,0,0
6,5,10,4,0,5,6,0,5,0,1,3,2,2,4,0,0,0,2,3,0,967809640103039212468866,333434070843405107484132,0,441311775447816752706981,0,0,0,0
9,4,3,7,0,4,8,0,6,0,2,4,1,5,3,0,0,0,0,3,0,928613747733415540707328,205066933885281724643935,0,301686790024588753129031,0,0,0,0
12,8,6,9,0,2,5,0,2,0,2,1,0,2,3,0,0,0,1,1,0,693997304786723604969313,182791096976516046434316,0,419937857526000761813556,0,0,0,0
6,5,10,4,0,4,8,0,7,0,1,5,3,3,5,0,0,0,0,3,0,794803386080280870323694,201022898948450170978064,0,290427017346001625256479,0,0,0,0
9,6,6,3,0,6,8,0,2,2,3,0,2,3,5,0,0,0,0,3,0,473823806760597839527352,154590237784313919311287,0,498315109291473222370355,0,0,0,0
13,8,4,3,0,7,3,0,1,0,2,0,0,2,1,0,0,0,1,1,0,483822038714846573134408,129120179156037036999998,0,729365186131479507626766,0,0,0,0
4,3,10,7,0,2,7,0,3,0,3,3,1,5,2,0,0,0,2,1,0,778030895886234730527582,124068443256622172407713,0,329772577975984072113160,0,0,0,0
6,6,10,5,0,5,3,0,3,0,0,3,0,1,2,0,0,0,1,2,0,641353211924878202559899,141011598074999999999997,0,423470131258032216582930,0,0,0,0
10,4,5,9,0,5,0,0,0,0,0,0,0,0,0,0,0,0,0,2,0,554083381472382759421701,0,0,419664954730468632029991,0,0,0,0
13,8,4,5,0,5,5,0,1,1,2,1,1,2,3,0,0,0,0,0,0,544038643484811420618509,166269472974037037012084,0,917442070531642135145265,0,0,0,0
7,1,6,8,0,7,4,0,2,0,2,1,0,2,2,0,0,0,0,3,0,814823359530177800570657,123102492899345678949997,0,402060821645563127855657,0,0,0,0
12,3,8,13,0,3,6,0,2,1,3,1,1,4,2,0,0,0,1,1,0,897932771044822780302941,126945338966515552557134,0,661854735917437858378637,0,0,0,0
7,5,13,8,0,3,5,0,3,0,2,2,0,2,3,0,0,0,0,1,0,685129047726265596598660,258789373787517375155036,0,418508879030950878907216,0,0,0,0
6,2,4,3,0,3,6,0,4,0,1,4,0,3,3,0,0,0,0,4,0,788365779872829705972191,243298221127632688699997,0,399999000000150002592001,0,0,0,0
7,1,6,5,0,7,3,0,1,0,2,1,0,2,1,0,0,0,0,4,0,707311006732539394386242,75959835660999999999998,0,403585027837403805001762,0,0,0,0
8,1,14,6,0,8,3,0,0,0,3,0,0,3,0,0,0,0,4,2,0,301461081442762290678668,76241258833000000000000,0,653723521341375421904965,0,0,0,0
9,6,10,3,0,5,8,0,4,0,3,4,1,5,3,0,0,0,0,1,0,867611033037597468991741,428517764310254001961160,0,361200034750579946668012,0,0,0,0
9,4,8,4,0,8,2,0,1,1,0,0,1,0,2,0,0,0,2,4,0,460524551909569166570676,36382613238958890568770,0,693019159691914431489617,0,0,0,0
8,2,14,8,0,7,5,0,4,0,0,4,1,3,2,0,0,0,2,2,0,510743150730719943699046,154712440222220987600001,0,640496283687048272560462,0,0,0,0
6,8,8,4,0,6,3,1,2,0,1,0,0,1,2,1,1,0,1,0,0,304522226867139316296801,18849537037000031782875,0,538146995538055193553571,0,0,0,0
13,6,6,6,0,7,2,0,2,0,0,1,0,0,2,0,0,0,0,1,0,435566811798247089476577,83644685069746697233059,0,393541617352190472783667,0,0,0,0
3,8,8,8,0,3,6,0,6,0,0,5,1,2,4,0,0,0,2,2,0,1250870881522058688301812,188614687599687738302795,0,282420652266870885957827,0,0,0,0
10,6,6,9,0,5,4,0,3,0,1,1,0,1,3,0,0,0,1,3,0,619600054539522265787867,57044596801863797643157,0,608345681525555785119554,0,0,0,0
13,7,6,5,0,8,2,0,2,0,0,1,0,0,2,0,0,0,0,1,0,350549224051990505333720,83644685069746697233058,0,404625344571023528700564,0,0,0,0
11,5,9,4,0,2,7,0,7,0,0,2,0,1,6,0,0,0,0,0,0,670235530564439456739044,373000766466342217464512,0,481024752019251746276571,0,0,0,0
6,4,9,7,0,5,3,0,2,0,1,1,1,1,2,0,0,0,2,2,0,222631587125170195298489,80447420566451516650412,0,394751218741568490184999,0,0,0,0
8,6,3,7,0,6,8,0,5,1,0,3,4,1,7,0,0,0,2,3,0,692851547711746665090413,135196241940705586677953,0,405945342175956647897894,0,0,0,0
6,4,9,5,0,11,2,0,1,0,1,1,0,2,0,0,0,0,0,2,0,633453327974585889650068,112792203491000000000000,0,411104333880102883920928,0,0,0,0
11,4,9,3,0,3,7,1,7,0,0,3,0,3,4,1,1,0,0,0,0,622179161499430395279149,212787914854955946610566,0,535708045722624049641163,0,0,0,0
4,5,6,4,0,3,2,0,1,0,1,1,0,2,0,0,0,0,0,5,0,281645087841485163267589,147811880705000000000000,0,300000000000199999000014,0,0,0,0
9,5,3,6,0,5,7,0,5,0,2,4,1,4,3,0,0,0,0,4,0,638749605530985014933262,203901230649399434638886,0,301686790024588753129242,0,0,0,0
11,2,4,9,0,5,5,0,5,0,0,4,0,1,4,0,0,0,0,1,0,635588430688584096394471,206576398468782041919070,0,452288389010847425299432,0,0,0,0
2,4,9,7,0,6,5,0,3,0,1,1,1,1,4,0,0,0,0,6,0,603367533754229183489880,110142444529683625043823,0,325904873590500631193713,0,0,0,0
8,6,7,6,0,4,4,0,3,0,1,1,1,1,3,0,0,0,1,2,0,723190460391732964999784,120805136829654321088487,0,458037431617177127441621,0,0,0,0
9,5,3,8,0,4,8,0,5,0,3,2,1,4,4,0,0,0,1,2,0,1046698943763382661772728,247934684043864697023741,0,301686790024588753129155,0,0,0,0
4,3,10,6,0,3,6,0,3,0,2,3,0,4,2,0,0,0,2,2,0,985656889963599261124267,161314896893024691299997,0,325970523173055319549404,0,0,0,0
9,5,13,3,0,6,4,0,3,0,1,1,0,1,3,0,0,0,0,3,0,734125003995566372119559,378533484200474719879835,0,444981424354130892779658,0,0,0,0
7,2,7,4,0,7,5,0,4,0,1,4,1,1,4,0,0,0,2,3,0,895229411710734367141008,229438455740564658751696,0,624703360471348853038936,0,0,0,0
4,3,10,7,0,3,6,0,3,0,2,3,1,4,2,0,0,0,2,2,0,908924698850970211559336,124026140098435455020521,0,325970523173055319549404,0,0,0,0
10,6,5,7,0,6,0,0,0,0,0,0,0,0,0,0,0,0,0,2,0,372804568252477045824934,0,0,519643954330461283491745,0,0,0,0
9,8,7,7,0,5,3,0,2,1,0,1,1,0,3,0,0,0,0,1,0,791745738589724561641017,89035398141850760189597,0,536970701090997713870811,0,0,0,0
5,6,11,3,0,6,2,0,1,0,1,1,0,2,0,0,0,0,1,4,0,397528196558292916273457,263430517169000000000000,0,303920000992912713078081,0,0,0,0
9,5,10,6,0,5,2,0,1,0,1,0,0,1,1,0,0,0,1,3,0,360917684440956402709409,10455534024444444399998,0,506523117650571748616538,0,0,0,0
10,7,5,8,0,6,0,0,0,0,0,0,0,0,0,0,0,0,0,2,0,484988066036761739132668,0,0,519582971530238052166896,0,0,0,0
7,6,13,9,0,3,6,0,3,0,2,2,1,2,4,0,0,0,0,0,0,819064549352643095902773,303124538977027659632858,0,489198022224077290776203,0,0,0,0
14,6,4,5,0,6,5,0,3,1,1,2,1,2,3,0,0,0,0,2,0,889388905385327646357147,210390317115296731056324,0,617164306318480119157844,0,0,0,0
9,7,4,9,0,8,4,0,3,0,0,2,0,2,2,0,0,0,1,3,0,592253501687228088271737,116227835116154780592994,0,554645615905428351188123,0,0,0,0
8,4,7,4,0,4,4,0,3,1,0,3,2,2,2,0,0,0,0,6,0,573338741452697222453218,209106653136064488326052,0,499881771061320360019962,0,0,0,0
7,4,13,9,0,4,6,0,4,0,1,3,1,1,5,0,0,0,0,0,0,718660372942276518793006,239773959646495088965301,0,489273607913733318583753,0,0,0,0
9,5,8,4,0,7,5,0,3,2,0,2,3,1,4,0,0,0,0,3,0,511728117650847993676009,230517381252142765095044,0,384124418324250808773172,0,0,0,0
12,4,5,2,0,7,3,0,3,0,0,1,0,0,3,0,0,0,2,2,0,330861380085118219519248,100123074203980475533344,0,856644973477844209460776,0,0,0,0
14,4,7,6,0,4,2,0,2,0,0,1,1,0,2,0,0,0,1,2,0,353936320125036182306617,68213444835515819868426,0,533421162756865413825743,0,0,0,0
9,5,8,3,0,7,5,0,3,2,0,1,2,1,4,0,0,0,0,3,0,735904074502401505118206,171776162529191557221552,0,645388716706871406901322,0,0,0,0
3,8,8,9,0,4,6,0,6,0,0,5,1,2,4,0,0,0,2,2,0,1194184720465060045300756,178571722077506850967241,0,282420652266870885957827,0,0,0,0
7,5,6,4,0,5,3,0,3,0,0,2,1,0,3,0,0,0,0,6,0,605057329164762031738456,60732254946221834963842,0,456109251591926157031400,0,0,0,0
5,6,4,4,0,4,10,0,5,0,1,5,1,2,8,0,0,0,0,3,0,1199558549786695958213894,360965604518508892350513,0,275017548747305346543156,0,0,0,0
5,6,9,7,0,4,6,0,2,0,3,2,1,3,3,0,0,0,0,5,0,607734826918687643216875,163247432279805663299996,0,428082706289727353237328,0,0,0,0
4,6,7,5,0,6,5,0,3,1,0,1,2,0,5,0,0,0,0,6,0,541193401912378039518607,127821192409201223838703,0,332487441358092691418935,0,0,0,0
3,8,8,9,0,4,5,0,5,0,0,4,1,1,4,0,0,0,2,3,0,1182900602128495732990759,120441750810590030599266,0,282420652266870885957827,0,0,0,0
8,5,3,6,0,4,7,0,4,1,0,2,4,1,6,0,0,0,3,3,0,505251829927175406933467,89490722586459246856937,0,556803658218901932366568,0,0,0,0
7,3,7,5,0,5,4,0,2,0,1,0,1,1,3,0,0,0,3,5,0,374343698614018089641614,89191107406877381856089,0,484178197800610478216280,0,0,0,0
14,7,5,4,0,6,7,0,4,0,3,2,0,4,3,0,0,0,0,1,0,577925027838094481202496,175257809439017999637925,0,527313357069943383048638,0,0,0,0
4,6,6,4,0,4,2,0,1,0,1,1,0,2,0,0,0,0,0,5,0,202962413522573469578389,49434660475000000000000,0,399999000000100000000014,0,0,0,0
11,8,7,3,0,2,8,0,4,0,2,3,0,3,5,0,0,0,2,1,0,853477690239106365587582,247480835457252445825156,0,530877990814619424443957,0,0,0,0
8,6,3,7,0,7,8,0,3,2,1,1,5,1,7,0,0,0,3,2,0,493136433826928707346367,78999079120583543142338,0,428608749650174949589783,0,0,0,0
12,8,6,10,0,3,6,1,3,0,2,0,0,2,4,1,1,0,0,1,0,770306561798116760627014,175227877843844179687341,0,402643163119563134550158,0,0,0,0
8,1,5,9,0,4,4,0,3,0,1,1,0,1,3,0,0,0,1,4,0,1167314176459505552130442,182726448560549028699992,0,411232827164440932730533,0,0,0,0
2,5,9,6,0,6,4,0,3,0,0,1,0,1,3,0,0,0,1,6,0,484114807571261981921520,101906782799991105475220,0,340010615667966194695107,0,0,0,0
4,6,6,4,0,3,2,0,1,0,1,1,0,2,0,0,0,0,0,5,0,263570648447036611818219,90179074074000000000000,0,399999000000100000000014,0,0,0,0
5,6,8,3,0,4,3,0,2,0,1,2,0,2,1,0,0,0,0,6,0,709245991225278685891795,86999999999999999999997,0,499998000000100000086620,0,0,0,0
9,5,6,0,0,6,5,0,3,1,0,1,1,1,4,0,0,0,2,4,0,178701069757382412340787,95961100621579943366393,0,566585828032841024258484,0,0,0,0
6,4,4,2,0,8,4,0,2,0,0,2,1,0,4,0,0,0,0,4,0,387130929815703360209062,105085146175709186472954,0,370815596754862878313332,0,0,0,0
7,3,7,4,0,7,6,0,4,1,1,3,2,2,4,0,0,0,2,2,0,1063236374940312003270217,127376539142124963440056,0,474684360471386099444490,0,0,0,0
2,5,9,6,0,5,5,0,2,0,2,0,0,2,3,0,0,0,1,5,0,428042452572772598825847,107063556432270898872604,0,295916277699438021995488,0,0,0,0
6,4,10,7,0,5,4,0,3,1,0,2,1,1,3,0,0,0,1,1,0,704423297269654011642492,160531629999323855439340,0,383884276896772354143573,0,0,0,0
6,6,5,6,0,7,3,0,3,0,0,2,2,0,3,0,0,0,0,2,0,773790905898082433024058,61792824074074074709917,0,300000000000250005780116,0,0,0,0
7,3,3,6,0,5,2,0,2,0,0,2,0,2,0,0,0,0,0,2,0,948722466909701007582728,100000000000000000000000,0,395928317300124238448213,0,0,0,0
5,4,11,2,0,5,3,0,2,0,1,2,1,1,2,0,0,0,1,3,0,83196804644809145628567,28684873136000000009480,0,399999000000250116436651,0,0,0,0
7,2,7,4,0,8,5,0,4,0,1,2,1,2,3,0,0,1,2,2,0,1008878189147459648699425,203471333613681119059337,0,474704360469449652021420,0,0,1,0
12,4,8,12,0,3,7,0,3,1,3,3,1,5,2,0,0,0,0,1,0,1193180515928171713594743,117852498632850469363503,0,618297383193132876035744,0,0,0,0
10,5,15,8,0,2,4,0,4,0,0,1,0,1,3,0,0,0,0,0,0,611682951526338766727658,143023350384086281214403,0,709499881330915291143566,0,0,0,0
9,4,4,12,0,7,5,0,1,0,3,1,0,3,2,0,0,0,0,3,0,1043871090369909133985747,110898410180851851799999,0,489499962297378491157669,0,0,0,0
6,1,4,3,0,3,4,0,3,0,0,3,0,1,3,0,0,0,0,6,0,621900494041397116744384,294442588336728397592000,0,399999000000150002592000,0,0,0,0
8,6,6,6,0,6,3,0,3,0,0,3,1,2,1,0,0,0,0,6,0,713681247519849651123934,101167589397000000000000,0,403767472753065811797057,0,0,0,0
5,3,11,2,0,6,2,0,1,0,1,1,1,1,1,0,0,0,1,4,0,116473113630850838998962,17352377946000000000017,0,303920000992912713193909,0,0,0,0
5,4,5,9,0,6,4,0,3,0,0,3,0,2,2,0,0,0,0,7,0,733899494662977003285109,155833384793148148099998,0,442549647832112677732390,0,0,0,0
9,8,10,3,0,2,7,1,5,0,1,4,0,5,2,1,1,0,1,1,0,770231709410661946886255,422253563052185185149999,0,386766854779371976167348,0,0,0,0
12,5,5,2,0,8,5,0,3,2,0,1,2,0,5,0,0,0,0,2,0,427290518804237240278251,189813038806663190929018,0,851479873941816466891579,0,0,0,0
9,3,4,10,0,7,7,0,5,0,1,2,0,3,4,0,0,0,0,1,0,762271783787637079916474,176972631833644520825957,0,489504962297378491157670,0,0,0,0
10,6,8,8,0,5,5,0,5,0,0,4,3,0,5,0,0,0,0,1,0,820868354442502407645733,114341215248506612929936,0,315401532646187477329958,0,0,0,0
6,8,8,4,0,7,2,0,1,0,1,1,0,1,1,0,0,0,1,1,0,295704279719254656080739,60397516029999999999999,0,413091787208943979990535,0,0,0,0
7,5,6,4,0,5,2,0,2,0,0,1,0,0,2,0,0,0,0,7,0,817568274754472480424539,61074266975308641949996,0,455767237703037268132460,0,0,0,0
6,6,8,7,0,5,6,0,3,1,2,3,1,4,2,0,0,0,0,1,0,911032846901369686878424,205263623929452082739006,0,555999647450154727341638,0,0,0,0
12,5,5,3,0,6,3,0,3,0,0,1,0,0,3,0,0,0,0,4,0,357370342247882209482762,150123074203980475533342,0,942475221308341168092686,0,0,0,0
3,3,8,5,0,3,6,0,4,0,2,3,1,3,3,0,0,0,2,2,0,681373162264405121385683,178244314108362889499995,0,392261877510319283103214,0,0,0,0
10,6,6,7,0,4,6,0,5,0,1,2,1,1,5,0,0,0,0,2,0,663324522771179561816425,191999227789137435507500,0,508045391132813942638566,0,0,0,0
4,9,7,4,0,5,5,0,4,0,0,2,1,1,4,0,0,0,1,5,0,481801444636280605771165,155836785907730810389188,0,360176482446643541313468,0,0,0,0
4,7,7,7,0,4,4,0,0,0,4,0,0,4,0,0,0,0,1,3,0,770389156334905071738474,49208135253000000000000,0,343299469496605906206840,0,0,0,0
7,4,6,4,0,5,5,0,5,0,0,4,1,0,5,0,0,0,0,4,0,1259138594484882670255145,256125419781324069782644,0,356019009308075538731419,0,0,0,0
6,2,9,8,0,5,3,0,3,0,0,2,1,1,2,0,0,0,2,2,0,417195437033208306276471,51278222595303203150412,0,440662042795010699624958,0,0,0,0
7,6,10,10,0,6,4,0,2,1,1,0,1,1,3,0,0,0,0,0,0,698796819730430444311286,44295331789962962850022,0,302326818102075295966565,0,0,0,0
14,9,5,3,0,5,6,0,2,0,4,0,0,4,2,0,0,0,0,2,0,288076529790219050155507,174219856161155711165630,0,458433357070006601088471,0,0,0,0
4,6,7,5,0,6,5,0,4,1,0,1,1,0,5,0,0,0,0,6,0,475696811136062065568045,145197111896231285987277,0,337574000000068000021408,0,0,0,0
6,4,9,6,0,11,2,0,1,0,1,1,0,1,1,0,0,0,0,2,0,574517392709588593484531,88833910603927500577895,0,414973054467144064533155,0,0,0,0
10,1,7,4,0,4,3,0,3,0,0,3,1,2,1,0,0,0,0,3,0,772628001974365951603773,165040000000000000000000,0,766429873976498989989364,0,0,0,0
12,1,10,10,0,7,5,0,2,1,2,1,2,2,3,0,0,0,0,3,0,703877835416685002425527,123737089038423734371598,0,832146061142326977744817,0,0,0,0
12,9,6,9,0,3,5,1,2,0,2,0,0,2,3,1,1,0,0,2,0,583706170747779382899525,91298628594755143766308,0,641667913824639284465409,0,0,0,0
11,2,4,9,0,5,5,0,4,0,1,3,0,1,4,0,0,0,0,1,0,971223979341429479371051,197262613343782041919069,0,452288389010956698087776,0,0,0,0
14,9,5,4,0,5,7,0,3,1,3,1,1,3,4,0,0,0,0,1,0,510530485762867676087643,255640803524600989396367,0,482739035642951874566034,0,0,0,0
6,6,6,6,0,5,7,0,6,1,0,3,1,2,5,0,0,0,1,4,0,478081539946904768364616,134406091014116794160803,0,360647005863888268422419,0,0,0,0
8,6,7,8,0,6,6,0,2,2,2,1,3,2,4,0,0,0,1,0,0,590495913296346198023748,120694531987162817800081,0,404106051778966675438364,0,0,0,0
9,4,6,2,0,5,6,0,4,0,2,1,1,2,4,0,0,0,1,4,0,346597085258335598085355,251089272078262594670303,0,398278300649447914699442,0,0,0,0
1,2,12,3,0,6,3,0,0,2,1,0,2,1,2,0,0,0,0,4,0,309196721610128052007414,25821143406522515849999,0,300000000000150000002037,0,0,0,0
12,7,6,10,0,3,6,0,3,0,2,0,0,2,4,0,0,0,0,1,0,572264638689850318913858,155930164195790642987186,0,460883775838771740946103,0,0,0,0
5,6,8,2,0,7,9,0,5,0,2,2,1,3,6,0,0,0,0,4,0,608728000355051875791738,262487522719389338850449,0,286965000000199999000009,0,0,0,0
9,3,13,3,0,5,5,0,4,0,1,2,0,2,3,0,0,0,0,2,0,622394379142643830866830,198941581991638352176353,0,494569311760852839960113,0,0,0,0
6,8,10,7,0,4,5,0,3,0,2,2,1,3,2,0,0,0,0,1,0,587458973516608415705724,114543885451597316049999,0,361930425438755788266240,0,0,0,0
9,0,7,2,0,10,1,0,1,0,0,1,1,0,1,0,0,0,0,4,0,412007092778496967330727,50000000000000000000000,0,485112844870417399210413,0,0,0,0
9,4,6,4,0,7,6,0,1,1,4,1,1,4,2,0,0,0,2,3,0,400480435053783239176288,214750013634414327032875,0,255559657130956820905052,0,0,0,0
9,8,7,6,0,5,3,0,2,1,0,1,1,0,3,0,0,0,0,1,0,465164932099123661235312,89077111164289052783522,0,537122427827251786361883,0,0,0,0
9,3,11,4,0,4,5,0,2,0,1,2,0,1,4,0,0,0,0,4,0,580747281746578477565671,139646467798648730397752,0,598041886031283078134852,0,0,0,0
12,3,8,12,0,2,6,0,3,0,2,2,1,3,3,0,0,0,1,1,0,856166995631599176931585,138616712931298273216335,0,790795591605709479106662,0,0,0,0
6,7,10,8,0,5,5,0,3,1,1,3,1,3,2,0,0,0,0,1,0,584835859947552725849975,187910787379010950749998,0,373470131258032216582931,0,0,0,0
9,6,10,6,0,5,3,0,2,0,1,1,0,1,2,0,0,0,1,2,0,491097625284907850934770,60455926001679012299998,0,506523117650521748317462,0,0,0,0
6,6,4,6,0,4,6,0,1,2,2,0,2,2,4,0,0,0,1,2,0,308328148555044492696687,76325514536198757081268,0,570078789272989746465567,0,0,0,0
6,2,4,7,0,3,6,0,3,0,1,3,0,2,4,0,0,0,0,4,0,597124910252291133814150,212795289349825868904950,0,399999000000150002592001,0,0,0,0
5,7,6,6,0,5,6,0,5,0,1,4,1,2,4,0,0,0,0,1,0,1005751264133316119642261,239060825696803461222909,0,402066431604676499530482,0,0,0,0
14,5,4,3,0,6,4,0,3,0,1,2,0,2,2,0,0,0,1,2,0,474159720473912283881809,147562681860218264719968,0,658103725291262326254724,0,0,0,0
12,3,8,13,0,3,6,0,1,1,4,0,1,4,2,0,0,0,0,2,0,948718644408891869846544,193451173924413712747618,0,656220488342311475096848,0,0,0,0
11,1,12,4,0,7,2,0,2,0,0,0,0,0,2,0,0,0,0,4,0,178662662682839115261909,13014680980510828117056,0,571728465095188544511019,0,0,0,0
9,7,10,3,0,5,7,0,4,0,2,4,1,4,3,0,0,0,0,2,0,910638391817140401972080,404677703421254001961160,0,358096044275221165389355,0,0,0,0
8,1,7,3,0,7,4,0,3,0,1,3,1,3,1,0,0,0,0,6,0,543979596435287001798515,168751883993000000000000,0,505789752590750219191075,0,0,0,0
6,3,9,4,0,7,3,0,1,1,1,1,1,2,1,0,0,0,1,1,0,538628078463569952526044,85516203703469135750000,0,489515062214846943574688,0,0,0,0
6,1,4,2,0,3,5,0,4,0,0,3,0,1,4,0,0,0,0,5,0,573641976044479833189977,297365042040432101291996,0,399999000000150002592000,0,0,0,0
13,7,6,6,0,6,3,0,0,0,1,0,2,1,2,0,0,0,0,1,0,468400117474886534973357,41296613003410911382161,0,463704936744844971112292,0,0,0,0
6,6,8,4,0,5,2,0,1,0,1,0,0,1,1,0,0,0,1,1,0,368665604046455613809935,68410767167512901249998,0,538226995538055368774011,0,0,0,0
14,4,7,4,0,4,3,0,3,0,0,2,1,0,3,0,0,0,0,2,0,356552632005605312758919,189045884889026489446406,0,744905920662310791483215,0,0,0,0
7,8,10,5,0,4,4,0,2,0,2,1,0,3,1,0,0,0,1,2,0,359902556224267819632082,90884646650598193222366,0,411136375188090078231377,0,0,0,0
9,7,10,3,0,5,6,0,3,0,2,2,0,4,2,0,0,0,2,1,0,409349755974122830389954,119135276648701619358189,0,386698308920151734819702,0,0,0,0
5,6,4,5,0,4,10,0,5,0,1,5,1,2,8,0,0,0,0,3,0,1069395523728074257933834,322880545243868536444530,0,324937462023304759196176,0,0,0,0
10,6,6,7,0,4,6,0,5,0,1,2,1,1,5,0,0,0,0,2,0,685232669361250931223270,159822507533888225257678,0,524369791552532413665170,0,0,0,0
10,4,6,4,0,7,6,0,3,0,2,3,1,4,2,0,0,0,0,3,0,1267480332807343952865278,356490309578728379923249,0,315295311694418640618809,0,0,0,0
6,5,8,4,0,8,3,0,2,0,1,1,0,1,2,0,0,0,1,0,0,503678454087815351579977,187717293533099276281424,0,538136996138052534887595,0,0,0,0
8,6,9,8,0,4,3,1,2,0,1,1,0,2,1,1,1,0,3,3,0,617006720949313469188402,53243384383000000000000,0,729934307999006855008996,0,0,0,0
5,6,9,7,0,4,6,0,3,0,3,2,0,4,2,0,0,0,0,5,0,347824432899138019063897,103027515216000000794928,0,437854780591877341818030,0,0,0,0
6,2,9,8,0,5,4,0,4,0,0,2,1,1,3,0,0,0,1,2,0,297542013235765393406868,134963216870435819477861,0,449433801745815349192450,0,0,0,0
8,3,10,3,0,3,5,0,3,0,1,1,1,1,4,0,0,0,0,2,0,267970526724977743327782,166228422539096678246802,0,426808877778078319478987,0,0,0,0
7,3,7,5,0,4,6,0,3,1,1,0,2,1,5,0,0,0,4,2,0,490726369266761979964113,140298648553926335295909,0,613978668119600081615262,0,0,0,0
10,6,6,6,0,5,6,0,4,0,2,3,1,2,4,0,0,0,0,2,0,737010158943615899825741,158033573244407407525369,0,492863371418544677960214,0,0,0,0
11,2,5,6,0,5,1,0,1,0,0,1,1,0,1,0,0,0,4,2,0,612339460262257027598058,50000000000000000000000,0,595939871417473193059753,0,0,0,0
6,4,9,6,0,9,3,0,2,0,1,2,0,2,1,0,0,0,0,1,0,873175478373786867856816,169008070962927500577896,0,411104333880152071957450,0,0,0,0
11,4,10,4,0,4,5,0,3,0,2,2,1,3,2,0,0,0,2,1,0,555079300962202453067664,140252212063908132969858,0,764744295360973523165866,0,0,0,0
11,6,7,3,0,3,8,0,4,0,3,4,0,5,3,0,0,0,1,2,0,887671783010963975429985,204834369295975898080613,0,499586867093159042999106,0,0,0,0
6,4,9,9,0,6,4,0,3,1,0,0,1,0,4,0,0,0,1,2,0,188457092574531017756718,40899529762447189150844,0,442767175079279416268867,0,0,0,0
11,2,4,9,0,5,4,0,3,1,0,2,1,0,4,0,0,0,0,2,0,704853927528083289581152,56613669396434572702883,0,576549024608883555100248,0,0,0,0
10,9,7,7,0,3,6,0,4,0,2,1,0,3,3,0,0,0,3,3,0,526200399160008640900825,189838355833998076912172,0,498007400657528123629849,0,0,0,0
8,1,5,9,0,3,4,0,3,0,1,2,0,1,3,0,0,0,2,3,0,996886773832837869440498,186854503049209876449994,0,411044748460637230030500,0,0,0,0
6,5,9,6,0,11,1,0,1,0,0,1,0,0,1,0,0,0,0,3,0,598478163404191455300446,60268865912927500577898,0,411104333880152071979172,0,0,0,0
4,3,9,2,0,4,6,1,6,0,0,3,1,0,6,1,1,0,1,5,0,781235415262746898304031,232229879396623231022003,0,304653909517678354304894,0,0,0,0
8,5,7,7,0,5,3,0,2,1,0,2,1,1,2,0,0,0,0,4,0,701094126304865331388028,153745704811701446223718,0,519918475818189256735542,0,0,0,0
5,6,8,3,0,6,4,0,3,0,1,2,0,2,2,0,0,0,0,5,0,796394763574295880992769,138184412100000000057459,0,549996000000098056096287,0,0,0,0
9,4,8,3,0,9,2,0,0,1,1,0,1,1,1,0,0,0,2,5,0,102294409980397902720939,97168227431203452754586,0,576790505642424923798011,0,0,0,0
11,2,4,8,0,6,4,0,4,0,0,3,0,0,4,0,0,0,0,2,0,788504797396231528183564,156576398468782041919073,0,452288389010847425299433,0,0,0,0
9,3,13,3,0,7,5,0,3,0,2,2,0,3,2,0,0,0,0,2,0,692323852954255155575919,339273530271832093427714,0,422931469871155796497285,0,0,0,0
4,4,7,7,0,3,6,0,4,1,1,3,1,3,3,0,0,0,0,3,0,903336624278499678708175,394743458749671193796397,0,399999000000150000003092,0,0,0,0
6,5,4,4,0,6,5,0,3,0,1,2,1,1,4,0,0,0,0,3,0,448266755928622835808510,152037003103008858254457,0,420815596754862878313332,0,0,0,0
5,2,11,7,0,5,4,0,4,0,0,4,1,2,2,0,0,0,0,5,0,562812515520204720080288,200000000000000000002445,0,305227942425967691549186,0,0,0,0
8,6,7,10,0,6,3,0,1,1,1,1,1,1,2,0,0,0,1,3,0,907575976146235567808079,93465117269648033670396,0,511143037102091340873472,0,0,0,0
6,5,5,3,0,5,4,0,4,0,0,3,1,0,4,0,0,0,0,1,0,672850154181852146781159,88426815430864197451030,0,250000000000250005780116,0,0,0,0
9,9,7,4,0,7,3,0,2,1,0,0,1,0,3,0,0,0,0,1,0,375137171173926793760177,111342508147614876301147,0,364616055211704477538216,0,0,0,0
6,3,9,9,0,5,6,1,3,1,2,2,1,4,2,1,1,0,2,2,0,1203442034994391898472749,148902673692577159617052,0,396978511573527172615415,0,0,0,0
7,4,3,5,0,5,2,0,2,0,0,2,0,2,0,0,0,0,0,2,0,870448560517388510759733,100000000000000000000000,0,417703317300074238448257,0,0,0,0
9,4,13,3,0,7,4,0,3,0,1,2,0,2,2,0,0,0,0,3,0,683980272307612254299645,391083990636556449487781,0,482938695437209923345118,0,0,0,0
12,6,8,3,0,6,4,0,3,0,1,3,0,4,0,0,0,0,0,8,0,729466205669582998710678,224523486472000000000000,0,499898376085973211871628,0,0,0,0
9,4,10,6,0,5,3,0,2,0,1,1,0,1,2,0,0,0,2,1,0,466951644436738028395752,60549216495506172799997,0,512142117894261700942135,0,0,0,0
10,4,15,9,0,2,4,0,2,1,1,0,1,1,3,0,0,0,0,0,0,408249643307235207195176,77987683611672551092019,0,911092842091945236843509,0,0,0,0
12,3,9,2,0,6,5,0,1,1,1,2,2,2,3,0,0,0,0,0,0,373469479157541086785940,244986295419492279751451,0,452076063109678564866500,0,0,0,0
9,8,7,5,0,7,3,0,2,1,0,1,2,0,3,0,0,0,0,1,0,654493452676235350818021,59392169182236212545988,0,426156941194568685665303,0,0,0,0
14,5,4,4,0,7,5,0,4,0,1,2,0,2,3,0,0,0,0,2,0,729758046380939883436450,156581993500336047451465,0,668849535625154088728541,0,0,0,0
5,3,11,4,0,8,6,0,4,0,2,2,0,3,3,0,0,0,0,2,0,551454066369574748495532,143205121973349045904009,0,398820324543901323044935,0,0,0,0
8,5,6,4,0,8,3,0,2,0,1,2,0,3,0,0,0,0,0,6,0,192751652945039526684260,97986883920000000000000,0,367307809398286253288643,0,0,0,0
8,6,5,2,0,9,3,0,2,0,0,1,0,1,2,0,0,0,0,1,0,393809643496524358204730,56818495370370370349999,0,463853307184162154306090,0,0,0,0
9,5,10,6,0,6,3,0,2,0,1,1,0,1,2,0,0,0,1,2,0,492094565789474517834613,60549216495506172799998,0,560373880379442154293573,0,0,0,0
8,4,7,3,0,3,5,1,4,0,1,3,1,3,2,1,1,0,0,5,0,576615545264480629769020,246913130315000000000000,0,599944346867521599228782,0,0,0,0
5,5,5,7,0,7,5,0,4,0,0,4,0,2,3,0,0,0,0,6,0,652390214834267551912882,191745891158888888888848,0,327979486111208636387018,0,0,0,0
5,4,8,8,0,7,8,0,3,1,3,1,1,4,4,0,0,0,0,1,0,578341945470806996595926,174827953263538194769381,0,581680134673804061465528,0,0,0,0
10,1,4,6,0,5,3,0,3,0,0,3,1,1,2,0,0,0,0,5,0,838637686580129477861141,257072999900000000021222,0,465748595067466619171164,0,0,0,0
14,4,7,5,0,5,3,0,2,1,0,1,1,0,3,0,0,0,1,1,0,469850136296501293656161,133149967811845768113970,0,589772828167612285768022,0,0,0,0
10,5,8,7,0,5,5,0,5,0,0,2,1,0,5,0,0,0,0,1,0,772757414530184262848070,302418910635587317414336,0,394153020474380464261091,0,0,0,0
14,6,4,3,0,7,5,0,3,0,2,2,0,3,2,0,0,0,0,2,0,505220845095839468689150,170256945111533513001586,0,557521803499979539879084,0,0,0,0
7,9,8,4,0,6,4,0,2,0,2,1,0,2,2,0,0,0,1,3,0,295505181189630226749150,65357467386999999999997,0,387717942516854888800402,0,0,0,0
6,4,8,6,0,6,3,0,1,1,1,1,1,1,2,0,0,0,1,3,0,365676642395822856191327,81948845895953623671843,0,543890951791847385404669,0,0,0,0
5,8,4,3,0,4,10,1,5,0,1,4,1,3,7,1,1,0,0,3,0,563240812224841532988687,215487258606817645616115,0,402200678725303694124763,0,0,0,0
8,2,7,2,0,6,5,1,5,0,0,3,0,3,2,1,1,0,0,5,0,694186146559768860593584,425109874768517406453591,0,505789752590748581529842,0,0,0,0
9,4,13,10,0,5,4,0,3,0,1,2,1,1,3,0,0,0,0,1,0,526626041052669391759858,84689506145672174635440,0,535630925736360749204419,0,0,0,0
3,3,8,6,0,4,5,0,3,0,2,3,1,3,2,0,0,0,1,4,0,765303641921178761953281,171092777067999999999998,0,392261877510319283103214,0,0,0,0
7,6,7,4,0,3,8,0,6,1,1,4,3,3,5,0,0,0,1,2,0,677413964375351772819276,301880983503115154333718,0,457060288783980330379312,0,0,0,0
5,7,9,4,0,4,6,0,2,0,4,1,0,4,2,0,0,0,0,5,0,300839455147315570187512,130492929542370373742709,0,279081973085644014496237,0,0,0,0
14,4,7,6,0,5,4,0,4,0,0,2,1,1,3,0,0,0,0,1,0,643175355591981761150033,226981120212805907385744,0,633420162756767411559420,0,0,0,0
9,3,6,9,0,6,4,0,3,0,1,1,1,1,3,0,0,0,1,2,0,683442548302351286485756,209589844765236716424412,0,528657453804510714437074,0,0,0,0
4,9,7,5,0,4,3,0,1,0,2,1,0,3,0,0,0,0,2,3,0,739756403071501017200674,144030050973000000000000,0,381511603736939070691684,0,0,0,0
6,6,8,6,0,4,3,0,3,0,0,1,0,1,2,0,0,0,0,3,0,593543220878079419165347,134885644930546548699997,0,411428781145250259424745,0,0,0,0
7,3,7,5,0,5,5,1,3,0,1,1,2,2,3,1,1,0,5,2,0,781779059530457193538902,100289520034075857369454,0,513955748366580376771568,0,0,0,0
5,8,4,3,0,4,8,1,4,0,1,3,1,2,6,1,1,0,0,5,0,571032262865503452472457,240551187907214273498951,0,323196500668646583197780,0,0,0,0
9,2,10,7,0,4,6,0,6,0,0,2,1,0,6,0,0,0,3,3,0,885067750766611999447520,193113456595699938856195,0,562293965364894740538893,0,0,0,0
7,6,10,10,0,5,4,0,2,0,2,1,0,2,2,0,0,0,0,0,0,861438769425644314136074,141969729634024691249998,0,404689714707116948081510,0,0,0,0
10,4,9,5,0,2,5,0,3,0,2,2,1,2,3,0,0,0,0,3,0,717283361002861584792634,189472056524596973946611,0,300000000000481750572711,0,0,0,0
5,6,9,7,0,2,6,0,3,0,3,1,0,4,2,0,0,0,0,5,0,289025803627211667682351,124231172609583582535645,0,473791685366825290590065,0,0,0,0
5,5,6,7,0,7,4,0,4,0,0,1,0,1,3,0,0,0,0,3,0,578370987219209386660244,71403591730265217784814,0,316865994489415581754613,0,0,0,0
11,6,7,2,0,3,8,0,5,0,2,4,0,3,5,0,0,0,2,1,0,776692532574384897203372,225924089173885567514418,0,419733839315413792123669,0,0,0,0
10,2,7,4,0,4,5,0,5,0,0,3,1,2,3,0,0,0,0,1,0,1056586840640704543803590,164615583857575108337441,0,628010885074985036240391,0,0,0,0
7,2,7,4,0,3,7,0,5,0,1,2,2,2,5,0,0,0,4,1,0,429841697595291927238526,232312011680008340141906,0,586893744192971459327706,0,0,0,0
8,2,7,4,0,8,9,0,8,0,1,3,2,2,7,0,0,0,0,4,0,657269079208549901365257,142346638595085490551137,0,475848920651358376723430,0,0,0,0
8,4,5,11,0,3,3,0,3,0,0,1,1,0,3,0,0,0,3,1,0,1122248798708851631339739,163801287383094833589034,0,512786650017925814449114,0,0,0,0
11,8,7,3,0,2,9,0,5,0,3,3,0,4,5,0,0,0,2,0,0,924314643564251688111986,335346983967532047287632,0,523043951857018895089139,0,0,0,0
13,3,8,9,0,4,6,0,4,0,2,1,0,3,3,0,0,0,0,1,0,584482092947322387371812,250510113160797001659021,0,712709187313049859955516,0,0,0,0
8,1,5,9,0,4,4,0,3,0,1,2,0,1,3,0,0,0,1,4,0,1058072554368284063910337,180616645293975308550001,0,357484734082261375599111,0,0,0,0
12,1,10,10,0,6,7,0,1,3,2,1,4,2,5,0,0,0,0,1,0,718194589285468740566242,125495190705870994595709,0,730615237930173364781507,0,0,0,0
8,8,11,1,0,6,5,0,3,0,2,1,1,2,3,0,0,0,0,5,0,335048962866440503496963,149827881535551530816203,0,348927824521958974899879,0,0,0,0
8,1,5,8,0,3,4,0,3,0,1,1,0,1,3,0,0,1,1,3,0,951025676910727766504754,199883536660913580059555,0,364482410494043748134723,0,0,1,0
11,5,7,10,0,3,4,0,4,0,0,2,0,0,4,0,0,0,0,2,0,953012017599734453194121,106322402792891077687802,0,527989377966022570819231,0,0,0,0
5,4,8,3,0,4,3,0,2,0,1,2,0,2,1,0,0,0,0,6,0,621306163868926872042997,122555000000000000000007,0,499998000000100000086620,0,0,0,0
6,7,6,6,0,4,6,0,5,1,0,3,1,1,5,0,0,0,1,5,0,590058495050402384193540,83190492316536288611505,0,298342341791712859705179,0,0,0,0
8,6,6,3,0,9,3,0,1,1,1,0,1,1,2,0,0,0,0,1,0,147510307107186361153652,50317611881901234399999,0,628351757163537797520760,0,0,0,0
5,4,8,2,0,6,5,0,3,1,1,2,1,2,3,0,0,0,0,4,0,649762755868065732859396,210488212971030284025653,0,517197981547319015597877,0,0,0,0
9,4,10,4,0,6,5,0,2,1,2,0,1,2,3,0,0,0,2,3,0,468837486908980988268758,131339518223664544657499,0,552505647402720515566399,0,0,0,0
6,5,4,4,0,6,4,0,2,0,0,0,0,0,4,0,0,0,0,4,0,231301468450395369874234,74322789196442546060482,0,387305596754862878313332,0,0,0,0
5,8,11,10,0,7,3,0,1,0,2,0,0,2,1,0,0,0,2,1,0,725133472695392424991334,63741536749185185149999,0,300000000000229619277993,0,0,0,0
1,2,12,3,0,7,4,0,0,2,2,0,2,2,2,0,0,0,0,3,0,382499753853663015014389,77706223549551768849999,0,300000000000150000002037,0,0,0,0
6,6,5,4,0,6,4,1,4,0,0,2,1,0,4,1,1,0,0,1,0,901891327831961189700388,66057770061728394999998,0,300000000000200005780116,0,0,0,0
8,7,12,8,0,5,9,0,4,0,3,4,3,4,5,0,0,0,2,3,0,821527197211409280046885,189021710966806895493735,0,298849061307846994408871,0,0,0,0
6,7,4,5,0,6,5,0,3,0,0,2,1,0,5,0,0,0,0,3,0,572425157956440188233376,105959481745495234122951,0,420815596754812878313332,0,0,0,0
15,4,7,9,0,7,4,0,2,0,1,0,1,1,3,0,0,0,0,1,0,768214933436599402774285,89272127954182156390594,0,1006753121315237738045000,0,0,0,0
7,5,3,6,0,5,3,0,2,1,0,2,1,1,2,0,0,0,0,1,0,869043330482037930943486,52151335892797782262205,0,349434000000124238440405,0,0,0,0
5,6,8,2,0,7,8,0,5,0,2,2,0,3,5,0,0,0,1,4,0,221011427273238712070349,136670672476954526514020,0,387009000000100000000008,0,0,0,0
9,7,4,7,0,5,3,0,2,0,1,2,0,2,1,0,0,0,1,2,0,880399757591483445578819,124019890387999999999998,0,493710497345278920031690,0,0,0,0
10,4,15,9,0,2,3,0,2,0,1,0,0,1,2,0,0,0,0,1,0,659314575570398546133480,196967359688942781895898,0,822361762806995721288373,0,0,0,0
6,7,5,5,0,6,4,0,4,0,0,3,2,0,4,0,0,0,0,1,0,574896302592939321391287,66075902777777777758437,0,300000000000200005780116,0,0,0,0
8,3,6,3,0,6,7,0,4,0,3,2,0,4,3,0,0,0,1,5,0,527189619594060828114231,196246796209948311347045,0,492891565044058665818532,0,0,0,0
6,6,11,1,0,10,2,0,2,0,0,2,0,1,1,0,0,0,1,4,0,189756703615926473788449,50000013785999999999999,0,300000000000196831254964,0,0,0,0
9,2,7,3,0,6,2,0,1,0,1,1,1,1,1,0,0,0,0,3,0,440652144073941861903675,50000000020000000000000,0,485112844870517398218783,0,0,0,0
8,5,6,5,0,7,2,0,2,0,0,2,0,2,0,0,0,0,2,5,0,236860890168849513717226,51167589397000000000000,0,551361620952933531884144,0,0,0,0
9,6,6,5,0,4,2,0,0,0,2,0,0,2,0,0,0,0,1,2,0,354195080222921262813221,44654864067000000000000,0,575733015775604102416067,0,0,0,0
7,8,7,4,0,5,3,0,2,0,1,2,1,1,2,0,0,0,0,2,0,496842009496660681018417,132107650462000000024054,0,399998000000257089698659,0,0,0,0
7,5,3,6,0,5,3,0,3,0,0,3,0,2,1,0,0,0,0,1,0,1175699011636443809226201,109099909000000000001097,0,349998000000151065472162,0,0,0,0
5,4,5,9,0,7,4,0,2,0,1,2,0,2,2,0,0,0,0,7,0,562458402089074794639903,135800487895592592549999,0,339138703387768232279535,0,0,0,0
9,5,11,4,0,4,5,0,2,0,1,2,0,1,4,0,0,0,0,4,0,560724480349129788136746,133170097362170896177730,0,541920646824817909136053,0,0,0,0
14,5,4,9,0,8,6,0,4,0,1,0,0,1,5,0,0,0,1,1,0,630908408748724347993257,240352117065101965492994,0,858121994746982061689909,0,0,0,0
10,7,7,6,0,4,2,0,2,0,0,2,1,1,1,0,0,0,1,3,0,622603664066896460237639,111850752941000000000005,0,482654466995166444961800,0,0,0,0
10,5,8,8,0,6,4,0,4,0,0,3,2,0,4,0,0,0,0,2,0,727951211098653690421952,114326336658383156129935,0,315415614436310934129958,0,0,0,0
10,5,15,7,0,2,3,0,3,0,0,2,0,2,1,0,0,0,0,1,0,429953277659801345359298,113365851641656322363924,0,988446562320161591613199,0,0,0,0
10,1,7,1,0,7,8,0,3,2,3,1,2,3,5,0,0,0,0,4,0,407857602529248155380975,334148746355970248278707,0,627420700645712278642104,0,0,0,0
6,4,4,6,0,4,7,0,3,2,2,0,2,2,5,0,0,0,1,1,0,396397251249712332364173,147383350258625115038485,0,543338521720831024729608,0,0,0,0
6,5,8,7,0,5,3,0,1,1,1,1,1,2,1,0,0,0,2,2,0,548057884545040230081661,109516997889565635420943,0,550027954549099904639473,0,0,0,0
9,6,9,3,0,8,4,0,1,2,1,0,2,1,3,0,0,0,2,1,0,316137344187127297838732,78509068980026458667293,0,383006263957648212747640,0,0,0,0
7,5,9,4,0,8,5,0,4,0,1,4,1,2,3,0,0,0,0,3,0,779855577722147207659705,246043712999829176224672,0,324600540073524778225175,0,0,0,0
3,3,8,6,0,4,6,0,6,0,0,5,2,2,4,0,0,0,2,2,0,849557511012385022175155,234130271054555868399996,0,392261877510319283103215,0,0,0,0
8,5,6,6,0,6,4,0,3,0,1,3,1,3,1,0,0,0,0,5,0,600264116726405893576118,188945305794000000000000,0,359387809398242101687051,0,0,0,0
7,4,9,1,0,9,3,0,1,0,1,1,0,2,1,0,0,0,0,7,0,491018278006637492038235,134431886210555555500000,0,300000000000220332211943,0,0,0,0
5,5,6,5,0,6,5,0,4,0,0,4,1,0,5,0,0,0,0,2,0,1075064421598044502667816,215972686646099757559611,0,435409889775959002464373,0,0,0,0
4,7,7,5,0,4,4,0,2,0,2,2,0,3,1,0,0,0,1,3,0,597427339429103169740891,148346292228999999999998,0,300000000000249999000020,0,0,0,0
6,3,13,5,0,5,7,0,5,0,2,3,1,3,4,0,0,0,0,3,0,706208242024797872824769,203911334654836239803216,0,332200635509345784290853,0,0,0,0
8,7,12,5,0,4,6,1,5,0,1,2,1,1,5,1,1,0,1,0,0,612206080846587100613846,244904730016078581163384,0,438625597207494359090686,0,0,0,0
11,1,12,6,0,6,2,0,2,0,0,0,0,0,2,0,0,0,0,4,0,480097578612611922105494,13014680980510828117056,0,671727465095138410511180,0,0,0,0
7,3,10,7,0,7,4,0,2,1,1,0,1,1,3,0,0,0,0,0,0,541721935374448411777829,50172010775482768776314,0,304493376744151737112670,0,0,0,0
5,5,5,8,0,6,5,0,2,0,1,2,0,2,3,0,0,0,0,6,0,505744651959715891046816,150498718883497151799999,0,341352103970223906496878,0,0,0,0
11,4,7,5,0,4,6,0,4,1,1,2,1,1,5,0,0,0,2,1,0,462621879149709625075995,304302609047940240869464,0,650911629245872105091575,0,0,0,0
13,4,10,5,0,7,4,0,2,0,1,1,0,2,2,0,0,0,2,5,0,489621533419409986293279,124043272307540899849999,0,878725451371766070502042,0,0,0,0
10,2,7,5,0,4,4,0,4,0,0,3,1,2,2,0,0,0,0,2,0,1068236531998124762698378,128683066719112411649999,0,623173807257406963332876,0,0,0,0
6,2,9,4,0,6,4,0,1,2,1,1,2,2,2,0,0,0,0,1,0,513369602759422790117027,130598098845368761774007,0,423797995591727575279044,0,0,0,0
5,5,8,3,0,6,4,0,2,2,0,2,2,1,3,0,0,0,2,3,0,648938911299818377441074,101611808224452947261880,0,440862927011655526712191,0,0,0,0
10,4,8,6,0,5,5,0,5,0,0,3,2,1,4,0,0,0,0,1,0,381519041702342028664986,123946382994343840012780,0,428563653998304287238111,0,0,0,0
6,6,12,3,0,5,2,0,2,0,0,2,1,0,2,0,0,0,4,2,0,348928400618488089873860,58311592499999999999999,0,467237101787297776287579,0,0,0,0
12,2,10,10,0,7,5,0,2,1,2,1,2,2,3,0,0,0,0,3,0,685276132202696862570745,103083224862323669421598,0,812913606058114107588834,0,0,0,0
8,5,4,6,0,7,2,0,2,0,0,2,1,0,2,0,0,0,0,2,0,834877888954027703316485,64524999999999999999998,0,265075048121066692738140,0,0,0,0
13,8,6,7,0,7,4,0,2,0,0,1,2,1,3,0,0,0,0,0,0,662537508194171661935978,121301545851475070347419,0,534383989721119747205237,0,0,0,0
6,6,6,4,0,4,7,0,6,1,0,4,1,3,4,0,0,0,2,3,0,483830653913038137772888,155458925038289465817409,0,317605876574225640242688,0,0,0,0
7,7,8,5,0,7,3,0,1,0,1,1,0,2,1,0,0,1,0,1,0,455399325137178011649831,4307504180901234550000,0,314568865951417616101098,0,0,1,0
7,4,4,7,0,6,3,0,2,0,1,1,0,1,2,0,0,0,1,3,0,946493732704628888975829,42293237283550670719154,0,399999001978163351028374,0,0,0,0
6,6,8,7,0,6,5,0,2,1,2,2,1,3,2,0,0,0,0,2,0,482524989652368124416736,121326467631005903656442,0,551571592581761624439769,0,0,0,0
1,2,12,4,0,7,5,0,0,2,3,0,2,3,2,0,0,0,0,2,0,360947204360625535106002,80199977351160493749999,0,300000000000150000002037,0,0,0,0
6,5,8,8,0,6,5,1,5,0,0,4,1,1,4,1,1,0,0,6,0,1155526736819880997534198,246986186520999999999998,0,300000000000251323585575,0,0,0,0
7,8,10,4,0,4,4,0,4,0,0,3,1,1,3,0,0,0,1,2,0,346788947487695692578936,156256431732982821881601,0,394494414403231571416016,0,0,0,0
10,3,9,6,0,8,3,0,0,0,3,0,0,3,0,0,0,0,1,2,0,629094433416357202789928,164304066856000000000000,0,303609588187222759689845,0,0,0,0
5,6,8,1,0,8,8,0,5,0,2,3,0,3,5,0,0,0,0,5,0,490216314354131573428341,187139313208683914182085,0,357879000000100000000009,0,0,0,0
6,7,6,6,0,8,4,0,3,1,0,3,1,3,1,0,0,0,0,4,0,1061063627871407616890627,169102101895100156082000,0,399999000000186747886509,0,0,0,0
3,4,8,6,0,3,6,0,6,0,0,5,1,3,3,0,0,0,1,3,0,758035125177898005077506,183150392140421821749998,0,392261877510319283103214,0,0,0,0
8,4,14,6,0,5,5,0,2,1,2,2,2,2,3,0,0,0,0,4,0,523113799309388677289897,122664470552443336330402,0,687613179188171308468920,0,0,0,0
9,2,7,3,0,6,1,0,1,0,0,0,0,0,1,0,0,0,2,2,0,436274795123506163997336,12276389710828652965877,0,585111844870417399219112,0,0,0,0
10,3,6,5,0,6,6,0,2,0,4,2,0,5,1,0,0,0,1,2,0,977089051321881856932032,415036020954056123583614,0,365285311694439086080859,0,0,0,0
6,7,10,5,0,5,2,0,2,0,0,2,0,1,1,0,0,1,1,2,0,334548443926323352345217,53174999999999999999998,0,492053094638589607962816,0,0,1,0
9,7,11,4,0,4,5,0,1,0,2,1,0,2,3,0,0,0,0,4,0,706092423261387785706617,90223268073376273453923,0,432139895393974235813278,0,0,0,0
5,10,7,13,0,1,7,0,5,0,2,4,1,5,2,0,0,0,1,2,0,1047304967279444316480830,154155607137982929199998,0,462328987536361268126242,0,0,0,0
4,6,7,7,0,4,3,0,1,1,1,1,1,2,1,0,0,0,1,4,0,846932239827326679440839,85369813296006133400000,0,461533590003168651671135,0,0,0,0
8,4,9,7,0,4,4,1,4,0,0,2,0,2,2,1,1,0,3,2,0,696623455924136279170857,157938801826152890012061,0,792262546117979783397701,0,0,0,0
12,2,7,8,0,4,6,0,3,1,0,3,2,1,5,0,0,0,0,5,0,617664110053965968822010,147374818506563287674346,0,596238283421397742303030,0,0,0,0
6,6,4,5,0,4,6,0,1,2,3,0,2,3,3,0,0,0,1,2,0,333568787527840430616199,78378041218470700051209,0,582729893593535537009757,0,0,0,0
4,9,8,6,0,5,6,0,4,0,2,1,0,3,3,0,0,0,0,4,0,418984857345070959773699,215033875987270752302577,0,376125281958017493540443,0,0,0,0
12,3,10,4,0,5,4,0,3,1,0,3,1,2,2,0,0,0,0,1,0,937823958980943413827549,235334151739373394071904,0,833774009948650305684250,0,0,0,0
5,6,6,6,0,6,6,0,4,0,1,3,1,1,5,0,0,0,0,1,0,1199833368330301684602775,286484696576766424122909,0,386790968641731208227699,0,0,0,0
7,4,10,8,0,6,4,0,3,0,1,1,0,2,2,0,0,0,0,0,0,656346688778382313736585,33306813336500828445170,0,480564627295457375463368,0,0,0,0
8,4,10,2,0,4,6,0,3,1,1,2,2,1,5,0,0,0,1,0,0,191837249256404090472468,156719317895028205741534,0,418607796711741743886775,0,0,0,0
7,5,11,4,0,4,5,0,4,0,1,2,0,1,4,0,0,0,2,0,0,921610832542132914865894,210066696093679572538896,0,386164663244218002112637,0,0,0,0
11,1,12,4,0,6,2,0,2,0,0,0,0,0,2,0,0,0,0,4,0,429103309742716724068033,13014680980510828117056,0,671727465095138410506152,0,0,0,0
7,4,4,1,0,8,4,1,2,0,0,1,1,0,4,1,1,0,0,5,0,217669198841595695097162,73565008612654907008433,0,314431428219914363310107,0,0,0,0
11,3,5,6,0,5,2,0,2,0,0,2,1,0,2,0,0,0,2,3,0,794012548467337633455909,56984999999999999999998,0,461267943108635467516171,0,0,0,0
10,6,7,2,0,4,4,0,2,1,1,2,1,1,3,0,0,0,5,3,0,325740112005444873445501,148952398907725368099996,0,680000409043273108725245,0,0,0,0
10,3,7,5,0,4,4,0,3,0,1,3,1,3,1,0,0,0,1,1,0,1043002372796701165021788,171467203256000000000000,0,566431873976658683592464,0,0,0,0
6,5,9,3,0,7,3,0,1,1,1,1,1,2,1,0,0,0,1,1,0,485034028659264645480412,86360725308469135750000,0,514470062214846943574686,0,0,0,0
7,4,14,4,0,5,6,0,4,1,1,3,1,3,3,0,0,0,2,6,0,776843131901623404528167,215526417916673203017208,0,384540467121067180617760,0,0,0,0
9,4,8,4,0,8,6,0,2,1,3,1,1,3,3,0,0,0,1,5,0,403725572236285524180630,232414996462951651288023,0,499998000000197785292309,0,0,0,0
13,6,6,6,0,6,3,0,0,0,1,0,2,1,2,0,0,0,0,1,0,484438292422414504180722,42757123300904505760215,0,555005717949251049307299,0,0,0,0
11,4,10,3,0,4,5,0,3,0,2,2,1,3,2,0,0,0,2,1,0,576297996362906197067223,158295014114680491476789,0,722013430892506797673849,0,0,0,0
11,1,5,5,0,5,2,0,1,0,1,1,0,1,1,0,0,0,3,0,0,720483197670102415249454,198349695227000000007275,0,622447680843682688059646,0,0,0,0
12,1,10,10,0,7,5,0,1,1,3,1,2,3,2,0,0,0,0,3,0,718613422081520308887226,96759539291189166521599,0,665159120299147071297667,0,0,0,0
7,7,10,5,0,4,4,0,3,0,1,2,1,2,2,0,0,0,1,2,0,430578388005225898765106,139341932044898277941512,0,346544804738446389401366,0,0,0,0
4,4,9,2,0,7,1,0,1,0,0,1,0,0,1,0,0,0,1,2,0,574272871487032023343329,23,0,342449488652114648782683,0,0,0,0
11,3,6,7,0,4,2,0,2,0,0,2,0,0,2,0,0,0,0,6,0,797816529488763764878587,60281000000000674753457,0,778376890013638430408285,0,0,0,0
10,8,7,7,0,3,7,0,4,1,1,1,1,2,5,0,0,0,2,3,0,821628579494611326277820,359722330850791956691695,0,489678941363174691523265,0,0,0,0
10,3,6,6,0,7,5,0,3,0,2,2,0,3,2,0,0,0,0,4,0,960475057348575790926796,217912765836456025248656,0,471056879393019496999821,0,0,0,0
10,6,11,6,0,3,3,0,0,1,2,0,1,2,1,0,0,0,1,0,0,409473763001977731037577,160955358587701847750000,0,711740348566855204412719,0,0,0,0
6,5,6,5,0,5,5,0,4,1,0,3,1,1,4,0,0,0,3,4,0,395932614946852200454202,48259443566107376722462,0,331520070716272745010078,0,0,0,0
8,2,4,4,0,10,4,0,1,0,2,1,1,3,1,0,0,0,0,2,0,407404007280343002380379,47098039978743252550000,0,342880735839302406486441,0,0,0,0
8,4,9,7,0,4,5,0,5,0,0,5,1,2,3,0,0,0,0,4,0,609370743064997635645062,212410967185999999999996,0,646373002999006854985133,0,0,0,0
7,4,6,7,0,4,6,0,3,1,2,3,1,2,4,0,0,0,0,6,0,739852591585714662280940,241661786727312752115214,0,522217122921259519740000,0,0,0,0
4,3,9,4,0,7,6,0,4,1,1,2,2,1,5,0,0,0,2,4,0,643811426158784638170561,139538143268051764173547,0,390767439432255756310745,0,0,0,0
7,2,12,4,0,8,4,0,4,0,0,4,0,2,2,0,0,0,0,3,0,647662019534491872086961,299747720108778962037664,0,343346757325730055190448,0,0,0,0
8,4,10,4,0,4,7,0,4,1,1,1,2,1,6,0,0,0,0,0,0,310444057785040731331005,186873414686715051318574,0,421570852081987575920990,0,0,0,0
1,2,12,3,0,6,4,0,1,2,1,1,2,2,2,0,0,0,0,3,0,484002113217229516644696,115143195613296296250000,0,300000000000150000002037,0,0,0,0
8,1,7,9,0,8,7,0,1,1,4,1,1,5,2,0,0,0,0,2,0,992685453530300303299399,248632194603730377478293,0,328742334123854132252487,0,0,0,0
9,3,8,2,0,8,5,0,3,1,1,1,1,1,4,0,0,0,2,2,0,561432203855871089014532,239207568608718661878117,0,487658549798579186923767,0,0,0,0
7,6,8,6,0,7,4,0,1,1,0,1,3,0,4,0,0,0,1,0,0,351337494656500777460326,16060261637949753714777,0,441362310781400108548838,0,0,0,0
11,2,5,6,0,5,2,0,1,0,1,1,1,1,1,0,0,0,4,1,0,907481715119450239290548,258289624997000000000000,0,494268723074419192762178,0,0,0,0
5,2,10,3,0,5,5,0,5,0,0,3,0,1,4,0,0,0,0,3,0,682916701080259359878464,275772267532316736581888,0,492307976856618115716394,0,0,0,0
5,6,8,2,0,5,9,0,6,0,2,3,1,3,6,0,0,0,0,4,0,264769772090729452945502,153735755927760732807484,0,399999000000100000000008,0,0,0,0
11,4,10,4,0,4,5,0,3,0,2,2,1,3,2,0,0,0,2,1,0,580910308759490332978923,142869815499727897112169,0,719250734681250607310686,0,0,0,0
7,6,9,3,0,6,4,0,3,1,0,3,2,1,3,0,0,0,0,1,0,796769010140510484299688,280700811103340706368156,0,428727250060599679472555,0,0,0,0
4,4,7,7,0,3,6,0,5,1,0,4,1,3,3,0,0,0,1,2,0,972012272139695764026813,419212285977799316023174,0,499623002500150000004078,0,0,0,0
6,5,6,5,0,6,5,1,3,1,1,1,1,1,4,1,1,0,1,2,0,494485717381994092267141,86647965381417928199998,0,391572109568155559179695,0,0,0,0
10,9,7,7,0,3,7,0,4,1,1,2,1,2,5,0,0,0,2,3,0,779535870714509594362939,308246125894246986084491,0,499998000005139670840858,0,0,0,0
9,2,11,6,0,5,8,0,5,2,1,1,2,1,7,0,0,0,2,1,0,852610033651523801951466,373459461787836871268991,0,521136583382713069405520,0,0,0,0
9,0,7,2,0,7,1,0,1,0,0,1,1,0,1,0,0,0,0,4,0,449744310171646369789090,50000000000000000000000,0,485112844870517398221775,0,0,0,0
5,3,11,8,0,5,6,0,5,1,0,4,2,2,4,0,0,1,0,2,0,572994737015744385329804,201314155282899482159676,0,300000000000150000000029,0,0,1,0
12,5,4,2,0,6,6,0,3,0,2,3,1,3,3,0,0,0,0,3,0,512736201617360087415045,161680990500866756318331,0,549854002486658455742768,0,0,0,0
4,3,9,2,0,6,4,0,4,0,0,3,0,1,3,0,0,0,2,6,0,576603010360323040129327,250000000000000000022003,0,373639665690467860546710,0,0,0,0
8,5,3,6,0,4,6,0,3,1,0,3,4,0,6,0,0,0,2,2,0,759144625778816572919742,93787301901331932923928,0,320622939478328802481354,0,0,0,0
9,3,8,4,0,9,3,0,2,0,1,0,0,1,2,0,0,0,2,4,0,212764193902270861949903,166808271318772048050220,0,466800505642479876498962,0,0,0,0
10,6,5,7,0,7,4,0,2,0,2,1,1,2,2,0,0,0,1,2,0,567401739627169764569094,158486551478234567899998,0,521360809296564426127253,0,0,0,0
6,3,9,5,0,5,5,1,3,0,2,1,0,3,2,1,1,0,2,3,0,725220829554895748720225,103374161017038163911005,0,390384565047438322971976,0,0,0,0
9,4,11,4,0,5,6,0,3,0,1,3,0,2,4,0,0,0,0,3,0,865046377242318735042273,184945241350575110843517,0,447402540611576128391580,0,0,0,0
5,3,8,4,0,6,6,0,5,0,0,2,1,1,5,0,0,0,0,3,0,663011715064935679017345,267253984574501208471097,0,302726608460508501096794,0,0,0,0
4,3,7,6,0,3,6,0,6,0,0,5,0,3,3,0,0,0,1,2,0,971056478757426036751456,400003691192780298767396,0,499998000000149875004085,0,0,0,0
8,3,7,3,0,2,6,0,3,0,2,2,1,2,4,0,0,0,2,5,0,475221315896733377692588,257128866807793534275546,0,287568568096092024757172,0,0,0,0
7,4,8,9,0,7,2,0,1,0,1,0,0,1,1,0,0,0,1,3,0,442087893789584615132028,66231016503192477839241,0,582743478576272027453219,0,0,0,0
12,6,8,4,0,6,4,0,3,0,1,3,0,4,0,0,0,0,0,8,0,544168771819685323537735,288942372674000000000000,0,399999000000124534815954,0,0,0,0
5,3,11,9,0,5,5,0,5,0,0,4,1,2,3,0,0,0,0,4,0,457506757167267177467915,161661695983561956008032,0,314681246442404596271551,0,0,0,0
6,6,4,6,0,4,8,0,2,3,3,0,3,3,5,0,0,0,0,1,0,267975160030673377158263,98384676473271842313821,0,571446521679955172810548,0,0,0,0
11,1,8,6,0,8,6,0,2,1,2,1,2,2,4,0,0,0,2,3,0,466531279743375410437013,177442268794221427930847,0,668682129537375161752423,0,0,0,0
6,3,9,5,0,4,7,1,5,0,2,3,1,3,4,1,1,0,1,2,0,866400135207104376229964,196361027828251609110642,0,441781819200191626434513,0,0,0,0
12,3,10,5,0,7,8,0,3,3,1,3,3,1,7,0,0,0,2,1,0,881353592456672648729627,337554286287685931120807,0,454322233999969904911695,0,0,0,0
12,3,9,2,0,5,4,0,1,1,1,1,1,2,2,0,0,0,0,1,0,562812672279545405168118,317761144254239400981186,0,498087278210341957941204,0,0,0,0
6,5,10,6,0,5,8,0,7,0,1,2,1,2,6,0,0,0,0,3,0,449213646919329121331212,192018307043082753942055,0,566717887098322571752148,0,0,0,0
12,5,8,6,0,7,4,0,2,0,2,2,0,4,0,0,0,0,0,8,0,627445310679724316757914,172583140387000000000000,0,499898376086051352123075,0,0,0,0
5,7,6,4,0,4,5,0,4,0,0,3,0,2,3,0,0,0,0,2,0,755553570165290128036082,320092475592839506823273,0,389375003102582217700263,0,0,0,0
6,8,3,4,0,5,4,0,3,0,0,3,0,1,3,0,0,0,1,1,0,932565113503784758193781,110982805695106585431830,0,381853000010212052466303,0,0,0,0
8,4,7,5,0,4,3,0,3,0,0,1,1,0,3,0,0,0,0,2,0,794469260057977120831594,216810443122892016390145,0,480733826125455456342470,0,0,0,0
5,4,11,4,0,9,5,0,4,0,1,1,0,2,3,0,0,0,0,3,0,578234217873225454927866,142545460536062286288611,0,398826772888807173690759,0,0,0,0
12,3,9,2,0,6,5,0,2,1,1,2,2,2,3,0,0,0,0,0,0,441014363830049333296036,194252424589738391523521,0,499551712987324387946021,0,0,0,0
9,3,6,5,0,5,2,0,2,0,0,0,0,0,2,0,0,0,0,7,0,798473248513696255498315,34089789144318642299997,0,521202734625144275629691,0,0,0,0
11,2,12,5,0,7,2,0,2,0,0,0,0,0,2,0,0,0,0,4,0,504248297803557755842969,13014680980510828117056,0,671727465095138335699370,0,0,0,0
5,2,11,4,0,10,5,0,4,0,1,1,0,2,3,0,0,0,0,3,0,474041662560970080775366,144705220035827615635596,0,399594125932738338066712,0,0,0,0
16,7,2,3,0,8,4,0,3,0,1,1,0,2,2,0,0,0,1,4,0,801634967299556386712078,115779995118505223151446,0,739918620841972380451286,0,0,0,0
8,4,5,3,0,8,2,0,0,0,0,0,0,0,2,0,0,0,0,2,0,311767613125801528307441,4158165752485824627418,0,372681045024754153505306,0,0,0,0
13,4,11,7,0,5,1,0,1,0,0,0,0,0,1,0,0,0,1,1,0,427928074703320560699794,118614004558292070462780,0,724305154860014763705775,0,0,0,0
8,5,5,3,0,7,3,0,2,0,0,1,0,1,2,0,0,0,0,1,0,375510082786341673505367,58460160237037036999998,0,408836585148113610520699,0,0,0,0
8,5,10,5,0,3,5,0,4,0,1,3,2,2,3,0,0,0,2,3,0,454921506663980585901847,141395379257814814815992,0,444871685185285185214800,0,0,0,0
6,5,9,3,0,6,4,0,1,2,1,1,2,2,2,0,0,0,0,1,0,540979720435904709600255,124782108511333498613645,0,643571218974683932474353,0,0,0,0
7,8,7,3,0,5,4,0,2,1,1,1,1,2,2,0,0,0,1,6,0,489974121837785528631182,51721567969098765400009,0,617628146019288533410302,0,0,0,0
5,2,8,9,0,7,8,0,2,1,4,1,1,5,3,0,0,0,0,1,0,641776053067901572620752,209519634486112677059238,0,590222128677964025367370,0,0,0,0
5,3,8,7,0,6,5,0,2,0,3,1,0,4,1,0,0,0,0,4,0,577037884361697312153896,145289799882724508911161,0,596416326023496479422369,0,0,0,0
5,6,7,7,0,0,9,0,8,1,0,4,3,2,7,0,0,0,1,1,0,733108799070363118938639,273432994541602349721517,0,374113759512826644999096,0,0,0,0
10,1,4,7,0,7,3,0,3,0,0,2,1,0,3,0,0,0,0,5,0,1033520227541445020428245,296474372129736298924367,0,449998000000206664527375,0,0,0,0
8,5,6,12,0,6,3,0,1,0,1,0,1,1,2,0,0,0,0,3,0,755195577813084507024969,69165438206306441799999,0,522017516851601410714939,0,0,0,0
10,0,4,5,0,6,3,0,3,0,0,2,1,0,3,0,0,0,0,5,0,891065093814577624356869,221008161869483169850637,0,507901367666225652960621,0,0,0,0
13,6,6,5,0,6,3,0,0,0,1,0,2,1,2,0,0,0,0,1,0,293445175332057982658679,41560567190301345508994,0,579532789762954984151080,0,0,0,0
4,7,10,10,0,6,4,0,2,1,0,1,2,1,3,0,0,0,0,1,0,776298417242040241749218,169399629004326784019950,0,359762716396879516516090,0,0,0,0
7,6,8,5,0,8,2,0,1,0,1,1,0,1,1,0,0,0,2,4,0,402485078369109992020793,57410493827999999999999,0,358282068516829603141244,0,0,0,0
9,0,9,3,0,6,8,0,7,0,0,2,1,2,6,0,0,0,0,3,0,727992362862651728694895,294532039684060067897466,0,787977901080248552550498,0,0,0,0
3,5,8,11,0,7,3,0,2,0,1,2,0,3,0,0,0,0,2,0,0,854097751770727275641521,71802282206000000000000,0,350751980884801310657527,0,0,0,0
7,10,8,3,0,7,2,0,1,0,1,1,0,1,1,0,0,0,1,5,0,495393420023732757418030,57769868825999999999998,0,387717942516868315886071,0,0,0,0
9,5,13,9,0,5,3,0,1,1,1,0,1,1,2,0,0,0,1,1,0,556148614760093492657892,38535399974986799174477,0,535630925736360755694476,0,0,0,0
7,8,10,7,0,6,3,0,3,0,0,2,1,1,2,0,0,1,1,2,0,521137038304111421764360,159335440970037036999998,0,361136375188092029589303,0,0,1,0
8,7,8,6,0,4,4,0,2,0,2,0,0,2,2,0,0,0,0,4,0,297018051223030356144144,91642759648355759851085,0,344407830770389458757902,0,0,0,0
13,6,9,8,0,6,4,0,1,0,2,0,1,2,2,0,0,0,1,1,0,552311000996104633723511,158628395862078855637566,0,309713015752171770427394,0,0,0,0
7,4,7,5,0,3,9,0,4,2,3,4,4,3,6,0,0,0,0,2,0,580833630874857481512107,260116958939788813251928,0,369805782327004950819395,0,0,0,0
9,5,13,10,0,5,4,0,1,2,1,0,2,1,3,0,0,0,0,1,0,740766677268383687383892,43077668164712899198913,0,535630925736360751232561,0,0,0,0
9,3,5,3,0,8,7,0,5,0,2,3,0,4,3,0,0,0,0,2,0,391268724380876742889695,157818688962497637127566,0,291384302392322116620273,0,0,0,0
9,3,6,11,0,6,5,1,4,0,1,2,2,1,4,1,1,0,1,1,0,707507055352264700072415,143682112960555158047077,0,428658453804563698440532,0,0,0,0
10,5,5,5,0,9,4,0,2,0,1,2,1,2,2,0,0,0,0,5,0,718203991843581376964701,55716519257171707173533,0,379556997186983935654509,0,0,0,0
10,4,8,3,0,3,6,0,4,1,0,2,1,1,5,0,0,0,2,2,0,432219461808603843718751,147377989086768530564147,0,564039681664775176761357,0,0,0,0
4,4,8,7,0,4,2,0,2,0,0,2,0,1,1,0,0,0,1,2,0,410069162606069696843115,99999999999999999999999,0,416966836822143959920665,0,0,0,0
7,3,7,7,0,3,4,0,2,1,1,1,1,2,2,0,0,0,3,4,0,541544755972177271764475,165998875957381011749999,0,518592415279580453077124,0,0,0,0
6,8,8,6,0,4,5,0,4,0,1,1,0,2,3,0,0,0,0,1,0,533806347872933672491361,135082491643358074039706,0,411321826407438644193332,0,0,0,0
8,5,10,5,0,4,4,0,3,1,0,2,1,0,4,0,0,0,0,2,0,520485184666580483547391,136514279303763123464057,0,513471252864362923962028,0,0,0,0
8,4,9,7,0,4,3,1,2,0,1,1,0,2,1,1,1,0,3,3,0,1043055730424330367290663,16621140862000000000000,0,894315176933170608384051,0,0,0,0
7,6,9,10,0,1,10,0,0,2,8,0,2,8,2,0,0,0,0,3,0,983616572797688623138700,193600387070658263256865,0,432355821702284593489660,0,0,0,0
9,2,10,6,0,4,6,0,5,0,1,4,1,1,5,0,0,0,1,5,0,970918414744069500981852,339086875558532586932723,0,487948469264462441116244,0,0,0,0
9,3,6,8,0,6,3,1,2,0,1,0,0,1,2,1,1,0,1,3,0,376887993238073772813157,94239611585618084503877,0,428658453804610709194941,0,0,0,0
7,8,6,2,0,5,2,0,1,0,1,1,0,1,1,0,0,0,1,4,0,600188923442014236771318,155426882016302821114589,0,250000000000227814086401,0,0,0,0
13,4,3,8,0,4,3,0,3,0,0,0,0,0,3,0,0,0,1,1,0,843933548740206935563852,54331746909952753682586,0,671451228463259016211240,0,0,0,0
10,4,9,7,0,3,5,0,2,0,3,1,1,3,2,0,0,0,0,3,0,542271394882460055142799,172328802375912814403305,0,399999000000381430309734,0,0,0,0
9,5,7,2,0,7,3,0,3,0,0,1,0,0,3,0,0,0,1,3,0,569791744540406311625925,267397955530377271017332,0,577835234858393562249564,0,0,0,0
8,4,10,3,0,3,6,0,4,0,1,1,1,1,5,0,0,0,1,0,0,293532700576094106915080,165935917535677870526719,0,427058854720136930899692,0,0,0,0
6,7,8,6,0,3,5,1,5,0,0,0,0,1,4,1,1,0,0,1,0,535619033942723637768800,23749405932773041842915,0,411427379135023766281981,0,0,0,0
5,4,6,6,0,7,3,0,3,0,0,1,0,1,2,0,0,0,0,4,0,487101198887323280668092,27402228535333701499995,0,421975987824754282120885,0,0,0,0
4,2,11,2,0,3,6,0,5,0,1,4,0,2,4,0,0,0,5,1,0,612370805337593553010243,153276192685000000007841,0,472789374909615985410643,0,0,0,0
7,6,5,2,0,5,5,0,3,1,0,3,2,1,4,0,0,0,3,5,0,578197038782421589575196,169589608014606943922792,0,411370966438789397268740,0,0,0,0
8,3,7,5,0,9,9,0,7,0,2,2,1,2,7,0,0,0,0,4,0,554984971305958602473918,138769349966885729041968,0,496027092597703848846751,0,0,0,0
6,4,7,4,0,3,4,0,4,0,0,4,0,1,3,0,0,0,0,7,0,875925609081361237395778,170009956949302805973533,0,613151851762861317708799,0,0,0,0
11,4,5,6,0,5,1,0,1,0,0,1,1,0,1,0,0,0,2,4,0,657475931337271522164204,50000000000000000000000,0,576624871417474482488212,0,0,0,0
9,2,10,5,0,4,6,0,6,0,0,4,1,0,6,0,0,0,2,4,0,915571264855225421534570,305798650816049632786994,0,487948528453960438920229,0,0,0,0
6,2,7,7,0,4,8,0,5,2,1,4,3,3,5,0,0,0,0,6,0,1032489239750670785936135,272046710892473658267995,0,302065470437205004926283,0,0,0,0
8,3,5,10,0,4,4,0,4,0,0,2,1,1,3,0,0,0,2,1,0,791599584518531291717924,292520948282059430976597,0,506745601999314690236205,0,0,0,0
6,2,3,7,0,4,5,0,2,2,1,2,2,2,3,0,0,0,2,1,0,907647945103880849679164,166958265928486196010112,0,424848300019883122855371,0,0,0,0
10,3,9,6,0,3,6,0,2,0,4,1,1,4,2,0,0,0,0,2,0,645789224011094569657734,190851931450238885103169,0,399999000005481402802112,0,0,0,0
13,2,8,9,0,5,4,0,4,0,0,2,1,1,3,0,0,0,0,3,0,743702856089031984119980,338379231659087538973388,0,799383868930941864369871,0,0,0,0
6,8,12,2,0,5,4,0,3,1,0,2,1,0,4,0,0,0,1,2,0,588427437347249583121389,157884078480555082240237,0,664796103328715386201487,0,0,0,0
11,2,10,4,0,4,5,0,3,0,2,2,1,3,2,0,0,0,2,1,0,702966697769641449649056,144963808374421383814940,0,736331969257649101830838,0,0,0,0
5,5,10,5,0,5,2,0,1,1,0,1,1,0,2,0,0,0,1,2,0,314197117279386935517289,87820674931889319974279,0,302201500683142825903062,0,0,0,0
8,5,11,3,0,6,5,0,4,0,1,2,0,2,3,0,0,0,2,3,0,310122343072028483033845,170273820374744047098964,0,444952060929338606953004,0,0,0,0
8,4,13,0,0,7,3,0,3,0,0,3,0,3,0,0,0,0,0,3,0,531517939814814814168487,281649462631000000000000,0,349392306526252977212511,0,0,0,0
5,5,6,4,0,8,3,0,1,0,2,0,0,2,1,0,0,0,1,3,0,324580556158338373986238,89639129398049382649998,0,330271576251009540788358,0,0,0,0
12,2,5,3,0,5,4,0,1,0,2,1,1,2,2,0,0,0,0,4,0,312212398575825841426533,103924398624072167863069,0,515147937997864127044846,0,0,0,0
11,5,7,10,0,4,4,0,4,0,0,2,0,0,4,0,0,0,0,2,0,878253168013284882266752,100623550122958948074692,0,449375449877291466938762,0,0,0,0
10,9,7,8,0,3,9,0,6,2,0,3,3,2,7,0,0,0,1,2,0,644396513506415565742118,217307581208499659270255,0,399999000000150000000026,0,0,0,0
10,4,9,3,0,7,2,0,2,0,0,2,0,1,1,0,0,0,1,2,0,537972913037929300454598,270288831217010477289573,0,577047267367873283987182,0,0,0,0
5,5,10,7,0,7,3,0,2,0,0,1,0,0,3,0,0,0,1,0,0,368458650573011747621351,80663788572126806759887,0,427459024387727095974576,0,0,0,0
8,6,6,4,0,9,3,0,1,1,1,0,1,1,2,0,0,0,0,1,0,100534354843384131519666,37023630400567901149998,0,468802941343351336607453,0,0,0,0
8,2,7,4,0,7,7,0,4,0,2,2,0,3,4,0,0,0,1,5,0,449898040347418556184433,94522625296673337972979,0,487685657412528571877894,0,0,0,0
8,8,10,3,0,3,5,0,3,0,1,3,2,2,3,0,0,0,1,2,0,779347460758983745798460,125915730155098765399997,0,495203095721119070216245,0,0,0,0
4,2,9,1,0,6,5,0,4,1,0,3,1,0,5,0,0,0,4,3,0,332557839613174256403536,169682880196562656006249,0,370449174790547048531930,0,0,0,0
9,4,10,2,0,5,5,0,1,1,3,0,1,3,2,0,0,0,2,3,0,293963723631454136558080,262224642363730301721138,0,319050891145419698312376,0,0,0,0
9,2,4,1,0,4,4,0,4,0,0,4,2,1,3,0,0,0,1,5,0,606202319686380405058915,306233945117175740317222,0,356233945117425740325173,0,0,0,0
8,5,5,9,0,4,4,0,3,1,0,0,1,0,4,0,0,0,2,1,0,769575763101890847741798,233341764057008495581343,0,454697564330194254407862,0,0,0,0
9,4,3,5,0,5,5,0,4,0,1,4,0,3,2,0,0,0,2,4,0,814150979212079044468608,236854305237105617648554,0,486553967769466844705965,0,0,0,0
5,7,11,10,0,6,3,0,1,0,2,0,0,2,1,0,0,0,2,1,0,931938339807717244057531,63053350246629629599998,0,300000000000229619277903,0,0,0,0
8,6,4,5,0,4,5,0,4,0,1,3,1,2,3,0,0,0,1,5,0,317798430783031826039416,106905070431112570818651,0,395509760332767587651837,0,0,0,0
9,4,8,2,0,8,3,0,0,2,1,0,2,1,2,0,0,0,1,5,0,136969446904976257338085,134375312962901938967003,0,587161746170792606092865,0,0,0,0
2,7,14,4,0,3,7,0,6,0,1,3,0,2,5,0,0,0,1,1,0,572258509991956090151252,162211978389910723475172,0,337396127923910411965358,0,0,0,0
8,6,11,8,0,6,7,0,3,0,3,3,0,5,2,0,0,0,1,6,0,647546233016820659831562,187589469984379558630481,0,315231440039209055231334,0,0,0,0
13,3,8,10,0,5,5,0,5,0,0,2,0,2,3,0,0,0,0,2,0,493484607329126900220610,154980837334946354089637,0,729509691205456778764456,0,0,0,0
4,4,8,6,0,6,2,0,2,0,0,2,1,0,2,0,0,0,2,3,0,831838289360020166337808,68644999999999999999998,0,358661093395072084805325,0,0,0,0
11,4,6,4,0,5,6,0,3,1,1,2,1,3,3,0,0,0,0,2,0,569357728292940022170068,158511807948707781125458,0,459242343162161801402318,0,0,0,0
15,4,7,8,0,7,4,0,3,0,1,0,0,1,3,0,0,0,0,1,0,601123555495994578886400,55555316659105774508126,0,1029380187541320245427527,0,0,0,0
4,5,7,7,0,4,6,0,6,0,0,3,0,2,4,0,0,0,0,3,0,646495892417925271089835,422151320164544762537359,0,499873000000150000008860,0,0,0,0
7,5,11,3,0,9,5,0,5,0,0,4,2,2,3,0,0,0,0,1,0,664045034857258289401142,150555068548000000023040,0,308411484814175044812730,0,0,0,0
8,5,11,3,0,6,7,0,5,0,2,3,2,3,4,0,0,0,0,3,0,404747448304260103628433,113537911374551530825591,0,348927824521958974899879,0,0,0,0
9,7,4,7,0,4,3,0,3,0,0,2,0,1,2,0,0,0,2,1,0,833374576613038631738291,153242793104581817250743,0,631005125045117713594242,0,0,0,0
8,5,8,3,0,10,2,1,2,0,0,0,0,1,1,1,1,0,1,6,0,172477687202166849851781,7275270061728394999999,0,490423793082421441843507,0,0,0,0
12,4,7,7,0,3,2,0,1,0,1,1,0,1,1,0,0,0,0,3,0,611073608350105704429482,80914738477611396691439,0,698884976753365861585719,0,0,0,0
8,2,6,2,0,6,8,0,5,1,2,4,1,4,4,0,0,0,3,2,0,370402854297436319143847,294372921909466922331449,0,436438411557636333817745,0,0,0,0
11,6,7,10,0,4,3,0,3,0,0,1,0,0,3,0,0,0,0,3,0,808440924311958807449749,91998160651753044827688,0,449999000000250415006344,0,0,0,0
12,3,9,6,0,4,3,0,2,0,1,0,0,1,2,0,0,0,0,1,0,667075973413592029991234,47699650681946446684973,0,648861516025946715983895,0,0,0,0
5,1,11,7,0,4,5,0,5,0,0,4,1,2,3,0,0,0,1,3,0,505542151789013874085069,200000000000000000000275,0,311882359802755452340980,0,0,0,0
9,5,15,8,0,5,5,0,2,1,2,1,1,2,3,0,0,0,1,2,0,608257236171179121640337,189219241331789785758830,0,371005417329050624745467,0,0,0,0
6,4,11,2,0,10,3,0,3,0,0,2,0,1,2,0,0,0,1,3,0,463285832961030383643616,167850122848096260065903,0,300000000000196831254964,0,0,0,0
14,11,8,1,0,8,2,0,1,0,1,0,0,1,1,0,0,0,0,1,0,59761739597093231807388,59761739597093231774144,0,373311635224084888469033,0,0,0,0
8,6,6,4,0,9,3,0,1,1,1,0,1,1,2,0,0,0,0,1,0,154954443829931406864675,50436246141419752949999,0,539443391634895408258358,0,0,0,0
9,8,6,4,0,5,4,0,2,0,2,2,0,3,1,0,0,0,0,1,0,556296655081952392829445,123988922061000000008022,0,416333227600963570058222,0,0,0,0
6,3,9,6,0,5,5,1,3,0,2,2,1,3,2,1,1,0,1,4,0,795646913317362303244409,143458036234850401298411,0,357508310119172359084121,0,0,0,0
5,7,12,8,0,1,7,0,5,1,1,4,1,3,4,0,0,0,0,2,0,1083647944970721934914582,484800387551290894928094,0,373631147745519966194656,0,0,0,0
12,6,5,4,0,5,4,0,3,0,1,2,0,3,1,0,0,0,1,3,0,924308489129502397107632,240647555828016737553254,0,736863253494887943954501,0,0,0,0
7,7,7,5,0,5,2,0,2,0,0,2,1,0,2,0,0,0,0,3,0,777564191058247822185746,88464999999999999999998,0,577286227100176643819476,0,0,0,0
9,3,10,4,0,6,6,0,2,1,3,1,1,4,2,0,0,1,2,1,0,471769411000516061970630,182255550521530864157425,0,341749385802595045892736,0,0,1,0
7,2,11,3,0,4,5,0,4,1,0,3,2,1,4,0,0,0,0,2,0,805449993068697879071845,238985033346233015742269,0,425659323498389878752917,0,0,0,0
5,3,9,1,0,7,5,0,3,0,2,3,1,3,2,0,0,0,0,6,0,568893980297813562695255,205102137633999999999999,0,309280644031588849700283,0,0,0,0
12,7,8,3,0,6,5,0,3,0,2,3,1,4,1,0,0,0,0,7,0,1031920381806370912945217,211538819136847621755582,0,481916123296159140016106,0,0,0,0
14,5,4,10,0,7,6,0,4,0,1,1,0,1,5,0,0,0,0,2,0,689052908287168359566975,162137272244778684348922,0,759674102761571855443709,0,0,0,0
7,5,9,8,0,8,3,0,0,0,3,0,0,3,0,0,0,0,1,1,0,596987729038518915760483,53410877286000000000000,0,376871969363904567016526,0,0,0,0
5,6,11,9,0,7,2,0,1,0,1,0,0,1,1,0,0,0,1,3,0,725898220830899792443524,83482398982629629599998,0,350426252429671464458306,0,0,0,0
12,4,9,11,0,5,3,0,2,1,0,1,1,1,2,0,0,0,0,1,0,857445086163762509723818,128453075611964156049997,0,859071500988032101246432,0,0,0,0
10,7,7,6,0,4,3,0,1,0,0,1,2,1,2,0,0,0,0,3,0,448078435149770213515844,87338516467028078444211,0,472670052057506694511801,0,0,0,0
8,0,6,8,0,8,3,0,1,1,0,1,1,0,3,0,0,0,0,3,0,260610495939434909610352,46287187382261458511187,0,386733953703803703764806,0,0,0,0
12,3,9,2,0,6,4,0,2,1,0,2,1,2,2,0,0,0,0,1,0,389330044139239271729649,250990808326506240918221,0,549687719346162284132818,0,0,0,0
10,1,7,1,0,6,9,0,7,0,2,4,2,3,6,0,0,0,0,3,0,471034936763839864009797,349648707661101332434980,0,617939217302668187469672,0,0,0,0
9,6,9,4,0,7,3,0,1,0,1,1,0,2,1,0,0,0,0,1,0,383244588059151020917192,74799575617283950550000,0,485972215084352863381661,0,0,0,0
8,6,11,7,0,5,10,0,4,1,4,4,2,6,4,0,0,0,0,4,0,859438941554743834492910,254200234759585689250403,0,298849061307846994408871,0,0,0,0
11,1,8,4,0,5,7,0,6,0,1,3,1,2,5,0,0,0,0,1,0,821981719824664464468484,263275781466033049258593,0,992627688846337265305874,0,0,0,0
9,4,9,3,0,9,5,0,2,2,1,1,2,1,4,0,0,0,2,0,0,323378148594789199252368,56642065871139347505476,0,483656781460785112591845,0,0,0,0
8,3,14,7,0,3,2,0,0,1,1,0,1,1,1,0,0,0,1,1,0,733218012071758145543805,12221069935377988738596,0,735994206417202120936754,0,0,0,0
5,3,11,6,0,8,4,0,3,0,1,2,0,1,3,0,0,0,2,2,0,779892932649612569139850,108110992640008308727750,0,422502674648143277777269,0,0,0,0
6,4,8,3,0,8,3,0,1,1,1,0,1,1,2,0,0,0,0,4,0,235292299160558460936853,72735323797837047730303,0,196090109464547356515239,0,0,0,0
7,5,9,4,0,8,5,0,3,0,2,3,1,3,2,0,0,0,0,3,0,394718955424485775953914,102295000000000000000000,0,371772560582707068030905,0,0,0,0
15,4,7,7,0,7,4,0,2,1,1,0,1,1,3,0,0,0,0,1,0,697236974404080497048562,87090470604488764330495,0,952091901801865889281257,0,0,0,0
5,5,7,5,0,7,7,0,5,1,1,2,1,2,5,0,0,0,0,5,0,740399302889879484596511,174797344303404741467595,0,451635462847366289174996,0,0,0,0
10,4,10,7,0,7,2,0,1,1,0,1,1,1,1,0,0,0,2,5,0,565128194201650789222300,129014509219571771600000,0,333992023675110761503353,0,0,0,0
7,4,9,1,0,6,7,0,4,0,2,3,2,3,4,0,0,0,0,3,0,485029128676241440782691,220801169864109377765189,0,396054776065387782056926,0,0,0,0
8,7,5,2,0,9,3,0,2,0,0,1,0,1,2,0,0,0,0,1,0,521868382248448156218414,56860547839506172799999,0,472957342114898687683042,0,0,0,0
9,7,4,7,0,4,2,0,2,0,0,2,0,1,1,0,0,0,3,1,0,722571117635440582459205,99999999999999999999998,0,701951490977203308586365,0,0,0,0
5,6,7,5,0,4,5,0,3,0,2,2,1,3,2,0,0,0,1,3,0,607917474514256237371618,156992906048305112805070,0,494450010501935157731085,0,0,0,0
6,4,13,2,0,4,5,0,4,0,1,3,1,2,3,0,0,0,0,5,0,307390527666589811429825,159485363303383251201049,0,300000000000150000001000,0,0,0,0
6,8,4,5,0,7,3,0,3,0,0,2,0,2,1,0,0,0,3,2,0,489898542611249002373588,53196999986145660564936,0,486729251621094577480762,0,0,0,0
8,4,6,1,0,4,4,0,3,0,0,3,2,1,3,0,0,0,2,5,0,286304713350439251656683,159980720711972537997608,0,495706078934424525641207,0,0,0,0
8,2,6,2,0,7,7,0,4,0,3,2,0,4,3,0,0,0,0,6,0,281789276404000796760249,228159537990529155715400,0,417681463733864371554538,0,0,0,0
8,8,12,5,0,5,5,0,4,0,1,2,1,1,4,0,0,0,0,2,0,517233526496303974698429,188419048850874592749811,0,369502464654088728355943,0,0,0,0
5,3,8,7,0,7,7,0,2,1,4,1,1,5,2,0,0,0,0,2,0,480103748967331069780421,187106542690335615208769,0,447595973610702816392210,0,0,0,0
5,4,4,5,0,4,4,0,3,0,0,2,0,2,2,0,0,0,1,1,0,615202047663890557793566,125603702459596521199998,0,498146656019237601507094,0,0,0,0
9,5,13,6,0,3,6,0,4,0,2,2,0,3,3,0,0,0,1,1,0,735668398641783548180867,333364152746793201434377,0,554710438678750127373109,0,0,0,0
11,4,7,4,0,4,5,0,4,0,1,2,1,1,4,0,0,0,2,2,0,520847034859755677951700,349559072033697589368582,0,650861144378313195564910,0,0,0,0
13,5,10,4,0,3,2,0,1,0,1,0,0,1,1,0,0,0,3,4,0,237385918004817061155962,66857499534633803899999,0,978806996141075209889963,0,0,0,0
6,3,11,1,0,8,3,0,3,0,0,3,0,1,2,0,0,0,1,3,0,436702969188186634420824,124686236742999999999999,0,385633941016137896513924,0,0,0,0
10,1,4,5,0,5,3,0,2,0,1,2,0,2,1,0,0,0,0,5,0,937057567962717987138051,438477781119000000021222,0,473652962733503786119553,0,0,0,0
3,8,11,6,0,5,4,0,2,0,1,1,0,1,3,0,0,0,0,4,0,599577414193094251214937,57735340617453352808418,0,375982709733307481310676,0,0,0,0
13,5,10,5,0,7,5,0,2,1,1,1,1,2,3,0,0,0,1,5,0,467273792106399525232515,155650006145941582138246,0,849951545795485193101889,0,0,0,0
7,7,9,3,0,7,3,0,2,0,1,0,0,1,2,0,0,0,0,2,0,336714525752094366557941,95469548215671556115117,0,437819162495194016398640,0,0,0,0
9,6,6,5,0,5,5,0,2,1,2,2,1,3,2,0,0,0,0,0,0,459151511959036356798326,165927247558565259802130,0,484776152947105891386075,0,0,0,0
5,5,8,2,0,7,4,0,2,1,1,2,1,2,2,0,0,0,1,4,0,480375928381931748662906,92408916894575902973450,0,526313281275072875113772,0,0,0,0
10,4,8,7,0,8,4,0,2,0,0,1,2,1,3,0,0,0,0,1,0,614254125820486914910521,120586560060311643694925,0,695018754078470702679057,0,0,0,0
7,9,8,4,0,7,4,0,3,0,1,2,1,1,3,0,0,0,0,4,0,444657259825715918203347,71924317842906477340186,0,350000000000150000000031,0,0,0,0
9,2,9,10,0,9,0,0,0,0,0,0,0,0,0,0,0,0,0,0,0,568885123179556068155224,0,0,778678019881639839299207,0,0,0,0
6,4,12,3,0,4,5,0,4,0,1,3,1,2,3,0,0,0,3,0,0,331232002958580069801014,118918687585102230958657,0,391536316077463912874391,0,0,0,0
8,3,7,4,0,7,3,0,3,0,0,2,1,1,2,0,0,0,2,4,0,358279197130596346874072,114109567901234567849998,0,447134044981084871538743,0,0,0,0
7,6,7,5,0,5,4,0,3,0,1,2,1,1,3,0,0,0,0,1,0,637185675480729417879258,137335543327655581707906,0,465436393748550781832353,0,0,0,0
9,3,7,2,0,9,6,0,2,2,2,2,2,4,2,0,0,0,0,3,0,525977033127929705560460,351859104772567990392949,0,416905332056615077884291,0,0,0,0
8,4,4,7,0,6,2,0,2,0,0,2,0,1,1,0,0,0,1,1,0,1092035599418523839043974,79644999999999999999998,0,499953048120967013920895,0,0,0,0
3,8,12,4,0,9,3,0,2,1,0,2,3,0,3,0,0,0,0,1,0,292194276644560279558901,33619523351834245666326,0,356647206949156111530527,0,0,0,0
9,5,13,10,0,4,4,0,1,2,1,0,2,1,3,0,0,0,0,1,0,837366492423307298767468,53059668945459308766991,0,507170973589676642026667,0,0,0,0
8,6,8,6,0,6,3,0,1,1,1,0,1,1,2,0,0,0,0,1,0,418113640649613363507237,39555160761950505176794,0,429936374354118040030151,0,0,0,0
7,8,8,7,0,6,4,0,2,0,1,2,0,2,2,0,0,0,0,1,0,446416736850328844173175,4307504180901234578806,0,337508865951600608586292,0,0,0,0
14,5,4,10,0,8,6,0,4,0,1,2,0,2,4,0,0,0,0,2,0,829186451724635759076798,183456031044448365455057,0,645053335450221750683543,0,0,0,0
10,2,4,5,0,7,5,0,3,0,2,1,1,2,3,0,0,0,1,2,0,518370385711089369437897,111842690085142410062223,0,549125691774528091156884,0,0,0,0
7,4,5,8,0,7,3,0,2,0,1,1,0,1,2,0,0,0,2,2,0,816695837321544068047267,34721742913255896569154,0,468118048539200798399078,0,0,0,0
4,5,9,4,0,4,5,0,4,0,1,3,0,3,2,0,0,0,0,8,0,825712597778207613641092,205956422608350047172922,0,499998000000470559954456,0,0,0,0
7,5,7,5,0,1,7,0,4,1,2,3,2,3,4,0,0,0,2,2,0,393921630414560829168012,217057862720740517199997,0,429306961272182573317482,0,0,0,0
10,7,7,8,0,4,3,0,1,0,0,1,2,1,2,0,0,0,0,3,0,709098049116682467858784,101755905914299353691821,0,399999000000150000020000,0,0,0,0
12,3,8,7,0,3,11,0,9,0,2,4,1,3,8,0,0,0,1,1,0,1113799491664275274141149,425275865057643603477132,0,677261674105088528245440,0,0,0,0
6,6,8,10,0,6,2,0,2,0,0,2,0,1,1,0,0,0,2,7,0,1195520816458683035635594,152661186520999999999999,0,300000000000251323585575,0,0,0,0
6,5,4,5,0,7,4,0,2,0,2,1,0,2,2,0,0,0,0,3,0,489377438059035734154345,104004636794555555499996,0,403286477527152533014440,0,0,0,0
10,5,9,8,0,6,3,0,0,0,3,0,0,3,0,0,0,0,1,2,0,732642664218651049682654,157017034183000000000000,0,303609588187222759714929,0,0,0,0
9,3,6,7,0,4,4,1,3,0,1,1,1,1,3,1,1,0,1,2,0,672327260564291050242075,132960237220853331388324,0,578656000000164331598834,0,0,0,0
6,6,7,5,0,4,6,0,3,1,2,2,2,2,4,0,0,0,1,3,0,455190987451157156296564,131513563855792105870925,0,505967953903112125108263,0,0,0,0
10,2,7,2,0,6,7,0,5,0,2,2,0,3,4,0,0,0,1,4,0,606020211108943560473846,306664138109525582031927,0,607127344796482796177881,0,0,0,0
8,8,9,5,0,5,9,0,2,0,7,2,1,7,2,0,0,0,0,3,0,652347059063728704223893,288501179061561609627865,0,394860398036327232233262,0,0,0,0
6,5,6,5,0,7,2,0,1,1,0,1,1,1,1,0,0,0,2,4,0,690405497485634750413426,133103698250901503177304,0,399999000000186747886509,0,0,0,0
11,8,10,7,0,7,3,0,3,0,0,1,0,1,2,0,0,0,1,2,0,395385938737424161173486,70299165727283453775313,0,520043565523021624939831,0,0,0,0
9,6,9,3,0,8,3,0,1,1,1,0,1,1,2,0,0,0,2,2,0,280059280749038456047083,37268992321185464519120,0,484090144410785112603342,0,0,0,0
6,5,8,7,0,4,6,0,5,0,1,2,1,2,4,0,0,0,0,0,0,757171341866279868233610,83639692932583736450029,0,412765621318212981783432,0,0,0,0
8,7,10,7,0,5,3,0,1,0,1,1,1,2,1,0,0,0,4,3,0,235182093432815448917337,62093942901234567850000,0,474375644032780904890770,0,0,0,0
8,4,14,5,0,5,5,0,2,1,2,2,2,2,3,0,0,0,0,4,0,500795645924585264547718,124952072888912472105542,0,657371005613816042194659,0,0,0,0
8,6,7,4,0,4,7,0,7,0,0,3,1,1,6,0,0,0,1,2,0,599339822352543850575013,176824026858860260258814,0,427307748312133067745125,0,0,0,0
6,7,10,5,0,6,3,0,3,0,0,3,0,1,2,0,0,0,1,2,0,410829230503295225985230,5575000000000000010679,0,392603695138689606947673,0,0,0,0
10,8,7,7,0,6,1,0,0,0,1,0,0,1,0,0,0,0,0,3,0,411362369738469009819743,6813841038000000000000,0,693743360776374951649721,0,0,0,0
7,4,9,2,0,9,5,0,4,0,0,4,2,1,4,0,0,0,0,3,0,623373727365493814954486,226197743098594608277872,0,338628343190811302781898,0,0,0,0
7,1,4,2,0,8,2,0,1,1,0,1,1,1,1,0,0,0,2,4,0,160964935528610225327386,83739293981481481400000,0,549997000000100213619368,0,0,0,0
9,2,10,7,0,4,5,0,5,0,0,2,1,0,5,0,0,0,2,5,0,743093150028086384504290,177353799769256917746205,0,578023622191337761657488,0,0,0,0
5,8,7,12,0,0,6,0,6,0,0,5,1,3,3,0,0,0,1,3,0,1277549421510624991829305,276627236673767081095678,0,470202143852175710221071,0,0,0,0
10,4,12,4,0,8,2,0,2,0,0,1,1,0,2,0,0,0,0,0,0,190225118199937929372849,36012954347895330746004,0,798043774729002182258218,0,0,0,0
7,3,9,1,0,8,3,0,2,0,1,1,0,2,1,0,0,0,0,7,0,369544076948170178636800,164439018692096882099999,0,342245785325188464866021,0,0,0,0
7,7,10,8,0,5,6,0,4,1,1,3,1,1,5,0,0,0,1,2,0,853058193108955912112015,243538847293883997177576,0,434005201747651532382770,0,0,0,0
12,2,7,9,0,2,9,0,6,1,1,4,2,3,6,0,0,0,0,2,0,793863742276995770362845,228136744978343687495906,0,563924811197631469301972,0,0,0,0
5,3,7,9,0,3,7,0,4,0,2,4,2,3,4,0,0,0,0,1,0,1125835188615402084338844,229503080173078025867298,0,399999000000150000000010,0,0,0,0
10,4,9,6,0,3,4,0,2,0,2,1,1,2,2,0,0,0,0,4,0,787510678404384115579701,152130812319332438901027,0,451236740829637720066616,0,0,0,0
5,6,7,5,0,4,4,0,3,0,0,2,0,1,3,0,0,0,1,3,0,679683411496538736404000,155663416393369881336931,0,511423651385602735856893,0,0,0,0
4,7,8,3,0,4,6,0,5,0,1,3,0,2,4,0,0,0,0,4,0,496249569923477388830944,185684157195747472805284,0,360982243967542265624781,0,0,0,0
6,2,13,4,0,5,5,0,4,0,1,3,1,2,3,0,0,0,0,5,0,542315485089926930231095,159485357272383251200186,0,300000000000150000000999,0,0,0,0
6,5,5,5,0,10,6,0,3,1,2,2,1,3,3,0,0,0,2,3,0,568212786659149179043027,201715587760830198866535,0,376169796722470447343815,0,0,0,0
12,3,10,5,0,8,2,0,1,1,0,0,1,0,2,0,0,0,1,2,0,592331561923168734366166,84275784504057755226820,0,833774009948600305696283,0,0,0,0
5,3,6,6,0,7,4,0,2,1,0,2,1,2,2,0,0,0,0,3,0,796319489540658958523757,123120880742660005875622,0,335836583967058923438358,0,0,0,0
7,4,6,8,0,6,5,0,1,0,1,0,1,1,4,0,0,0,1,3,0,359213253759712542936737,146511868776346170862050,0,470716901179994483061426,0,0,0,0
7,2,9,6,0,6,5,0,4,1,0,2,1,0,5,0,0,0,3,3,0,959395572664817882421412,150292127407160017460083,0,320654739480670781000236,0,0,0,0
8,5,12,4,0,5,5,0,4,0,1,2,0,1,4,0,0,0,2,0,0,706024887688463301040875,280052845129694033189991,0,448044057849329144367041,0,0,0,0
7,4,11,4,0,4,5,0,5,0,0,3,1,1,4,0,0,0,1,1,0,962055444140187582277490,270077894664043333849964,0,525306263105876396985096,0,0,0,0
5,3,4,2,0,6,5,0,3,0,1,3,0,2,3,0,0,0,0,4,0,492860094591499682645426,185606937283965330949998,0,300000000000150000005914,0,0,0,0
7,6,4,1,0,9,2,0,0,0,0,0,0,0,2,0,0,0,0,7,0,76015926828281562532628,46937885354166373550000,0,306568423961972680505344,0,0,0,0
10,4,6,8,0,4,7,1,6,0,0,1,1,0,7,1,1,0,0,1,0,586130541072116593194778,164152447277393963061720,0,667907094961135134951348,0,0,0,0
8,2,7,5,0,8,9,0,6,1,2,5,2,4,5,0,0,0,1,3,0,631211345734222437421220,194320198878979887623896,0,371505567051028629895114,0,0,0,0
11,4,7,5,0,3,5,0,3,1,1,1,1,1,4,0,0,0,2,2,0,455674695599886139520185,298672728331852626718710,0,650902859574047047117130,0,0,0,0
3,4,11,5,0,3,6,0,4,0,1,2,0,2,4,0,0,0,0,4,0,819350346941691186571149,190709275442205129102903,0,334686368380059706280762,0,0,0,0
10,7,7,2,0,5,6,0,2,2,2,2,2,2,4,0,0,0,4,2,0,483989167798303813064699,128986764296462349175357,0,529598441221851212968589,0,0,0,0
7,2,4,5,0,3,4,0,4,0,0,3,1,1,3,0,0,0,1,5,0,1029919138033079514161930,156016629366676067814991,0,459641022645540719956264,0,0,0,0
8,7,9,3,0,6,3,0,2,1,0,1,2,0,3,0,0,0,0,4,0,362203340343673285122834,9145604805150496811842,0,555905450320672799289324,0,0,0,0
8,5,5,11,0,5,3,0,3,0,0,1,1,0,3,0,0,0,2,2,0,888619686625023107846968,232033535963707041592062,0,421081502084734689256219,0,0,0,0
7,2,14,4,0,6,4,0,2,1,1,2,1,2,2,0,0,0,2,8,0,498002414750027301337978,175526950151250793687618,0,384539934889498306712281,0,0,0,0
13,7,10,5,0,7,6,0,0,0,5,0,0,5,1,0,0,0,2,3,0,501011093803837005126118,83976394419585556805759,0,717995508711237552509919,0,0,0,0
10,4,2,10,0,7,8,0,5,1,0,1,1,1,7,0,0,0,2,0,0,581098636233865754404621,157581205961863319812732,0,525352543592621854793204,0,0,0,0
7,7,9,9,0,7,4,0,2,0,2,1,0,2,2,0,0,0,0,4,0,731721498520772458528363,101218275978225512959212,0,333883737516596783191230,0,0,0,0
9,5,8,3,0,8,9,0,5,1,3,2,1,4,5,0,0,0,2,1,0,307111696118697186558930,147972701340525040047407,0,513175151097473948290983,0,0,0,0
5,3,8,2,0,6,4,0,2,2,0,2,2,1,3,0,0,0,1,4,0,506144263454844958015716,228891451742795935717928,0,540554384302514420138476,0,0,0,0
6,8,9,8,0,5,2,0,1,0,0,1,1,0,2,0,0,0,0,3,0,1017723575984890648178617,49271830599855254853725,0,342783772108405248054063,0,0,0,0
13,3,8,9,0,4,3,0,3,0,0,2,0,2,1,0,0,0,0,4,0,654957894521528872403447,158198481911717560228125,0,770332821453675143654109,0,0,0,0
11,1,5,7,0,5,2,0,0,0,2,0,0,2,0,0,0,0,3,0,0,652749356267095696292634,165414902503000000000000,0,722446680843715765001775,0,0,0,0
9,4,5,9,0,7,8,0,7,0,0,5,1,3,5,0,0,0,1,4,0,830355790169842994349330,252389760487496438104421,0,539401608857826024219069,0,0,0,0
10,6,11,4,0,5,5,0,3,0,1,4,1,3,2,0,0,0,3,1,0,825908444575165270255535,285051837289000002591998,0,472805141808492350140485,0,0,0,0
4,4,9,2,0,6,0,0,0,0,0,0,0,0,0,0,0,0,1,3,0,196621261180010185239702,0,0,342450488652114648782684,0,0,0,0
6,4,12,3,0,5,3,0,3,0,0,2,1,0,3,0,0,0,3,2,0,414711230555232621720840,145083640908360645038024,0,336023735425716142845633,0,0,0,0
10,6,6,7,0,4,4,0,2,0,2,1,0,2,2,0,0,0,0,3,0,798275201946413791916774,250982883672925529878226,0,475151678927616066053638,0,0,0,0
8,6,11,3,0,6,6,0,5,0,1,3,2,2,4,0,0,0,0,4,0,649086533502806545326323,94998263072605681342736,0,348927824521958974899879,0,0,0,0
2,4,8,6,0,4,7,0,4,1,1,3,1,2,5,0,0,0,2,2,0,869770850487660622181603,207631439737811928142332,0,334212320553565989931971,0,0,0,0
11,3,6,9,0,6,4,0,2,0,2,1,0,2,2,0,0,1,0,3,0,676416979295971300136653,38428909580787744582799,0,728375890013536137899548,0,0,1,0
8,5,4,6,0,8,1,0,1,0,0,1,0,0,1,0,0,0,2,1,0,837077600917643243293061,29644999999999999999998,0,282928542620967013730445,0,0,0,0
12,6,9,4,0,5,2,0,2,0,0,2,1,1,1,0,0,0,0,5,0,374722716689737286138759,114867885179946635850335,0,643207382066378618233795,0,0,0,0
10,6,11,6,0,4,3,0,0,1,2,0,1,2,1,0,0,0,1,0,0,387490240010413964758855,140638478673308692450000,0,699343900004938549976091,0,0,0,0
7,2,12,4,0,7,7,0,5,0,1,3,1,2,5,0,0,0,0,4,0,610626860896564166520054,321353037076658887718298,0,312737552915722634169442,0,0,0,0
11,5,7,8,0,4,4,0,4,0,0,2,0,0,4,0,0,0,0,2,0,693914116437321590635734,211146045155042568663134,0,449999000000250415013851,0,0,0,0
10,3,4,6,0,8,7,0,5,0,2,3,1,3,4,0,0,0,0,3,0,884850782096250468062539,201416835538806688863802,0,475466749411401170035124,0,0,0,0
7,8,8,5,0,5,1,0,0,0,0,0,0,0,1,0,0,1,0,3,0,245610097456699379983528,4307484567901234550000,0,437507865951552661859033,0,0,1,0
8,2,4,4,0,8,5,0,3,0,1,2,1,2,3,0,0,0,0,1,0,986274872173418171550439,143098555431087282749998,0,392880735839302406486441,0,0,0,0
5,5,5,2,0,5,8,0,6,1,0,3,2,1,7,0,0,0,1,3,0,809238341710947026729347,176049060254721372733724,0,415623212862553801076872,0,0,0,0
8,5,6,4,0,9,4,0,1,1,2,0,1,2,2,0,0,0,0,0,0,224591273036203754452374,107621235779135802349999,0,678655621431232441597416,0,0,0,0
7,3,5,7,0,7,2,0,2,0,0,2,0,0,2,0,0,0,1,4,0,670644160568163360574547,50000000002540602669154,0,521168048539150798398606,0,0,0,0
6,5,8,6,0,7,5,0,3,0,2,3,0,4,1,0,0,0,1,3,0,731791222029769531659566,170225492652999999999998,0,399999000137388711647265,0,0,0,0
7,5,6,7,0,4,7,1,4,1,2,3,1,3,4,1,1,0,0,5,0,901265126427053675563515,474586367011570238337942,0,559176021180600512004198,0,0,0,0
8,6,10,7,0,2,3,0,1,0,2,1,0,2,1,0,0,0,0,1,0,515307124539736482367969,94718928274999999999998,0,488827485074660510566843,0,0,0,0
6,6,8,7,0,7,4,2,3,1,0,1,1,1,3,2,2,0,1,6,0,773474817967018619350897,80079990367843325922170,0,300000000000251323585575,0,0,0,0
9,4,9,4,0,7,5,0,4,1,0,2,1,1,4,0,0,0,3,2,0,901125870965835213951046,199568311035536955567338,0,349997000000290201472529,0,0,0,0
7,4,12,5,0,5,4,0,3,0,1,3,0,2,2,0,0,0,0,3,0,666139615496950419129180,261405363700859851464573,0,343201757325730345190792,0,0,0,0
8,3,12,6,0,3,4,0,3,0,1,2,1,2,2,0,0,0,1,3,0,871390848070308501035832,227187523422175653431324,0,523463888106910921548979,0,0,0,0
10,5,9,8,0,6,3,0,0,0,3,0,0,3,0,0,0,0,1,2,0,818178436044267270151403,161725194991000000000000,0,303609588187222759689903,0,0,0,0
6,1,8,5,0,8,3,0,2,0,1,1,0,2,1,0,0,0,0,2,0,307091549805306122855767,127391119430169345199999,0,406051988382706471476690,0,0,0,0
5,7,11,6,0,7,4,0,2,1,1,1,1,2,2,0,0,0,0,2,0,585791098109621089918253,72753172255340626710219,0,300000000000229619277972,0,0,0,0
8,3,7,9,0,8,7,0,4,0,2,3,1,3,4,0,0,0,0,2,0,1090530194198319115783250,174227669485814814749996,0,328742334123854132252489,0,0,0,0
6,2,6,7,0,6,3,0,3,0,0,3,1,2,1,0,0,0,0,5,0,985545282354147060421848,174452405338000000000000,0,441754318552877285449552,0,0,0,0
9,3,10,5,0,4,6,0,3,0,2,3,1,4,2,0,0,0,1,3,0,711091497246847571124584,170501653199456972794456,0,574224810903155460915702,0,0,0,0
8,6,11,8,0,6,8,0,4,0,3,4,1,5,3,0,0,0,1,5,0,751822145896751937792381,182902342072000000000001,0,380296492724906069809078,0,0,0,0
7,5,13,4,0,5,5,0,3,0,2,2,0,3,2,0,0,0,2,0,0,391399802265872586033425,215234824871024990149592,0,381610563355058885166130,0,0,0,0
7,7,8,6,0,7,5,0,3,1,0,2,2,0,5,0,0,0,0,0,0,314101664005594328011737,29471518942563224030301,0,350410000000249999009418,0,0,0,0
8,5,14,4,0,4,6,0,2,1,3,2,2,3,3,0,0,0,0,3,0,554765635803344434365497,142535822774134695017424,0,519443766586190417340457,0,0,0,0
10,4,11,4,0,4,9,0,8,0,1,4,2,1,8,0,0,0,0,2,0,971363528091016867318930,493612235066108160201746,0,456597990994009260278175,0,0,0,0
15,4,7,5,0,6,5,0,3,0,1,1,1,1,4,0,0,0,0,0,0,878284864352638290119666,451627124036711877269047,0,1109967369404150818172777,0,0,0,0
6,8,10,6,0,5,4,0,4,0,0,4,1,1,3,0,0,0,0,2,0,478222747890126799633915,145491902038943762444020,0,348099855358639607956189,0,0,0,0
5,3,10,3,0,4,5,0,5,0,0,3,1,1,4,0,0,0,1,2,0,586732372502159996426420,254369288663219074054099,0,416491268523334781373535,0,0,0,0
10,1,11,6,0,3,5,0,5,0,0,3,1,1,4,0,0,0,0,2,0,541300967607785615275715,192506301805134753925740,0,644449637258869536707736,0,0,0,0
8,5,6,3,0,6,3,0,1,1,0,0,1,0,3,0,0,0,5,3,0,176865099432884954923154,51885350831574079705037,0,371937213362763885624515,0,0,0,0
5,7,7,15,0,0,5,0,5,0,0,4,1,3,2,0,0,0,1,4,0,1048925818748957375160550,241449399299542698329997,0,579155621593756718158054,0,0,0,0
9,7,4,5,0,4,3,0,3,0,0,3,0,2,1,0,0,0,1,2,0,675417502824205510990965,133145001348999999999999,0,678027329945167156062042,0,0,0,0
7,5,9,5,0,5,3,0,3,0,0,2,1,1,2,0,0,0,0,2,0,820100107573866972667569,184911259916705647643769,0,428727250060599679472557,0,0,0,0
9,3,9,4,0,3,2,0,1,0,1,1,0,2,0,0,0,0,0,2,0,512279409514441930364229,69972993841000000000000,0,772784356385804391332555,0,0,0,0
12,4,7,9,0,3,9,0,5,1,1,5,2,3,6,0,0,0,0,2,0,985558990630577210204971,285014367191493785451166,0,503085196654087562214667,0,0,0,0
8,3,6,3,0,5,7,0,4,1,2,3,1,3,4,0,0,0,1,5,0,387034563327407861852147,184555254670234354915686,0,554102838332358474199339,0,0,0,0
11,3,14,4,0,6,6,0,5,1,0,1,1,0,6,0,0,0,1,3,0,820787168701161224932553,390281813319978748715699,0,572973871247367263956255,0,0,0,0
6,5,6,5,0,6,5,1,3,1,1,1,1,1,4,1,1,0,1,2,0,536807711636750388739556,86264978564640006449998,0,391572109568155559179695,0,0,0,0
4,9,8,4,0,4,5,1,4,0,1,0,0,1,4,1,1,0,0,5,0,191238210763289919505010,122271765377036648522209,0,373171385353082200150161,0,0,0,0
13,3,9,10,0,6,5,0,5,0,0,3,0,0,5,0,0,0,0,2,0,966336353248533217683841,273384343954125090921601,0,562043165088695499564006,0,0,0,0
6,4,11,2,0,11,4,0,3,0,1,2,1,1,3,0,0,1,1,1,0,315460497877534909435916,150000000002003147619084,0,385793941016237866016174,0,0,1,0
9,2,11,6,0,7,7,0,5,1,1,0,1,1,6,0,0,0,1,3,0,925164363633965872981665,334151629579003192375578,0,539049148169590310689502,0,0,0,0
4,5,12,5,0,3,4,0,4,0,0,3,0,2,2,0,0,0,0,5,0,735567072580186840372141,187932951121662642025514,0,492680642079000930551209,0,0,0,0
12,3,10,5,0,8,3,0,1,2,0,1,2,0,3,0,0,0,0,2,0,509231107980290098201068,86645929904181194898407,0,833774009948600305684619,0,0,0,0
9,6,6,4,0,3,2,0,0,0,2,0,0,2,0,0,0,0,0,3,0,330165578734335692156242,49547903565000000000000,0,504317682901109067927777,0,0,0,0
6,3,8,4,0,6,5,0,4,1,0,3,1,0,5,0,0,0,1,4,0,695758739819626988380735,81932201584401556507019,0,300000000000205809113643,0,0,0,0
12,6,4,1,0,4,5,0,3,0,0,3,2,2,3,0,0,0,0,4,0,571073688660548935212161,180058879385449584388151,0,540193667107667372828578,0,0,0,0
7,4,11,4,0,3,5,0,4,0,1,2,0,1,4,0,0,0,2,0,0,536760803285753069753319,177939978279297365729008,0,372120857746651226436891,0,0,0,0
5,9,10,4,0,5,4,0,2,0,1,1,1,1,3,0,0,0,0,5,0,503441978403859232012303,95884569340495029381741,0,462594541089464328244760,0,0,0,0
7,7,7,6,0,5,3,0,3,0,0,3,1,0,3,0,0,0,0,2,0,861439332171450615041856,122365000000000000009371,0,549996000000145176635208,0,0,0,0
10,4,9,5,0,3,2,0,2,0,0,1,0,0,2,0,0,0,0,0,0,375718008158221737925326,51409867158885115817931,0,715137744814626220108036,0,0,0,0
7,7,4,2,0,5,4,0,2,0,0,2,1,1,3,0,0,0,0,5,0,241428539535575788384701,82763870972654907008433,0,314431428219885310420727,0,0,0,0
8,3,3,5,0,4,8,0,4,1,1,4,4,1,7,0,0,0,1,1,0,724841153402857691152055,219777077215619231556338,0,320622939478328802481354,0,0,0,0
4,4,5,7,0,7,3,0,0,0,3,0,0,3,0,0,0,0,0,7,0,1002280267223175193038975,63650081771000000000000,0,489333436675781814676521,0,0,0,0
14,5,4,10,0,8,6,0,3,0,2,1,0,2,4,0,0,0,0,2,0,588723827586129940528578,114323709336837609948473,0,585518355930997993907719,0,0,0,0
10,7,7,2,0,3,6,0,3,2,1,2,2,1,5,0,0,0,4,2,0,617251999912787029431570,204401945875896464786805,0,490386351350682004136760,0,0,0,0
10,7,11,2,0,4,5,1,4,0,1,2,0,2,3,1,1,0,0,5,0,470044611994820108071272,219119448153446059360574,0,443556936408810753542041,0,0,0,0
10,3,5,5,0,7,5,0,5,0,0,1,0,1,4,0,0,0,1,1,0,592461321467525956098556,174061146461749209810605,0,618335093750837553891056,0,0,0,0
10,6,7,6,0,5,2,0,2,0,0,2,1,1,1,0,0,0,0,4,0,513915046867058893691495,111850752941000000000005,0,432655466995166444961796,0,0,0,0
7,10,12,7,0,3,3,0,2,1,0,1,1,0,3,0,0,0,0,0,0,698880341997556158079473,66749836295399833549998,0,426907172032774854920642,0,0,0,0
7,4,14,3,0,6,5,0,3,1,1,3,1,2,3,0,0,0,2,7,0,421512394526476019454621,177031948755250793687617,0,306679737591444269282406,0,0,0,0
5,3,8,5,0,5,6,0,5,0,0,3,1,1,5,0,0,0,0,3,0,726800997294522179357419,326808513461701286000006,0,454515973002061621183235,0,0,0,0
4,4,10,6,0,6,5,0,3,0,1,2,1,2,3,0,0,0,2,4,0,436176585984010430312933,123132417565333333199997,0,228215616588946295487104,0,0,0,0
9,5,8,3,0,6,7,0,3,1,3,3,1,3,4,0,0,0,2,3,0,464522142912701797682865,85426855886682106541995,0,499998000000197785292384,0,0,0,0
10,1,7,2,0,7,9,0,2,4,3,0,4,3,6,0,0,0,0,3,0,494058536277100727471502,189136356228222046821433,0,607403216578956520389817,0,0,0,0
7,5,6,3,0,7,6,1,4,0,2,2,1,3,3,1,1,0,0,11,0,362240024887664506767318,151167854230907183722039,0,368960791901358913804139,0,0,0,0
8,4,7,3,0,3,5,0,3,0,1,0,1,1,4,0,0,0,2,6,0,415993453873917079823804,284914483249905499661651,0,351155015684768704416034,0,0,0,0
11,0,5,6,0,4,2,0,1,0,1,1,0,2,0,0,0,0,3,0,0,641312686005782857155874,139541797397000000000000,0,822445680843645298653424,0,0,0,0
6,3,11,6,0,4,2,0,1,0,1,0,0,1,1,0,0,0,0,4,0,395585536096086605814151,46974042963469135749999,0,705024307692388241860669,0,0,0,0
9,5,9,3,0,9,5,0,1,3,1,0,3,1,4,0,0,0,2,0,0,322707817541685957940464,89612042388189337719224,0,576591773875327292743554,0,0,0,0
11,3,14,6,0,9,0,0,0,0,0,0,0,0,0,0,0,0,0,4,0,505753763725412770599508,0,0,826038179028401551221053,0,0,0,0
7,3,8,9,0,8,2,0,1,0,1,0,0,1,1,0,0,0,1,3,0,547806356067393470165686,28438222711673037601906,0,493543332125903996410072,0,0,0,0
4,3,9,3,0,8,1,0,1,0,0,1,1,0,1,0,0,0,1,2,0,135710405823295825786335,9073,0,342450488652064648782685,0,0,0,0
7,3,9,9,0,7,5,0,4,0,0,3,0,2,3,0,0,0,0,3,0,1068426227556134922540455,236947191992577471065269,0,300000000000150000000018,0,0,0,0
7,6,9,2,0,7,5,0,4,0,1,4,1,2,3,0,0,0,0,3,0,542682111248027986633564,245035748999829176227523,0,363592576073520563220997,0,0,0,0
11,3,6,7,0,4,4,0,2,0,2,2,0,2,2,0,0,0,0,4,0,439361010056464740168141,10280787724000674779110,0,878374890013486140726460,0,0,0,0
11,2,8,4,0,9,6,0,0,1,4,0,2,4,2,0,0,0,0,5,0,322620349613981029440203,169090756425973425460261,0,567263544683940384359090,0,0,0,0
9,4,9,3,0,3,11,0,6,2,3,4,2,4,7,0,0,0,2,1,0,818272453420994390060704,358148529707126105866519,0,792940268996298792745425,0,0,0,0
7,3,9,2,0,7,4,0,2,0,2,2,0,3,1,0,0,0,0,6,0,705624752630534290462966,191747749950999999999998,0,305544230997586466457596,0,0,0,0
10,5,11,6,0,2,4,0,1,2,1,1,2,1,3,0,0,0,0,0,0,486081157940720266316757,107256688048769993221025,0,638461084095644453576161,0,0,0,0
12,3,3,4,0,6,1,0,0,0,1,0,0,1,0,0,0,0,0,2,0,235279798279894936141121,44163425552000000000000,0,579877479678033179680051,0,0,0,0
12,3,10,5,0,7,8,0,3,2,2,1,2,2,6,0,0,0,1,2,0,758457361919677549822864,303707520073101917237210,0,466861092976985435348268,0,0,0,0
8,4,10,4,0,7,3,0,1,2,0,1,2,0,3,0,0,0,0,4,0,626241496022137234316523,116233717613659498322738,0,461118433726962088019086,0,0,0,0
8,2,4,4,0,10,5,0,2,0,1,1,2,2,3,0,0,0,0,1,0,614217145367773241963779,41560158556673429469784,0,392880735839252406486441,0,0,0,0
6,3,13,5,0,4,6,0,3,0,3,2,1,3,3,0,0,0,1,3,0,566595531149643142396110,162242769326383251206108,0,300000000000150000001000,0,0,0,0
10,2,10,6,0,5,7,0,6,0,1,2,0,2,5,0,0,0,3,2,0,719982518314176722705268,308878724074369165715946,0,620258825049957254998221,0,0,0,0
6,5,10,5,0,4,7,0,3,1,3,3,1,4,3,0,0,0,1,3,0,588234503179773836051058,317002805084900185320542,0,481666721100091166976582,0,0,0,0
7,3,6,7,0,5,7,0,4,1,2,2,1,2,5,0,0,0,0,5,0,670332411294454861513999,292600424203216551430925,0,612616038394059056696713,0,0,0,0
6,8,11,10,0,6,2,0,0,1,1,0,1,1,1,0,0,0,1,0,0,1047039092190385565392054,88969479739432859639275,0,506461342367723650676552,0,0,0,0
8,10,12,4,0,6,4,1,3,0,1,2,0,1,3,1,1,0,1,2,0,568097418335254604975879,165007701432602184151604,0,444443502907931025455107,0,0,0,0
7,4,12,5,0,6,3,0,3,0,0,3,0,1,2,0,0,0,0,4,0,809909554640973064399128,211892466890210509307091,0,343201757325730345190791,0,0,0,0
6,8,3,4,0,6,4,0,3,0,0,3,1,1,3,0,0,0,0,2,0,1254102737823353022983227,110982805695106585431832,0,414357000000060001523664,0,0,0,0
11,6,7,3,0,4,7,0,6,0,1,3,0,3,4,0,0,0,2,3,0,382759136342459099225285,234522623462543025512131,0,349778548008706548558957,0,0,0,0
11,5,7,3,0,3,5,0,3,0,2,1,0,2,3,0,0,0,3,1,0,459448678511228742074737,249824623998907655218580,0,648238878030214240808404,0,0,0,0
4,6,10,8,0,5,1,0,1,0,0,0,0,0,1,0,0,0,0,3,0,570755135170050032265956,12633290656795286523779,0,300015282541711670972399,0,0,0,0
8,1,7,7,0,6,6,0,3,0,2,3,0,4,2,0,0,0,0,3,0,892886098378492615325996,274226686348814814749999,0,328742334123854132252487,0,0,0,0
8,3,7,6,0,2,5,0,2,2,1,1,2,1,4,0,0,0,0,0,0,606301366659378108368342,216108803401104609550027,0,612412375985598578161997,0,0,0,0
13,8,10,7,0,7,7,0,0,1,5,0,1,5,2,0,0,0,1,3,0,542142062623143371605718,119714343421790402484332,0,780851413484494827516178,0,0,0,0
11,7,7,3,0,8,3,0,3,0,0,2,0,1,2,0,0,0,1,2,0,522064278892340945761074,97506492677315372858307,0,521664459915795123014887,0,0,0,0
7,8,8,5,0,8,5,0,2,0,0,3,3,0,5,0,0,0,0,0,0,342187683818449727929606,24317631310697315628090,0,421766310781337024635177,0,0,0,0
5,6,8,2,0,6,1,0,0,1,0,0,1,0,1,0,0,0,1,7,0,100323398981438058908939,9710852983033169360640,0,490110038797220827336878,0,0,0,0
5,3,10,4,0,4,6,0,5,0,1,2,1,1,5,0,0,0,0,2,0,452662519998063012681737,233447057249629044657870,0,416491199078940336947126,0,0,0,0
6,10,6,8,0,5,8,0,6,1,0,3,2,1,7,0,0,0,2,2,0,787545327479177755356224,233304407096580682912102,0,392661348412750534712563,0,0,0,0
9,2,6,5,0,4,3,0,3,0,0,0,0,0,3,0,0,0,0,6,0,293102712576542421920927,38458002103126071255657,0,466977440735039611141213,0,0,0,0
7,5,9,3,0,7,2,0,2,0,0,2,1,1,1,0,0,0,1,2,0,660969865810286385783929,113998997576000000000000,0,485445613767857604031620,0,0,0,0
6,6,12,3,0,4,3,0,3,0,0,1,1,0,3,0,0,0,3,2,0,442715770388674701148387,142619314925471469100274,0,373506430425919781342669,0,0,0,0
4,7,8,6,0,7,2,0,1,0,1,1,0,2,0,0,0,0,1,3,0,402010335588742244153931,78758430459000000000000,0,427188429538208564660920,0,0,0,0
6,4,6,7,0,5,6,1,5,1,0,2,1,2,4,1,1,0,0,2,0,621251882892236612656779,177270411392346000974449,0,391572109568155559179695,0,0,0,0
8,5,4,6,0,6,2,0,2,0,0,2,0,1,1,0,0,0,1,1,0,944448667534865230673328,79644999999999999999999,0,374214048120967013726038,0,0,0,0
9,1,11,6,0,6,7,0,6,1,0,1,1,1,6,0,0,0,3,1,0,745779406353496616130740,428501834129231215953367,0,515666993785351166751735,0,0,0,0
10,6,6,6,0,3,6,0,2,2,2,0,2,2,4,0,0,0,1,3,0,338409914360512639423729,170958321507275554793871,0,568266745731671033211472,0,0,0,0
16,7,2,2,0,9,4,0,1,1,2,0,1,2,2,0,0,0,2,3,0,367107311772866495815965,198457900689762650855214,0,741563593935879968201835,0,0,0,0
7,7,8,5,0,8,4,0,2,0,1,2,0,2,2,0,0,0,0,1,0,774200320606294719001631,4306346773493827173166,0,300000000000150000019613,0,0,0,0
12,4,4,2,0,5,4,0,2,0,1,2,1,2,2,0,0,0,1,4,0,702167050395960237722271,259447097431468653202433,0,414371079364353671311932,0,0,0,0
7,4,4,5,0,5,4,0,3,0,1,3,1,1,3,0,0,0,1,2,0,756200305979413417602785,80242468172899801198038,0,399999001978155201028374,0,0,0,0
9,7,6,5,0,3,7,0,5,2,0,1,2,1,6,0,0,0,2,0,0,480866428808246482509041,236376486501011583501987,0,577112658810110920719769,0,0,0,0
8,4,3,5,0,3,8,0,4,1,1,4,5,1,7,0,0,0,0,2,0,869705572969043531811550,173348754458404972084945,0,320622939478328802481354,0,0,0,0
13,4,11,8,0,5,2,0,2,0,0,1,0,1,1,0,0,0,1,0,0,389151421000458085713794,78405149744360442900010,0,1000925884970872809590370,0,0,0,0
6,5,8,8,0,6,5,0,4,0,1,4,2,2,3,0,0,0,1,5,0,994518096407452394235962,194096186521000000008193,0,300000000000251323585575,0,0,0,0
11,8,10,7,0,7,3,0,3,0,0,1,0,1,2,0,0,0,0,3,0,900426098878111052579023,59879228589594950294061,0,606418959928653430280896,0,0,0,0
10,4,5,8,0,8,4,0,2,1,1,1,2,1,3,0,0,0,1,2,0,704269122238680488466701,121633920840493642385364,0,541414869073192711802817,0,0,0,0
10,3,9,7,0,6,4,0,0,0,4,0,0,4,0,0,0,0,1,1,0,951421729450950362244987,229250633343000000000000,0,303609588187254538416256,0,0,0,0
5,3,8,4,0,4,6,0,4,0,1,3,1,2,4,0,0,0,0,3,0,780785334150046694908337,325392856934757271500034,0,388987172145954462280002,0,0,0,0
12,6,9,6,0,5,3,0,2,0,1,2,1,1,2,0,0,0,0,3,0,841154524380877428080505,121296513070572135061233,0,540321012782982437779687,0,0,0,0
8,4,10,5,0,3,7,0,6,1,0,4,3,2,5,0,0,0,0,3,0,751279809598830586672477,271209989810684534545095,0,353217414902501457114764,0,0,0,0
6,6,6,9,0,6,2,0,2,0,0,2,1,1,1,0,0,0,2,4,0,1010957542434324879746820,147379118312000000000000,0,426603318552748396739094,0,0,0,0
8,4,7,5,0,3,7,0,4,0,2,1,1,3,4,0,0,0,2,4,0,478943104402424779899645,282358488281670032854181,0,413391201072209943851336,0,0,0,0
9,4,8,8,0,5,3,0,3,0,0,1,1,0,3,0,0,0,1,3,0,374839154171119096448411,7525378965488310562189,0,575380144190346556585639,0,0,0,0
7,3,8,8,0,7,3,0,2,0,1,1,1,1,2,0,0,0,0,3,0,698632581664181675207661,135948239271916592907958,0,532743478576363990462549,0,0,0,0
8,4,14,5,0,5,5,0,2,1,2,2,2,2,3,0,0,0,0,4,0,634374426267523549695284,222995340682579138758136,0,688817824489988832544106,0,0,0,0
7,7,7,4,0,5,4,0,4,0,0,1,0,1,3,0,0,0,0,7,0,591449916846879594986387,125114356489610110886192,0,558382704383797710539421,0,0,0,0
8,5,6,4,0,3,8,0,7,0,1,5,0,4,4,0,0,0,4,4,0,1045405318329554781610038,635580572484977850930350,0,496866986511605638288551,0,0,0,0
11,3,8,6,0,8,5,0,3,0,1,1,1,2,3,0,0,0,3,3,0,343412975137515737573628,110668457374628457806059,0,631006185272420072413674,0,0,0,0
6,7,10,5,0,5,3,0,3,0,0,3,0,1,2,0,0,0,1,2,0,518261608431498995905841,100000000000000000011815,0,292578204394689605946969,0,0,0,0
12,3,10,5,0,6,7,0,3,2,1,2,2,1,6,0,0,0,1,3,0,941599108813629158882933,294780819198855717428153,0,633270405320109883690394,0,0,0,0
10,4,8,5,0,7,6,0,2,0,3,2,1,3,3,0,0,0,0,3,0,527414355020312303456340,253948360797308641949998,0,459871568035252358424125,0,0,0,0
5,8,7,13,0,1,7,0,6,0,1,5,1,4,3,0,0,0,1,2,0,1051217392905920485706296,174449852404976166008238,0,424034095984498181273973,0,0,0,0
6,6,10,6,0,4,7,0,5,0,1,2,1,2,5,0,0,0,1,3,0,325027698369195503217883,138464455876417821325877,0,521588612763305081843728,0,0,0,0
5,4,7,7,0,0,8,0,7,1,0,3,2,2,6,0,0,0,2,1,0,643752883068142227251492,227873233916411106718781,0,558157669646368549804247,0,0,0,0
12,3,7,9,0,3,8,0,4,1,1,4,2,2,6,0,0,0,0,3,0,1061131838735352005249495,314819799268976509689713,0,524463565719036355691096,0,0,0,0
9,4,12,0,0,6,6,1,3,0,3,2,0,3,3,1,1,0,1,5,0,408642836692413421206062,250693765306000000659913,0,408597806463047320692695,0,0,0,0
6,9,3,5,0,6,3,0,2,0,0,2,0,1,2,0,0,0,2,1,0,862571240791944143075938,140841834495106585431851,0,333848000010194792466302,0,0,0,0
4,9,8,7,0,3,5,1,5,0,0,0,0,1,4,1,1,0,0,5,0,399030060221200048361557,110513176552128629239465,0,416768105796260115771938,0,0,0,0
6,4,8,6,0,6,1,0,1,0,0,0,0,0,1,0,0,0,3,1,0,435009940806850928722481,27707561728395061649999,0,544201337139223671579632,0,0,0,0
8,3,7,4,0,5,4,0,4,0,0,3,1,0,4,0,0,0,0,1,0,947658486844135214034890,135207893262645553721135,0,362413375985699588097310,0,0,0,0
8,4,6,10,0,6,3,0,1,0,1,1,1,1,2,0,0,0,0,3,0,637256704529502650154677,58545746828616884351004,0,482637208229290968164613,0,0,0,0
12,3,10,4,0,5,3,0,2,1,0,2,1,1,2,0,0,0,1,1,0,657580044382506516367515,290550340060119165398704,0,733775009948679677585031,0,0,0,0
9,3,6,4,0,5,3,0,3,0,0,0,0,0,3,0,0,0,0,6,0,494626598393948575846000,55630445207067656299996,0,307997843877058090313819,0,0,0,0
5,2,7,5,0,6,6,0,1,0,3,1,1,3,3,0,0,0,1,2,0,664065799519140714440496,139019989543479193399998,0,499997421296446296320020,0,0,0,0
16,7,2,2,0,9,6,0,5,0,1,2,0,2,4,0,0,0,1,2,0,537833657384625050513149,240106504352943180308996,0,732237559648902829668323,0,0,0,0
7,4,11,4,0,4,5,0,5,0,0,3,1,1,4,0,0,0,1,1,0,922478400026932399742966,170671828910091988561375,0,487713328859877741275040,0,0,0,0
8,3,7,7,0,5,5,0,4,1,0,4,1,0,5,0,0,0,0,2,0,524294905659048789296247,167133792719613420439628,0,355906825015126075565545,0,0,0,0
4,7,10,10,0,5,4,0,1,1,1,0,2,1,3,0,0,0,0,1,0,711987571295100738092810,88790132993753864402516,0,296763716396979512513159,0,0,0,0
13,5,11,7,0,5,2,0,2,0,0,2,0,1,1,0,0,0,1,0,0,467346911225353796773448,112634829310000002591995,0,646589358817678107083717,0,0,0,0
7,5,4,2,0,5,3,0,1,0,0,1,1,0,3,0,0,0,1,5,0,401874737517494296383427,74431905415894768650000,0,306568423961972680505344,0,0,0,0
10,1,11,4,0,7,3,0,1,2,0,1,2,1,2,0,0,0,2,5,0,754564995073668412653348,74603236152494589213358,0,436600739905680529099583,0,0,0,0
8,4,10,5,0,2,4,0,2,1,0,2,1,1,3,0,0,0,3,3,0,399673196471305157022291,151050206309769865753702,0,479964387286723435176213,0,0,0,0
10,8,7,4,0,4,6,1,4,1,1,3,1,2,4,1,1,0,5,1,0,613159350419358274719279,133464271546979785350656,0,491117148365746077908213,0,0,0,0
9,1,10,5,0,7,5,0,2,0,2,0,1,2,3,0,0,0,1,5,0,864498420685266191495714,143722920911559229686477,0,714724219063874980460243,0,0,0,0
7,8,7,3,0,6,6,0,5,1,0,3,2,1,5,0,0,0,1,4,0,688594036163997957513344,111671402322606371273940,0,629275801980839223893752,0,0,0,0
5,2,7,4,0,6,7,0,5,1,1,4,1,4,3,0,0,0,1,6,0,820591561167936282835832,239894468706509648761272,0,344323244405516761448393,0,0,0,0
7,3,14,4,0,6,8,0,7,1,0,4,1,2,6,0,0,0,2,4,0,631104209963044220644203,215526509908052807809072,0,317343698443855388269502,0,0,0,0
5,4,7,7,0,0,7,0,6,1,0,3,2,2,5,0,0,0,2,2,0,742062653824497609386959,213218618790359308649685,0,573100093265904446150332,0,0,0,0
6,6,5,4,0,6,3,0,2,0,1,2,0,3,0,0,0,0,5,3,0,433998494008584765612998,100000000008000000000000,0,420495366914426890809942,0,0,0,0
9,3,8,5,0,7,6,0,4,1,1,0,1,1,5,0,0,0,2,4,0,312394066233424116276939,158801978164542677024252,0,503601206595396729051589,0,0,0,0
8,4,6,11,0,5,4,0,1,1,1,0,2,1,3,0,0,0,0,2,0,745115643641178972702194,69205852314614471002999,0,547548048290231849786984,0,0,0,0
3,5,8,13,0,7,2,0,1,0,1,0,0,1,1,0,0,0,2,1,0,739932911093516957655346,86525372244443967947842,0,317950435356223717186790,0,0,0,0
10,2,5,6,0,5,8,0,6,0,2,3,0,3,5,0,0,0,1,2,0,708766318959315205618679,233287589197110035419509,0,343547521583667417424188,0,0,0,0
4,5,10,11,0,5,4,0,2,1,0,1,2,1,3,0,0,0,0,1,0,805319698088709475308384,92611717206602441829549,0,359762716396909542813126,0,0,0,0
11,0,5,4,0,4,2,0,2,0,0,2,1,1,1,0,0,0,1,2,0,348486016040144285186737,109034780376237928209438,0,589433842903785322644938,0,0,0,0
8,1,4,5,0,4,3,0,2,1,0,2,1,1,2,0,0,0,0,3,0,650202998731907119112069,111820987654320987607950,0,466031594638823204746622,0,0,0,0
9,1,10,5,0,8,5,0,2,0,2,0,1,2,3,0,0,0,0,6,0,858332376782094592966968,185720496932347629424949,0,609259745488153384743800,0,0,0,0
4,0,9,2,0,7,2,0,1,0,1,1,1,1,1,0,0,0,1,1,0,451243141879407980751484,16678639719000000009942,0,342450488652114648782684,0,0,0,0
8,7,8,6,0,4,5,0,3,0,1,2,2,2,3,0,0,0,0,3,0,510099468403901444381191,135869985443530864099999,0,406300557415305810328718,0,0,0,0
3,6,8,12,0,7,3,0,2,0,1,2,0,2,1,0,0,0,2,0,0,833934248217910098615262,118383060695386175058425,0,399992179455306722723501,0,0,0,0
10,3,7,3,0,6,4,0,2,0,2,2,1,3,1,0,0,0,1,1,0,208356865945291411660921,109003051261371041074287,0,444058675190161048151984,0,0,0,0
11,3,6,9,0,4,3,0,3,0,0,1,0,0,3,0,0,0,0,5,0,508192462529294620632840,50605117317556888988629,0,789315551775385022212085,0,0,0,0
8,6,8,6,0,4,5,0,3,0,1,2,1,3,2,0,0,0,0,3,0,448198644160803430855442,223324252951390521673459,0,399063322593347708615228,0,0,0,0
10,5,11,6,0,3,3,0,0,1,2,0,1,2,1,0,0,0,1,0,0,423563266016305346835058,137194493524988164450000,0,776444932427965958653522,0,0,0,0
5,3,13,1,0,6,5,0,4,0,1,3,1,2,3,0,0,0,1,5,0,479863286909908202916683,184965978229507262460556,0,347467265428662638984336,0,0,0,0
13,6,9,7,0,4,5,0,1,0,3,1,1,3,2,0,0,0,0,1,0,593846788594652984751027,151248350347997574135412,0,488309339346861370274593,0,0,0,0
13,6,9,8,0,5,5,0,1,1,1,0,2,1,4,0,0,0,1,0,0,784618435333706331060421,165815764248054593681109,0,455392602630768702244725,0,0,0,0
8,2,4,2,0,7,5,0,3,0,1,3,1,3,2,0,0,0,0,1,0,917163142740675115204216,124932714177359960849999,0,342880735839302406486441,0,0,0,0
7,4,9,3,0,6,2,1,2,0,0,0,0,0,2,1,1,0,2,2,0,217450883976495134453900,28226605491895606560909,0,610542880950356253425177,0,0,0,0
9,5,5,3,0,8,5,0,3,0,2,3,0,4,1,0,0,0,1,3,0,437979848830694192305646,153071402201092249114865,0,361298372037370128763690,0,0,0,0
9,4,5,3,0,6,7,0,5,0,2,4,0,4,3,0,0,0,0,2,0,419068207995298283722298,158406713745092249114862,0,291384302392322116234470,0,0,0,0
7,5,6,8,0,5,8,0,6,1,1,1,1,1,7,0,0,0,0,4,0,649595999871790783271021,264869652590096637618449,0,670660842094187390443303,0,0,0,0
10,3,8,2,0,4,3,0,2,0,1,0,0,1,2,0,0,0,4,3,0,404873398801868030500000,203709092855225415199998,0,538781964782815999072740,0,0,0,0
6,4,6,3,0,8,3,0,1,1,0,1,2,0,3,0,0,0,0,0,0,538628066526709323459662,58702940935877057259962,0,515464862553376618598512,0,0,0,0
4,4,8,6,0,5,1,0,1,0,0,1,0,1,0,0,0,0,1,3,0,314170670530579310623366,50000000000000000000000,0,416966836822143959920665,0,0,0,0
7,4,12,5,0,6,3,0,2,0,1,2,0,2,1,0,0,0,1,3,0,520784187493613902274439,172150490508661871130436,0,384384089337481638776519,0,0,0,0
9,5,13,6,0,4,5,0,2,1,2,2,1,2,3,0,0,0,0,1,0,620221258487722847303707,205989438168340183304545,0,543631843857398423155675,0,0,0,0
8,8,10,6,0,4,3,0,2,0,1,0,0,1,2,0,0,0,1,2,0,573180249905706848929225,128192890741370402450000,0,658312750616038759052499,0,0,0,0
10,3,8,2,0,4,3,0,3,0,0,1,0,1,2,0,0,0,3,4,0,279853651359599822814223,91386402885299989199996,0,511777631767724617582277,0,0,0,0
8,1,7,9,0,8,7,0,1,0,5,1,1,5,2,0,0,0,0,2,0,1351877174298069493355757,242245114003814814750000,0,328742334123854132252563,0,0,0,0
11,8,6,3,0,7,2,0,2,0,0,2,0,1,1,0,0,0,1,2,0,591966054339274769872404,138305903756453184962544,0,426695035674325117844698,0,0,0,0
7,4,9,11,0,1,12,0,1,3,8,0,3,8,4,0,0,0,0,1,0,922889760288085141631399,288909805648883484366493,0,349999000000405402481523,0,0,0,0
8,6,13,2,0,5,1,0,1,0,0,0,0,0,1,0,0,0,3,3,0,167834047087553487420140,118757606453075200157528,0,547354434132662528157902,0,0,0,0
4,4,8,8,0,4,1,0,1,0,0,1,0,1,0,0,0,1,1,2,0,314194075703845042279537,50000000000000000000000,0,416966836822143959920665,0,0,1,0
7,7,6,1,0,8,3,0,1,0,2,1,0,2,1,0,0,0,1,3,0,275412626565379787339571,75005850819302821114577,0,215805000000227814086401,0,0,0,0
8,3,3,3,0,7,3,0,3,0,0,3,1,2,1,0,0,0,1,6,0,920309423887713542707672,120449796053000000000000,0,347081838301350956212246,0,0,0,0
7,8,8,7,0,8,4,0,2,1,0,2,2,0,4,0,0,0,0,1,0,467631317777453208630475,104046125091720606957102,0,352053755822884837076790,0,0,0,0
9,2,5,2,0,4,6,0,5,0,1,4,1,1,5,0,0,0,0,2,0,412882698273016963480122,228342570531435844227861,0,411235476908203750256139,0,0,0,0
13,3,3,5,0,5,4,0,3,0,1,1,0,1,3,0,0,0,1,0,0,464885858375959720068258,135950153869239259394201,0,567724768291484210933591,0,0,0,0
15,5,6,1,0,4,4,0,2,0,0,2,0,0,4,0,0,0,1,2,0,217325026423053491156073,145901446757189756141121,0,726357610607006948537656,0,0,0,0
9,4,7,2,0,6,3,0,3,0,0,1,0,0,3,0,0,0,1,3,0,593313982464640543274117,286049651612779961262269,0,562696322164756727943617,0,0,0,0
8,8,10,6,0,5,3,0,1,1,1,0,1,1,2,0,0,0,0,3,0,608597364284341021440939,148064872228850148499999,0,551969471779872552405704,0,0,0,0
6,4,10,4,0,5,8,0,5,1,2,4,1,3,5,0,0,0,0,1,0,827182780803633865622423,169237198143931270664773,0,300000000000226876325283,0,0,0,0
5,4,10,3,0,4,5,0,3,0,1,1,1,1,4,0,0,0,1,2,0,393638593795830732827720,180194442670175466531198,0,519784296383113009563295,0,0,0,0
6,8,5,3,0,9,6,0,4,0,2,2,0,3,3,0,0,0,0,4,0,427360949389391224277431,191711697799547118494506,0,449492181386370956987855,0,0,0,0
4,2,11,2,0,3,7,0,6,0,1,5,0,4,3,0,0,0,3,2,0,836889950333362062558305,393835701582611111108309,0,472789374909565985403022,0,0,0,0
6,4,9,3,0,5,5,0,3,0,2,0,0,2,3,0,0,0,0,2,0,596809405329348214135049,121450539330997089121140,0,540099057282159361971362,0,0,0,0
7,6,5,1,0,5,4,0,3,0,1,3,1,2,2,0,0,0,2,7,0,572666216898693207939882,180243297409593981096093,0,411789164297665323267952,0,0,0,0
5,13,11,4,0,5,6,0,4,2,0,3,2,1,5,0,0,0,0,1,0,455208717204201353747976,108222517381188123121128,0,416510916936530567406397,0,0,0,0
7,7,9,9,0,1,8,0,1,2,5,0,2,5,3,0,0,0,0,5,0,902333668785912294447442,258002496409979015940736,0,399999000000351243212843,0,0,0,0
7,4,9,4,0,8,2,0,0,1,1,0,1,1,1,0,0,0,1,2,0,414228769347710996210723,61476394117185185100000,0,428727250060549090316875,0,0,0,0
6,3,7,3,0,5,6,0,5,0,0,3,0,0,6,0,0,0,0,5,0,1093717600440979274784008,349781909102717889701346,0,613151851762861317708865,0,0,0,0
12,1,8,4,0,5,8,0,5,0,2,2,0,4,4,0,0,0,3,3,0,506372823611134634004394,204214463533299609951987,0,569221119406493396880312,0,0,0,0
7,5,11,5,0,6,4,0,3,0,0,3,1,1,3,0,0,0,0,2,0,567537008279915048740950,132204992283950617249999,0,488931143124410865777591,0,0,0,0
6,1,7,6,0,4,8,0,6,1,1,3,2,3,5,0,0,0,0,6,0,835818488290485315314656,175059620016809447874160,0,308845370767308586381069,0,0,0,0
7,10,6,1,0,6,2,0,1,0,1,1,0,1,1,0,0,0,1,4,0,433768236067511957459526,126962739179302821111400,0,273113698143596107637663,0,0,0,0
9,7,7,10,0,4,7,0,1,0,6,1,0,7,0,0,0,0,0,2,0,472240422534660278615379,138916932087000000000000,0,421322911900843129474216,0,0,0,0
6,3,6,3,0,7,4,0,2,1,1,1,1,1,3,0,0,0,1,3,0,487977544796394931118556,189524128155611412100000,0,391572109568155559179695,0,0,0,0
6,2,3,6,0,5,6,0,3,3,0,3,4,1,5,0,0,0,0,2,0,738404054172056909251721,184554964169790208453563,0,300000000000200065126841,0,0,0,0
9,6,3,3,0,5,3,0,1,1,0,1,1,1,2,0,0,0,0,4,0,514909218657341076276903,100286083549080400696564,0,490922454543053172538774,0,0,0,0
6,8,12,3,0,5,4,0,4,0,0,3,0,1,3,0,0,0,2,1,0,784796201013200729271381,148206725488830325935252,0,627796104328715386201485,0,0,0,0
11,13,7,4,0,4,3,0,3,0,0,1,0,1,2,0,0,0,1,1,0,437644509212201072045839,31878808388060460630690,0,525211185696415463711032,0,0,0,0
13,5,3,7,0,4,4,0,3,0,1,0,0,1,3,0,0,0,1,0,0,774743497295330729950861,115653092067103858384214,0,758138316896311025171631,0,0,0,0
6,4,8,8,0,4,6,0,2,2,2,1,2,2,4,0,0,0,1,0,0,1127062296456669193685514,84226832114655165362527,0,437086055740736423737125,0,0,0,0
5,5,10,5,0,4,1,0,0,1,0,0,1,0,1,0,0,0,1,3,0,432565546302295775751962,38173924423065574518328,0,311131567918101571362690,0,0,0,0
9,3,10,6,0,4,7,0,6,1,0,1,1,1,6,0,0,0,2,2,0,938912966967802251678134,415224461884654463487410,0,535203685517803786770079,0,0,0,0
8,3,4,4,0,5,4,0,3,1,0,1,1,1,3,0,0,0,1,4,0,951392060762339964933242,85947251989396477805543,0,576656155600125344369868,0,0,0,0
8,3,13,1,0,6,2,0,2,0,0,2,0,1,1,0,0,0,0,4,0,173884578776989586934447,92059619339380042010599,0,546992898971716123760288,0,0,0,0
4,6,7,3,0,5,5,0,4,1,0,2,1,2,3,0,0,0,2,2,0,543858635317807182548590,178360798258812752037903,0,499998617270301118293627,0,0,0,0
12,3,5,3,0,6,4,0,1,1,1,1,2,1,3,0,0,0,0,4,0,317884337322579531434687,93946131068453452696574,0,515147937997864127044846,0,0,0,0
9,5,7,2,0,8,2,0,2,0,0,2,0,0,2,0,0,0,1,4,0,557322421495370336619387,236961944833328494506229,0,539645234858431553787260,0,0,0,0
4,3,10,3,0,7,4,0,2,0,1,2,1,1,3,0,0,0,0,4,0,628404422770909802936959,138101851850967854397048,0,300000000000137264853396,0,0,0,0
12,6,4,1,0,5,4,0,2,0,1,2,2,2,2,0,0,0,0,5,0,366533974161701669537965,147146065443744694029109,0,549998005386827351459605,0,0,0,0
5,5,6,3,0,5,6,0,5,1,0,4,1,0,6,0,0,0,0,2,0,974206200571440442925834,160527587239357100409541,0,269981686962130620470135,0,0,0,0
10,3,9,4,0,5,3,0,2,1,0,2,1,1,2,0,0,0,0,2,0,956085123926693036843006,598077352513625085172745,0,719656587567873283996823,0,0,0,0
12,5,7,4,0,4,6,0,5,0,1,1,0,1,5,0,0,0,0,4,0,585670955187174916676577,254816526688882112052718,0,795094319120042899437878,0,0,0,0
5,5,10,8,0,5,4,0,2,1,0,1,1,0,4,0,0,0,0,0,0,628460553435436852148144,85219653733093138358455,0,508789043144519136701444,0,0,0,0
3,7,5,4,0,4,7,0,4,0,3,3,0,4,3,0,0,0,2,4,0,954451122151025047219250,166324785816740227430110,0,300000000000138553047840,0,0,0,0
4,2,11,3,0,3,9,0,5,0,4,4,1,5,4,0,0,0,1,2,0,682181033419803242491527,385710632800000000008190,0,372790374909678240955638,0,0,0,0
8,5,3,5,0,4,7,0,3,1,1,3,4,1,6,0,0,0,2,1,0,424922210944045208942000,122608845839936047790786,0,320622939478328802481354,0,0,0,0
8,6,10,2,0,4,6,0,5,0,0,4,2,1,5,0,0,0,0,2,0,859682259242165471271621,345494463906987094084386,0,595234468714762582536351,0,0,0,0
5,5,10,4,0,7,6,0,6,0,0,5,1,3,3,0,0,0,0,2,0,727387820906584948930955,188263861169981481489805,0,408925955310394306264989,0,0,0,0
7,4,5,8,0,3,5,0,4,1,0,2,1,1,4,0,0,0,0,3,0,570899604040907420150954,159055139839766611104878,0,415349994565617816121883,0,0,0,0
9,2,4,2,0,4,7,0,7,0,0,7,3,2,5,0,0,0,0,3,0,740865292304877364329731,377141005829905115208460,0,349999907779195551571238,0,0,0,0
4,2,7,6,0,4,5,0,3,0,1,2,1,1,4,0,0,0,0,4,0,724631477976475275454124,167534008760938271499996,0,300000000000203837663074,0,0,0,0
7,5,5,1,0,5,6,0,4,0,1,4,1,2,4,0,0,0,2,5,0,750323375627181481980191,289091569301804054239898,0,434917174859374646509986,0,0,0,0
10,3,5,7,0,6,4,0,4,0,0,2,1,1,3,0,0,0,1,2,0,848212069466366014462441,115601125768916393667571,0,749643681418735028750234,0,0,0,0
9,6,3,5,0,5,6,0,5,0,1,4,0,3,3,0,0,0,2,3,0,774455478552390722480902,231629792713336967196234,0,507275061512321215757258,0,0,0,0
10,4,4,3,0,4,4,0,2,0,2,1,0,2,2,0,0,0,1,4,0,642823132111377368521194,98029513216728395049996,0,771001345129136539850008,0,0,0,0
3,2,4,1,0,2,8,0,7,0,1,6,2,3,5,0,0,0,1,4,0,617978687027086500333144,269700174190106461390353,0,300000000000150000007644,0,0,0,0
8,6,4,5,0,4,4,0,2,1,0,2,2,1,3,0,0,0,1,6,0,218596725399935446471203,93902144140190320812993,0,388614312801910285649367,0,0,0,0
9,3,6,3,0,6,6,0,2,2,1,2,3,2,4,0,0,0,2,2,0,543304207675851649922485,229134007367577499763886,0,660293325044611999084775,0,0,0,0
6,4,7,4,0,4,5,0,4,0,1,4,0,2,3,0,0,0,1,5,0,931939191047951846581321,289391000865580574749954,0,513152851762877216352132,0,0,0,0
5,2,8,4,0,5,5,0,4,0,0,3,1,1,4,0,0,0,0,4,0,748252271427372346446487,202662133487654320849998,0,385053531216879357033228,0,0,0,0
2,8,14,5,0,3,7,0,6,0,1,2,0,2,5,0,0,0,1,1,0,647635131788064066909816,181157718874987132278180,0,334362904073664642814213,0,0,0,0
7,3,9,6,0,9,5,0,4,0,0,4,1,2,3,0,0,0,1,3,0,1020051399062543353517309,150403339254800649404558,0,559623255801686924376710,0,0,0,0
10,1,6,1,0,7,5,0,2,1,2,1,1,2,3,0,0,0,0,4,0,409357172554046647024691,233433322615593591449995,0,399999000000164423952547,0,0,0,0
4,3,8,5,0,4,3,0,3,0,0,3,1,1,2,0,0,0,1,3,0,1093698331979784701823557,118500002056999999999999,0,358661093395072084805377,0,0,0,0
9,2,7,3,0,5,2,0,2,0,0,2,0,0,2,0,0,0,1,3,0,361489696943179812512215,50006430858077767036525,0,577732042489440627629162,0,0,0,0
6,0,7,7,0,4,7,0,5,2,0,3,2,2,5,0,0,0,1,6,0,1103972522680528322113256,273981495899752521761389,0,302065470437205004926283,0,0,0,0
11,4,6,2,0,5,5,0,4,0,0,2,0,2,3,0,0,0,1,2,0,275491204782574656709662,134546283582188870463069,0,798247344314049381807371,0,0,0,0
8,3,7,4,0,4,6,0,3,0,2,1,1,2,4,0,0,0,2,5,0,564958702726290217998239,176011133812803516850947,0,387567568096161961668948,0,0,0,0
8,3,7,4,0,7,6,0,5,1,0,3,3,1,5,0,0,0,0,4,0,817963157689999283518935,242758795324426809030423,0,454779907180898288903653,0,0,0,0
7,4,8,6,0,6,1,0,0,1,0,0,1,0,1,0,0,0,0,2,0,309443110231656884769790,37031249999999999950000,0,322380371697344022175021,0,0,0,0
7,5,11,4,0,9,2,0,2,0,0,2,0,2,0,0,0,0,0,4,0,473907492809878045994604,100555068564000000000000,0,331482858943658858315146,0,0,0,0
10,6,6,6,0,8,4,0,2,0,0,1,0,0,4,0,0,0,0,3,0,751511122113562246118217,121155609576420816275182,0,717449777880711584145024,0,0,0,0
8,4,8,2,0,10,2,1,1,0,1,0,0,2,0,1,1,0,2,5,0,60640567534283611905827,7275655864000000000000,0,440423793082421441843506,0,0,0,0
6,3,3,6,0,4,6,0,3,3,0,3,4,1,5,0,0,0,1,1,0,605955221073903575907169,165661081212032924022363,0,420827848346267909001510,0,0,0,0
7,2,8,7,0,6,3,0,2,0,1,1,1,1,2,0,0,0,0,3,0,346878509527617445860217,79851264545257772858959,0,532743478576311035120422,0,0,0,0
4,4,9,8,0,6,4,0,2,1,1,2,1,3,1,0,0,0,0,1,0,718354050566448937627877,169758115655440121777537,0,376724644584182233737490,0,0,0,0
12,4,7,8,0,3,2,0,1,0,1,0,0,1,1,0,0,0,0,3,0,609599380884946458678613,89758759859556125369154,0,690045199198422242178801,0,0,0,0
9,5,3,5,0,7,5,0,4,0,0,4,2,2,3,0,0,0,0,5,0,879844319524525636830956,192681470340493239883303,0,619228330329842845055122,0,0,0,0
8,2,11,6,0,8,3,0,2,0,1,1,1,1,2,0,0,0,1,1,0,569594587224510223141229,144331147438302063400031,0,656832013406239259626388,0,0,0,0
12,2,9,4,0,3,3,0,3,0,0,2,0,0,3,0,0,0,0,1,0,667160725170235218725417,168833964642194349720044,0,542491722023343320016903,0,0,0,0
6,9,12,3,0,5,4,0,2,1,1,1,1,1,3,0,0,0,2,1,0,847485507154199006779222,241728934837592324886343,0,564917103323665386172687,0,0,0,0
9,4,5,5,0,6,2,0,1,0,1,1,0,1,1,0,0,0,0,2,0,445453662127119056857625,89282877438999999999998,0,518520806978362857955462,0,0,0,0
11,3,8,7,0,7,6,0,2,0,3,1,1,4,2,0,0,0,3,2,0,369591477075016584499033,151929925284395061550199,0,686158086358467980650066,0,0,0,0
9,5,15,9,0,5,2,0,1,0,1,0,0,1,1,0,0,0,4,2,0,520896853557781410176801,90511426344438027889478,0,399731415613585400508798,0,0,0,0
8,7,6,2,0,5,2,0,2,0,0,1,0,0,2,0,0,0,2,4,0,499535889534510576321022,49999999999999999999995,0,407353726977178548462218,0,0,0,0
8,2,5,5,0,8,4,0,3,0,1,2,0,2,2,0,0,0,1,2,0,629049661181063407356652,172553545780625284449997,0,472093276990344823285078,0,0,0,0
14,5,8,1,0,7,2,0,2,0,0,1,0,1,1,0,0,0,0,1,0,79739557448972304020944,69588170033858757705018,0,468239933637333095226028,0,0,0,0
6,6,13,4,0,5,2,0,1,0,1,1,0,1,1,0,0,0,0,3,0,472636002848028619380766,123838387798999999999999,0,407240637372375678770714,0,0,0,0
5,5,10,6,0,5,2,0,1,1,0,1,1,0,2,0,0,0,1,2,0,543901376853704357048060,73994557139114957231379,0,302201500683142825903100,0,0,0,0
5,7,12,6,0,1,7,0,4,1,2,4,1,4,3,0,0,0,0,2,0,1108563838938836601384705,466264243718580246850598,0,316302416041458601810070,0,0,0,0
12,3,10,5,0,7,10,0,3,3,3,3,3,3,7,0,0,0,0,1,0,915276082569543889194006,420092218124868184014657,0,414139364864419246214932,0,0,0,0
9,12,10,7,0,3,2,0,2,0,0,2,0,2,0,0,0,0,0,4,0,760397415043756071283856,88635289538000000000000,0,574970337107110573581617,0,0,0,0
10,4,5,8,0,4,6,0,4,0,2,3,0,4,2,0,0,0,0,1,0,750722385342527874671464,166990817615838469611125,0,644982224801380490608154,0,0,0,0
12,5,5,4,0,5,5,0,4,1,0,3,1,3,2,0,0,0,0,3,0,951841651825805303127812,119727272876495723565916,0,844999529971921223281227,0,0,0,0
6,7,12,2,0,6,3,1,3,0,0,1,0,1,2,1,1,0,0,3,0,616625708579732667855400,75749320972524522678149,0,413846610535502948410723,0,0,0,0
8,3,13,2,0,6,5,0,4,0,1,3,0,3,2,0,0,0,0,1,0,446143113813710632383171,225996624683517526461344,0,349392306526252977212511,0,0,0,0
7,2,11,2,0,5,4,0,4,0,0,3,1,1,3,0,0,0,0,3,0,743357010656613668291170,157731045138518083267688,0,375659323498439878752918,0,0,0,0
11,2,1,6,0,6,4,0,2,0,1,2,2,2,2,0,0,0,1,6,0,598705493359022438499268,151672739196716049300000,0,537208773155979601344872,0,0,0,0
6,3,10,5,0,5,6,0,4,1,1,3,1,3,3,0,0,0,1,4,0,368280453389404405922226,186538252424391792314097,0,518862527960541094620660,0,0,0,0
5,3,9,3,0,7,5,0,3,0,2,3,2,3,2,0,0,0,0,6,0,649672196497452540278675,208341345052000000000002,0,309280644031588849700283,0,0,0,0
4,2,7,4,0,8,5,0,2,3,0,2,3,1,4,0,0,0,0,3,0,570150727156388724404595,155324951248462727302543,0,350540994336375097590628,0,0,0,0
5,7,8,12,0,9,3,0,1,0,1,0,0,1,2,0,0,0,0,3,0,318069130687522217688026,36515621562747064246749,0,294942129629779629650000,0,0,0,0
12,3,5,2,0,7,3,0,0,1,1,0,2,1,2,0,0,0,0,5,0,199703133379711459350508,10946242419158102908643,0,515147937997864127044846,0,0,0,0
7,5,9,9,0,7,4,0,2,0,2,2,1,2,2,0,0,0,1,0,0,617415398173684630769151,207336609936592038112130,0,485335067948509505148339,0,0,0,0
7,4,8,3,0,3,8,0,7,1,0,6,3,2,6,0,0,0,1,1,0,1106436564070037013368047,499769376661347516477228,0,351430263198273481695773,0,0,0,0
6,9,3,3,0,5,4,0,3,0,0,3,0,1,3,0,0,0,1,1,0,953459226566684229731804,110982805695106585431830,0,408122340000060001543447,0,0,0,0
12,5,9,10,0,5,3,0,2,1,0,1,1,1,2,0,0,0,0,1,0,903603178204085625699656,215882943151025539714986,0,746767672574534671820906,0,0,0,0
12,0,6,4,0,7,4,0,3,1,0,3,1,2,2,0,0,0,0,2,0,1014858643433381632455026,256944393591373684419651,0,726746664935876776538160,0,0,0,0
8,0,6,6,0,7,3,0,1,1,0,1,1,0,3,0,0,0,0,3,0,147951960335398532897608,38308267672570524060917,0,460670416669312586151506,0,0,0,0
10,4,9,8,0,6,3,0,2,1,0,2,1,0,3,0,0,0,2,4,0,600586131413588547019330,202224942820929192430287,0,474088369292983350142406,0,0,0,0
10,4,9,2,0,6,2,0,2,0,0,2,0,1,1,0,0,0,0,3,0,830098937437505568792958,438379567582049846512233,0,619737587567873283982911,0,0,0,0
5,6,11,2,0,7,1,0,0,0,1,0,0,1,0,0,0,0,1,1,0,26050447514839506100000,3842000000000000,0,349999000000100000019169,0,0,0,0
8,3,7,5,0,3,2,0,2,0,0,1,0,0,2,0,0,0,0,3,0,605293103255206696731051,85207893262645553713751,0,462413375985707020007754,0,0,0,0
9,5,9,5,0,6,3,0,1,0,1,1,0,2,1,0,0,0,0,1,0,566993567022093134928055,128972858874283950550000,0,377245919584356998556350,0,0,0,0
12,6,4,5,0,8,4,0,3,0,1,2,0,3,1,0,0,0,3,4,0,531517101441020124310857,186620280610197530849998,0,637481228444380178254654,0,0,0,0
11,1,8,4,0,5,7,0,4,0,3,2,0,4,3,0,0,0,1,0,0,813689117851725930960791,206223366592004237314155,0,895415476212545149146358,0,0,0,0
4,11,8,6,0,6,2,0,2,0,0,2,0,1,1,0,0,0,0,4,0,478826790016451522744385,50999951494849999999998,0,413478596524140300624715,0,0,0,0
5,4,10,7,0,6,4,0,2,0,1,2,0,2,2,0,0,0,0,0,0,660478024142856541271671,100381211369753086399999,0,376028375353998283847152,0,0,0,0
5,4,11,9,0,4,4,0,3,1,0,3,2,0,4,0,0,0,2,2,0,806876291105326790539756,132491757707804942994191,0,356053070428525859179998,0,0,0,0
8,2,14,6,0,5,1,0,0,0,1,0,0,1,0,0,0,0,1,2,0,520162613639589076528294,3511800869000000000000,0,845672468886662557648677,0,0,0,0
9,2,6,7,0,5,4,0,3,0,1,1,0,1,3,0,0,0,0,5,0,1014000302103653868937828,72667731430792774752284,0,320461971676247266596049,0,0,0,0
11,6,6,2,0,6,5,0,3,0,2,2,0,3,2,0,0,0,2,3,0,532874292046762280077167,206171647743148148099998,0,315307174388641829486658,0,0,0,0
6,5,8,4,0,6,3,0,2,0,1,1,0,1,2,0,0,0,1,3,0,609104921254101692725687,107772072423993484308979,0,200843429149804536752372,0,0,0,0
10,7,6,6,0,8,2,0,2,0,0,1,0,0,2,0,0,0,0,3,0,431881418503249571123094,162563772931819545348983,0,362777633568778586499426,0,0,0,0
8,7,10,2,0,4,5,1,3,1,0,1,2,1,4,1,1,0,1,2,0,439975362999852628021473,34778170293105235426484,0,539620588584398091375192,0,0,0,0
5,6,7,2,0,7,7,0,4,0,1,0,0,1,6,0,0,0,0,5,0,392099506487581858913817,227500603378442278870422,0,436662388421930468993682,0,0,0,0
6,5,8,7,0,4,8,0,4,0,3,2,0,3,5,0,0,0,0,0,0,727481049228503807629680,197474465168049382649991,0,393121979969510059445984,0,0,0,0
16,7,2,2,0,9,5,0,4,0,1,3,1,2,3,0,0,0,0,4,0,821940465245553753747789,339880243267424521699543,0,649911452478868223662003,0,0,0,0
10,4,6,4,0,8,3,0,2,1,0,1,1,1,2,0,0,0,2,1,0,386153228422577835324655,110018163527871052449998,0,529977739735732303909617,0,0,0,0
10,2,9,6,0,6,4,0,1,2,1,1,2,1,3,0,0,0,0,5,0,542366870240727678302380,137264153604913760909240,0,300706471678365416528020,0,0,0,0
7,8,8,4,0,4,6,0,5,0,1,2,1,2,4,0,0,0,0,2,0,696301316831456513769786,188625092044078047530837,0,622486680928057341948000,0,0,0,0
9,1,4,2,0,3,5,0,5,0,0,5,2,2,3,0,0,0,1,4,0,916129064728278657273896,327141004107143115222398,0,356233945117425740334858,0,0,0,0
5,7,7,5,0,4,8,0,7,0,1,4,2,3,5,0,0,0,0,1,0,659368414812901748437139,234675683231495012013182,0,448295408314213830863964,0,0,0,0
3,3,5,6,0,4,9,0,7,2,0,4,3,1,8,0,0,0,0,4,0,1050627431341205699475280,262751240212441310513910,0,300000000000150451924756,0,0,0,0
13,3,11,7,0,6,2,0,1,1,0,1,1,0,2,0,0,0,1,0,0,381372377407892811887894,50361218347789663233251,0,740818912911631872127974,0,0,0,0
9,2,6,5,0,7,2,0,2,0,0,1,0,1,1,0,0,0,1,1,0,778537197330646587270707,285386951095919263384273,0,467151754027949483582044,0,0,0,0
6,6,4,5,0,6,3,0,3,0,0,1,0,1,2,0,0,0,1,4,0,601517440862078732077893,127860382197574343384870,0,486729251621094577480673,0,0,0,0
8,4,6,8,0,8,2,0,0,0,2,0,0,2,0,0,0,0,0,2,0,524791054176163723892142,7576134910000000000000,0,319429360620194125479249,0,0,0,0
9,5,3,7,0,5,6,0,4,1,1,4,1,3,3,0,0,0,2,3,0,1076411083534624230374474,234908584766746897698554,0,468959722373461917287282,0,0,0,0
8,5,6,1,0,4,5,0,2,1,0,2,3,1,4,0,0,0,3,3,0,278107438387822174039036,79237559248595424236651,0,538898112155924641319164,0,0,0,0
9,4,8,4,0,6,7,0,6,1,0,2,1,1,6,0,0,0,1,2,0,465764858182388235344009,304707029791426003326910,0,533676161784112676688888,0,0,0,0
8,5,10,5,0,2,8,0,5,1,0,5,3,2,6,0,0,0,0,2,0,688143714258409073377724,184551514288060902261049,0,449820931373399553502567,0,0,0,0
5,5,4,6,0,5,5,0,2,0,3,1,0,4,1,0,0,0,1,0,0,908120455886273378553073,224357346336682940999999,0,441781592241249673840942,0,0,0,0
10,7,13,3,0,3,9,0,4,1,4,4,1,6,3,0,0,0,0,1,0,665640941367572521166442,300348892679468825006155,0,518686682314677302264138,0,0,0,0
7,5,8,7,0,6,7,0,4,0,3,2,0,4,3,0,0,0,1,6,0,683822219272570606225239,211550641961180267121451,0,302696742151575960513193,0,0,0,0
9,2,13,5,0,3,8,1,4,0,3,3,1,4,4,1,1,0,0,0,0,709374524931177534747066,314463416900315730212405,0,423610816256018079440927,0,0,0,0
8,6,4,5,0,6,4,0,2,0,2,2,1,2,2,0,0,1,1,5,0,307997009720688406038629,74579448063203209653480,0,395509760332767587651837,0,0,1,0
7,4,11,5,0,5,8,0,4,0,2,3,0,3,5,0,0,0,0,1,0,903323930381036799608251,461199865532599716466702,0,541514380743546616542060,0,0,0,0
13,5,10,4,0,3,3,0,2,0,1,1,1,1,2,0,0,0,2,4,0,326131278183003354832455,138548781917071172512749,0,922403309001494995138061,0,0,0,0
7,11,7,5,0,4,5,0,3,1,1,2,2,2,3,0,0,0,0,6,0,536433563669263868234424,117548088562684193403064,0,478711300967717295856481,0,0,0,0
6,1,6,8,0,5,5,0,3,0,1,2,2,2,3,0,0,0,0,2,0,922031681367203541658329,139828210602592592549998,0,301710542097646833956560,0,0,0,0
3,6,11,8,0,6,6,0,3,0,2,2,0,2,4,0,0,0,1,1,0,557163542242066115544376,60775687989132298164424,0,375982709733307441939948,0,0,0,0
8,4,11,5,0,4,7,0,3,0,4,1,1,4,3,0,0,0,0,3,0,396799969813283808893563,137128114403889712077155,0,360191015877331863405610,0,0,0,0
2,7,14,5,0,3,6,0,5,0,1,2,0,2,4,0,0,0,1,2,0,524586676580469753306732,167438171063872558967840,0,348177903667107216272800,0,0,0,0
6,4,4,4,0,4,7,0,6,0,1,2,1,2,5,0,0,0,0,4,0,634233146717051466435424,156064071634495270148682,0,565091246300000976963095,0,0,0,0
7,7,9,4,0,6,3,0,2,0,1,1,1,1,2,0,0,0,0,2,0,444904609579772385445140,129896770068462576069072,0,486160019162434879402893,0,0,0,0
5,6,7,8,0,0,8,0,8,0,0,3,1,2,6,0,0,0,2,1,0,1062703176552327720575994,194206381393153209742620,0,519169566285561940524820,0,0,0,0
7,7,9,4,0,5,5,0,3,0,2,2,1,3,2,0,0,0,2,4,0,541633236608841622151674,210994396503770161787688,0,681590041280029836657500,0,0,0,0
10,6,8,7,0,7,2,0,1,0,0,1,1,1,1,0,0,0,1,2,0,741060532577734201495031,81646943687913580150000,0,680537812499376058093282,0,0,0,0
8,5,7,7,0,8,2,0,1,0,1,0,0,1,1,0,0,0,0,4,0,592156904378308730134112,39534228209665120747289,0,378428980495380532795655,0,0,0,0
4,4,8,4,0,6,2,0,2,0,0,2,1,0,2,0,0,0,2,3,0,844342228093324974024289,68499999999999999999998,0,358661093395073216150707,0,0,0,0
9,1,9,7,0,9,0,0,0,0,0,0,0,0,0,0,0,0,0,0,0,237421428707366121577030,0,0,733456393874189881587310,0,0,0,0
7,6,8,6,0,4,6,0,5,0,0,4,1,1,5,0,0,0,1,3,0,721364789191792263166279,185228538571315756708418,0,339059865715974601499931,0,0,0,0
8,3,6,9,0,7,5,0,3,0,1,2,1,2,3,0,0,0,0,1,0,1135382253191569655624267,132133194458925433561981,0,527296685826114499716191,0,0,0,0
3,5,6,8,0,3,9,0,4,0,5,3,1,6,3,0,0,0,0,0,0,1236544507646439248590570,235613972573997813833366,0,325023835674569979289703,0,0,0,0
8,3,7,4,0,6,3,0,3,0,0,2,1,1,2,0,0,0,2,4,0,365389870168224961602420,114114776234567901199999,0,543584799781421474858088,0,0,0,0
8,2,6,6,0,3,8,0,6,1,1,4,2,2,6,0,0,0,2,1,0,685437306389172964193196,227224338937897295861882,0,461360266679882631483415,0,0,0,0
11,4,6,2,0,5,4,0,3,0,0,2,0,2,2,0,0,0,0,4,0,417952104010655509215005,128638832961146236811265,0,709232115427631265659369,0,0,0,0
9,2,7,4,0,9,6,0,3,1,2,2,1,4,2,0,0,0,0,3,0,880009644241544833416144,263899972212260145784631,0,366504365740851106054340,0,0,0,0
5,6,8,5,0,8,3,0,2,0,0,2,1,1,2,0,0,0,0,2,0,265199424366883619514948,63417953655975563194845,0,307029121865878719797792,0,0,0,0
3,5,12,5,0,8,3,0,2,1,0,2,3,0,3,0,0,0,0,1,0,311252529279282283367970,23334029524673751919579,0,367008337025876665323321,0,0,0,0
7,5,12,5,0,4,3,0,2,0,1,0,0,1,2,0,0,0,2,2,0,485730362624035738488910,118317187552479761914472,0,508237624265659454542085,0,0,0,0
4,6,10,10,0,5,4,0,2,1,0,1,2,1,3,0,0,0,0,1,0,625886461656185453110239,79569832536609644340864,0,396762716396879513505820,0,0,0,0
7,6,9,7,0,5,4,0,1,0,1,0,0,1,3,0,0,0,0,1,0,542421621058320903726742,139936598092932065149998,0,367060001012938030005023,0,0,0,0
8,8,8,7,0,4,3,0,2,1,0,0,1,0,3,0,0,0,0,1,0,468504072705883246925754,40279415053965120216187,0,627848757643876410733388,0,0,0,0
7,6,11,3,0,8,3,0,3,0,0,3,0,3,0,0,0,0,0,3,0,471326443582339907712935,100555073556000000000000,0,308411484814175044796586,0,0,0,0
11,4,6,5,0,7,4,0,3,0,1,3,0,2,2,0,0,0,0,4,0,1066892440662182444333321,226638736345068560367726,0,309757034555018731540974,0,0,0,0
10,3,4,4,0,7,4,0,3,0,1,1,1,1,3,0,0,0,1,3,0,324027351407162132722458,100556327390812602042331,0,499126691774527648967467,0,0,0,0
6,7,6,6,0,5,2,0,2,0,0,1,0,0,2,0,0,0,1,4,0,519258936803074111802087,49999999999999999999998,0,382803469737703635910289,0,0,0,0
9,1,9,4,0,7,5,0,4,0,0,2,1,2,3,0,0,0,1,5,0,537059331968928563142216,131299068851539557756874,0,829604572667543627918612,0,0,0,0
6,3,8,4,0,6,6,0,3,0,2,1,0,3,3,0,0,0,0,3,0,333112218610302634583156,95008484778970875199998,0,378471710969682424782079,0,0,0,0
4,7,9,4,0,4,6,0,5,0,1,2,0,2,4,0,0,0,2,5,0,658220786599183821422858,362432801001887711828979,0,515930262811048656936031,0,0,0,0
8,5,8,3,0,10,2,1,1,0,1,0,0,2,0,1,1,0,1,6,0,140889045935273735985260,12228202160000000000000,0,440423793082420921495551,0,0,0,0
11,6,6,8,0,3,4,0,3,0,0,3,1,3,1,0,0,0,1,0,0,694609557902772136078877,157814213831419753050000,0,645595148307133339562274,0,0,0,0
12,3,8,7,0,3,11,0,8,1,2,3,2,3,8,0,0,0,1,1,0,1124638065328605131464229,447124438986639594816751,0,791728187254904629508330,0,0,0,0
9,3,4,8,0,4,6,0,3,0,3,1,1,3,3,0,0,0,1,3,0,614277085234558776124608,129192025366007779587469,0,409257623023805586000851,0,0,0,0
3,6,8,13,0,6,3,0,2,0,1,2,0,2,1,0,0,0,2,0,0,900237339773957000664548,118620284696386175058426,0,316454485356303656974553,0,0,0,0
5,12,4,6,0,4,4,0,1,3,0,1,3,0,4,0,0,0,0,3,0,395348148461486676633168,97648251811509052373654,0,245871242056540090594189,0,0,0,0
6,5,4,5,0,3,3,0,2,0,1,2,0,1,2,0,0,0,0,4,0,661752568068534193452859,72738487275999999999996,0,404595946693416006244928,0,0,0,0
12,4,7,8,0,2,2,0,1,0,1,0,0,1,1,0,0,0,0,3,0,518005575851917412852011,138468765155410205457146,0,640929569441467093537170,0,0,0,0
12,5,8,7,0,4,7,0,2,0,4,1,0,4,3,0,0,0,2,3,0,705991839757179585921664,104922796112160415634252,0,486156809901634579406380,0,0,0,0
6,7,7,5,0,2,6,0,3,1,2,3,1,4,2,0,0,0,1,3,0,610814469684205462053668,276205597059863284652155,0,526053837447986883624680,0,0,0,0
10,3,7,4,0,5,7,0,3,1,3,2,1,4,3,0,0,0,0,4,0,995772097898427928805680,313722998457953498473154,0,601674916461758020026715,0,0,0,0
8,6,8,5,0,4,4,0,3,0,1,3,0,3,1,0,0,0,0,4,0,533708392911403327325128,232823282103426078490148,0,423517122455960331217659,0,0,0,0
8,7,9,5,0,5,6,0,4,0,2,3,1,3,3,0,0,0,0,6,0,317858771422697347043740,113552602842095000117590,0,379614256061041251203279,0,0,0,0
10,3,11,2,0,3,6,0,5,0,1,3,0,3,3,0,0,0,2,5,0,603261084404615943153314,218232565195686802528795,0,554254594408610190337827,0,0,0,0
12,3,9,5,0,4,3,0,3,0,0,1,0,0,3,0,0,0,0,1,0,841604540471711591766278,164035850007810439876035,0,520860708405243869190078,0,0,0,0
10,4,7,2,0,7,1,0,1,0,0,1,0,0,1,0,0,0,0,2,0,318581788250330534132778,49999999999999999999999,0,350000000000049999999998,0,0,0,0
11,8,10,7,0,6,4,0,3,0,1,1,0,2,2,0,0,0,1,1,0,341379168510051730310058,114000749571414515422525,0,493209565523018477320745,0,0,0,0
8,4,7,3,0,8,2,0,2,0,0,1,0,1,1,0,0,0,1,5,0,385428752327970586587502,84788966049382715949999,0,589449965492739231221259,0,0,0,0
13,7,9,8,0,4,5,0,1,0,3,0,1,3,2,0,0,0,0,1,0,560242701304278942790810,123461514532427296545568,0,459773103289161199915605,0,0,0,0
8,8,10,6,0,6,3,0,1,1,1,1,1,2,1,0,0,0,3,4,0,229824452520640787039209,50002197946085102610481,0,571700303731847885124484,0,0,0,0
5,6,8,3,0,4,6,0,5,0,1,5,1,3,3,0,0,0,0,3,0,567298373401037994635192,185895189597000000018747,0,354517193069536931004698,0,0,0,0
6,5,6,5,0,5,6,1,6,0,0,5,2,2,4,1,1,0,0,5,0,1168483132670432862149320,258910936337124553676791,0,332706791728563216171988,0,0,0,0
8,5,7,5,0,4,4,0,4,0,0,1,0,0,4,0,0,0,2,4,0,555426023339658117855011,95356601578692949843254,0,466340256567800615998958,0,0,0,0
9,7,15,10,0,6,5,0,2,2,1,0,2,1,4,0,0,0,2,1,0,668076307328671036381594,138044422642674142753724,0,372528097712350826505179,0,0,0,0
7,5,8,4,0,3,5,0,1,1,2,1,1,2,3,0,0,0,1,2,0,539244165497124566566127,91157123129377376180223,0,521722154375861774202812,0,0,0,0
10,5,7,7,0,6,2,0,1,0,1,1,0,1,1,0,0,0,1,1,0,694010665911126901809269,153408093361764706725721,0,508745703321225480651075,0,0,0,0
9,3,5,3,0,8,6,0,4,0,2,2,0,4,2,0,0,0,0,3,0,283672858434667361427454,107874409860091278082150,0,291384302392322114112556,0,0,0,0
16,5,5,3,0,1,3,0,1,2,0,1,2,0,3,0,0,0,1,0,0,360287172766557451737378,241810392273135054127612,0,775686588737446444771003,0,0,0,0
7,1,4,2,0,7,6,0,5,1,0,2,2,1,5,0,0,0,0,2,0,601254506187284311578530,229981627960290425056417,0,449998000000250212640569,0,0,0,0
8,4,10,7,0,5,6,0,5,1,0,0,1,0,6,0,0,0,0,2,0,670731333911274423984631,284216064247202134666445,0,557313892181405262821377,0,0,0,0
14,10,8,1,0,7,2,0,1,0,1,0,0,1,1,0,0,0,0,1,0,57679215652945735500141,57679215652945735344615,0,556510429589560615138130,0,0,0,0
9,6,7,5,0,6,3,0,2,1,0,1,1,0,3,0,0,0,0,2,0,568137042120046557875439,62158078913469473090253,0,300000000000151677800834,0,0,0,0
10,4,12,4,0,8,2,0,2,0,0,1,1,0,2,0,0,0,0,0,0,182856473391380855510834,25535122757946259202774,0,856959844244209476549027,0,0,0,0
10,3,8,3,0,4,4,0,3,1,0,1,1,0,4,0,0,0,3,3,0,350822546591303803214566,98131450575430403054658,0,554467399288549074056339,0,0,0,0
9,3,3,5,0,5,3,0,3,0,0,3,0,2,1,0,0,0,0,1,0,552354528317049739161672,149839999999999999999997,0,663358184606444530593882,0,0,0,0
7,5,10,8,0,5,5,0,3,1,1,3,1,1,4,0,0,0,0,4,0,811172274653924497781454,292610276566284692639472,0,492079102361659861956473,0,0,0,0
10,3,8,7,0,4,10,0,4,1,5,3,3,6,4,0,0,0,0,0,0,974180758054926418557703,348944434469609091279094,0,543088490799609636293009,0,0,0,0
5,7,12,7,0,1,7,0,4,2,1,4,2,3,4,0,0,0,0,2,0,961894030905992132279570,460433837344518758846115,0,369589596657438312125056,0,0,0,0
5,1,7,6,0,3,5,0,3,0,1,3,1,2,3,0,0,0,1,2,0,544440088434098603851321,265105433749254491307179,0,468122185939392274169070,0,0,0,0
8,9,4,5,0,3,6,0,5,0,0,2,0,0,6,0,0,0,0,2,0,363942932606655684444032,56224801332842966043239,0,423304042046313319945607,0,0,0,0
4,4,8,6,0,4,1,0,1,0,0,1,0,1,0,0,0,0,1,3,0,296827307777113378628327,50000000000000000000000,0,416966836822143959920665,0,0,0,0
7,9,9,3,0,5,2,0,2,0,0,1,0,0,2,0,0,0,3,3,0,373722703768797320696305,49984545283564814818075,0,405655490505221001370137,0,0,0,0
5,6,7,5,0,6,4,0,2,0,1,1,0,1,3,0,0,0,1,3,0,615386287826645093123570,206835289564241025853211,0,366987466407484966553633,0,0,0,0
5,1,10,4,0,9,0,0,0,0,0,0,0,0,0,0,0,0,0,9,0,521170830477553443867293,0,0,336726502974323629085523,0,0,0,0
12,6,5,4,0,5,4,0,3,0,1,2,0,3,1,0,0,0,1,3,0,819856235428905188190739,240905309854740740649998,0,736893523443159637328814,0,0,0,0
9,8,6,2,0,5,4,0,3,1,0,3,1,1,3,0,0,0,0,3,0,702644092580248259206922,139138754028187856941930,0,436796302676594747298405,0,0,0,0
6,5,5,4,0,10,7,0,3,3,1,2,3,2,5,0,0,0,1,3,0,526169590797127878996686,199233336745610472757907,0,331609796722520447338600,0,0,0,0
8,6,10,5,0,5,4,0,2,2,0,0,2,0,4,0,0,0,0,2,0,362031854147154728456058,119740605570036978046058,0,576980161502414802270697,0,0,0,0
9,5,8,4,0,5,4,0,2,0,2,2,0,2,2,0,0,0,1,3,0,640713047563603934118622,191023411672246913580239,0,564493323589744620186068,0,0,0,0
7,3,6,8,0,5,6,0,2,0,1,1,1,1,5,0,0,0,0,3,0,695177378278283691827237,186482733382099685055730,0,470717100579933599854388,0,0,0,0
8,4,4,6,0,3,3,0,1,1,1,0,1,1,2,0,0,0,0,8,0,623778644603284915347260,114514542385935239382273,0,509537612889110991711414,0,0,0,0
7,2,11,3,0,5,5,0,5,0,0,4,1,2,3,0,0,0,0,2,0,1015488059762010105390933,326011169039235764248443,0,401803420716672197772154,0,0,0,0
7,1,9,6,0,5,7,0,5,2,0,2,3,0,7,0,0,0,0,4,0,798266910752116633698154,158328825131830520052215,0,375287689354586881337928,0,0,0,0
10,4,15,5,0,2,8,0,4,1,2,1,1,3,5,0,0,0,0,1,0,393779530164918166012653,209333909740523555113742,0,749029718643531017519187,0,0,0,0
4,6,14,3,0,9,2,0,2,0,0,2,1,0,2,0,0,0,0,6,0,270616009707420108028131,89462523982114078590024,0,256540000000168974999997,0,0,0,0
7,7,9,9,0,2,7,0,2,0,5,0,0,5,2,0,0,0,3,3,0,803033223567709261060173,201829276449233998351347,0,499998000000099702546643,0,0,0,0
5,3,4,3,0,5,6,0,4,0,2,4,0,4,2,0,0,0,0,3,0,990560223151482651204818,213928752068999999999999,0,300000000000150000005992,0,0,0,0
6,1,7,8,0,9,3,0,3,0,0,2,0,1,2,0,0,0,0,3,0,711498888903439263403421,154378980005706338009888,0,589814723039485386942777,0,0,0,0
10,4,6,7,0,4,7,1,5,0,1,1,1,2,5,1,1,0,0,1,0,446998442563040193857380,74814590590233571792001,0,676221782819452060188852,0,0,0,0
5,3,9,1,0,5,5,0,4,0,1,4,1,2,3,0,0,0,0,6,0,475755668210289130863377,191045861165372843825452,0,309280644031588849700283,0,0,0,0
9,5,10,6,0,5,6,0,3,2,1,2,2,2,4,0,0,0,1,3,0,459310166538838239910682,234435958190503836394469,0,691041802776090737121852,0,0,0,0
7,6,6,2,0,8,2,0,2,0,0,2,0,1,1,0,0,0,1,4,0,479443952092724479329897,127612825428302821111399,0,265805000000227814086401,0,0,0,0
10,6,10,6,0,6,5,0,2,0,2,1,1,2,3,0,0,0,2,0,0,737324782322739346767770,318346412033022754614361,0,483204457507463303283761,0,0,0,0
3,3,11,4,0,5,6,0,3,0,2,2,2,2,4,0,0,0,0,4,0,600581588007893795820189,127158511397328485789917,0,334686368380059706280762,0,0,0,0
9,1,4,3,0,6,3,0,3,0,0,3,0,2,1,0,0,0,0,5,0,784288972327707718921402,254798927711000000000024,0,397022588276925692514099,0,0,0,0
7,3,4,5,0,4,7,0,6,0,0,4,1,2,5,0,0,0,1,2,0,1134632032490678403016732,228335977998810676873827,0,428726477892454300266031,0,0,0,0
7,5,9,7,0,7,5,0,3,0,2,1,1,2,3,0,0,0,0,0,0,918927163479573257927941,296914772034299512242271,0,419072644144857421440137,0,0,0,0
5,2,9,8,0,6,5,0,4,1,0,1,1,1,4,0,0,0,0,5,0,740144422872991181972746,96749212935344290199410,0,558285661391040548055369,0,0,0,0
13,2,3,5,0,5,3,0,3,0,0,1,0,0,3,0,0,0,1,1,0,597227748702677731317535,78964962586840563687562,0,692804116553790062731414,0,0,0,0
12,5,8,11,0,2,5,0,3,1,1,0,1,1,4,0,0,0,1,2,0,889197413000598758165460,68729153288371297270954,0,784204065628909735070767,0,0,0,0
8,7,9,3,0,6,5,0,4,1,0,2,3,0,5,0,0,0,0,2,0,466045789010906714655135,28949770221317934960852,0,545004428560806023550112,0,0,0,0
7,9,7,8,0,3,2,0,1,0,1,1,0,2,0,0,0,0,0,0,0,930946466759965555524689,66650331179000000000000,0,745425150930062186490379,0,0,0,0
10,5,2,10,0,7,8,0,3,1,2,1,1,2,6,0,0,0,2,0,0,471049533464551950064779,108307202816920784520491,0,592781006750006154613761,0,0,0,0
12,5,9,8,0,4,3,0,2,1,0,1,1,1,2,0,0,0,0,1,0,1034809959412660946630368,267703316503050336899997,0,719821472527828094052812,0,0,0,0
12,6,4,4,0,6,7,0,4,0,2,2,0,3,4,0,0,0,1,4,0,702335629407637115448447,262845438053360142654871,0,736239399716019418660965,0,0,0,0
9,6,7,2,0,8,1,0,1,0,0,1,0,0,1,0,0,0,1,5,0,505393060754129074639048,99999999999999999999995,0,577835234858431553773647,0,0,0,0
7,7,9,9,0,7,3,0,1,0,2,1,0,2,1,0,0,0,0,5,0,1233148558741313193947682,111068811388000000000008,0,303402987579949786740341,0,0,0,0
6,3,7,7,0,5,5,0,3,1,1,1,1,2,3,0,0,0,1,4,0,1027690734240959060335727,94828762097870080758101,0,491750605377426665956753,0,0,0,0
9,5,7,10,0,5,4,0,4,0,0,4,0,3,1,0,0,0,0,2,0,1339298465105865505040585,255928030971999999999998,0,244011451399493414090287,0,0,0,0
6,8,9,8,0,4,3,0,1,0,1,1,1,1,2,0,0,0,0,2,0,884272795066881183930411,118728984890333611313443,0,354546770273046221336696,0,0,0,0
8,0,6,9,0,11,2,0,1,0,0,1,0,0,2,0,0,0,1,3,0,293819938517445330025747,13282793209876543161188,0,399997000000083211971701,0,0,0,0
4,5,8,9,0,5,3,0,2,0,1,1,0,1,2,0,0,0,0,3,0,312516438776915314588195,110095029653669301836395,0,413529408444523119550128,0,0,0,0
9,7,5,9,0,6,9,0,7,0,1,3,0,4,5,0,0,0,2,2,0,682386211950706582583309,227045430806827320737611,0,624641488319527718413214,0,0,0,0
9,8,7,6,0,3,5,0,2,1,2,2,1,3,2,0,0,0,0,1,0,800072380487729933549550,213078329503646715970535,0,555608320270615336891628,0,0,0,0
4,2,11,3,0,4,5,0,5,0,0,2,0,0,5,0,0,0,2,5,0,377510140743024373929948,170228098464087931225427,0,472512881309179201931017,0,0,0,0
9,4,7,2,0,6,6,0,4,0,1,5,2,3,3,0,0,0,4,5,0,356244632466696793688871,126811691796777574453724,0,485506844464384085819469,0,0,0,0
10,8,11,3,0,5,5,0,2,0,1,3,3,2,3,0,0,0,0,4,0,339649462721840108248725,84678507165118807310090,0,469014208291758563594284,0,0,0,0
9,4,9,5,0,7,2,0,0,0,1,0,0,1,1,0,0,0,0,2,0,243775018361116377912138,30883005400283950550000,0,516299371684256999536237,0,0,0,0
9,2,8,4,0,7,5,1,2,1,0,1,3,0,5,1,1,0,1,0,0,565800798485060108091543,21502168262458985824816,0,478495831737641014460859,0,0,0,0
10,8,6,6,0,3,3,0,1,0,2,0,0,2,1,0,0,0,0,4,0,667209504995582060955278,217799418045851857307100,0,475151678927616066053638,0,0,0,0
5,6,5,7,0,1,5,0,5,0,0,5,3,1,4,0,0,0,0,0,0,936899001363386310626785,226281873000915696936644,0,303716494947245804749950,0,0,0,0
7,5,5,1,0,5,6,0,4,0,1,4,1,2,4,0,0,0,1,6,0,682612991347594149636412,242476093690540023416877,0,413632626446925404999582,0,0,0,0
4,10,7,8,0,5,6,0,5,0,0,3,0,2,4,0,0,0,1,4,0,595146051700069275830880,151676784796394456845631,0,291775462963112963000000,0,0,0,0
2,4,8,5,0,4,6,0,3,0,2,2,0,2,4,0,0,0,1,4,0,770902617373819154370251,135657680998539116933520,0,334212320553581511967420,0,0,0,0
10,3,6,4,0,8,4,0,1,1,1,0,2,1,3,0,0,0,0,3,0,649283588460897249270066,111169238761576848431111,0,476428861430130843654397,0,0,0,0
11,1,8,4,0,7,7,0,4,1,2,2,1,3,4,0,0,0,0,1,0,562908096720217697411382,167451397372486762922287,0,803044378197051147935775,0,0,0,0
12,5,9,3,0,5,2,0,2,0,0,2,1,1,1,0,0,0,0,5,0,193392924000359803859313,114867885179946635850335,0,450815242724129097740674,0,0,0,0
5,2,10,1,0,8,4,0,2,0,2,2,1,2,2,0,0,0,0,3,0,523184912512986390595069,187891869306885120519080,0,263866901284059218186180,0,0,0,0
6,3,7,4,0,5,6,0,5,0,1,4,0,1,5,0,0,0,1,4,0,1036762008528646332633491,435557419534326068793558,0,635383054393100286446878,0,0,0,0
7,2,12,3,0,5,7,0,4,0,3,4,0,5,2,0,0,0,0,4,0,705519431647217943398993,314664812184661008388711,0,312737552916254382015241,0,0,0,0
7,5,9,7,0,5,6,0,1,2,2,0,2,2,4,0,0,0,2,4,0,304320771876868980688446,58698403374753863401899,0,633538257597964295435535,0,0,0,0
13,4,6,5,0,4,4,0,4,0,0,1,0,1,3,0,0,0,0,3,0,408040706851841637837747,202089229892428077053269,0,733340728828573267901350,0,0,0,0
8,3,14,6,0,4,1,0,0,0,1,0,0,1,0,0,0,0,1,2,0,696255840526224827311828,3191642285000000000000,0,737339223243205832442218,0,0,0,0
10,4,4,7,0,9,3,0,2,0,1,1,0,2,1,0,0,0,1,6,0,734057918677982676790957,87692809475684551749999,0,494007145944331093074322,0,0,0,0
5,6,9,8,0,8,6,0,3,0,1,3,1,1,5,0,0,0,0,3,0,810998785785046320485814,240908054270574223789657,0,349983953703903759218408,0,0,0,0
6,2,7,5,0,5,6,0,4,0,2,2,0,3,3,0,0,0,2,6,0,1076590879128371233771031,223005224218627206499972,0,302065470437205004926283,0,0,0,0
5,6,5,4,0,2,10,0,7,2,0,4,3,2,8,0,0,0,0,2,0,594374120676209783662004,222454178173142816091652,0,415623212862553801076871,0,0,0,0
9,5,11,3,0,6,0,0,0,0,0,0,0,0,0,0,0,0,1,3,0,481288969950325767126455,0,0,442965056376198289240614,0,0,0,0
10,3,9,2,0,6,9,0,3,1,5,3,1,6,3,0,0,0,1,1,0,431853873587198221586396,214271460730652974898216,0,663198232918527091005379,0,0,0,0
6,5,8,4,0,6,3,0,2,0,1,1,0,1,2,0,0,0,1,3,0,623307286086255887402797,82335227865993484308978,0,243768429149785888969287,0,0,0,0
6,7,8,6,0,7,4,0,2,0,2,2,0,4,0,0,0,0,1,4,0,619644794595622761962403,27243834664000000000000,0,399999000137388711647265,0,0,0,0
10,9,7,8,0,9,4,0,1,0,0,1,0,0,4,0,0,0,2,3,0,517089626083181869203695,31974545566636347290445,0,637391659660174506698295,0,0,0,0
6,2,3,7,0,3,6,0,3,2,1,3,2,3,3,0,0,0,0,2,0,995220568384211477153971,224553367817596116591614,0,312861408895663501188708,0,0,0,0
8,5,10,4,0,3,3,0,2,0,1,2,0,1,2,0,0,0,0,1,0,252332617058763140617265,94879353981858691165583,0,399999000000150000001025,0,0,0,0
6,1,7,5,0,4,5,0,2,0,3,0,0,3,2,0,0,0,0,3,0,386481298892554011339516,78922848110078647425875,0,384031007442417993115710,0,0,0,0
6,5,6,5,0,4,2,0,2,0,0,2,0,2,0,0,0,0,0,3,0,672402382242160446481197,48804000828000000000000,0,534929045047508398994085,0,0,0,0
8,3,12,5,0,4,4,0,2,0,2,1,0,3,1,0,0,0,2,2,0,704003850253809932509482,263211033046054876110815,0,468739885078428432881196,0,0,0,0
5,5,7,3,0,8,7,0,6,0,0,1,0,0,7,0,0,0,0,5,0,944679545908119237859528,193457760505245273946491,0,444147036921397174543675,0,0,0,0
12,4,6,4,0,7,3,0,1,0,2,1,0,3,0,0,0,0,1,2,0,339221766638691877370282,205727701437000000000000,0,619762251333736318192978,0,0,0,0
6,1,8,3,0,9,3,0,3,0,0,2,0,2,1,0,0,0,0,2,0,245696149032842943542299,79376796646685379149999,0,482188849750130472477894,0,0,0,0
6,9,12,2,0,5,3,0,3,0,0,2,0,0,3,0,0,0,2,2,0,620266522243800289389010,144658753947480164511454,0,627796104328715386201488,0,0,0,0
8,6,6,6,0,6,3,0,2,0,1,0,0,1,2,0,0,0,2,1,0,531911988280512839093108,125072669410566175049997,0,398167713254131421044462,0,0,0,0
9,6,7,3,0,6,4,0,3,0,1,2,0,2,2,0,0,0,2,6,0,625310561372275591471710,239344429898850946793538,0,482515601215990065717597,0,0,0,0
9,3,10,3,0,4,8,0,4,0,3,3,1,5,3,0,0,0,1,1,0,912630491296704720986756,309339765569901595266302,0,773087318608676246343110,0,0,0,0
10,8,9,7,0,6,3,1,2,0,1,1,0,2,1,1,1,0,3,3,0,751477534317557618926106,72044427222000000000000,0,456508378641691877362720,0,0,0,0
8,2,11,3,0,4,4,0,3,0,1,2,0,3,1,0,0,0,1,3,0,488661941238311658247459,119053314042222222149999,0,746649671085984923124570,0,0,0,0
7,3,13,5,0,4,3,0,3,0,0,2,1,1,2,0,0,0,3,1,0,416466670753636156203657,85687983507311397467158,0,550778809816240812671864,0,0,0,0
5,4,10,3,0,5,1,0,0,1,0,0,1,0,1,0,0,0,1,3,0,286521708973938293596578,38253592632942117718328,0,302201500683142825903238,0,0,0,0
7,4,6,3,0,9,1,0,1,0,0,1,0,0,1,0,0,0,0,3,0,317928336842109051890922,18797851457697378529230,0,458929294162197071525001,0,0,0,0
10,4,11,3,0,3,6,0,5,0,1,2,1,1,5,0,0,0,0,5,0,636755496158282593474913,387226413823185585796078,0,470871940470011725617825,0,0,0,0
12,9,9,5,0,4,8,0,6,1,1,3,1,4,4,0,0,0,0,1,0,645514725430387580685097,331715021846575525709872,0,685765508450299417464644,0,0,0,0
5,8,7,4,0,5,5,0,2,1,2,2,2,3,2,0,0,0,0,4,0,751265202505827914161035,204893262690592592507706,0,465687175229019979645219,0,0,0,0
10,7,5,3,0,6,5,0,2,2,1,1,2,2,3,0,0,0,1,2,0,502948327927101598663329,172860516993484162003530,0,711190389199383262378759,0,0,0,0
10,5,11,5,0,4,5,0,4,0,1,3,1,2,3,0,0,0,0,2,0,409958058679623561704188,210550834199565533255080,0,673884807480228704742036,0,0,0,0
8,3,13,0,0,6,2,0,2,0,0,2,0,1,1,0,0,0,0,4,0,205534113775653008108396,92059619339380042009999,0,349392306526252977212511,0,0,0,0
6,5,9,2,0,5,4,0,3,0,0,3,0,1,3,0,0,1,0,5,0,412605358789706770390206,221132974431976571424557,0,361784360869156934237694,0,0,1,0
8,5,5,6,0,5,6,0,1,4,0,0,4,0,6,0,0,0,4,1,0,241838813642489132249955,79755932389452321555531,0,403733949482729771345884,0,0,0,0
10,7,8,5,0,6,4,0,4,0,0,1,0,1,3,0,0,0,1,4,0,289110000214608412298401,88501500295781102677592,0,598175039339346608454534,0,0,0,0
6,8,4,6,0,7,3,0,1,0,2,0,0,2,1,0,0,0,1,4,0,687906666408586314431547,175939050119966241623572,0,486729251621094577480753,0,0,0,0
12,6,7,5,0,5,2,0,1,0,1,1,0,1,1,0,0,0,2,1,0,674102803716348640516263,166332405125674302093132,0,668115949270292747404103,0,0,0,0
9,4,9,4,0,3,3,0,0,0,3,0,0,3,0,0,0,0,0,1,0,122134621438904148995644,19961612662000000000000,0,833922396564697508976272,0,0,0,0
12,2,5,3,0,6,3,0,0,0,2,0,1,2,1,0,0,0,1,4,0,224448258607415110890682,35689920071757534250000,0,515147937997864127044846,0,0,0,0
6,2,6,5,0,7,4,0,2,0,2,2,0,3,1,0,0,0,1,5,0,511682339621735304301824,162129339395884113073952,0,370575573950646199022639,0,0,0,0
11,3,14,4,0,6,5,0,4,1,0,2,1,0,5,0,0,0,2,3,0,890695051147572761713629,330756443328679987715419,0,472984871147367263952057,0,0,0,0
6,3,9,3,0,3,8,0,3,0,3,3,1,5,3,0,0,0,1,2,0,903394335490656899130676,230202641260284883750000,0,618275478144078161773946,0,0,0,0
8,5,6,0,0,4,3,0,2,0,0,2,1,1,2,0,0,0,4,4,0,242860990157139567901758,159980720734972537997586,0,539976772934374525631319,0,0,0,0
7,7,10,5,0,6,3,0,2,0,1,2,0,2,1,0,0,0,2,2,0,359907112407866768270780,80370085795227073674133,0,560830720044664293220973,0,0,0,0
13,4,9,11,0,4,5,0,4,0,1,0,0,1,4,0,0,0,0,2,0,830093350663294674588571,257221943959382657034764,0,762602845682458312993908,0,0,0,0
10,4,9,2,0,6,2,0,2,0,0,2,0,1,1,0,0,0,0,3,0,898239758917529236328714,438379567582049846512233,0,619597587567873283983482,0,0,0,0
11,8,6,3,0,4,8,0,3,0,4,2,0,6,2,0,0,0,1,0,0,794626332472431232133769,511098337529117154128943,0,484560415757192469588570,0,0,0,0
4,5,12,5,0,2,6,0,5,0,1,3,0,3,3,0,0,0,0,3,0,1113270783592835612543237,394317679923824560223885,0,585971421612562258420002,0,0,0,0
7,4,7,11,0,4,5,0,2,1,2,1,1,2,3,0,0,0,0,1,0,899270612841666466196804,210368696942886911149996,0,420326007235134251559003,0,0,0,0
5,4,4,4,0,4,3,0,2,0,0,1,0,1,2,0,0,0,1,2,0,535191891120351793335592,77072066657127385349999,0,498187015345599695902776,0,0,0,0
6,2,8,6,0,5,4,0,1,2,1,1,2,1,3,0,0,0,1,5,0,752662867133245896176172,77395193265842571800403,0,418397922537905831633114,0,0,0,0
11,3,5,2,0,5,9,0,6,0,2,2,0,4,5,0,0,0,0,4,0,651109260109968084812667,435056166925777519615362,0,417360566465844046868324,0,0,0,0
5,5,10,7,0,5,4,0,3,0,0,2,0,1,3,0,0,0,0,0,0,471815351563544469028012,84571975308641975178709,0,425063740493788207174950,0,0,0,0
5,8,10,5,0,4,4,0,4,0,0,2,0,0,4,0,0,0,0,5,0,539340266631874500190745,158604556470243548277414,0,413956184766568175286720,0,0,0,0
9,8,11,6,0,5,6,0,2,2,2,1,2,2,4,0,0,0,1,1,0,803491411669860574637821,334918811906437237535190,0,509854213945359495081263,0,0,0,0
7,4,9,5,0,6,5,0,2,1,0,1,2,0,5,0,0,0,0,3,0,387500553534469165954331,61231310427639219563486,0,563628590083350778366512,0,0,0,0
10,2,9,6,0,4,2,0,2,0,0,1,0,0,2,0,0,0,0,0,0,376705208019462322946944,69311749545275191302681,0,783660844114671111502833,0,0,0,0
9,3,13,4,0,3,7,0,4,0,3,3,0,4,3,0,0,0,1,0,0,741882012565493101556386,364896156548747817840069,0,473610816256036588170973,0,0,0,0
8,7,5,10,0,4,6,0,3,1,2,3,2,3,3,0,0,0,1,0,0,537473709084880541375200,119833956590244186264174,0,411571001018380858656600,0,0,0,0
8,5,10,1,0,4,4,0,3,0,0,3,2,1,3,0,0,0,0,4,0,650758054335286964642449,97652400734098765399999,0,637154107728936229540733,0,0,0,0
4,4,5,8,0,7,5,0,1,1,3,1,1,4,1,0,0,0,0,5,0,1068444807732139417567298,94625684018481481440058,0,489333436675781776831509,0,0,0,0
6,2,8,7,0,7,7,0,6,0,1,4,0,2,5,0,0,0,0,2,0,776227534720135159987740,199457044925991438797283,0,366802975830661964452943,0,0,0,0
10,7,11,3,0,5,5,1,4,1,0,2,1,1,4,1,1,0,1,4,0,401376004168098561709979,99430453869728906775010,0,409264476187553805165334,0,0,0,0
8,2,9,9,0,2,4,0,3,0,1,3,0,3,1,0,0,0,2,2,0,1070861657874965501059676,175082883230486041135222,0,565363042652836978664576,0,0,0,0
13,5,10,4,0,4,2,0,0,0,1,0,1,1,1,0,0,0,3,4,0,248018226443726306020360,60647582667760582511240,0,909896885352797020318665,0,0,0,0
8,6,8,6,0,5,4,0,2,1,1,2,1,3,1,0,0,0,0,4,0,545845839980541324345380,134989887007882565300000,0,613374546734492155394867,0,0,0,0
9,2,4,2,0,6,5,0,3,1,1,3,2,3,2,0,0,0,2,3,0,677315708084304094106118,219947645878537264843491,0,377790326248636924633832,0,0,0,0
7,11,12,8,0,3,2,0,2,0,0,1,0,0,2,0,0,0,1,0,0,774275556369780119990747,66308106157838005949996,0,410167303663034410651777,0,0,0,0
8,4,8,6,0,5,5,0,3,0,2,2,0,4,1,0,0,0,0,3,0,629919048866468546891449,271842512285888888799999,0,605731657145524751569453,0,0,0,0
4,4,10,3,0,7,5,0,2,1,2,1,1,2,3,0,0,0,1,5,0,280307821890507161990668,112601809090278617605126,0,204489343440809460117854,0,0,0,0
15,3,7,6,0,5,5,0,4,1,0,2,1,0,5,0,0,0,0,2,0,913313844527130341990211,271873628883633738028431,0,653696381812224284028711,0,0,0,0
3,8,11,7,0,6,4,0,3,0,0,1,0,0,4,0,0,0,1,3,0,544183324316919162975576,55236953168217580718427,0,375982709733311712393056,0,0,0,0
3,5,11,7,0,5,1,0,1,0,0,1,0,1,0,0,0,0,2,2,0,306032312180883815971319,50000000000000000000000,0,341907146025225814869406,0,0,0,0
7,4,6,2,0,8,6,0,3,1,2,3,1,4,2,0,0,0,3,8,0,700632851369983296766568,249854831396137463348803,0,328043058976514268825190,0,0,0,0
9,4,3,6,0,5,5,0,4,0,1,4,0,3,2,0,0,0,2,4,0,965851185983895305637435,237235092274105617648554,0,558264497817225638463223,0,0,0,0
7,5,4,4,0,3,8,0,4,1,2,3,1,3,5,0,0,0,2,1,0,876168234641723540659386,276058947288033174940194,0,472089163027360189239776,0,0,0,0
6,4,11,8,0,4,2,0,1,0,1,0,0,1,1,0,0,0,0,4,0,509952858906564249712172,37933336673703703649999,0,565025114791253704961652,0,0,0,0
11,5,4,2,0,9,1,0,0,0,1,0,0,1,0,0,0,0,0,4,0,427590094364007297197708,25571484238000000000000,0,260241082757328524993378,0,0,0,0
11,2,14,5,0,7,0,0,0,0,0,0,0,0,0,0,0,1,1,2,0,318201499581479684088713,0,0,779261289536480174430336,0,0,1,0
5,6,7,8,0,8,3,0,3,0,0,1,1,0,3,0,0,0,0,2,0,463257057673671070787205,70595401716198187530357,0,335791824074274073168961,0,0,0,0
7,7,9,3,0,6,2,0,1,0,0,1,1,0,2,0,0,0,1,2,0,140270637073807170644477,38350044891974684165772,0,515522659500959188679131,0,0,0,0
8,7,4,4,0,4,5,0,4,0,0,4,2,1,4,0,0,0,2,4,0,515493039855119421559314,237776766922235611316648,0,388614312801910285649367,0,0,0,0
8,7,8,8,0,1,5,0,1,1,3,1,1,4,1,0,0,0,0,2,0,697667563579421270334227,156074349044291218200000,0,766230689571996252684391,0,0,0,0
7,4,9,8,0,7,4,0,4,0,0,2,0,1,3,0,0,0,0,4,0,967906671049050411158504,139509705793098203228027,0,300229486113113193876426,0,0,0,0
7,5,6,3,0,7,4,0,2,0,1,2,2,1,3,0,0,0,0,2,0,543438939460864378354518,124682581017999999999997,0,385400608024787451442054,0,0,0,0
9,2,9,2,0,3,11,0,5,2,4,4,2,5,6,0,0,0,1,2,0,825244201448386409391704,257821154710503210742370,0,805847452221797803598491,0,0,0,0
6,5,5,0,0,7,8,1,6,1,1,4,2,1,7,1,1,0,1,8,0,575349753352488871744275,134090525909861557874441,0,371523068677445700659070,0,0,0,0
10,6,8,9,0,9,3,0,1,0,0,1,2,1,2,0,0,0,0,2,0,622274627696160785049198,85657037381539301687060,0,510198700647513563947534,0,0,0,0
7,6,9,2,0,8,2,0,1,1,0,1,1,1,1,0,0,0,0,2,0,157624604520461519789002,50000000000000000004484,0,399999000000150000013266,0,0,0,0
2,8,14,6,0,3,9,0,7,0,2,4,1,3,6,0,0,0,0,0,0,808970064801639866072215,211507111562761073127775,0,338968577843282265276888,0,0,0,0
12,5,3,3,0,7,1,0,0,0,1,0,0,1,0,0,0,0,0,2,0,234494470073636082139778,48115407490000000000000,0,529877479678029227698113,0,0,0,0
6,6,6,4,0,5,2,0,1,0,1,1,0,2,0,0,0,0,0,4,0,668612439921182690175571,17496558641000000000000,0,373292915125202288790050,0,0,0,0
8,2,10,4,0,7,4,0,2,2,0,2,2,1,3,0,0,0,1,2,0,381275745413821443978279,183424534528276451834121,0,513704250671033366031839,0,0,0,0
5,2,2,7,0,6,4,0,2,0,2,2,1,3,1,0,0,0,1,2,0,903236012672990527687201,143767989473000096702540,0,300000000000200485937750,0,0,0,0
9,2,9,9,0,10,0,0,0,0,0,0,0,0,0,0,0,0,0,0,0,476850169482848577267214,0,0,541044019881700953299561,0,0,0,0
11,6,12,9,0,1,5,0,2,0,3,0,0,3,2,0,0,0,1,0,0,500989503781876140078554,73438949518484226549998,0,738641383219227489119208,0,0,0,0
4,4,8,4,0,5,2,0,2,0,0,2,1,0,2,0,0,0,1,4,0,956927724673510230618697,67399999999999999999999,0,358661093395073217150307,0,0,0,0
10,3,10,3,0,5,7,0,6,0,1,1,0,1,6,0,0,0,2,3,0,538432395235170063475882,200394858408952825965790,0,523165023435575569172591,0,0,0,0
9,2,12,3,0,5,7,0,5,1,0,2,1,2,5,0,0,0,0,0,0,404699564035752170868816,144630781243022720278031,0,502644272053595649811594,0,0,0,0
6,7,11,7,0,5,2,0,2,0,0,2,1,1,1,0,0,0,0,1,0,1014888439818170458989166,194344100001000000000032,0,506336342367723650676552,0,0,0,0
12,7,8,6,0,4,2,0,1,1,0,1,1,1,1,0,0,0,2,0,0,559229227686030844398048,51070138694207623988277,0,460960269764592026966390,0,0,0,0
8,2,7,4,0,6,3,0,3,0,0,2,1,1,2,0,0,0,2,4,0,278552954086668353780057,114114969135802469099999,0,452416377417158580405601,0,0,0,0
6,4,10,3,0,3,5,0,4,0,1,2,2,1,4,0,0,0,1,2,0,488852061415007990542643,125708509693559243394249,0,342116211888970197337043,0,0,0,0
11,5,7,3,0,5,8,0,5,0,3,3,1,4,4,0,0,0,1,3,0,296898343102147603797738,181549712454937994840045,0,395328520756497112698774,0,0,0,0
11,4,6,3,0,5,5,0,2,1,1,1,1,2,3,0,0,0,0,3,0,444768259831383413086710,161400451410064510780118,0,610560048838443621887241,0,0,0,0
9,4,12,4,0,3,2,0,1,0,1,1,0,1,1,0,0,0,0,7,0,367748280736740240260816,139345828685001984928287,0,409495606132986072488918,0,0,0,0
4,4,10,7,0,5,1,0,1,0,0,0,0,0,1,0,0,0,0,3,0,442915405615349606306493,15926311728395061699998,0,400014282541662226943896,0,0,0,0
4,4,13,4,0,6,4,0,4,0,0,3,0,2,2,0,0,0,0,0,0,855844113209697606886025,176812707930371430099998,0,374585969485564834631949,0,0,0,0
9,1,7,6,0,9,5,0,2,0,3,2,0,5,0,0,0,0,0,4,0,685672594460303918366415,225869835842000000000000,0,349999000000171439641746,0,0,0,0
6,7,6,3,0,4,3,0,2,1,0,2,2,0,3,0,0,0,1,3,0,459647363866479625339501,99496498018569336468180,0,347426199621098459126554,0,0,0,0
11,8,7,3,0,8,2,0,1,0,1,1,0,1,1,0,0,0,1,3,0,509177022284085761634928,209825856396710434608308,0,327280221503630429455567,0,0,0,0
7,4,11,2,0,9,3,0,3,0,0,3,1,2,1,0,0,0,0,3,0,659589411647777058844072,150555068566000000023392,0,321332140535238346609110,0,0,0,0
7,4,6,5,0,5,3,0,1,1,0,1,2,1,2,0,0,0,1,2,0,556308532551163767050083,99054441548919817763277,0,643777334393863326544677,0,0,0,0
6,8,6,6,0,5,9,0,4,2,1,3,5,1,8,0,0,0,1,2,0,782481237935629253232818,199143662205086285664616,0,392661348412750534712563,0,0,0,0
11,3,4,5,0,5,4,0,3,1,0,3,1,1,3,0,0,0,1,4,0,992534665336528218948527,245672394345755274539209,0,516774104930988932038389,0,0,0,0
3,4,12,4,0,5,3,0,1,2,0,1,3,0,3,0,0,0,0,1,0,333932480158978721458912,49828408969950520429687,0,367008337025876665323321,0,0,0,0
7,7,8,7,0,5,3,0,3,0,0,3,1,1,2,0,0,0,0,2,0,697117610152917392371949,230099535319000000837023,0,542592797112250319666590,0,0,0,0
4,6,8,7,0,8,2,0,1,0,1,1,0,1,1,0,0,0,2,2,0,758680317484204957913144,139721692729000000028798,0,504674493012390264170121,0,0,0,0
8,4,8,3,0,10,3,1,2,1,0,1,1,1,2,1,1,0,1,5,0,380203327687839767906288,62228202160493827099999,0,377821296781798085802808,0,0,0,0
7,3,5,5,0,8,5,0,3,0,0,1,2,1,4,0,0,0,2,4,0,517742548136512939456101,181607262071579401009164,0,409891445297551137958311,0,0,0,0
10,5,6,7,0,4,7,0,3,2,2,1,2,2,5,0,0,0,0,3,0,577869318055714164525710,247497681065549559347488,0,530691639757646559554869,0,0,0,0
8,3,6,7,0,6,2,0,1,0,1,1,1,1,1,0,0,0,0,3,0,358497988523800443501721,65615049376969241710168,0,461941621410655922339008,0,0,0,0
8,9,8,7,0,5,3,0,2,1,0,0,1,0,3,0,0,0,0,1,0,379860710237494397674829,36064420572819268481711,0,522459011458512123608550,0,0,0,0
3,7,7,10,0,3,5,0,2,0,3,1,0,3,2,0,0,0,3,2,0,869145158291291264200747,121118866683999999999996,0,310736710695553706305021,0,0,0,0
9,4,6,5,0,4,6,0,4,2,0,1,2,1,5,0,0,0,2,1,0,487852400227655400657824,223658288494395826205394,0,577112658810109858797452,0,0,0,0
12,4,7,7,0,1,2,0,1,0,1,1,0,1,1,0,0,0,0,3,0,625292486704455861487388,80202161316611396691441,0,797043995153444552319834,0,0,0,0
9,2,7,4,0,7,3,0,2,1,0,1,1,0,3,0,0,0,1,5,0,407482385347745420846795,38308057350332745739479,0,397722269405892856228334,0,0,0,0
11,8,10,8,0,7,1,0,1,0,0,1,0,1,0,0,0,0,0,5,0,839824285761647319597727,6000003000000000000,0,589887103963657101658370,0,0,0,0
4,4,10,9,0,6,4,0,3,0,1,1,0,1,3,0,0,0,0,3,0,1037966721861461671995180,139217942555183848650442,0,400000000000132469889436,0,0,0,0
5,9,7,6,0,5,3,0,2,0,1,1,0,1,2,0,0,0,1,3,0,541346534027679054925777,83316329394125328081091,0,333451162497086829989497,0,0,0,0
12,10,9,6,0,5,5,0,1,2,2,1,2,3,2,0,0,0,0,1,0,1141532570213462639256136,275010402077717398690455,0,768974932279984398139753,0,0,0,0
10,4,4,6,0,6,5,0,4,0,1,2,1,2,3,0,0,0,1,2,0,709394486710615751685117,129639663569048183489060,0,599125691774377649969415,0,0,0,0
12,3,9,5,0,3,4,0,3,0,1,2,0,1,3,0,0,0,0,0,0,798616690959122672660491,229085102180486376676981,0,505589741730843435246298,0,0,0,0
9,5,11,3,0,6,7,0,5,0,2,4,0,3,4,0,0,0,0,1,0,754207362521555870620998,245766467634077187679473,0,537906526168871853912402,0,0,0,0
9,5,8,6,0,5,4,0,4,0,0,3,1,0,4,0,0,0,0,3,0,794074529886856411431443,256970422772842284102964,0,589349861090856410843506,0,0,0,0
4,4,5,6,0,7,1,0,0,1,0,0,1,0,1,0,0,0,1,0,0,423040482059567148730244,22270833333333333250000,0,377340709906545083203670,0,0,0,0
9,6,4,11,0,5,5,0,3,0,2,1,0,3,2,0,0,0,1,2,0,359276506064694672009845,74799650175123344430351,0,581735319303627578051888,0,0,0,0
8,4,6,4,0,3,12,0,10,0,2,4,2,4,8,0,0,0,0,4,0,700363738517375128794462,482068664177545162607704,0,517420045296837732351942,0,0,0,0
4,6,9,4,0,4,6,0,5,0,1,2,0,3,3,0,0,0,0,7,0,844092286662872912528610,255616640007853911038151,0,551472642962334792088981,0,0,0,0
8,5,3,4,0,5,5,0,3,2,0,3,2,0,5,0,0,0,1,1,0,466215650848511021858394,55598528126587050208784,0,448656047454776254861229,0,0,0,0
9,6,15,9,0,5,3,0,2,0,1,1,0,1,2,0,0,0,3,2,0,528112665365780589831736,119351429258000000797872,0,371005417329023313595792,0,0,0,0
10,4,8,7,0,6,6,0,3,0,3,2,1,4,2,0,0,0,0,3,0,565944417444392964983838,366181144590648635531353,0,434354941674392249121656,0,0,0,0
5,8,7,10,0,5,1,0,1,0,0,1,0,0,1,0,0,0,3,0,0,726641187745762361943178,47485357680299999999997,0,332925226029062219052187,0,0,0,0
6,3,7,4,0,9,6,0,3,0,3,2,0,5,1,0,0,0,0,4,0,586254278187456644627705,163905831077739999149999,0,462205151788243517078182,0,0,0,0
9,3,12,2,0,7,6,1,3,1,2,2,1,2,4,1,1,0,1,5,0,741896060273086772310243,219652558695684645143871,0,556613703242074993650527,0,0,0,0
11,3,6,7,0,6,3,0,1,0,1,1,1,1,2,0,0,0,3,2,0,224033187888231692892519,56515455840000000000000,0,481115792275668184548700,0,0,0,0
12,4,8,7,0,3,11,0,8,0,3,3,1,3,8,0,0,0,1,1,0,1050006565653900859608264,308414711077458674249921,0,513951166712935305170839,0,0,0,0
14,9,8,1,0,8,2,0,2,0,0,1,0,1,1,0,0,0,0,1,0,73947153610583468091294,69588170033858757705015,0,359005339111060771373384,0,0,0,0
6,5,8,6,0,5,1,0,1,0,0,0,0,0,1,0,0,0,3,1,0,427074682851153043599242,28725115740740740649998,0,537976461439223671577083,0,0,0,0
4,5,5,6,0,5,7,0,5,2,0,3,3,1,6,0,0,0,1,5,0,570063134920026721731669,146992609879882892788895,0,399999000000125800014714,0,0,0,0
5,1,7,6,0,6,6,0,1,0,3,1,1,3,3,0,0,0,1,2,0,623760630354371259729215,116155922442747196462938,0,499997421296446296320020,0,0,0,0
7,2,7,5,0,4,4,0,1,0,3,0,0,3,1,0,0,0,0,4,0,721499089067991052640321,296468998892250631190201,0,499998000000237329429170,0,0,0,0
9,3,10,8,0,4,7,0,4,1,2,0,1,2,5,0,0,0,0,0,0,571718251986637349921486,90883519169781822170365,0,663184386815896515625060,0,0,0,0
8,2,7,6,0,5,4,0,4,0,0,4,0,1,3,0,0,0,0,3,0,674511761817251002751671,316169678951000000018723,0,355906825015176075565546,0,0,0,0
6,5,4,4,0,6,5,0,3,0,2,2,0,3,2,0,0,0,0,2,0,707481406720269687854764,132454713280432098699996,0,453286477527199513347097,0,0,0,0
5,5,12,8,0,1,6,0,4,1,1,3,1,3,3,0,0,0,0,3,0,985601231979798096579322,450378251046136717738112,0,330063712052109593972101,0,0,0,0
7,7,8,5,0,5,7,0,3,1,3,1,2,3,4,0,0,0,1,3,0,491547059347020614422685,199728781118000000005686,0,405642280964373450468903,0,0,0,0
10,1,11,5,0,6,5,0,1,2,2,1,2,2,3,0,0,0,3,2,0,608280502740663213772422,173414005066374282747361,0,458229265537644025762459,0,0,0,0
6,5,7,5,0,2,7,0,4,0,3,4,1,5,2,0,0,0,1,2,0,738278411127961329514111,186972013083999999999999,0,551558529963729487584983,0,0,0,0
12,6,5,4,0,5,3,0,3,0,0,2,0,2,1,0,0,0,0,5,0,860104335134381306232005,48678365426843898053254,0,759010532001068830109935,0,0,0,0
7,8,8,3,0,6,5,0,3,0,0,3,1,0,5,0,0,0,0,2,0,458907435654719346389334,238639211589384856120597,0,423217158477073242819938,0,0,0,0
5,2,7,2,0,7,5,0,3,1,1,2,1,2,3,0,0,0,1,8,0,294038393060354862613999,115357787998903784143677,0,344323244405516758554875,0,0,0,0
12,7,8,5,0,4,5,0,4,0,0,4,0,2,3,0,0,0,1,4,0,648106147249957329571615,132548108885641975199998,0,482779682796477558715687,0,0,0,0
7,4,11,4,0,6,4,0,3,0,1,2,1,2,2,0,0,0,0,3,0,950787605020988905645834,191294422981020733778197,0,349999003470001416929179,0,0,0,0
8,8,9,7,0,4,9,1,5,1,3,1,1,4,5,1,1,0,1,2,0,793068968975283075234513,242249398426708884802735,0,427019844119759691069036,0,0,0,0
6,2,5,4,0,5,1,0,1,0,0,1,0,1,0,0,0,0,5,5,0,631181589237982437097550,50000000008000000000000,0,486882715412806860034461,0,0,0,0
7,6,9,2,0,7,11,0,3,1,6,1,1,7,4,0,0,0,1,4,0,509957408574437996651386,422952258283919764079995,0,498109390170935294852294,0,0,0,0
5,5,9,4,0,8,5,0,4,0,1,4,1,3,2,0,0,0,1,5,0,1008690289068837677677687,202439849951000000000001,0,309280644031588849700283,0,0,0,0
10,3,5,7,0,6,9,0,4,2,3,2,2,4,5,0,0,0,1,1,0,998303080423490863737181,240334276839386136730960,0,300000000000057458017066,0,0,0,0
11,8,10,9,0,6,4,0,3,0,1,1,0,2,2,0,0,0,1,1,0,555629707354458973415385,70915099337840953010787,0,784598800604351290302940,0,0,0,0
8,0,10,4,0,5,6,0,4,0,0,3,1,3,3,0,0,0,0,1,0,289568114707501836903897,118142156468253367492608,0,422505739705046042422027,0,0,0,0
7,6,9,9,0,7,4,0,2,0,2,2,1,2,2,0,0,0,0,1,0,966420219635843707298289,231692400696592038112130,0,422056969363900061882801,0,0,0,0
8,3,4,4,0,6,5,0,3,2,0,2,2,1,4,0,0,0,0,1,0,657326278899616942932180,179216320936375609860503,0,378287659218408082707508,0,0,0,0
10,3,7,2,0,6,4,0,4,0,0,3,1,1,3,0,0,0,0,2,0,337123647111108673800537,72830011574074074012734,0,435657814802355162018089,0,0,0,0
12,5,9,8,0,4,3,0,2,1,0,2,1,1,2,0,0,0,0,1,0,845413106485747483768585,152904053142569830199998,0,616382116546369511149488,0,0,0,0
9,5,11,4,0,5,7,0,6,0,0,3,0,1,6,0,0,0,0,2,0,494875906674598977394803,207720510543294966107323,0,320891569980034904721527,0,0,0,0
8,5,10,7,0,6,3,0,1,1,1,1,1,2,1,0,0,0,2,5,0,409958583438199486538941,50001247397751902891516,0,477044522772126290264532,0,0,0,0
5,3,13,3,0,5,4,0,2,1,1,2,2,2,2,0,0,0,1,6,0,498466523374271684166405,101560579533903465643670,0,347467265428662638984392,0,0,0,0
8,0,6,10,0,10,0,0,0,0,0,0,0,0,0,0,0,0,1,5,0,307586500659702488796034,0,0,399999000000100000014806,0,0,0,0
5,6,6,2,0,7,2,0,2,0,0,2,1,1,1,0,0,0,0,9,0,385607053305647433187194,50173367987145488255695,0,364794466063836602894840,0,0,0,0
7,5,9,3,0,6,2,1,1,1,0,0,1,0,2,1,1,0,2,2,0,394856728307223612268799,2999,0,530274162550458655864850,0,0,0,0
9,4,9,5,0,5,4,0,2,0,1,2,1,2,2,0,0,0,0,0,0,340577507923534775908254,86270004492865829686814,0,518982341374376494754759,0,0,0,0
6,3,6,4,0,6,3,0,1,1,0,1,2,0,3,0,0,0,0,0,0,397918664540161600098223,58077847671682533823331,0,626360943227989311561366,0,0,0,0
10,4,7,5,0,3,9,0,6,0,1,3,0,3,6,0,0,0,2,2,0,753866406853267239450298,267886708104404841099595,0,427236773989989145563026,0,0,0,0
8,5,7,5,0,3,3,0,3,0,0,1,0,0,3,0,0,0,2,5,0,570473561090536722617030,157972757416897909322213,0,451056103256735751398388,0,0,0,0
11,1,8,4,0,5,7,0,4,1,2,2,1,3,4,0,0,0,1,0,0,593238250391294222882612,174770958422257821414644,0,1003042378197031880806685,0,0,0,0
9,6,13,6,0,3,5,0,2,1,2,2,1,2,3,0,0,0,0,1,0,556371993304376511217655,174775829676990366569821,0,594636149701082641047985,0,0,0,0
5,6,9,7,0,3,3,0,3,0,0,3,1,1,2,0,0,0,2,0,0,668478177466010475409696,103245166963106853161046,0,352446297462311004684487,0,0,0,0
8,0,14,5,0,4,2,0,1,0,1,1,0,1,1,0,0,0,1,1,0,643999379816947123039475,137728166921607942836357,0,611109504175121536061024,0,0,0,0
11,5,6,4,0,5,2,0,2,0,0,2,0,1,1,0,0,0,1,2,0,402800769693769733957523,138305903756453184962544,0,476695032474325117456181,0,0,0,0
10,7,7,8,0,6,1,0,0,0,1,0,0,1,0,0,0,0,1,2,0,476493781300261496138492,11239622371000000000000,0,694451345250981259288220,0,0,0,0
11,7,8,4,0,4,5,0,4,0,0,4,0,2,3,0,0,0,2,0,0,826123208507095595869316,361298625744404187456535,0,442079568503803612857899,0,0,0,0
6,5,8,5,0,8,1,0,1,0,0,0,0,0,1,0,0,0,1,5,0,426845240719096198179299,10431270981519609039006,0,294474634699955458033873,0,0,0,0
8,4,13,3,0,6,2,0,1,1,0,0,1,0,2,0,0,0,2,3,0,246808708508523625625394,112912380871192355999667,0,540660139794439837065550,0,0,0,0
7,0,4,2,0,8,5,0,4,1,0,1,1,1,4,0,0,0,1,2,0,277341680956074093743282,223587519647324926315933,0,449998000000100212791241,0,0,0,0
10,3,6,6,0,5,8,0,5,1,1,5,2,3,5,0,0,0,2,2,0,1170226534339576798511330,171977710948655699914418,0,333766653360821713267391,0,0,0,0
5,6,7,4,0,7,8,0,6,0,0,3,1,2,6,0,0,0,0,4,0,628112354121937389596185,152658557194677545546348,0,436646570216504698339653,0,0,0,0
8,1,3,3,0,6,4,0,3,1,0,3,2,2,2,0,0,0,1,5,0,1010097149180816932594799,113482572848872612438845,0,347081838301350956212246,0,0,0,0
10,4,12,3,0,7,2,0,2,0,0,1,1,0,2,0,0,0,0,0,0,125182752072722253389740,34771606795198122717938,0,669550872872560035604692,0,0,0,0
7,6,7,6,0,4,4,0,1,1,2,1,1,2,2,0,0,0,0,2,0,552763975268983745428486,57416806439472627858001,0,339708929031504146665844,0,0,0,0
10,4,9,5,0,7,4,0,2,1,0,1,1,1,3,0,0,0,1,4,0,547436925995705445857679,82736781404783868924172,0,471782266121325987732261,0,0,0,0
9,2,5,2,0,5,5,0,4,0,1,3,0,1,4,0,0,0,0,3,0,291551168304683183380610,189904550029991559522054,0,511239476908103751256139,0,0,0,0
7,6,10,8,0,4,6,0,4,1,1,4,1,2,4,0,0,0,1,2,0,1141047693076309197732769,246190657373228614065743,0,434005201747703782382770,0,0,0,0
5,8,7,4,0,5,5,0,3,1,1,3,3,2,3,0,0,0,1,3,0,490448415701435038659506,113539567564619484101572,0,521289873789240270538425,0,0,0,0
11,7,11,4,0,5,6,0,3,0,3,2,0,4,2,0,0,0,2,2,0,758248586444329765619803,201666952590555554249998,0,722395010976100059975148,0,0,0,0
5,4,7,8,0,3,7,0,4,1,1,4,2,3,4,0,0,0,0,1,0,1028123745052658716753642,237064593381994119329507,0,399999000000150000000010,0,0,0,0
6,6,4,4,0,6,5,0,4,0,0,4,2,2,3,0,0,0,0,3,0,1303235706901989836707612,154016072767140650263456,0,476137143365848982026176,0,0,0,0
15,5,6,3,0,3,4,0,2,0,0,1,0,0,4,0,0,0,1,2,0,498768669744951324472566,309463768124772055238589,0,855358951554818018043989,0,0,0,0
9,10,11,5,0,4,5,0,3,1,1,1,1,1,4,0,0,0,1,0,0,193419063033803117430103,90615328804342479514220,0,628022133088346967150138,0,0,0,0
5,6,7,7,0,5,6,0,4,1,0,3,2,1,5,0,0,0,1,1,0,1131578746658084702106825,213370696364512433428947,0,430218894313611676700741,0,0,0,0
8,4,6,1,0,3,9,0,5,0,1,5,5,2,7,0,0,0,2,0,0,619997816293609137165667,354148664778629120785597,0,450083491492601979612765,0,0,0,0
8,5,12,6,0,6,5,0,3,0,2,3,1,4,1,0,0,0,0,1,0,764330331996459446812221,95000000000000000023227,0,462563784362278471306256,0,0,0,0
6,6,10,3,0,7,6,0,4,0,2,2,1,2,4,0,0,0,0,3,0,843663051345519912938491,203518813374122222076049,0,300000000000226876325283,0,0,0,0
5,4,4,6,0,5,5,0,2,0,3,1,0,4,1,0,0,0,0,1,0,745166907673722985158827,246544289724942200249999,0,439897332981988535540016,0,0,0,0
6,5,5,5,0,10,7,0,3,2,2,2,2,3,4,0,0,0,0,4,0,325292497254375930175642,151940254990455061744681,0,426168796722482250964917,0,0,0,0
12,4,11,9,0,3,5,0,3,0,1,0,0,1,4,0,0,0,0,3,0,681042539804415484625122,102942894678771379147651,0,558365461786531480036121,0,0,0,0
9,5,13,5,0,3,7,0,5,0,2,4,0,4,3,0,0,0,1,0,0,880172264121792912825553,370461162098459321213233,0,523610816255964353236229,0,0,0,0
7,4,6,7,0,5,6,0,1,0,1,0,2,1,5,0,0,0,0,3,0,418701556752087975973257,189983394112996468124086,0,470724877177559152877502,0,0,0,0
6,7,5,4,0,8,6,0,4,0,2,1,0,3,3,0,0,0,0,4,0,391188553974590476622071,167483325233339668476875,0,458748203711366880016905,0,0,0,0
10,7,7,4,0,5,4,0,3,0,0,1,0,0,4,0,0,0,0,0,0,187036754559899017364761,86691068672839506059886,0,659073984372288462862605,0,0,0,0
13,5,10,4,0,4,1,0,0,0,1,0,0,1,0,0,0,0,3,5,0,245309973506889425709812,56370216341000000000000,0,914174251679485102261191,0,0,0,0
7,1,9,5,0,4,8,0,6,1,1,3,2,1,7,0,0,0,0,3,0,1120795105414300968467771,274594711428135021238073,0,397412456084642875380178,0,0,0,0
6,5,6,8,0,7,2,0,0,1,1,0,1,1,1,0,0,0,2,2,0,427758696774547412216174,24165289934522347536971,0,442593743932530619108953,0,0,0,0
3,7,11,9,0,6,5,0,2,0,2,1,0,2,3,0,0,0,0,3,0,721536011948077255996595,122951209464601962615408,0,375982709733307480928318,0,0,0,0
6,4,9,3,0,7,6,0,2,1,3,1,1,3,3,0,0,0,0,1,0,584349957230489205593261,122441376835918002914626,0,507407866137524972681663,0,0,0,0
5,2,4,2,0,6,5,0,3,0,1,3,1,2,3,0,0,0,0,4,0,707658976619214538308614,168117436680670380787220,0,300000000000150000005990,0,0,0,0
8,7,10,6,0,2,6,0,1,1,3,1,2,3,3,0,0,0,1,0,0,676856271196966875945726,137007984253839590059680,0,324178579195867851735847,0,0,0,0
7,6,9,2,0,7,3,0,1,0,1,1,1,1,2,0,0,0,1,1,0,318857181914047125896844,174428963109058954044399,0,477470700523358723758791,0,0,0,0
10,5,6,8,0,5,6,0,4,0,0,0,2,0,6,0,0,0,1,1,0,696195816411536750637125,245175910974722465051416,0,592856413819736980876267,0,0,0,0
5,13,11,7,0,5,6,0,3,2,1,1,2,1,5,0,0,0,0,1,0,533366715688739785777436,96880434322220474035725,0,415219774287424262415402,0,0,0,0
10,5,8,5,0,9,3,0,2,0,0,2,1,2,1,0,0,0,1,1,0,545763978188601025207872,104287979687913580150000,0,493696303807139521279623,0,0,0,0
7,6,7,4,0,5,5,0,2,1,2,1,1,3,2,0,0,0,0,0,0,597177058293435910773545,248644619127290640904114,0,446153926847547136334173,0,0,0,0
3,5,11,4,0,3,6,0,4,0,1,3,0,2,4,0,0,0,0,4,0,664297666404351188484252,187257025730083211272924,0,334686368380059706280762,0,0,0,0
9,3,9,10,0,9,0,0,0,0,0,0,0,0,0,0,0,0,0,0,0,411530413747027766786819,0,0,713695655092261326440123,0,0,0,0
7,2,4,6,0,4,5,0,4,0,0,3,2,1,4,0,0,0,2,3,0,681783858542830762066055,137752464128108541087901,0,429726092089985164416242,0,0,0,0
12,3,7,6,0,8,7,0,3,1,3,0,1,3,4,0,0,0,2,2,0,356615674838142130056439,95910004160564387797624,0,789974950452745962735613,0,0,0,0
12,3,8,5,0,4,8,0,3,0,4,1,0,5,3,0,0,0,3,3,0,531454644049972803226854,138364914287164260813954,0,525950518572304107506574,0,0,0,0
8,2,7,5,0,7,2,0,2,0,0,1,1,0,2,0,0,0,2,5,0,264894548109954136111928,64122685185185185149999,0,462858008945600302637937,0,0,0,0
8,7,9,3,0,5,5,0,4,1,0,2,2,1,4,0,0,0,0,2,0,612471076101947750343248,78930053050406763571236,0,666487278268080225329844,0,0,0,0
10,2,7,6,0,7,6,0,5,0,1,2,1,1,5,0,0,0,0,4,0,580562384486739686607471,112700285549607906601221,0,583691000821005117917956,0,0,0,0
9,2,7,4,0,9,6,0,1,1,4,0,1,4,2,0,0,0,0,3,0,816284831805038798629974,246022481775049528821576,0,314987305349697791160566,0,0,0,0
7,5,11,5,0,6,4,0,3,0,0,3,1,1,3,0,0,0,1,1,0,668169727603765171443174,169304799382716049349997,0,489031143124437526039961,0,0,0,0
10,5,2,9,0,7,8,0,4,1,1,1,1,1,7,0,0,0,1,1,0,502264355560353761481647,194634876413293892236631,0,440655417415501107052444,0,0,0,0
6,3,3,5,0,5,9,0,3,3,3,3,3,4,5,0,0,0,0,4,0,741938553310835812298140,262294537220137481509197,0,584708523431900975877929,0,0,0,0
3,5,12,5,0,5,2,0,0,2,0,0,2,0,2,0,0,0,1,1,0,406315496240053186309450,23395372117266344450058,0,349999957580608851808112,0,0,0,0
7,7,9,9,0,8,2,0,0,0,2,0,0,2,0,0,0,0,0,6,0,919737120764160183704198,61339212346000000000000,0,337366822656163045490886,0,0,0,0
9,8,7,9,0,4,7,0,0,0,7,0,0,7,0,0,0,0,0,2,0,375975315817518661058946,188777441333000000000000,0,485322911900831587449081,0,0,0,0
9,4,10,4,0,4,5,0,3,1,1,2,1,3,2,0,0,0,2,1,0,559243397599257014865451,181979669664091201633273,0,752399267982560355954614,0,0,0,0
8,9,8,8,0,7,3,0,2,1,0,1,1,1,2,0,0,0,0,1,0,569533494092272978776339,16599042534233961822002,0,418778958108681231275812,0,0,0,0
6,6,9,9,0,5,4,0,2,0,1,2,1,1,3,0,0,0,0,1,0,734018198446122874170947,50951481126933148055709,0,342783772108455248054063,0,0,0,0
10,3,4,5,0,6,6,0,4,0,2,1,1,2,4,0,0,0,1,1,0,733581185847376999152037,206389497853735105614799,0,499126691774627647969591,0,0,0,0
14,5,8,4,0,10,2,0,1,0,1,1,0,2,0,0,0,0,0,2,0,491934378094327533835097,143733155160000000000000,0,896830197418349518755185,0,0,0,0
9,6,3,4,0,5,3,0,0,1,1,0,1,1,2,0,0,0,0,4,0,392819934854396945686383,52154736429945611746564,0,517944253743042411361319,0,0,0,0
9,7,5,9,0,6,8,0,6,0,1,5,0,4,4,0,0,0,1,4,0,709732526566664399083822,119371892455218793452761,0,645147885078715039746359,0,0,0,0
4,7,9,5,0,3,9,0,7,0,1,6,0,5,4,0,0,0,0,4,0,1412921917578609539752950,589705462064446372454488,0,399999000000570558954559,0,0,0,0
12,9,8,5,0,4,7,0,5,0,1,2,0,2,5,0,0,0,0,2,0,850466261826128798734964,287954363154931068964495,0,638133759145883682020411,0,0,0,0
11,13,7,3,0,3,3,0,2,0,1,2,0,3,0,0,0,0,1,1,0,593668049904990578221185,129909754141000000000000,0,558467534418270939333924,0,0,0,0
10,7,11,3,0,5,5,0,2,0,1,3,2,2,3,0,0,0,1,3,0,582898286823441618807790,174478287782121754572692,0,547858215291658564594282,0,0,0,0
12,4,8,7,0,3,11,0,7,1,3,5,2,4,7,0,0,0,0,2,0,1228689043245499050275520,488588217521652606104356,0,480024776847773787580364,0,0,0,0
6,9,7,1,0,5,5,0,5,0,0,2,0,1,4,0,0,0,0,6,0,684159724437649390444425,275584408058520086740518,0,375716250701690162659683,0,0,0,0
10,8,6,6,0,4,3,0,1,0,2,0,0,2,1,0,0,0,0,4,0,532967845571649002314124,222512443042154520363492,0,475151678927616066053636,0,0,0,0
6,5,8,7,0,5,5,0,0,2,2,0,3,2,3,0,0,0,1,1,0,997440070946346125201889,99609602791025705097140,0,326878334810598913323762,0,0,0,0
6,4,4,5,0,7,4,0,2,0,2,0,0,2,2,0,0,0,0,3,0,741958162162253112537199,94061916712175906349997,0,453286477527199011618306,0,0,0,0
6,6,6,3,0,7,4,0,3,0,1,3,1,1,3,0,0,0,0,3,0,708307383586290144173777,332999882716000000024193,0,425842860397572571847709,0,0,0,0
2,4,8,5,0,6,6,0,3,1,1,1,1,2,4,0,0,0,2,3,0,380203553091855389583343,114087439175332730377347,0,334212320553565982868652,0,0,0,0
6,5,7,5,0,3,5,0,1,1,3,1,1,4,1,0,0,0,3,2,0,930877794944964667744610,320121439130641975250000,0,439004366441111193516605,0,0,0,0
8,3,4,2,0,5,4,0,3,1,0,1,1,1,3,0,0,0,0,5,0,483651845251768968286653,85969763816032002508810,0,432589681498131329224963,0,0,0,0
7,5,10,6,0,6,5,0,3,0,1,3,1,2,3,0,0,0,0,3,0,1090946636889486226344871,242424551959284291743244,0,350000000000153209203300,0,0,0,0
12,8,9,10,0,6,6,0,2,2,2,2,4,2,4,0,0,0,0,1,0,668592234207447789381061,103215877838552014285662,0,712038564748347338726212,0,0,0,0
8,8,9,5,0,6,6,0,2,0,4,2,0,5,1,0,0,0,0,6,0,602346828741406553633882,243079860666338726769137,0,300000000000226277609961,0,0,0,0
8,1,6,11,0,0,3,0,2,0,1,1,0,1,2,0,0,0,0,3,0,763617134770808412177607,60810200991185185149996,0,745669041075839381807803,0,0,0,0
7,2,12,2,0,6,7,0,4,0,1,3,0,3,4,0,0,0,0,4,0,457211235227352427282319,383637037722950818306881,0,396713605791712610104970,0,0,0,0
11,7,10,9,0,7,3,0,3,0,0,1,0,1,2,0,0,0,2,1,0,477691884401387360220163,74618995942779224610786,0,543209565523018477320744,0,0,0,0
4,5,7,4,0,6,6,0,3,3,0,2,4,1,5,0,0,0,1,2,0,394643901057287887733625,124601730821852595244828,0,499998617270301118293625,0,0,0,0
5,6,7,8,0,6,4,0,3,0,0,3,0,2,2,0,0,0,1,4,0,850920758239879099929469,104669367285950617249999,0,408005000497550397704331,0,0,0,0
10,2,4,6,0,7,6,0,4,1,1,3,1,2,4,0,0,0,0,4,0,865810683880353737219936,234664365939514614255054,0,485940401328013459235002,0,0,0,0
8,8,10,8,0,5,4,0,1,0,2,1,1,3,1,0,0,0,4,2,0,233857386725041712788128,63419560187185185150000,0,671768757546851921995443,0,0,0,0
4,4,10,2,0,9,2,0,0,0,1,0,0,1,1,0,0,0,0,6,0,247306770387355540207640,39819444443506172750000,0,360554678824898205161690,0,0,0,0
4,6,8,6,0,5,5,0,3,0,1,3,2,2,3,0,0,0,0,2,0,640716444385907548794455,187923060464386610412619,0,300000000000150000008023,0,0,0,0
5,4,4,1,0,4,10,0,7,2,0,4,3,2,8,0,0,0,0,2,0,397782527783516723315547,233781001348662918421632,0,415623212862553801076872,0,0,0,0
8,5,7,3,0,4,3,0,3,0,0,2,0,0,3,0,0,0,1,6,0,315769968963174781255454,99999999999999999999995,0,398032722222359449454955,0,0,0,0
3,3,8,3,0,9,2,0,0,1,1,0,1,1,1,0,0,0,0,5,0,150487741323105301366084,69694474233049382650000,0,352440559881836061327568,0,0,0,0
6,7,8,6,0,6,5,0,3,0,2,3,0,4,1,0,0,0,1,3,0,725872856036200327820803,170225492652999999999998,0,399999000137388711647265,0,0,0,0
10,5,7,7,0,6,2,0,1,0,1,0,0,1,1,0,0,0,0,2,0,182744696856411264652565,22185361321783118899868,0,762100345250964775301005,0,0,0,0
5,6,6,2,0,4,4,0,4,0,0,3,0,0,4,0,0,0,0,4,0,588472387130755915753456,147566020944847018223072,0,286092163462080620485836,0,0,0,0
7,5,8,6,0,3,5,0,5,0,0,4,2,1,4,0,0,0,0,3,0,694936165967922903323601,155941225819717029219460,0,250001000000150000841822,0,0,0,0
7,0,4,3,0,8,1,0,0,1,0,0,1,0,1,0,0,0,1,6,0,167019171971948948503379,27712962962962962900000,0,349999000000350211623121,0,0,0,0
8,6,10,6,0,3,3,0,2,0,1,1,0,1,2,0,0,0,0,1,0,423010247447405604157393,86369609086000000031714,0,399999000000150000001025,0,0,0,0
12,6,7,4,0,3,7,0,5,1,1,0,1,1,6,0,0,0,0,3,0,665494687565872340053054,211267904140385173069276,0,697463415799754582452614,0,0,0,0
10,5,12,4,0,8,2,0,1,0,0,0,1,0,2,0,0,0,0,0,0,213735739704111910887550,60811657333024628861663,0,795843952106919643603421,0,0,0,0
6,5,9,9,0,3,6,0,2,1,2,2,2,3,3,0,0,0,0,2,0,1094872739891097629151286,142059739807418819527872,0,442370138848459549223707,0,0,0,0
8,3,12,5,0,3,5,0,4,0,1,3,1,2,3,0,0,0,1,2,0,859528686581041144439118,277441685818561247381322,0,577186745227590757149309,0,0,0,0
7,5,10,6,0,5,6,0,4,1,1,4,1,2,4,0,0,0,0,3,0,1028068985873711480044357,265994073282110114471495,0,492216822159058688516073,0,0,0,0
11,4,9,3,0,4,4,0,2,2,0,1,2,0,4,0,0,0,0,0,0,267023375552592805755620,68329497865621874793747,0,535763202157832865642073,0,0,0,0
6,2,8,4,0,8,2,0,2,0,0,1,0,1,1,0,0,0,0,3,0,379133747456639236430053,92065770887499817199999,0,406604875509346964335544,0,0,0,0
3,7,5,2,0,4,8,0,6,0,2,5,0,5,3,0,0,0,2,3,0,814860172567687210388413,298471312732172640104808,0,300000000000138552854939,0,0,0,0
14,2,10,5,0,6,5,0,1,1,3,0,1,3,2,0,0,0,2,1,0,621366306475376209120661,387969469386970134087974,0,1178538497253833436342381,0,0,0,0
5,3,7,7,0,3,7,0,5,0,1,5,2,3,4,0,0,0,0,1,0,948083246751678120283015,363082723518713180252336,0,426037185939389353452159,0,0,0,0
9,4,10,4,0,3,6,0,4,0,1,4,1,4,2,0,0,0,2,2,0,632044620694275854479358,195180041989531046894456,0,675001299329046741013253,0,0,0,0
5,5,10,4,0,7,6,0,6,0,0,5,1,3,3,0,0,0,0,2,0,741374541531790800291618,187947589237111111110753,0,412990181062709121047167,0,0,0,0
9,2,9,7,0,1,8,0,7,0,1,5,0,3,5,0,0,0,2,3,0,1000164989798372403853255,349489941084611616369684,0,633062071439938628857240,0,0,0,0
5,5,7,4,0,5,6,0,5,0,0,5,1,2,4,0,0,0,0,2,0,839633413241968365043219,305341424621349746673485,0,430218894313501473671544,0,0,0,0
7,3,5,7,0,2,5,0,4,1,0,3,2,1,4,0,0,0,0,3,0,538729035755653024284884,204208396906526950085828,0,433254055122433026948094,0,0,0,0
10,3,8,4,0,4,5,0,5,0,0,1,0,1,4,0,0,0,1,5,0,445305966910915091349538,198831668617365733112992,0,463724441142421663724556,0,0,0,0
7,4,13,3,0,5,6,0,5,0,1,4,1,3,3,0,0,0,1,0,0,477841775670032818737624,159657439271669820618649,0,475544744816247185993286,0,0,0,0
13,4,4,4,0,3,3,0,3,0,0,2,0,1,2,0,0,0,2,2,0,667709664793671867578244,320247439246686321063662,0,632230494323955898113411,0,0,0,0
4,2,7,4,0,6,5,0,3,0,1,2,1,1,4,0,0,0,0,4,0,418255769489827621890477,161165998750580246799997,0,360450229697511308710570,0,0,0,0
6,7,5,5,0,10,6,0,2,3,1,0,3,1,5,0,0,0,1,4,0,211459898067891757219948,86026444891317175510532,0,317968202533270566661806,0,0,0,0
10,5,11,4,0,3,6,0,5,0,1,1,0,1,5,0,0,0,0,5,0,968533989706258751681448,431103376841596820370165,0,468734456599660325263018,0,0,0,0
10,6,13,1,0,5,8,0,5,1,2,0,1,2,6,0,0,0,1,4,0,253598369627150420389955,174534460393953571739948,0,529837696447000384323960,0,0,0,0
10,4,4,3,0,8,5,0,1,1,3,0,1,3,2,0,0,0,0,4,0,814429691777413425557779,120661855607558030783108,0,771001345129088131819371,0,0,0,0
4,4,6,3,0,7,4,0,2,0,1,2,0,2,2,0,0,0,2,1,0,534248244365739412235476,114710648147407407399997,0,333494474795053430327150,0,0,0,0
7,4,6,9,0,5,6,0,2,0,1,1,1,2,4,0,0,0,1,2,0,773775855181836126873468,203057620251145227412316,0,395110304012495679089953,0,0,0,0
10,3,11,5,0,4,5,0,5,0,0,3,1,1,4,0,0,0,0,2,0,405214306719010565922034,170935171403658642845220,0,506946371594574164954035,0,0,0,0
4,7,8,6,0,6,5,0,3,0,1,2,1,2,3,0,0,0,1,6,0,795313595093767300502784,103169000158118150349998,0,234468998952422277700000,0,0,0,0
3,3,4,4,0,3,9,0,8,0,1,7,3,3,6,0,0,0,1,3,0,821555986025922278165900,241659826552238426125450,0,300000000000150000007668,0,0,0,0
7,1,9,5,0,5,7,0,6,1,0,4,2,2,5,0,0,0,0,4,0,949441931365777693742290,204558078135378538938248,0,375644806330081340268781,0,0,0,0
8,3,9,3,0,6,5,0,4,1,0,2,1,1,4,0,0,0,0,3,0,668091600592234337001754,258302630086751949757379,0,499998000000150000035391,0,0,0,0
8,5,6,5,0,4,6,0,1,4,0,0,4,0,6,0,0,0,4,1,0,332095425197442571572910,81615570098359993358150,0,397676687412829747223453,0,0,0,0
9,2,6,4,0,5,5,0,2,1,1,2,1,2,3,0,0,0,4,1,0,594356371862742396077264,104491229250276545172195,0,656405621668401339696579,0,0,0,0
10,10,5,6,0,1,3,0,3,0,0,3,0,3,0,0,0,0,1,2,0,1060315177341415607169849,149716810600000000000000,0,553105476077031869484014,0,0,0,0
5,4,4,4,0,6,4,0,3,0,0,3,0,2,2,0,0,0,0,5,0,896115425532116991213749,174168197831022437499999,0,300000000000150000005929,0,0,0,0
7,3,9,5,0,9,5,0,4,0,0,4,1,2,3,0,0,0,0,4,0,1077233117114726090062690,107619659629468231945867,0,531679009448354506918020,0,0,0,0
9,3,9,4,0,3,2,0,1,0,1,1,0,2,0,0,0,0,0,2,0,462560449689060327395458,69978780878000000000000,0,683923396564806511935576,0,0,0,0
7,3,2,4,0,5,5,0,4,0,0,3,2,1,4,0,0,0,0,6,0,759542786301486321737999,208547467859506172724462,0,322169849376250426428484,0,0,0,0
7,6,10,3,0,5,6,0,4,0,2,3,1,3,3,0,0,0,0,3,0,652450801945848653256778,255683731686776749915249,0,501170524380110300413333,0,0,0,0
10,4,6,8,0,5,6,0,3,0,2,0,1,2,4,0,0,0,2,0,0,547676262118692162476272,171301325067859809268972,0,790862259733908612539038,0,0,0,0
10,2,6,2,0,6,5,0,3,0,2,2,0,3,2,0,0,0,2,2,0,591582040431265985305910,216661282025506172749997,0,369991027738966187672798,0,0,0,0
11,4,14,5,0,6,2,0,2,0,0,2,0,0,2,0,0,0,3,5,0,736697537620504334292819,213343142401456038339929,0,523004870947446670913994,0,0,0,0
8,5,4,6,0,8,5,0,3,0,2,2,0,2,3,0,0,0,0,1,0,694386723685751597554662,156695682375000000000060,0,517477145543583753543689,0,0,0,0
9,3,7,4,0,4,3,0,3,0,0,3,0,1,2,0,0,0,1,2,0,583162436882139300685419,100006430858077767036525,0,607613042489440626631411,0,0,0,0
3,6,11,6,0,4,6,0,4,0,1,2,2,1,5,0,0,0,0,4,0,685331529757516939280531,121212119112105018571639,0,334686368380059706280762,0,0,0,0
12,5,8,6,0,6,5,1,3,0,2,0,0,3,2,1,1,0,1,1,0,405910215682184277233242,194512235657838057995531,0,721378152094263186385505,0,0,0,0
13,4,9,13,0,4,5,0,5,0,0,1,0,0,5,0,0,0,0,2,0,887701145969955147588471,262110929906893244287215,0,691328168467932761924454,0,0,0,0
8,3,7,3,0,7,5,0,4,1,0,2,1,1,4,0,0,0,1,4,0,594250550816010533046206,197686569563514193991445,0,454591658549607539626515,0,0,0,0
10,5,15,4,0,5,5,0,4,0,0,1,0,0,5,0,0,0,0,2,0,446104742110867438491643,153720799878552934163829,0,558087248628855371549861,0,0,0,0
7,3,4,5,0,4,5,0,5,0,0,4,0,2,3,0,0,0,1,4,0,1180741715600951004062189,162863510088158329280270,0,410293064312207386513153,0,0,0,0
6,8,9,6,0,8,2,0,2,0,0,2,0,2,0,0,0,0,0,1,0,680723859056281248827516,118938690934000000000000,0,299669086164715361521158,0,0,0,0
4,4,12,5,0,4,4,0,4,0,0,2,1,1,3,0,0,0,0,5,0,914762005030453725745896,127798156970729335546242,0,589318910571140099263176,0,0,0,0
7,4,8,8,0,6,1,0,0,1,0,0,1,0,1,0,0,0,0,2,0,314539999697258203246104,27058105718533985150000,0,403799950061116431717106,0,0,0,0
13,7,8,7,0,8,4,0,3,1,0,3,1,2,2,0,0,0,0,1,0,595661350609980378338146,77662047867018406144861,0,561294812233680729163962,0,0,0,0
8,8,9,3,0,5,5,0,3,1,0,2,2,1,4,0,0,0,0,2,0,610293872219966229799312,84324905523329207243248,0,569918769727387497816478,0,0,0,0
10,5,6,6,0,8,4,0,2,0,0,1,0,0,4,0,0,0,0,3,0,752623462511807197024737,80892364176828373810458,0,748354905180456984174602,0,0,0,0
6,4,8,6,0,6,6,0,1,2,3,1,2,3,3,0,0,0,3,1,0,543358336933296172996644,24295126564189642369413,0,352567163935414432652671,0,0,0,0
7,4,11,2,0,6,5,0,4,0,1,1,0,2,3,0,0,0,0,2,0,300159780808952226240344,113393195474020426033906,0,412299354833421551528086,0,0,0,0
10,3,2,8,0,5,7,0,4,1,0,2,1,1,6,0,0,0,1,2,0,741326481988030820500965,140349983473137456207313,0,685121337341352394244463,0,0,0,0
4,4,9,7,0,7,4,0,2,1,1,2,1,3,1,0,0,0,0,1,0,565688561998980120161162,108996919691874806040615,0,343669644584132373737490,0,0,0,0
12,3,7,9,0,6,2,0,1,0,1,1,0,1,1,0,0,0,0,2,0,521915720523571712776284,65953498797000000000025,0,390634134881173074216799,0,0,0,0
5,10,10,4,0,5,3,0,1,0,0,1,0,0,3,0,0,0,0,6,0,366651415914598724703238,169164281396509520350483,0,419027678624818968747074,0,0,0,0
8,3,4,10,0,6,4,0,3,1,0,0,1,0,4,0,0,0,0,2,0,721288676387751686568501,88724242855080651193035,0,504213315249663707130633,0,0,0,0
9,2,3,5,0,7,3,0,2,0,0,2,1,1,2,0,0,0,1,6,0,742222852287323264375636,99966700919434707617075,0,675608641360002397130118,0,0,0,0
7,6,9,7,0,8,4,0,1,1,2,1,1,2,2,0,0,0,0,4,0,621558898941714968935068,75551120405189785824366,0,299990000000180745848338,0,0,0,0
9,3,9,7,0,5,5,0,4,1,0,2,1,0,5,0,0,0,1,4,0,573960923532601044622260,193838879627540428421882,0,449083576336019746044679,0,0,0,0
10,3,9,6,0,4,2,0,2,0,0,0,0,0,2,0,0,0,0,0,0,375531283250465982180364,1660749723430141854120,0,826975995113339600677897,0,0,0,0
8,3,11,3,0,4,3,0,2,0,1,2,1,1,2,0,0,0,0,2,0,547656108953982403793538,81619280171000000000012,0,579715504415978996050441,0,0,0,0
6,8,9,8,0,6,2,0,1,0,1,1,0,1,1,0,0,0,0,3,0,495983302700710091363428,52323180247000000000000,0,292720649608455248054063,0,0,0,0
10,3,10,6,0,2,6,0,5,1,0,2,1,2,4,0,0,0,2,1,0,641510654560715811837817,201741019799304331709886,0,698454334190346857088707,0,0,0,0
4,5,5,8,0,6,6,0,2,0,4,1,0,5,1,0,0,0,0,4,0,890773168278349193934198,146815079742703363739980,0,489333436675779795417174,0,0,0,0
9,4,5,7,0,6,2,0,1,0,1,1,0,1,1,0,0,0,0,2,0,695362493783884408683691,89284612459999999999999,0,604572882847671578213884,0,0,0,0
7,3,8,8,0,6,4,0,3,0,1,1,0,2,2,0,0,0,1,4,0,965507798783762567481659,93826369272898922094002,0,595281215291296856565979,0,0,0,0
9,5,5,8,0,6,10,0,6,0,2,3,1,3,7,0,0,0,1,2,0,858973471713186120128386,331557262744314197521270,0,502724130731700192621352,0,0,0,0
8,7,6,3,0,5,4,0,4,0,0,2,1,0,4,0,0,0,1,3,0,970086000664626630029804,122426374378227903463332,0,397806783736360392557064,0,0,0,0
8,6,3,5,0,4,8,0,6,1,0,3,1,2,6,0,0,0,0,7,0,717188165910096200112592,191368497107970657587696,0,426674678240840743433810,0,0,0,0
10,7,11,2,0,5,7,1,5,1,1,3,1,2,5,1,1,0,0,3,0,359403992458732431221800,124616342951275196175425,0,400924754088608832668552,0,0,0,0
14,5,9,7,0,6,5,0,3,1,1,0,1,1,4,0,0,0,2,1,0,544143164154782893643328,257940975729802281513088,0,712709587157438693113913,0,0,0,0
8,2,5,7,0,8,3,0,2,0,1,1,0,2,1,0,0,0,0,4,0,488942228457540821385800,115732467207261895949998,0,472093276990344823259979,0,0,0,0
10,8,11,5,0,4,7,0,3,0,2,4,3,3,4,0,0,0,0,2,0,665330750385052981000072,234130545384006011617206,0,450256062291758563589447,0,0,0,0
7,9,12,9,0,5,2,0,1,1,0,0,1,0,2,0,0,0,0,1,0,686666287080279491534135,24274570885103892761009,0,411061303662896308177402,0,0,0,0
4,2,4,3,0,3,7,0,6,0,1,6,1,3,4,0,0,0,1,7,0,886147072654799845302916,193397509730221671179813,0,200005000000150000014902,0,0,0,0
6,6,13,4,0,4,3,0,2,0,1,2,0,1,2,0,0,0,0,2,0,589317235177554452900019,191078711086999999999998,0,354077361331092961261829,0,0,0,0
10,7,6,5,0,4,4,0,2,0,2,1,0,2,2,0,0,0,0,3,0,561654183393359088038800,232818108045767600024280,0,475151678927616066053638,0,0,0,0
6,5,12,2,0,5,4,0,2,1,0,1,2,1,3,0,0,0,1,2,0,575754061395362596370874,134080841281712343017586,0,476418112431140495025150,0,0,0,0
4,3,10,5,0,6,3,0,1,0,2,1,0,2,1,0,0,0,2,6,0,181132071634472080549789,72744471353999999999998,0,254489343440813667803515,0,0,0,0
11,5,3,5,0,5,1,0,1,0,0,1,0,1,0,0,0,0,0,2,0,644070902423004774246482,35578987623000000000000,0,666890176979693729244516,0,0,0,0
9,13,10,8,0,3,2,0,0,0,2,0,0,2,0,0,0,0,2,2,0,289763033535011394198422,14893378382000000000000,0,634328857394200120147787,0,0,0,0
2,3,8,5,0,5,7,0,5,0,1,4,1,3,4,0,0,0,1,3,0,658718977300008559410038,154896830267808890144416,0,384212320553523335721026,0,0,0,0
4,4,7,7,0,4,4,0,1,0,3,1,1,3,1,0,0,0,2,3,0,658354184891316528869066,106481978166000000000000,0,300000000334393402455445,0,0,0,0
7,3,6,3,0,8,4,1,1,1,2,0,1,2,2,1,1,0,1,12,0,204425722304460193789210,88901530333103615443882,0,250000102077939416731867,0,0,0,0
10,4,5,5,0,4,4,0,2,0,2,2,0,3,1,0,0,0,0,3,0,563617668925959140959388,192747326739767910217148,0,604303010066370088139471,0,0,0,0
5,7,8,4,0,6,4,0,3,0,0,1,0,0,4,0,0,0,0,2,0,401542082204097096740144,119713400199346649360423,0,414112277995531389141568,0,0,0,0
12,6,9,9,0,6,4,0,2,0,2,1,1,2,2,0,0,0,0,3,0,688985664797777730295218,107594948300977972398812,0,550814242724029098744154,0,0,0,0
6,7,12,3,0,4,4,0,4,0,0,3,0,3,1,0,0,0,2,0,0,935685823712268796645341,88071209674216192199999,0,413846610535502948410722,0,0,0,0
7,5,15,6,0,6,3,0,2,0,1,2,0,1,2,0,0,0,0,3,0,515846205370190695176951,115514345513528295138474,0,311412706746745602346589,0,0,0,0
6,5,11,7,0,5,5,0,1,1,3,0,1,3,2,0,0,0,0,1,0,418222181321074807277099,145019747944925108579696,0,592766847502455789279399,0,0,0,0
6,5,13,6,0,4,7,0,5,0,1,1,0,2,5,0,0,0,1,1,0,653310748475395259083452,198376756586896493236544,0,512397061381470094264834,0,0,0,0
7,2,12,4,0,6,8,0,3,0,4,2,0,4,4,0,0,0,0,3,0,384068059907607063797063,227270930516287474507947,0,450315332670417801782208,0,0,0,0
11,2,1,2,0,7,4,0,0,1,3,0,1,3,1,0,0,0,1,6,0,280847396944035522217967,115199742056116686819706,0,576743195898737165183140,0,0,0,0
11,3,14,8,0,7,2,0,1,0,1,0,0,1,1,0,0,0,1,1,0,774527885788018619910147,223914767102542832898390,0,599672383172068991928836,0,0,0,0
5,5,15,5,0,5,5,0,3,0,2,3,0,4,1,0,0,0,1,3,0,704316426372509162973014,177674534407999999999997,0,388469959143924341689170,0,0,0,0
4,2,7,5,0,8,6,0,3,1,2,2,1,2,4,0,0,0,1,1,0,789683516047285882457889,156489918558962962949996,0,300000000000100000000017,0,0,0,0
10,3,4,5,0,6,6,0,4,0,2,3,1,3,3,0,0,0,1,3,0,902757027444707354946670,245424409372494653283483,0,494007145944330715952408,0,0,0,0
7,3,8,8,0,6,5,0,3,1,1,1,2,1,4,0,0,0,0,1,0,422264705068420779078989,117796671991246263635112,0,342063212673529329505216,0,0,0,0
7,3,9,8,0,7,5,0,3,0,2,1,0,3,2,0,0,0,0,3,0,814739296337593713998493,90098456622132869150005,0,300000000000150000000018,0,0,0,0
5,5,8,10,0,10,3,0,1,0,1,0,0,1,2,0,0,0,0,3,0,329182585193951863184536,25479841431355141814499,0,294942129629779629650000,0,0,0,0
8,4,7,8,0,6,2,0,1,0,1,1,0,1,1,0,0,0,3,0,0,361300316544133981688183,22256066503999999999999,0,415581926143923650879264,0,0,0,0
5,6,5,4,0,2,9,0,8,0,0,4,1,2,7,0,0,0,2,1,0,990712228233400454724150,233864755938067007239755,0,415623212862553801076872,0,0,0,0
9,3,6,5,0,8,3,0,1,2,0,1,2,0,3,0,0,0,0,2,0,418803613038607267300865,68638911762775858296653,0,538278497587488675422392,0,0,0,0
9,3,9,3,0,5,9,0,4,2,3,2,2,4,5,0,0,0,0,5,0,398668584706363862193077,142728647065592735644858,0,771156033687110835665501,0,0,0,0
7,3,8,3,0,4,7,0,5,2,0,4,3,1,6,0,0,0,1,2,0,711466007153188990157241,355549445773784734214872,0,351443878198273481695772,0,0,0,0
3,1,6,3,0,5,7,0,3,2,1,1,3,1,6,0,0,0,0,4,0,316835879334831313363980,204683594553991982958865,0,584746193343278195461393,0,0,0,0
6,7,8,6,0,7,4,0,3,0,1,3,0,4,0,0,0,0,0,5,0,888991894735477676743094,142350530363000000000000,0,427519069600134447729712,0,0,0,0
12,0,6,6,0,7,5,0,3,2,0,1,2,0,5,0,0,0,0,1,0,1053171395945434493974540,177948903874478405656608,0,768653182632975827507744,0,0,0,0
12,6,3,3,0,6,2,0,0,1,1,0,1,1,1,0,0,0,0,1,0,234987502873471164260198,43348877196000000000001,0,579877479678033994228407,0,0,0,0
10,5,13,8,0,5,3,0,2,0,1,2,0,1,2,0,0,0,0,1,0,228550343870405913562553,62871199005432360216219,0,461722394039105594959867,0,0,0,0
8,7,10,5,0,2,2,0,1,0,1,1,0,1,1,0,0,0,0,2,0,328453563924319200275741,93210505145999999999999,0,458662485074661861813668,0,0,0,0
10,8,9,6,0,6,4,0,4,0,0,1,0,1,3,0,0,0,2,1,0,645822412344575831890249,161769821357850497272347,0,596564732785396610659418,0,0,0,0
10,4,9,7,0,6,2,0,2,0,0,2,0,1,1,0,0,0,2,5,0,497590704591537092522669,149999021689999999999999,0,374089369293083349142410,0,0,0,0
8,3,10,5,0,7,5,0,3,2,0,2,2,1,4,0,0,0,1,1,0,467959702713688084301285,161060745201693363640701,0,489005999752304529798335,0,0,0,0
7,9,7,9,0,7,4,0,4,0,0,0,0,0,4,0,0,0,0,1,0,617889816148084565921684,21453530358810591683326,0,413906876733229762322194,0,0,0,0
8,1,12,5,0,3,4,0,2,0,2,1,0,3,1,0,0,0,2,2,0,723448983517699258405186,283898709235733888460816,0,634554441762266612005157,0,0,0,0
5,7,11,3,0,6,2,0,2,0,0,2,0,2,0,0,0,0,0,1,0,404741458710123771792576,149999027394000000000000,0,349999000000100000019139,0,0,0,0
9,7,9,4,0,3,5,0,4,0,1,4,0,4,1,0,0,0,2,3,0,591916167425321563003563,89036890413999999999999,0,739602253733263635356677,0,0,0,0
10,2,10,4,0,5,8,0,5,0,1,2,1,1,7,0,0,0,3,1,0,543860698295691389072576,198378509722139230885499,0,518805557581481412905806,0,0,0,0
12,5,4,4,0,8,4,0,4,0,0,3,1,2,2,0,0,0,0,7,0,707684275246002299142184,142134838394812329940572,0,581838616751930304799193,0,0,0,0
6,3,8,4,0,7,4,0,2,0,2,1,0,3,1,0,0,0,0,1,0,353511400236550160153679,132984631982175186249999,0,426981016214740283844623,0,0,0,0
10,3,5,7,0,8,4,0,1,2,0,0,2,0,4,0,0,0,1,2,0,256655322282320908515555,44660368509245371292782,0,720974552469344805902521,0,0,0,0
6,8,11,9,0,5,2,0,2,0,0,2,1,0,2,0,0,0,0,1,0,1113860475203410479241216,93855000000000000000000,0,605845342367673651676552,0,0,0,0
12,3,10,5,0,5,4,0,2,2,0,1,2,1,3,0,0,0,3,1,0,327654503170840901203105,122979764182222423814750,0,1069912418272614799615992,0,0,0,0
4,12,8,6,0,4,5,0,3,0,2,3,0,4,1,0,0,0,0,1,0,653405327784147030310451,101000004755849999999999,0,370186484739475748677432,0,0,0,0
9,4,10,6,0,4,6,1,4,0,2,2,0,3,3,1,1,0,1,3,0,1145158722248621830721403,162721628033603209944455,0,683605848240189618267628,0,0,0,0
3,7,8,2,0,7,10,0,5,0,3,3,0,5,5,0,0,0,2,3,0,577865171203854097191926,243561248018439795643955,0,318657934692625709546540,0,0,0,0
5,4,11,9,0,3,4,0,4,0,0,2,1,1,3,0,0,0,2,2,0,690979993498520963984254,69698156356803513049997,0,404093070428525859180262,0,0,0,0
11,5,7,3,0,6,8,0,6,0,2,4,1,3,5,0,0,0,2,2,0,217323996677963528479295,182243791392094840980137,0,382080273396680400792277,0,0,0,0
7,10,12,5,0,6,2,0,2,0,0,2,0,1,1,0,0,0,0,4,0,775601311835113578828026,76442790964000000000776,0,610682066141764155108871,0,0,0,0
7,5,13,4,0,6,5,0,4,0,1,2,0,3,2,0,0,0,2,0,0,398538770372919516304818,148284665881985638725094,0,455969918293216629149719,0,0,0,0
11,3,6,2,0,8,4,1,2,0,1,1,1,2,2,1,1,0,2,4,0,558340057512550173722452,77538978927209876499998,0,300000000000228667048784,0,0,0,0
11,6,8,5,0,4,7,0,3,3,1,1,3,1,6,0,0,0,1,0,0,498442787346398831118488,226192662810059295791467,0,694104016844329061623670,0,0,0,0
4,4,10,6,0,6,0,0,0,0,0,0,0,0,0,0,0,0,0,4,0,557845987766899469570439,0,0,300015282541762225943937,0,0,0,0
10,4,11,5,0,4,6,0,5,0,1,1,0,2,4,0,0,0,1,4,0,850460122988407095102013,396416532632058397418274,0,515417966540283070734136,0,0,0,0
10,7,6,6,0,8,0,0,0,0,0,0,0,0,0,0,0,0,0,5,0,311160823439517346263752,0,0,329810295503801709836888,0,0,0,0
7,6,9,3,0,2,5,0,2,0,1,1,1,1,4,0,0,0,1,2,0,171139947706520088189825,59293959430606911990822,0,511628856737654467444739,0,0,0,0
11,4,7,2,0,9,2,0,1,0,1,1,0,1,1,0,0,0,1,3,0,625849669249541945110823,47506299758710434608307,0,521604459915833291960916,0,0,0,0
11,10,8,3,0,2,3,0,2,1,0,2,2,1,2,0,0,0,0,0,0,458973884590532016398480,159874397621791181348153,0,497279471382874270034068,0,0,0,0
6,5,8,7,0,4,8,0,4,0,3,2,0,3,5,0,0,0,0,0,0,680486251081204528857021,195614995075049382649992,0,508892917884352576877309,0,0,0,0
10,2,11,6,0,4,4,0,3,1,0,3,1,1,3,0,0,0,1,2,0,263906388093205595848724,169640899330195982449996,0,714007335074236136088316,0,0,0,0
12,2,8,5,0,4,5,0,2,0,1,0,0,1,4,0,0,0,0,0,0,509104979644252603289103,165196631575938333666085,0,654833442939309780027030,0,0,0,0
6,10,6,7,0,4,6,0,3,1,1,2,1,2,4,0,0,0,1,5,0,761185736060992815210670,200197279028850138596735,0,409701044061849108929820,0,0,0,0
10,4,6,2,0,6,4,0,3,1,0,2,1,1,3,0,0,0,1,1,0,437244482542068435995618,155829850381476917049997,0,634237292461165573513199,0,0,0,0
9,3,11,2,0,8,4,0,1,2,0,0,2,0,4,0,0,0,5,1,0,153709304460574917363902,82023760896453383572468,0,532800833090389406415431,0,0,0,0
8,5,6,4,0,4,3,0,1,1,0,0,1,0,3,0,0,0,6,2,0,302260169433612722668187,50207435689840543454307,0,418144054251773629192005,0,0,0,0
7,4,10,4,0,6,8,0,5,1,1,3,1,3,5,0,0,0,0,3,0,750341248304834683692678,272572611453787124003501,0,514159210264694217017661,0,0,0,0
4,6,8,7,0,7,4,0,3,0,1,3,1,1,3,0,0,0,1,1,0,799965159657924474275689,117759767874299534635450,0,428132855962685237509762,0,0,0,0
7,8,8,5,0,4,5,1,4,0,1,1,0,2,3,1,1,0,1,2,0,509328244038320864503808,50676009096400765617104,0,639501874927781802370154,0,0,0,0
9,3,9,3,0,1,2,0,1,0,1,1,0,2,0,0,0,0,0,2,0,296844403692785975170369,69989390446000000000000,0,842421773413760726933135,0,0,0,0
6,9,9,4,0,7,5,0,2,1,2,2,1,2,3,0,0,0,2,2,0,439455981315641571260236,99275213254048411728797,0,305635878669684089076628,0,0,0,0
3,2,5,6,0,4,9,0,6,2,1,5,2,3,6,0,0,0,1,3,0,1450157523348637885519583,283469536000625503524750,0,300000000000150451924756,0,0,0,0
10,5,6,7,0,4,6,0,2,2,2,2,2,2,4,0,0,0,0,4,0,822109376439401663855082,249559199979075356211134,0,376667417898874717705050,0,0,0,0
4,6,8,4,0,5,6,0,4,0,2,2,2,2,4,0,0,0,0,1,0,741110234667137648643244,161683981915297217126769,0,300128490913982906166236,0,0,0,0
11,4,14,6,0,6,4,0,3,1,0,2,1,0,4,0,0,0,1,5,0,927126893309329059379215,241441882405608261339939,0,394907438023390740480376,0,0,0,0
9,2,6,5,0,6,3,0,3,0,0,1,1,0,3,0,0,0,0,1,0,489875607772026410024502,135505023953389262045487,0,522711000494665827664666,0,0,0,0
10,3,8,6,0,3,5,0,3,0,1,2,0,2,3,0,0,0,2,2,0,1010797811084054590582582,208889426542389807699998,0,815985399426507933215251,0,0,0,0
9,7,6,4,0,4,7,0,5,2,0,2,2,1,6,0,0,0,2,0,0,542146510802251683602439,243601983882405462985531,0,577100105528292749451020,0,0,0,0
13,4,9,8,0,6,5,0,5,0,0,2,0,1,4,0,0,0,0,2,0,694924860167055770460376,271388942204768636739381,0,485200898603420998702077,0,0,0,0
5,8,9,6,0,3,5,0,3,0,2,1,1,2,3,0,0,0,0,1,0,759516761966034464911829,238186781797682022590532,0,514908591174020407629931,0,0,0,0
8,3,6,8,0,8,2,0,2,0,0,2,0,2,0,0,0,0,0,2,0,617857748957601208321248,151039365845000000000000,0,319429360620194125479251,0,0,0,0
12,7,4,5,0,4,6,0,2,0,3,2,1,3,3,0,0,0,3,1,0,505156218801430124926139,319917532600720576150123,0,655036794316421630633125,0,0,0,0
11,9,10,7,0,6,2,0,2,0,0,2,0,1,1,0,0,0,0,4,0,889454661260151549774162,50006000002999999999999,0,457621302992150159646314,0,0,0,0
4,5,12,5,0,4,6,0,3,1,2,2,1,3,3,0,0,0,0,3,0,1011828858440746880605057,258654930743734588449417,0,489489845124106396617412,0,0,0,0
9,4,8,4,0,4,9,0,7,1,1,3,1,3,6,0,0,0,0,1,0,491324553965672627323372,358473675916997098297509,0,518868018266691459985712,0,0,0,0
6,8,7,4,0,4,5,0,4,0,1,3,0,2,3,0,0,0,2,1,0,280048286050626418338634,113298845875502770343496,0,450363794758416981451199,0,0,0,0
4,3,10,9,0,5,6,0,3,0,2,3,2,3,3,0,0,0,3,2,0,614091672117496900700759,129063047923155286089464,0,470625733622013625113276,0,0,0,0
10,7,13,3,0,3,8,0,4,1,3,4,1,5,3,0,0,0,1,1,0,693191085942273982996847,346506896843633879449998,0,546273199254078744774235,0,0,0,0
12,9,9,6,0,5,2,0,0,0,2,0,0,2,0,0,0,0,3,1,0,749548402506594839437465,134341283791000000000000,0,601594621668542157439651,0,0,0,0
6,4,8,6,0,6,5,0,1,1,3,1,1,3,2,0,0,0,1,4,0,777457793003453859692531,173256387961410987033814,0,300000000000205809114320,0,0,0,0
10,8,15,7,0,4,3,0,2,0,1,1,1,1,2,0,0,0,0,3,0,611660229342576583919909,134689755418433903885401,0,768803853033905665036147,0,0,0,0
7,4,8,8,0,4,9,0,3,2,4,1,2,4,5,0,0,0,2,3,0,761013042249913291763833,289168179429008296737877,0,344205447249871008983972,0,0,0,0
5,7,10,6,0,6,5,0,2,0,1,1,1,1,4,0,0,0,0,4,0,443672434589986204741334,138439741524364541749729,0,343118247346260406500886,0,0,0,0
9,5,8,6,0,5,5,0,5,0,0,3,1,2,3,0,0,0,0,2,0,568398355622438082708442,247739310748651798321342,0,539350861090857552203109,0,0,0,0
12,7,7,6,0,4,3,0,2,0,0,1,1,0,3,0,0,0,0,4,0,355121991124532573691224,54698884562231634094455,0,571016822699846574318586,0,0,0,0
7,4,11,5,0,6,6,0,5,0,0,3,0,1,5,0,0,0,0,3,0,908710242124904466079398,339407431811856393679031,0,514409231209015427314446,0,0,0,0
6,5,12,4,0,2,4,0,2,1,1,0,1,1,3,0,0,0,0,0,0,412207812779846739104196,198052110611375209105229,0,461250467675789349076179,0,0,0,0
8,5,6,4,0,2,8,0,6,0,2,4,0,3,5,0,0,0,1,7,0,537870419060111948327621,345734000363679452269965,0,493550633275648775365190,0,0,0,0
10,3,9,7,0,4,2,0,2,0,0,0,0,0,2,0,0,0,0,0,0,364861211360188329080585,29648101456822672880837,0,824904643319364259245061,0,0,0,0
6,3,7,8,0,5,4,0,2,0,1,1,1,2,2,0,0,0,1,2,0,943714735799036619000729,110943565575864197449998,0,300000000000150006617633,0,0,0,0
10,4,8,9,0,6,6,0,3,2,1,1,2,2,4,0,0,0,0,3,0,681078154952300896282675,245965492133134551691515,0,572010864770146870291806,0,0,0,0
10,8,12,7,0,4,3,0,2,1,0,2,1,2,1,0,0,0,1,2,0,588617788509553689539435,104543951207428115310429,0,573835588422562898215684,0,0,0,0
8,4,11,5,0,5,8,0,2,1,5,0,1,5,3,0,0,0,0,2,0,462928813369500989938630,217427682795556050084233,0,379008540281986061623153,0,0,0,0
6,5,8,5,0,6,2,0,0,1,1,0,1,1,1,0,0,0,0,4,0,527990098623945593951727,49253011166359052420052,0,616088744648480128806716,0,0,0,0
9,4,12,1,0,7,6,1,4,0,2,3,0,3,3,1,1,0,1,5,0,565138119940032714412606,260887789850000000659912,0,539943535451968453767455,0,0,0,0
4,4,5,7,0,7,6,0,3,0,3,2,0,4,2,0,0,0,0,4,0,1014726814313157247415536,99833632832999999999996,0,389334436675879774206749,0,0,0,0
6,5,4,5,0,4,7,0,7,0,0,3,1,1,6,0,0,0,0,4,0,623423641701523577578433,126631599015519058066557,0,559934178162497621965708,0,0,0,0
7,7,9,4,0,5,6,0,3,1,2,3,2,3,3,0,0,0,2,3,0,472225151280753894191244,249428611305095520571040,0,684062164780029867128623,0,0,0,0
5,4,7,8,0,6,3,0,2,0,1,2,2,1,2,0,0,0,1,3,0,767355971639081321468758,99658225308000000002827,0,477130206448487905658348,0,0,0,0
6,6,8,6,0,6,1,0,1,0,0,0,0,0,1,0,0,0,3,1,0,258723919990346574056408,28733989197530864099999,0,650405337139223671579567,0,0,0,0
8,4,7,4,0,6,3,0,2,0,1,2,1,1,2,0,0,0,1,2,0,625976230838747678336571,117821307970751602795553,0,410539503272379555903116,0,0,0,0
10,7,11,2,0,4,7,2,5,1,1,2,1,2,5,2,2,0,1,2,0,426996599673531681901081,236409592605112753008525,0,400924754088532109576333,0,0,0,0
5,2,7,5,0,5,5,0,0,0,3,0,1,3,2,0,0,0,1,3,0,777163536111761723271798,99847814742380697033252,0,499997421296446296320020,0,0,0,0
6,2,10,8,0,2,10,0,7,1,2,6,1,5,5,0,0,0,1,4,0,1205899604922475397979661,325136913101257065991830,0,364703976684532125584456,0,0,0,0
7,6,8,6,0,4,6,0,4,1,0,3,2,0,6,0,0,0,1,3,0,423948044153593830879132,139498239710034349459066,0,371391673691894596958734,0,0,0,0
8,3,7,6,0,5,4,0,4,0,0,4,1,0,4,0,0,0,1,2,0,629867194412708496609229,267331669363888881765079,0,355906825015126075565546,0,0,0,0
8,4,12,5,0,7,4,0,3,0,1,2,0,2,2,0,0,0,2,4,0,743508234691963172680763,286377612322385296272430,0,457806932644641830869939,0,0,0,0
3,5,6,6,0,5,5,0,3,2,0,3,2,2,3,0,0,0,0,4,0,885441064524295378060616,170689282431600116988076,0,214934796584226675340516,0,0,0,0
7,11,12,8,0,5,1,0,1,0,0,0,0,0,1,0,0,0,0,2,0,626188683661143657659024,16308106157838005949999,0,410992303663024139152785,0,0,0,0
10,1,11,4,0,7,4,0,2,2,0,2,2,1,3,0,0,0,1,5,0,663397219936532381712507,76342870873303607549828,0,398025665116447378426427,0,0,0,0
8,3,6,5,0,4,8,0,4,2,2,3,2,3,5,0,0,0,1,2,0,671608842263126169784644,206977307641633676753527,0,461360266679880939932489,0,0,0,0
5,7,5,8,0,6,4,0,2,0,2,2,1,2,2,0,0,0,2,2,0,668695334363967231776200,76854794693999999999998,0,449527611149961906422028,0,0,0,0
5,3,7,1,0,7,6,0,4,0,1,3,0,3,3,0,0,0,1,7,0,515204266592058232446097,213539025499914591441791,0,295277170721292383749046,0,0,0,0
5,6,7,4,0,9,2,0,1,0,0,1,1,0,2,0,0,0,0,3,0,336994895018688032598878,90484374999999999950000,0,307027530927911664900857,0,0,0,0
4,4,6,6,0,3,5,0,4,0,1,3,0,2,3,0,0,0,1,4,0,578307608678388277701871,146139159282777777752844,0,300079542981919942555139,0,0,0,0
4,3,10,5,0,6,6,0,3,1,2,1,1,2,4,0,0,0,1,4,0,472439884806201587853552,122317942191125188198846,0,254449650490716616337285,0,0,0,0
6,3,5,4,0,5,1,0,1,0,0,1,0,1,0,0,0,0,5,5,0,862185242605833461899311,50000000008000000000000,0,440495166914390230814688,0,0,0,0
7,6,12,7,0,4,4,0,2,1,1,0,1,1,3,0,0,0,0,3,0,474940112068924671774280,151305726882176178999848,0,508237624265659454542051,0,0,0,0
6,10,5,3,0,5,3,0,3,0,0,2,0,0,3,0,0,0,0,2,0,465134133374598024357459,78622555565858548060452,0,399999000000150000001109,0,0,0,0
7,5,9,7,0,5,4,0,1,0,1,0,0,1,3,0,0,0,0,1,0,604692448409676009990675,118809088499342819401018,0,394774945521885724436327,0,0,0,0
10,3,5,6,0,5,9,0,5,1,3,3,1,5,4,0,0,0,1,1,0,1076745452451821607971912,298639079443573316563592,0,300000000000122081636429,0,0,0,0
7,3,6,1,0,8,5,1,4,0,1,3,1,2,3,1,1,0,1,11,0,430848619321009871942924,118000102077800590338039,0,328043058976490056240276,0,0,0,0
11,4,6,6,0,8,3,0,1,0,2,0,0,2,1,0,0,0,0,5,0,689426539962635399414590,125927669257073600044923,0,309555033430456141983755,0,0,0,0
6,5,9,6,0,3,7,0,5,1,1,3,1,4,3,0,0,0,2,0,0,806519084837243612914808,155893540824320294524513,0,640897061238398154854893,0,0,0,0
8,1,4,5,0,5,5,0,2,2,1,2,2,2,3,0,0,0,0,1,0,771842935834551689230101,160454050477993763925612,0,521058024884877804109429,0,0,0,0
6,5,6,4,0,7,4,0,4,0,0,2,1,0,4,0,0,0,1,2,0,760922977455227743669473,126939903022611447450000,0,333153245737827864561942,0,0,0,0
7,2,11,3,0,7,3,0,1,1,1,1,1,2,1,0,0,0,0,6,0,526430083653948520261423,79066550924925925900000,0,313469165335731431315605,0,0,0,0
10,3,7,2,0,5,3,0,2,1,0,2,2,1,2,0,0,0,0,3,0,164973100668541664710171,37975681958087090424287,0,438870140756799450223725,0,0,0,0
6,4,11,6,0,4,2,0,1,0,1,0,0,1,1,0,0,0,0,4,0,518145441510247662838794,41050501884932756849999,0,606255006602024029772089,0,0,0,0
6,4,8,5,0,5,6,0,3,0,2,1,0,3,3,0,0,0,0,3,0,440513443322343762070967,127789339635589922799998,0,298032600308791975350000,0,0,0,0
5,3,13,3,0,7,6,0,5,0,1,4,1,2,4,0,0,0,0,5,0,494154650087133679596055,200735343336524110993690,0,347467265428662638984392,0,0,0,0
13,6,5,5,0,4,6,0,3,0,3,1,1,3,3,0,0,0,0,1,0,348860882292344516008360,107609883989197542675070,0,1067029807782196439306872,0,0,0,0
11,6,6,8,0,4,3,0,3,0,0,3,0,2,1,0,0,0,1,1,0,811617941452726883624248,107058106488999999999998,0,684867358863375392065683,0,0,0,0
7,4,9,4,0,5,2,1,2,0,0,1,0,0,2,1,1,0,2,2,0,302523655904839806705245,41604999999999999999999,0,538562377686642649719333,0,0,0,0
11,3,14,4,0,6,1,0,1,0,0,1,1,0,1,0,0,0,1,2,0,459904130712557316193725,50000000000000000008070,0,699671383172113294558289,0,0,0,0
10,7,9,4,0,4,0,0,0,0,0,0,0,0,0,0,0,0,4,1,0,346673410842761180073860,0,0,754941016136780022633761,0,0,0,0
9,4,4,8,0,6,7,0,2,0,5,0,0,5,2,0,0,0,0,3,0,351580729700997513738015,92464745208869339465027,0,406257161814919224157826,0,0,0,0
5,10,4,6,0,4,3,0,1,2,0,1,2,0,3,0,0,0,0,4,0,442399865572516393922949,70478928944414109019435,0,254348204111070341547555,0,0,0,0
6,4,6,5,0,8,3,0,0,2,0,0,2,0,3,0,0,0,0,0,0,188850765846857722681208,32576530901132060181772,0,475793550655645240665620,0,0,0,0
8,3,4,9,0,4,5,0,3,0,2,2,0,3,2,0,0,0,0,4,0,575115675967316886447537,55009178352006496023309,0,420968094887331752636188,0,0,0,0
12,5,8,3,0,4,6,0,5,0,0,4,0,3,3,0,0,0,2,4,0,830331758325545624421811,184546326624993416848311,0,526521081575501274130299,0,0,0,0
7,3,9,7,0,7,4,0,4,0,0,2,0,2,2,0,0,0,0,4,0,1077239059743036026493353,204354290077091674000003,0,321902367213009791170973,0,0,0,0
9,4,12,6,0,6,5,0,1,1,3,1,1,3,2,0,0,0,0,1,0,596321015088157879845807,132828860307326280647186,0,591397296719220619827000,0,0,0,0
10,2,7,6,0,4,4,0,3,0,1,2,1,2,2,0,0,0,0,5,0,851280501813241830410881,109441945835155143485583,0,642165950223880684572919,0,0,0,0
10,5,6,4,0,4,9,0,5,0,4,4,0,6,3,0,0,0,0,2,0,1252034857466869652298016,487443373410869541889932,0,531086785848344833318374,0,0,0,0
11,8,6,3,0,5,2,0,2,0,0,2,0,1,1,0,0,0,1,2,0,411231191721344542215594,89175898002453184962544,0,376856035674425116844715,0,0,0,0
13,7,4,6,0,5,3,0,1,2,0,1,2,0,3,0,0,0,2,1,0,622821951165166528502198,162607222686383635334600,0,677884525279048178324312,0,0,0,0
10,4,11,2,0,3,7,0,5,1,1,3,1,3,4,0,0,0,2,4,0,511556935123487205187650,225115819660591029454333,0,546675798111218953592467,0,0,0,0
9,2,9,3,0,4,9,0,5,1,3,3,1,4,5,0,0,0,1,4,0,549991333124548094387187,163554827589306451366736,0,584208868045434654862611,0,0,0,0
8,5,13,2,0,5,2,0,2,0,0,0,0,0,2,0,0,0,2,3,0,133414674166961736580915,100941431387052311662732,0,527886649988848225516432,0,0,0,0
10,3,7,3,0,5,1,0,1,0,0,0,0,0,1,0,0,0,1,1,0,441746577569011516228044,81723732206623995922046,0,435350501054790437151511,0,0,0,0
6,8,5,8,0,5,4,0,3,0,1,2,0,3,1,0,0,0,0,2,0,802726079972401005201054,213468152321602936303348,0,396764510365905278216460,0,0,0,0
8,2,3,4,0,6,3,0,3,0,0,2,1,1,2,0,0,0,0,7,0,682548528957543026653138,152093257134047326778957,0,347081838301350956212246,0,0,0,0
8,3,7,3,0,6,2,0,2,0,0,1,0,1,1,0,0,0,1,5,0,441055868469457010310913,83590277777777777699999,0,626241464400747617599704,0,0,0,0
8,6,7,7,0,4,3,0,2,1,0,1,2,0,3,0,0,0,1,1,0,358542587427453717913337,47155877404139770068820,0,398804088311201573368131,0,0,0,0
12,6,3,3,0,7,1,0,0,0,1,0,0,1,0,0,0,0,0,2,0,259749747311399882251046,46510114401000000000000,0,531769758477830809787803,0,0,0,0
9,2,5,2,0,5,5,0,4,0,1,3,0,1,4,0,0,0,0,3,0,296507343691984482171674,190774475061929576508494,0,509366821085211083299968,0,0,0,0
5,5,8,4,0,3,6,0,5,0,1,5,1,3,3,0,0,0,0,3,0,634764128781429062295265,185900169756000000038773,0,354517193069536931004698,0,0,0,0
10,9,8,7,0,3,5,0,2,1,2,1,1,2,3,0,0,0,3,1,0,407961097316921662548981,60396222722055343770278,0,702696691314791378676221,0,0,0,0
6,5,6,10,0,6,5,0,4,0,1,3,1,3,2,0,0,0,1,5,0,959646466675751007572967,106428001549000000005303,0,312273238138012985135432,0,0,0,0
15,3,6,2,0,4,5,0,1,1,1,0,1,1,4,0,0,0,0,2,0,352291547894394940040082,220050462589633665470412,0,807355612396862028041439,0,0,0,0
8,2,10,4,0,6,4,0,3,1,0,2,2,0,4,0,0,0,1,2,0,502705962737508547533225,181454271347324463807593,0,494292265665474782969924,0,0,0,0
7,3,8,2,0,4,5,0,2,1,1,1,1,1,4,0,0,0,1,2,0,348025336051436867144191,94411244373632997719773,0,501347900853810236208063,0,0,0,0
10,2,7,6,0,8,4,0,1,1,2,0,1,2,2,0,0,0,0,3,0,538719778129484132439961,46172345021055742146775,0,632053300697205141752208,0,0,0,0
6,6,10,4,0,8,4,0,3,0,1,2,0,2,2,0,0,0,0,5,0,480056883254434391536711,132575638939482093649612,0,300000000000226876325283,0,0,0,0
16,5,5,3,0,1,3,0,1,2,0,1,2,0,3,0,0,0,1,0,0,480260003443897974158655,242188393950334455108913,0,775300974021778615327742,0,0,0,0
8,7,8,9,0,6,0,0,0,0,0,0,0,0,0,0,0,0,0,0,0,1074833887002601999572593,0,0,540602062067020287298561,0,0,0,0
6,8,5,3,0,8,7,0,5,0,2,3,1,3,4,0,0,0,0,3,0,569293367215075860754117,301539158645551194689620,0,364167421989677948575250,0,0,0,0
8,4,10,4,0,6,6,0,6,0,0,1,1,0,6,0,0,0,0,2,0,643989642487393903113044,350512445611152534740722,0,499998000000150001126297,0,0,0,0
10,1,10,5,0,5,10,0,6,1,1,3,2,2,8,0,0,0,2,0,0,583417001318309355743296,223815018665689235285078,0,505304374897028321875626,0,0,0,0
10,6,6,3,0,6,4,0,4,0,0,2,1,0,4,0,0,0,0,5,0,389553232927149326995097,99381533080020213421070,0,307000937821502869011903,0,0,0,0
6,3,9,3,0,5,4,0,2,0,2,1,0,2,2,0,0,0,1,2,0,686728514804514250232605,104435263813299265992364,0,477017013620694908362110,0,0,0,0
9,4,7,5,0,6,5,0,4,0,1,3,1,2,3,0,0,0,0,0,0,774651407655368648355645,144848889159999999999998,0,300000000000151677800834,0,0,0,0
9,7,9,2,0,1,6,0,4,1,1,3,1,2,4,0,0,0,1,6,0,800009338870309804640607,231439033021355568262869,0,479643687825845992720230,0,0,0,0
9,2,3,8,0,6,3,0,3,0,0,2,0,2,1,0,0,0,0,1,0,680715213681522458174837,59139988415908387349998,0,632438126180869322286292,0,0,0,0
5,11,11,5,0,5,4,0,4,0,0,3,0,1,3,0,0,0,0,3,0,356805966720536569707957,47992406877889855056538,0,333676794729191932154637,0,0,0,0
6,6,11,9,0,6,2,0,1,0,1,1,1,1,1,0,0,0,1,0,0,1109561227008873501693969,37023489527000000000032,0,582455342367723640678953,0,0,0,0
10,2,8,8,0,5,9,0,5,1,3,4,3,5,4,0,0,0,0,1,0,1047062772466248597566686,315419443703463072017693,0,543088490799609636293011,0,0,0,0
8,8,10,6,0,5,2,0,0,2,0,0,2,0,2,0,0,0,2,1,0,509101309936961457980447,13593050591124178994077,0,519220263635721206413161,0,0,0,0
12,3,8,6,0,5,8,0,5,0,2,0,0,2,6,0,0,0,4,2,0,519929884762450010609451,168655650308894344815902,0,474387879163607469248540,0,0,0,0
8,9,4,5,0,3,6,0,4,1,0,2,1,0,6,0,0,0,0,2,0,335419806498759034435170,59345389855275842093239,0,299516424824808414231032,0,0,0,0
5,1,7,4,0,4,4,0,3,0,0,3,2,2,2,0,0,0,1,5,0,564238308054209287948356,200001000000000000000000,0,390261251325606139294666,0,0,0,0
11,6,7,4,0,3,9,0,7,0,2,4,0,3,6,0,0,0,1,2,0,543465120155925251101883,244894924298492696201432,0,432384982407863684945756,0,0,0,0
7,5,11,5,0,5,3,0,2,0,1,2,0,2,1,0,0,0,1,2,0,433460768694369873958777,104009570763999999999997,0,556212686724558198384000,0,0,0,0
7,8,9,2,0,6,3,0,3,0,0,2,0,1,2,0,0,0,2,3,0,314986931849597439482936,119328936756407407377970,0,405778855783054010687914,0,0,0,0
11,3,12,2,0,2,8,0,6,0,2,3,1,4,4,0,0,0,0,2,0,644305470996252712653525,251993530630657968356103,0,639703415189649358014573,0,0,0,0
9,7,7,9,0,4,7,0,1,0,6,1,0,7,0,0,0,0,0,2,0,379078222408098049251547,88932843930000000000000,0,421322911900843129474216,0,0,0,0
5,1,10,3,0,7,1,0,1,0,0,1,0,1,0,0,0,0,0,8,0,487772902249135982888212,50000019759000000000000,0,336726502974323629085525,0,0,0,0
4,4,10,8,0,5,0,0,0,0,0,0,0,0,0,0,0,0,0,4,0,646724898594395592792956,0,0,417425276767778466896734,0,0,0,0
9,8,6,2,0,5,4,0,3,1,0,3,1,0,4,0,0,0,0,3,0,719502417311786436601197,129958528078304561791138,0,371170308067107940388193,0,0,0,0
9,6,3,3,0,5,4,0,1,1,1,1,1,2,2,0,0,0,0,3,0,477540301310705438514730,131553648046771973595510,0,476833855172462032251325,0,0,0,0
13,8,7,4,0,8,6,0,4,0,2,1,0,3,3,0,0,0,1,4,0,689832945735323605083413,319107615231077932126882,0,543132416300024539191692,0,0,0,0
9,5,8,5,0,5,6,0,3,0,3,2,0,4,2,0,0,0,1,1,0,441327050739122989649093,163665590343000000012974,0,497203790588107238445127,0,0,0,0
11,12,7,3,0,2,3,0,3,0,0,2,0,2,1,0,0,0,1,1,0,429720153389675226827727,24975051507849010579030,0,624726322997577218783032,0,0,0,0
7,3,9,6,0,4,1,0,1,0,0,1,0,1,0,0,0,0,0,1,0,650563947812719674489600,61608402845000000000000,0,629424064844454631040724,0,0,0,0
11,5,7,2,0,8,3,0,2,0,1,2,0,2,1,0,0,0,1,2,0,270723327555804620799003,174106064120710434608304,0,421605459915833291964262,0,0,0,0
8,4,4,5,0,4,3,0,1,1,1,0,1,1,2,0,0,0,0,8,0,467410396781446700360028,118820339382473695869169,0,481344153437464772971273,0,0,0,0
6,5,8,9,0,4,6,0,1,2,2,1,3,3,3,0,0,0,1,0,0,1176219049485627972647542,168767745373270704793035,0,408782633005283847778415,0,0,0,0
8,6,6,5,0,3,5,0,1,1,3,1,1,4,1,0,0,0,3,0,0,305709356133486306043406,143141910719510052450000,0,706979337718932080294786,0,0,0,0
10,4,15,5,0,2,7,0,1,1,4,0,1,4,3,0,0,0,1,1,0,457055867778485495696347,291300775524641691734674,0,544281083428667338415595,0,0,0,0
8,3,4,4,0,4,4,0,3,1,0,1,1,1,3,0,0,0,1,4,0,863769538679490598790359,96297459160217370398539,0,475302000000158276066212,0,0,0,0
8,5,4,2,0,7,2,0,1,0,0,0,0,0,2,0,0,0,1,1,0,111035606358198510157625,72064010111202885299999,0,500770279468111081979828,0,0,0,0
4,7,14,4,0,7,2,0,2,0,0,2,2,0,2,0,0,0,0,6,0,729087538476892201485386,50000000000000135939765,0,256540000000168974999997,0,0,0,0
6,9,6,5,0,6,6,0,4,1,0,2,1,1,5,0,0,0,1,5,0,632325828298031997950092,194891106447210941929480,0,409603050232663382440931,0,0,0,0
6,2,7,9,0,9,3,0,3,0,0,2,0,1,2,0,0,0,0,3,0,980344101899120968145807,193481967134711217234662,0,543188775965167527535562,0,0,0,0
4,6,7,8,0,5,6,0,3,1,2,2,2,2,4,0,0,0,2,1,0,640748338693569214616191,168377864887392740814843,0,399999617270401117293628,0,0,0,0
4,8,5,9,0,4,7,0,5,1,1,4,2,4,3,0,0,0,0,3,0,1137981660866250507571942,173142298675804390229312,0,294590001794231050524164,0,0,0,0
9,4,10,6,0,4,4,0,3,0,1,1,0,2,2,0,0,0,1,5,0,426842507295422239394094,178531392847255576828999,0,685711008433361956824781,0,0,0,0
4,4,10,2,0,8,2,0,0,1,0,0,1,0,2,0,0,0,1,5,0,286775924471793638458223,62479627613669687708223,0,414389040182968000836784,0,0,0,0
4,2,8,7,0,9,2,0,0,1,1,0,1,1,1,0,0,0,2,2,0,1066681658907971510220407,42136032232744876172789,0,401297973665183583647068,0,0,0,0
10,3,7,5,0,4,5,0,5,0,0,1,0,0,5,0,0,0,0,3,0,420438409276455467935870,173737486728953590770642,0,597381592111915376077966,0,0,0,0
10,6,10,8,0,8,3,0,2,0,0,1,1,1,2,0,0,0,1,3,0,717468923582270164489148,92058673553141016529120,0,501777388869944492076184,0,0,0,0
5,8,6,3,0,3,4,0,4,0,0,3,0,0,4,0,0,0,0,4,0,974343575129019847389358,142934446870772944165239,0,186093163462230619470963,0,0,0,0
9,2,4,4,0,5,4,0,4,0,0,3,0,2,2,0,0,0,0,4,0,675427808447482511552191,341841302407900634431441,0,455568864497865782012093,0,0,0,0
9,3,12,12,0,8,7,0,3,2,2,3,2,3,4,0,0,0,0,1,0,1458417688403063953498939,266028551935101137160461,0,420784345439030580609397,0,0,0,0
10,5,6,6,0,5,7,0,4,2,1,1,2,2,5,0,0,0,0,3,0,725237992054971838664159,267527654169832962071683,0,716480685911893379375264,0,0,0,0
12,4,7,4,0,4,5,0,4,0,1,0,0,1,4,0,0,0,0,5,0,695067486261667144952684,252640556993120610843622,0,773944990229550385035649,0,0,0,0
5,1,9,8,0,5,5,0,5,0,0,2,0,1,4,0,0,0,1,4,0,637557572787650707501539,203281751784061092207832,0,504500055768654431917222,0,0,0,0
7,8,10,3,0,4,4,0,4,0,0,4,0,2,2,0,0,0,0,2,0,771135219174024393049635,268442027654423913388664,0,437437504313625658879247,0,0,0,0
3,4,5,2,0,4,6,0,5,0,1,4,0,3,3,0,0,0,3,4,0,796988628496181538446366,242860326010221052699689,0,288545717592742592650000,0,0,0,0
12,4,8,11,0,3,7,0,2,2,3,1,2,3,4,0,0,0,1,0,0,815129839957702845139250,149927803291378583926806,0,597164463070213815037384,0,0,0,0
7,0,8,5,0,5,2,0,2,0,0,1,0,0,2,0,0,0,0,8,0,438417816456827992546197,49999999999999999999998,0,458553267442526410192239,0,0,0,0
9,6,6,4,0,3,7,0,4,3,0,1,3,1,6,0,0,0,1,1,0,416997417070756561945117,234620487000515342482756,0,580651046678976205940126,0,0,0,0
5,5,10,5,0,6,6,0,6,0,0,5,1,3,3,0,0,0,0,2,0,1027129594057958077328586,187949406771833333333227,0,412806135786320232095948,0,0,0,0
7,11,7,9,0,3,2,0,1,0,1,0,0,1,1,0,0,0,0,0,0,1022460143131016499125020,88248767823699373229316,0,588289074034192746634459,0,0,0,0
14,4,9,7,0,2,5,0,4,0,1,2,0,1,4,0,0,0,1,3,0,743859656712984954075219,158496597855277015918420,0,491202136150336268735077,0,0,0,0
12,5,4,5,0,6,6,0,3,1,1,1,1,2,4,0,0,0,1,5,0,524967537825691706195561,155149727808201313752318,0,939079554420311808767815,0,0,0,0
7,5,5,7,0,4,5,0,5,0,0,3,1,1,4,0,0,0,0,3,0,797405413754537550035715,155926107374085392123413,0,442665122423612355296485,0,0,0,0
11,8,10,6,0,6,1,0,1,0,0,1,0,1,0,0,0,0,0,5,0,629306289351996005504370,6000003000000000000,0,590032083063787622671856,0,0,0,0
6,3,7,4,0,8,5,0,2,0,3,1,0,4,1,0,0,0,2,3,0,562110850109854324683631,93995430278074554649999,0,393339314445484162006908,0,0,0,0
4,2,7,2,0,4,6,0,4,0,1,4,1,2,4,0,0,0,0,3,0,617725354997532924016621,300375028464962962928794,0,300000000000203837663074,0,0,0,0
6,3,5,3,0,6,4,0,3,0,0,2,1,0,4,0,0,0,5,7,0,467552140683605442839136,121646677043875197499995,0,331153370954349153563799,0,0,0,0
9,5,7,9,0,6,4,0,3,0,1,3,0,3,1,0,0,0,0,2,0,1091825208231743154462043,206436921789999999999998,0,244011451399493414090287,0,0,0,0
10,2,4,3,0,4,5,0,2,1,2,1,1,2,3,0,0,0,1,3,0,705249243570223808396445,147466119159816537191751,0,710244337701905127919898,0,0,0,0
10,2,6,4,0,6,6,0,4,1,1,2,2,1,5,0,0,0,1,1,0,854524270348037479433921,384979998025156690845412,0,471659904690531726624908,0,0,0,0
12,8,9,6,0,4,3,0,1,1,1,1,1,2,1,0,0,0,1,2,0,901584420150847097281864,273360747178973494061597,0,617086554707536556235332,0,0,0,0
4,5,8,9,0,5,5,0,2,0,3,1,0,4,1,0,0,0,0,1,0,355078866051006240462206,100765723617247339406860,0,401661232572776679726331,0,0,0,0
3,6,4,2,0,3,12,0,9,0,3,7,3,5,7,0,0,0,0,1,0,789671848967525095979170,418451241647466319144943,0,300000000000150000007792,0,0,0,0
8,3,6,5,0,5,4,0,3,0,1,1,1,1,3,0,0,0,0,9,0,464464920025514129176229,188048620259357012299997,0,455014368103505942861081,0,0,0,0
9,8,7,5,0,3,5,0,3,1,1,3,1,3,2,0,0,0,0,1,0,514383420026520721117141,104333813782314366779080,0,605607320270610822522403,0,0,0,0
9,4,6,6,0,5,7,0,1,4,1,1,4,2,5,0,0,0,2,1,0,668972017218190057647207,171791081482136511861742,0,689078690001923103611293,0,0,0,0
9,3,7,2,0,5,7,0,5,1,0,6,3,3,4,0,0,0,3,5,0,468427412378257711923025,176765891063400139515375,0,526787327843635894988985,0,0,0,0
9,6,8,6,0,6,3,0,3,0,0,2,0,0,3,0,0,0,1,3,0,915044644958755946343874,165908359627441964718044,0,539350861090856946850613,0,0,0,0
8,3,11,0,0,4,7,0,6,0,0,3,0,2,5,0,0,0,0,6,0,291718872575819198452500,222179282744389338827044,0,565046604373051786738248,0,0,0,0
7,3,9,8,0,8,4,0,3,0,0,2,1,1,3,0,0,0,1,4,0,884506089758040998447910,85589753282580712175107,0,713260012404335706500517,0,0,0,0
9,2,8,5,0,10,3,0,0,1,0,0,2,0,3,0,0,0,1,2,0,550891953955904403077601,21502168262458985665957,0,486339581737653911874089,0,0,0,0
7,5,12,7,0,5,5,0,3,0,2,2,0,3,2,0,0,0,0,1,0,776443956803527594037600,256762209259703703707046,0,540230638917967521703379,0,0,0,0
5,7,5,7,0,2,3,0,2,1,0,2,2,1,2,0,0,0,2,0,0,491091079438863563940685,122325593124586594693531,0,303716494947245804749950,0,0,0,0
10,2,6,1,0,7,6,0,4,0,2,3,1,3,3,0,0,0,1,2,0,617136606444879862748931,290577766456728394999996,0,350141027738857781984067,0,0,0,0
8,5,6,4,0,3,11,0,7,0,4,4,2,5,6,0,0,0,1,4,0,395997320909916567911066,268460835428569230529383,0,518939034357688289568637,0,0,0,0
4,8,7,5,0,5,7,0,6,0,0,4,0,2,5,0,0,0,0,4,0,626339652946274630401332,182303573835029662630045,0,291775462963112963000000,0,0,0,0
6,3,9,8,0,4,8,0,4,0,3,4,1,4,4,0,0,0,0,2,0,843592400458967961232615,273208371737012916549996,0,370089990142855338850451,0,0,0,0
9,2,7,3,0,3,3,0,3,0,0,3,0,1,2,0,0,0,2,1,0,406255824176483968657519,100006430858077767036525,0,575592295843979724778026,0,0,0,0
10,2,6,4,0,8,3,0,1,1,0,0,2,0,3,0,0,0,0,4,0,602378479544057038618048,82989300787427714293891,0,643163727351194580473150,0,0,0,0
8,5,8,1,0,6,4,0,2,1,0,2,2,2,2,0,0,0,1,1,0,270149449449499919987440,145077975395427361280707,0,505585079229353383067523,0,0,0,0
8,4,7,4,0,6,5,0,4,1,0,2,1,1,4,0,0,0,2,3,0,616013963362628232856172,197698855836110422878589,0,454722038894776137165991,0,0,0,0
10,4,8,9,0,7,8,0,3,2,3,1,2,4,4,0,0,0,0,1,0,607726899363599902093103,222082914664157096127854,0,524114501042796184752598,0,0,0,0
5,4,10,6,0,7,3,0,1,0,2,1,1,2,1,0,0,1,1,2,0,366369830014404897075567,73899968023000000000003,0,250000000000150000001001,0,0,1,0
7,11,7,9,0,4,3,0,3,0,0,2,0,2,1,0,0,0,2,2,0,613527212697657794248568,73714810157388093999999,0,442270812352005127811628,0,0,0,0
7,5,8,5,0,5,2,0,1,0,1,1,1,1,1,0,0,0,0,1,0,372491995213893040980627,50000000075000000000000,0,300000000000150000000002,0,0,0,0
7,5,9,8,0,6,6,0,2,1,2,0,1,2,4,0,0,0,3,3,0,296054266611818938736699,38914460277566319373609,0,545701028682938550141285,0,0,0,0
10,4,6,7,0,8,4,0,2,0,0,1,0,0,4,0,0,0,1,2,0,881472697066885027657016,84085749276213493152843,0,748354905180456984140438,0,0,0,0
4,4,10,7,0,4,4,0,4,0,0,1,0,0,4,0,0,0,0,3,0,810662584214743037833480,325236452310966851174327,0,404210842729725388635955,0,0,0,0
13,4,6,5,0,4,4,0,4,0,0,1,0,1,3,0,0,0,0,3,0,401161922190636909842702,190221226503905123801625,0,732869622826968095716845,0,0,0,0
9,5,12,3,0,6,6,0,3,0,3,2,0,3,3,0,0,0,2,4,0,522973148131170550204843,253134728653248567817755,0,422619855269315693559567,0,0,0,0
5,6,9,10,0,4,5,0,3,0,1,1,0,1,4,0,0,0,0,4,0,816330860351088376430916,165484557595111166446297,0,399983953703903759218408,0,0,0,0
4,6,8,6,0,5,3,0,3,0,0,3,0,3,0,0,0,0,1,1,0,752531654924228945736448,91974871654000000000000,0,326724644584108113738309,0,0,0,0
8,5,12,6,0,6,8,0,4,0,3,4,2,4,4,0,0,0,2,4,0,728771257397090740347739,297317683566185187742876,0,399999000005150000000000,0,0,0,0
9,4,11,2,0,7,1,0,0,1,0,0,1,0,1,0,0,0,0,3,0,95807477453067496811570,9004236712326756176382,0,415705056376248289241264,0,0,0,0
9,4,3,5,0,5,5,0,4,0,0,3,2,1,4,0,0,0,0,5,0,731070196763880355663877,146716641896989551400248,0,627802442732112785133041,0,0,0,0
6,5,8,5,0,6,1,0,1,0,0,0,0,0,1,0,0,0,3,1,0,264786918274642663963586,28733603395061728299998,0,650405337139223671579980,0,0,0,0
10,3,12,10,0,4,3,0,2,0,1,0,0,1,2,0,0,0,3,1,0,770605371438765063341657,116626959427396720209584,0,524292528499627658315761,0,0,0,0
10,2,9,2,0,5,7,0,5,1,1,5,2,4,3,0,0,0,2,2,0,478007239918496332500264,235544114831803143316194,0,638984306001470481761222,0,0,0,0
8,4,11,6,0,5,4,0,2,1,1,2,1,2,2,0,0,0,0,1,0,482303153766853199823679,177305117469125292948924,0,712057761564316768310849,0,0,0,0
7,5,7,4,0,6,4,0,2,1,1,2,1,2,2,0,0,0,1,2,0,511101852745236581299989,287836591095061728299998,0,300000000000249999028260,0,0,0,0
10,11,7,7,0,8,6,0,2,0,1,2,0,1,5,0,0,0,2,1,0,666266031381933814381778,89595470150680333560205,0,671372322943557827430295,0,0,0,0
5,2,7,6,0,4,7,0,2,0,3,2,1,3,4,0,0,0,1,1,0,1289342714669656089236369,189787005134960702551801,0,499997421296446296320020,0,0,0,0
9,3,5,8,0,6,3,0,2,0,1,1,0,2,1,0,0,0,0,1,0,749434119869379632649904,195588036217202304523642,0,704571882847621577265061,0,0,0,0
6,1,7,5,0,4,7,0,3,0,4,0,0,4,3,0,0,0,0,1,0,403978451809375696452146,75369306189210853193311,0,341063490790980174045125,0,0,0,0
9,6,5,8,0,5,4,0,2,1,1,1,1,1,3,0,0,0,1,4,0,429873374001871032978359,103494801144122875863281,0,535379119982643496119879,0,0,0,0
8,8,6,4,0,4,4,0,4,0,0,1,1,0,4,0,0,0,1,3,0,797206982003639155712693,82761206162260998306204,0,397807783736372456798392,0,0,0,0
6,4,7,4,0,5,3,0,2,0,1,2,0,2,1,0,0,0,0,2,0,486253898567296984933352,104698369320742735472277,0,491620762506011293399642,0,0,0,0
5,2,6,3,0,6,2,0,1,0,0,1,0,0,2,0,0,0,2,2,0,354705413907542251779106,67004436728395061699997,0,403543321431506930261067,0,0,0,0
8,3,7,6,0,3,5,0,5,0,0,5,0,1,4,0,0,0,0,2,0,802998653121400156021295,466991664860043007986578,0,355906825015176075565545,0,0,0,0
12,6,6,4,0,7,4,0,1,0,3,1,0,4,0,0,0,0,1,1,0,345470557682315964307415,252813731494000000000000,0,450570280834525875632116,0,0,0,0
8,3,5,5,0,8,4,0,3,0,1,1,0,2,2,0,0,0,0,3,0,568095162004470060778709,188628121339214818199997,0,372094276990444822285798,0,0,0,0
8,7,11,2,0,7,3,1,2,0,1,0,0,1,2,1,1,0,0,2,0,326524436581275817969298,152981659687559475655064,0,370101870087263837320703,0,0,0,0
8,7,6,6,0,7,2,0,2,0,0,1,0,1,1,0,0,0,2,2,0,519477230857280353192436,85120370370370370249999,0,564115350599910432362871,0,0,0,0
6,6,13,3,0,3,2,0,1,0,1,1,1,1,1,0,0,0,0,3,0,523406081974209416732060,121379383423000000000021,0,354077361331109336232923,0,0,0,0
10,1,11,4,0,8,3,0,2,0,1,1,0,2,1,0,0,0,4,3,0,473583302557516201446948,47852801944791739015561,0,477653061794169557774351,0,0,0,0
6,7,8,9,0,5,2,0,2,0,0,2,0,2,0,0,0,0,1,3,0,630029238879841486530251,99970000000000000000000,0,428799569055915530870601,0,0,0,0
9,6,7,3,0,6,3,0,3,0,0,1,0,0,3,0,0,0,2,7,0,256882103662267703471209,115721291766643034881276,0,349906215610965403560603,0,0,0,0
9,11,10,9,0,3,4,0,2,1,1,1,1,2,2,0,0,0,0,2,0,727072765690424135191394,280756476798301317374107,0,581374073375657260300607,0,0,0,0
8,3,11,5,0,4,4,0,3,0,1,2,0,3,1,0,0,0,1,3,0,440011957330220979831824,84274662693000000042889,0,666621307763091728883692,0,0,0,0
5,4,9,7,0,6,5,1,2,0,3,1,0,4,1,1,1,0,1,2,0,366410055914971690676798,113317235511999999999998,0,300000000000230598586547,0,0,0,0
10,3,5,6,0,5,3,0,1,0,2,1,0,2,1,0,0,0,0,4,0,996381700782442465285709,123359237422287308327835,0,550287222557036608652499,0,0,0,0
7,4,6,2,0,9,1,0,1,0,0,1,0,0,1,0,0,0,0,3,0,174574610844384507413399,18797851457697378529231,0,450784294162197071525002,0,0,0,0
5,3,7,1,0,6,5,0,3,0,1,2,1,2,3,0,0,0,1,8,0,172006036591528626448258,105905241702906006478430,0,344323244405525590253249,0,0,0,0
9,4,5,5,0,9,2,0,2,0,0,1,0,0,2,0,0,0,1,3,0,451231200561865113764782,32290529469674110299996,0,449998000000154565687502,0,0,0,0
6,6,12,3,0,5,3,1,3,0,0,1,0,2,1,1,1,0,2,1,0,638149300276946483668040,68862669753086419699999,0,359829149936731473359020,0,0,0,0
12,11,9,5,0,3,8,0,5,0,2,2,0,4,4,0,0,0,0,1,0,714772516813342580020203,341963446422596785970634,0,780908913140522616769456,0,0,0,0
10,6,8,2,0,8,3,0,2,0,1,2,1,2,1,0,0,0,0,5,0,544819730124086850752411,122728653790000000000000,0,569497843494100538289195,0,0,0,0
11,2,1,5,0,8,4,0,1,1,1,1,2,2,2,0,0,0,1,6,0,468438180308440118677168,107009519065586805344109,0,592032565104515315266165,0,0,0,0
10,6,5,3,0,5,5,0,2,2,1,1,2,2,3,0,0,0,1,2,0,617826795567932671059886,204438151338275150665094,0,663318429590561794165756,0,0,0,0
6,6,5,4,0,4,4,0,3,0,1,3,1,3,1,0,0,0,2,5,0,506043293535155838083536,136881560339290228198744,0,399999000000150000023724,0,0,0,0
6,7,6,6,0,5,7,0,2,1,3,2,1,5,2,0,0,0,1,2,0,830264937847097900618840,94434796696899259648118,0,437517887867701708883611,0,0,0,0
4,3,7,4,0,8,4,0,1,2,1,1,2,1,3,0,0,0,2,2,0,532549411964006896010392,110888373887949413782371,0,300000000000100000000017,0,0,0,0
6,5,9,4,0,6,5,0,4,0,0,4,0,1,4,0,0,1,0,4,0,572582031134455392914486,221132974431976571447614,0,361784360869156934228172,0,0,1,0
7,5,6,2,0,6,4,0,2,1,1,2,2,2,2,0,0,0,1,4,0,602070893887729429541133,74171184511093814496370,0,578880710784874579980608,0,0,0,0
10,3,5,7,0,6,8,0,5,1,2,2,1,3,5,0,0,0,1,2,0,1188119034632566805600121,225424635670863021438877,0,300000000000100557071585,0,0,0,0
10,7,8,6,0,5,4,0,4,0,0,1,0,1,3,0,0,0,0,5,0,590749759113600836585900,88502093684096829786074,0,598174445951030881345823,0,0,0,0
5,6,8,12,0,9,3,0,1,0,1,0,0,1,2,0,0,0,0,3,0,344441719107462164910249,29979412648606085949999,0,344624147694130275853884,0,0,0,0
7,2,8,3,0,5,4,0,1,1,2,1,1,2,2,0,0,0,1,3,0,606079261008776135218304,294879708710004844422407,0,510109194776701645871640,0,0,0,0
8,2,4,4,0,5,5,0,3,2,0,3,2,2,3,0,0,0,0,1,0,823113192679225277152956,283078682161144975897314,0,381828887063515895672451,0,0,0,0
12,6,7,6,0,5,3,0,2,0,1,2,1,2,1,0,0,0,1,1,0,762742563773772787637223,116396671189000000000000,0,768399947370292627432335,0,0,0,0
3,4,11,11,0,7,5,0,4,1,0,3,2,1,4,0,0,0,0,3,0,1119714630841368507616032,52068300496822921383997,0,300000000000184905571883,0,0,0,0
7,4,8,3,0,3,7,0,6,1,0,5,2,2,5,0,0,0,1,2,0,881318493354576210306487,528562323410461072233273,0,351465263198273481695773,0,0,0,0
12,9,5,6,0,5,1,0,1,0,0,0,0,0,1,0,0,0,1,3,0,425757092244710323753717,27672640091720339997418,0,636269560312070272835600,0,0,0,0
6,3,6,5,0,4,5,0,4,0,1,3,0,2,3,0,0,0,1,4,0,460694411162932342617039,97870554348560689892703,0,370575573950646199022639,0,0,0,0
10,4,7,3,0,5,2,0,1,1,0,1,1,1,1,0,0,0,2,2,0,247607393574298461993480,5775131172839506150000,0,438839771926173774153588,0,0,0,0
8,5,7,5,0,6,3,0,2,0,1,2,0,2,1,0,0,0,0,2,0,595640887798556927663788,192550260271557750677500,0,567105119603310343533479,0,0,0,0
12,1,6,4,0,8,5,0,3,2,0,3,2,2,3,0,0,0,0,1,0,814461001822770220898825,184215372320349614205301,0,826536885537977175866548,0,0,0,0
6,4,9,4,0,3,7,0,2,0,3,2,1,4,3,0,0,0,1,3,0,869761900408327108266343,159524720293284883750000,0,552330859265839169109182,0,0,0,0
6,5,7,6,0,6,5,0,3,0,1,2,0,2,3,0,0,0,1,3,0,941147665267985658576399,70554517271950617249997,0,298626314015736211687477,0,0,0,0
5,3,13,3,0,8,4,0,3,0,1,3,1,2,2,0,0,0,1,6,0,585934984201946799771258,156438644701674219023870,0,347467265428662638984430,0,0,0,0
10,4,9,8,0,7,1,0,1,0,0,1,0,0,1,0,0,0,2,6,0,426980595928285774215080,49999999999999999999999,0,500346832752860471816259,0,0,0,0
3,2,11,3,0,6,6,0,4,0,1,4,1,3,3,0,0,0,0,4,0,895038820042832913743511,196152984328542173991742,0,272347708260572023491266,0,0,0,0
7,7,10,4,0,6,3,0,2,0,1,2,0,2,1,0,0,0,2,2,0,487641237099867501438752,78370938741363798622536,0,560830720044664293220973,0,0,0,0
7,5,9,3,0,6,2,1,2,0,0,1,0,0,2,1,1,0,2,2,0,416441661215120142256332,38359810000000000000021,0,596997690950356253443004,0,0,0,0
6,7,7,5,0,7,4,0,4,0,0,1,0,1,3,0,0,0,0,5,0,456704953905105941747379,146649629727722318545533,0,638713045347706337010395,0,0,0,0
5,6,11,2,0,7,1,0,1,0,0,1,0,1,0,0,0,0,0,2,0,224213119783591417622464,99999022815000000000000,0,349999000000100000019176,0,0,0,0
11,7,6,3,0,4,8,0,1,1,5,1,1,5,3,0,0,0,0,1,0,774103000204196032003183,500526905372319492375343,0,460015639588972723032454,0,0,0,0
9,4,7,5,0,6,6,0,2,0,2,2,0,3,3,0,0,0,0,3,0,718710286230706689585297,185484440765097824983985,0,356300465514592483061052,0,0,0,0
6,5,6,4,0,7,3,0,0,2,0,0,2,0,3,0,0,0,0,0,0,189464128271219074725363,19041308653473946287998,0,472867683655463485100073,0,0,0,0
12,4,4,5,0,9,4,0,2,0,2,1,0,3,1,0,0,0,1,6,0,363928043174148819844708,109463354243197530849998,0,417050345580394791944164,0,0,0,0
7,3,7,10,0,5,3,0,3,0,0,1,0,0,3,0,0,0,0,3,0,871576211099289219152886,15612961673598904137228,0,499002428668532622486925,0,0,0,0
6,4,6,5,0,5,8,0,5,1,2,3,1,3,5,0,0,0,0,4,0,820978734297881446363331,368001390131559834858943,0,262335126263257531832633,0,0,0,0
9,5,13,2,0,4,4,0,2,1,1,2,1,2,2,0,0,0,0,2,0,428383717511480740801589,153979961679481954622673,0,578291640305672085057150,0,0,0,0
8,6,5,3,0,6,8,0,5,2,1,4,3,3,5,0,0,0,0,3,0,894647010415028873248015,168486973976897945546062,0,399999000000153675707423,0,0,0,0
11,3,5,2,0,7,10,0,5,0,3,1,0,4,6,0,0,0,0,3,0,540232414167338528014364,329856903451435058200316,0,350733993704860682957794,0,0,0,0
4,10,8,5,0,6,4,0,3,0,1,3,0,3,1,0,0,0,0,2,0,716659354764770261976310,51000004755849999999998,0,413378596524112543680271,0,0,0,0
6,2,14,4,0,2,4,0,4,0,0,3,1,2,2,0,0,0,1,2,0,951125771524531364235124,210891788568682169798522,0,575734219928944076118172,0,0,0,0
11,6,6,3,0,5,4,0,3,1,0,3,1,2,2,0,0,0,0,1,0,677398183526123856873027,312780735607317711302674,0,395203774601560686014344,0,0,0,0
9,6,11,6,0,3,6,0,3,1,2,2,1,3,3,0,0,0,0,2,0,791578636246876479996589,298664399896488697947006,0,717604329663796552578613,0,0,0,0
9,4,11,4,0,4,4,0,3,0,1,3,1,2,2,0,0,0,0,4,0,317266666811833777516706,106638746157776788382773,0,599562002900223341499562,0,0,0,0
5,3,11,10,0,3,3,0,3,0,0,2,0,1,2,0,0,0,4,1,0,817847008358126377701993,137868991723304877149998,0,354083070428525859180280,0,0,0,0
8,5,13,3,0,5,2,0,2,0,0,1,1,0,2,0,0,0,2,3,0,130013218266727735984824,82079455892119395938165,0,549903212118903461896856,0,0,0,0
10,5,5,5,0,2,6,0,3,0,3,2,0,3,3,0,0,0,2,3,0,966672274538769188807958,306588611825999999999991,0,426569950548770606118807,0,0,0,0
7,4,9,4,0,6,6,0,1,2,1,1,2,1,5,0,0,0,0,2,0,243206638928986795226300,106716839907886512249543,0,665314190548078255535740,0,0,0,0
11,4,6,2,0,8,3,0,0,0,2,0,1,2,1,0,0,0,3,4,0,428745626044279374502605,131776419950962962950000,0,300000000000228667048784,0,0,0,0
6,5,7,7,0,6,4,0,3,0,1,1,0,2,2,0,0,0,0,3,0,946052818479882229422780,173536428809000787445476,0,400000000000176370706064,0,0,0,0
8,0,3,3,0,8,2,0,2,0,0,1,0,1,1,0,0,0,0,8,0,508741213561080524173509,107351808406745605460794,0,347081838301350956212246,0,0,0,0
8,8,5,6,0,5,6,0,3,1,2,3,2,3,3,0,0,0,1,0,0,449750997804448524803205,119834033660244186264175,0,411571001018380857652025,0,0,0,0
6,6,10,6,0,7,5,0,3,0,2,0,0,2,3,0,0,0,0,0,0,321612670482364088878772,86367504725130851412620,0,536363018065988180066661,0,0,0,0
10,10,6,6,0,8,1,0,1,0,0,1,0,1,0,0,0,0,0,4,0,537102137633763113619481,50000006773000000000000,0,428112519503751709841119,0,0,0,0
9,3,5,2,0,4,6,0,5,0,1,3,0,2,4,0,0,0,0,2,0,314644616181191347897986,275902663636997184927693,0,507709476908103751256139,0,0,0,0
6,3,9,5,0,8,4,0,1,1,2,1,1,3,1,0,0,0,2,3,0,464453987252361438420866,100467847500754847200010,0,354467350258725865397196,0,0,0,0
6,3,8,7,0,7,5,0,3,0,2,1,0,2,3,0,0,0,0,4,0,587691791944299323209610,139299354163826370863492,0,407556925471957835121256,0,0,0,0
9,5,7,5,0,3,3,0,2,0,1,2,0,1,2,0,0,0,2,3,0,442932141034100505440629,154375241968124579973367,0,563842331756419003495860,0,0,0,0
6,6,8,7,0,3,8,0,5,0,2,3,0,3,5,0,0,0,0,0,0,753414466217649407540762,225034299959049382649995,0,514189412712031772849524,0,0,0,0
8,3,9,9,0,3,3,0,1,0,2,1,0,2,1,0,0,0,1,4,0,855238906085914468984138,114011118481447298743432,0,515889311131277912163575,0,0,0,0
15,5,6,2,0,3,4,0,1,0,1,0,0,1,3,0,0,0,1,2,0,195615730574094536099777,174448441138415793113468,0,910107951554718389700340,0,0,0,0
6,4,10,4,0,6,4,0,1,0,0,0,3,0,4,0,0,0,5,1,0,496367565309015060564515,53510385059855845391621,0,412733378094223421648860,0,0,0,0
8,5,8,3,0,6,3,0,0,0,3,0,0,3,0,0,0,0,0,5,0,298229048304930384024665,131874270033000000000000,0,600784083514648030776941,0,0,0,0
10,3,6,3,0,6,3,0,2,1,0,1,1,1,2,0,0,0,1,2,0,370154363683445060702982,110184889019120081799998,0,615925881203413456244679,0,0,0,0
5,5,9,4,0,6,6,0,3,0,3,3,0,5,1,0,0,0,0,3,0,820248307734749854485276,338859849103000000000003,0,351104000000134956842358,0,0,0,0
6,3,10,4,0,6,5,0,4,0,1,2,0,1,4,0,0,0,1,3,0,686580799932729916946817,86911584367999999999993,0,300000000000226876325283,0,0,0,0
14,9,5,7,0,6,4,0,2,0,2,0,0,2,2,0,0,0,2,0,0,528439186922812941065470,109676314659029811017434,0,506236127632337018603732,0,0,0,0
8,5,8,5,0,5,5,0,4,0,1,3,0,3,2,0,0,0,0,3,0,787711197520326822930955,240284984087296296249997,0,669771016745507354525812,0,0,0,0
7,9,8,4,0,4,5,0,4,0,1,3,0,3,2,0,0,0,1,2,0,438571385352877015736522,144214088118521523361273,0,643911680928005280385329,0,0,0,0
8,4,6,4,0,8,2,0,0,1,1,0,1,1,1,0,0,1,0,2,0,232175092808585321827450,23863884795090875550000,0,448637369950281711765370,0,0,1,0
6,7,5,3,0,7,6,0,4,0,2,2,0,3,3,0,0,0,1,3,0,314244921036395507744512,183471947751883829168626,0,405294911659191486220306,0,0,0,0
15,3,7,5,0,5,5,0,4,1,0,1,1,0,5,0,0,0,0,2,0,482181732712887633656450,127191341289350467767998,0,634041647498132644905361,0,0,0,0
7,3,8,4,0,8,3,0,1,2,0,1,2,1,2,0,0,0,1,5,0,335127901020728770749584,47978613435075748266519,0,323825069888764167569874,0,0,0,0
3,2,5,6,0,3,7,0,6,1,0,5,1,2,5,0,0,0,1,5,0,1167820857418444394495821,255381365740741192624748,0,300000000000150451924756,0,0,0,0
6,4,9,2,0,7,6,0,4,0,2,2,0,2,4,0,0,0,0,1,0,300354638656685378937979,188821061055572717147754,0,399559974082466224933276,0,0,0,0
7,2,10,5,0,6,5,0,4,0,1,3,1,3,2,0,0,0,2,3,0,740505011580565821258751,280561796486246674328119,0,448873904226927228200823,0,0,0,0
3,3,11,6,0,4,1,0,0,1,0,0,1,0,1,0,0,0,4,0,0,628133094939505137834589,16578510802469135750000,0,396202659583842798183364,0,0,0,0
9,2,6,5,0,6,2,0,1,1,0,0,1,0,2,0,0,0,1,1,0,432856007921974233803762,99270138672753521088271,0,539864754522365176235509,0,0,0,0
12,9,9,6,0,4,5,0,3,1,1,1,2,1,4,0,0,0,0,1,0,566064703995768175767641,133404138340072540564703,0,535689054258785589675356,0,0,0,0
7,4,4,5,0,3,8,0,4,1,2,2,1,3,5,0,0,0,2,1,0,912591058488882343626649,365292978202045233838134,0,449747161645133406782824,0,0,0,0
5,9,11,8,0,5,6,0,4,2,0,2,2,1,5,0,0,0,0,1,0,435978155774341758673395,129855347866141736173899,0,354500229219774084769846,0,0,0,0
11,5,8,6,0,5,6,0,2,1,0,1,1,0,6,0,0,0,1,3,0,435601769519626293421217,122667936761398716352591,0,295605359147175813737373,0,0,0,0
8,4,6,9,0,7,3,0,1,0,2,1,0,2,1,0,0,0,0,1,0,604269122790369561053861,151825377395625974103868,0,404876593478928038368597,0,0,0,0
11,5,4,2,0,7,1,0,1,0,0,1,0,1,0,0,0,0,0,4,0,621757720483339757278628,83676820525000000000000,0,427639408757265082475023,0,0,0,0
8,4,5,7,0,3,5,0,4,0,1,2,2,1,4,0,0,0,1,2,0,1036704512513769532565865,89654625540306079304869,0,554256808444973252871191,0,0,0,0
12,3,8,4,0,6,7,0,3,0,2,0,1,2,5,0,0,0,2,5,0,575479845062919674777000,164103144174708135689235,0,520392674326487458285213,0,0,0,0
5,6,7,9,0,7,2,0,2,0,0,0,0,0,2,0,0,0,2,1,0,356734774348459306251878,16744899648884090663273,0,435790824074174074185565,0,0,0,0
4,4,9,1,0,4,5,0,4,1,0,3,1,1,4,0,0,0,0,4,0,544402961048227075813461,175268320961305188730368,0,300000000000134624477399,0,0,0,0
9,3,8,4,0,5,6,0,5,1,0,2,1,1,5,0,0,0,2,2,0,437363811465700035742848,276838984748607151640332,0,536639940844421963143604,0,0,0,0
7,5,11,5,0,7,3,0,2,0,1,2,0,2,1,0,0,0,0,3,0,508955379080591368798726,104009570763999999999997,0,536457125821024535312724,0,0,0,0
11,5,9,4,0,7,4,0,2,1,1,1,1,1,3,0,0,0,0,1,0,355215712741200459638396,186633213602075590983982,0,670825141626173138814602,0,0,0,0
8,6,8,8,0,3,5,0,2,1,2,2,1,4,1,0,0,0,0,2,0,854958767748170216161940,153739209286533914550006,0,752830987566819168707170,0,0,0,0
9,5,16,2,0,7,1,0,0,0,1,0,0,1,0,0,0,0,0,2,0,167193356122955677150000,17356674511000000000000,0,697033874032725910371506,0,0,0,0
10,8,13,4,0,3,9,0,4,2,3,4,2,5,4,0,0,0,0,1,0,695767603123232896491347,406201464710413118379528,0,487110186076026609928884,0,0,0,0
9,7,7,9,0,4,7,0,0,0,7,0,0,7,0,0,0,0,0,2,0,433672270459052029402949,193704374119000000000000,0,421322911900831538169889,0,0,0,0
7,6,6,3,0,6,3,0,3,0,0,2,1,0,3,0,0,0,0,3,0,476292737067149724783761,99999999999999999999996,0,500025365652447334510595,0,0,0,0
6,6,3,12,0,5,3,0,2,1,0,1,1,1,2,0,0,0,0,2,0,1047070665103179274573986,148173633383799647500013,0,415695109549427699380587,0,0,0,0
12,3,12,6,0,4,7,0,4,1,2,3,2,3,4,0,0,0,0,1,0,709867204909837245673893,276760863560497089661518,0,449998000000206205043113,0,0,0,0
7,5,8,9,0,5,8,0,5,0,3,3,1,4,4,0,0,0,2,4,0,1048615221524245318864067,348411676463269733300003,0,406920091049550503686992,0,0,0,0
9,5,3,4,0,5,4,0,1,1,1,1,1,2,2,0,0,0,0,3,0,451016765894857674917591,124944292722389654146563,0,479076919452364721987239,0,0,0,0
6,5,5,1,0,6,8,0,4,3,1,3,3,1,7,0,0,0,0,9,0,525100432851848083850289,209711291590471501643296,0,371523068677445700659070,0,0,0,0
7,6,8,6,0,4,7,0,5,0,2,2,1,3,4,0,0,0,0,1,0,349871005128910045714374,125544138955002838126407,0,471134523144305710963060,0,0,0,0
7,3,9,3,0,7,2,0,2,0,0,1,0,1,1,0,0,0,0,2,0,228982286856290555041440,50000409202600622071603,0,423197637943578251129172,0,0,0,0
11,12,7,4,0,2,3,0,2,1,0,2,1,2,1,0,0,0,1,1,0,690901907354930481045802,29773991345197530750000,0,742542453225757834249575,0,0,0,0
7,4,11,5,0,6,8,0,5,0,1,2,0,1,7,0,0,0,0,1,0,810522120436625244472315,377202143192598217581545,0,485262942139206468266595,0,0,0,0
11,2,12,2,0,8,3,0,2,0,1,0,0,1,2,0,0,0,1,0,0,395033230149612591879973,163189013227605883295517,0,478467146063247907782648,0,0,0,0
6,7,6,6,0,7,2,0,1,0,1,1,0,2,0,0,0,0,0,4,0,627687767520498164966052,55381558641000000000000,0,318419571908291373445785,0,0,0,0
7,6,5,6,0,7,6,0,3,1,2,2,1,3,3,0,0,0,0,4,0,641230271978274579549404,134304261414308641950008,0,382374925216737466926094,0,0,0,0
6,3,8,7,0,5,5,0,0,2,3,0,2,3,2,0,0,0,1,1,0,1241184724484554741438229,58794767959458690594513,0,326878334810598913323762,0,0,0,0
6,3,7,8,0,5,4,0,2,0,1,1,1,2,2,0,0,0,2,1,0,1142124884055995305549926,108077964890123456699998,0,300000000000150006617633,0,0,0,0
10,7,7,6,0,6,5,0,2,2,0,2,3,1,4,0,0,0,0,0,0,486620658443396800018336,136790997497501851835820,0,585040476509378117713012,0,0,0,0
5,2,2,6,0,6,4,0,3,0,1,3,1,3,1,0,0,0,0,3,0,920654859780917487983127,110230000000000096702540,0,399999000000100472657792,0,0,0,0
5,6,7,6,0,5,3,0,3,0,0,3,1,1,2,0,0,0,0,1,0,1016454327135419361823958,149999999999999999999998,0,311989966059008716033839,0,0,0,0
8,2,4,1,0,5,5,0,4,1,0,2,1,1,4,0,0,0,0,4,0,567887219489950510737574,124040418292703703649997,0,375270352501719963561791,0,0,0,0
8,3,11,4,0,5,8,0,3,0,5,1,1,5,3,0,0,0,0,2,0,521206557549484784439827,230844040151157354184621,0,369772222380028008979861,0,0,0,0
11,6,12,9,0,1,6,0,4,0,2,1,0,2,4,0,0,0,0,0,0,463827046279830697804849,97135415310580487394784,0,755723721420356883072831,0,0,0,0
8,4,7,5,0,5,2,0,2,0,0,2,1,0,2,0,0,0,1,1,0,954116709661702691390729,179106223522659708270498,0,380278294975249511375097,0,0,0,0
4,7,7,2,0,6,4,0,2,2,0,1,2,1,3,0,0,0,3,2,0,188775512390880097400774,113267652923356433149998,0,399999617270401117293636,0,0,0,0
4,2,9,6,0,8,4,0,2,1,0,1,2,0,4,0,0,0,0,3,0,571107420596562617052968,84428774661430489640067,0,289772955247063580300000,0,0,0,0
6,5,4,4,0,4,7,0,7,0,0,3,1,1,6,0,0,0,0,4,0,1066188434592698087970924,362099702294764617004208,0,478124663066523568143027,0,0,0,0
9,1,12,2,0,5,7,0,6,0,0,4,1,2,5,0,0,0,0,0,0,589287024019021606816368,187203276244000000004425,0,461825636445103400467625,0,0,0,0
13,3,10,6,0,7,6,0,3,0,2,2,0,3,3,0,0,0,3,1,0,864066079183197184233466,260512419506141884599997,0,576952375334111774200678,0,0,0,0
4,5,10,2,0,8,3,0,1,0,1,1,1,1,2,0,0,0,1,4,0,444343395157151226572135,90188464505288842047050,0,399997000000107209519591,0,0,0,0
12,7,8,5,0,4,1,0,1,0,0,1,0,1,0,0,0,0,3,0,0,306962695116267688479211,50000000004000000000000,0,521374617180078099722357,0,0,0,0
7,7,9,5,0,6,7,0,5,0,2,3,2,3,4,0,0,0,2,2,0,625916110614866584612628,228112154683679330067602,0,584006800780129835645995,0,0,0,0
6,3,8,6,0,4,5,0,3,1,1,2,1,2,3,0,0,0,0,1,0,1132969608948802054680908,163657003063152693244322,0,280428276706924010841835,0,0,0,0
6,5,10,2,0,4,6,0,5,0,1,4,2,1,5,0,0,0,0,2,0,476093554699778862128929,243476797763296316126878,0,342116211888970197337043,0,0,0,0
7,4,8,6,0,3,3,0,3,0,0,1,0,0,3,0,0,0,0,3,0,923929549245040722759518,49999999999999999999991,0,599451961219735931009802,0,0,0,0
5,6,6,2,0,3,4,0,4,0,0,3,0,0,4,0,0,0,0,4,0,929998395046463988145144,145622155204106277515235,0,204302981622033831501300,0,0,0,0
8,5,7,7,0,8,2,0,1,0,1,0,0,1,1,0,0,0,0,4,0,513931020053907892018319,10401558715491129741686,0,430815180643850525822871,0,0,0,0
10,2,8,3,0,5,2,0,1,0,0,0,0,0,2,0,0,0,4,5,0,256448736840685354117453,118097693226730755630205,0,582013093927714340438744,0,0,0,0
9,3,12,5,0,4,2,0,1,0,1,1,0,2,0,0,0,0,0,7,0,323760383286470540064979,169357310706000000000000,0,416543048926693004898760,0,0,0,0
12,4,7,4,0,4,7,0,5,0,2,1,0,2,5,0,0,0,0,3,0,669446960616071177803518,269744146683252376962358,0,854339877071425577404508,0,0,0,0
9,2,6,8,0,7,7,0,4,1,1,2,2,2,5,0,0,0,0,1,0,760854550004046463512660,192299599388679809201106,0,395235696785988049792436,0,0,0,0
7,5,8,7,0,3,6,0,4,1,0,2,1,0,6,0,0,0,3,1,0,342501081730777011467169,148078681835069090482793,0,389980374853712512257559,0,0,0,0
4,3,13,5,0,7,3,0,3,0,0,2,1,0,3,0,0,0,0,1,0,805158472427595159159122,124233890531659781900007,0,308057648888060833246893,0,0,0,0
10,3,5,3,0,6,6,0,4,0,1,3,2,2,4,0,0,0,2,2,0,427511221219580626773901,168400731476823568975696,0,562364463427539239377828,0,0,0,0
3,4,5,3,0,4,6,0,5,0,1,4,0,3,3,0,0,0,1,6,0,843995240379191576715811,272030661974221052699684,0,288509645061878395100000,0,0,0,0
6,4,6,3,0,6,4,0,3,0,1,2,1,1,3,0,0,0,0,7,0,520576403504592591752629,307728974358804405431193,0,404080725156964625371978,0,0,0,0
6,8,6,3,0,4,4,0,3,1,0,3,1,2,2,0,0,0,0,3,0,452384119258967661076338,133883264822491181999997,0,307631465601990405960214,0,0,0,0
3,6,6,6,0,4,8,0,3,0,5,2,1,5,3,0,0,0,0,1,0,850762365327525181074490,199358092267726039066440,0,206319132848321219250000,0,0,0,0
10,3,7,4,0,9,2,0,1,0,1,0,0,1,1,0,0,0,0,5,0,390918311048342459011806,106003490207011087757725,0,503477656186416210631963,0,0,0,0
5,5,10,5,0,7,7,0,7,0,0,6,1,3,4,0,0,0,0,1,0,912842652292172020337408,237977759765976851849229,0,411080342461945232185678,0,0,0,0
7,3,6,7,0,4,3,0,1,1,0,1,2,1,2,0,0,0,1,2,0,815588219978750864551432,94684128266796116976201,0,743776334393857788842633,0,0,0,0
8,2,6,6,0,4,8,0,4,2,2,3,2,3,5,0,0,0,2,1,0,719277086253878524838122,208130317887711781896782,0,461360266679880927779711,0,0,0,0
13,5,12,4,0,3,3,0,1,0,1,1,1,1,2,0,0,0,4,2,0,384702717126902741079408,133667319140255416481873,0,852766064934833958513467,0,0,0,0
11,2,4,6,0,6,4,0,3,1,0,3,1,1,3,0,0,0,1,4,0,834965646628860601494274,153238337276376687129745,0,557718163096003483977507,0,0,0,0
7,4,5,6,0,4,4,0,4,0,0,3,1,1,3,0,0,0,0,4,0,644074641653228087093832,214876297210196710076352,0,340000000000150000000000,0,0,0,0
8,4,4,2,0,5,6,0,3,1,2,2,1,2,4,0,0,0,1,2,0,497229123300483337431188,195112046890370370299993,0,300000000000241482965656,0,0,0,0
5,8,8,4,0,8,3,0,2,0,0,1,0,1,2,0,0,0,0,2,0,214425289101293787989194,90106425468567632112503,0,307069349051877534494312,0,0,0,0
6,7,3,10,0,8,1,0,0,0,0,0,0,0,1,0,0,0,1,1,0,669506146871059440551878,26006365740740740700000,0,387840054983541784164714,0,0,0,0
7,5,8,6,0,7,3,0,3,0,0,3,0,1,2,0,0,0,0,2,0,753322457996643286243359,247813535319000000837564,0,540111485996958054812789,0,0,0,0
4,3,7,4,0,5,6,0,3,0,2,2,1,2,4,0,0,0,0,3,0,507134213742291209915213,230574297546790123349996,0,300000000000203837663074,0,0,0,0
7,4,9,9,0,5,2,0,1,0,1,1,0,2,0,0,0,0,0,3,0,512010310794318079069637,49506499148000000000000,0,543350113806935371608007,0,0,0,0
7,7,12,5,0,4,5,0,3,1,1,1,2,1,4,0,0,0,0,2,0,662059978753038017286899,140840967043897803479075,0,508237624265659454542093,0,0,0,0
7,2,5,5,0,5,5,0,3,0,0,1,2,1,4,0,0,0,1,5,0,692682681364475457715424,126107125974629444481088,0,518378858581201227236099,0,0,0,0
6,2,6,6,0,5,3,0,2,0,1,2,1,1,2,0,0,0,0,4,0,742097406372110543640845,111434992499999999999999,0,316288373401154649883670,0,0,0,0
10,4,4,2,0,5,4,0,2,0,2,1,0,2,2,0,0,0,2,3,0,492919179630382293060550,99652505494728395049997,0,810475772310896600810607,0,0,0,0
8,4,8,4,0,6,6,1,4,1,1,0,1,1,5,1,1,0,1,5,0,716813499193491223287388,208122555538707070485204,0,592575993108194107515321,0,0,0,0
8,3,6,7,0,6,2,0,1,0,1,1,1,1,1,0,0,0,0,3,0,322957091958878927521932,76011379509969241710168,0,461941621410655917919377,0,0,0,0
7,5,9,4,0,6,4,0,1,0,2,0,0,2,2,0,0,0,0,1,0,357359913344754173254861,74039182259581200049998,0,390204475308884126934880,0,0,0,0
3,4,4,3,0,3,8,0,6,0,1,5,2,3,5,0,0,0,1,4,0,653183675535734723607592,272123871463756407612346,0,300000000000150000008019,0,0,0,0
6,3,4,5,0,6,6,0,4,0,2,1,0,2,4,0,0,0,1,1,0,648289399594927661427558,233822887892503339688695,0,419662105004612692097027,0,0,0,0
3,7,7,10,0,3,6,0,3,0,3,2,1,3,3,0,0,0,1,3,0,885651207401130681980801,196608848425296296149996,0,300000000000150000014455,0,0,0,0
11,2,6,5,0,8,5,0,3,1,1,4,1,2,3,0,0,0,0,3,0,916830748682650707604080,223547409473791815736374,0,358058927768699920359305,0,0,0,0
14,4,3,8,0,3,3,0,2,0,1,2,0,2,1,0,0,0,0,1,0,1355720919746488873045449,421614479783999999999999,0,898563480810077518525697,0,0,0,0
9,1,6,4,0,6,6,0,1,3,1,1,3,1,5,0,0,0,2,2,0,472117881713311670197978,81431310859804595035763,0,661468128160114042319430,0,0,0,0
10,6,6,4,0,5,3,0,3,0,0,3,1,2,1,0,0,0,0,1,0,652493237148204263612052,114133357694000000000000,0,564335586777271998941681,0,0,0,0
9,4,7,4,0,6,4,0,4,0,0,2,0,0,4,0,0,0,1,4,0,742377985007797680523433,69557410898318817647799,0,421863592305332407634151,0,0,0,0
6,4,6,5,0,8,4,0,4,0,0,1,0,0,4,0,0,0,1,2,0,694558961792579127332192,81406498334349698190769,0,333123245737827864561937,0,0,0,0
7,3,8,2,0,6,2,0,2,0,0,1,0,0,2,0,0,0,1,5,0,269872618113147416208790,180481033866758635297123,0,503931221518936967973346,0,0,0,0
7,3,9,9,0,10,3,0,2,0,0,2,0,1,2,0,0,0,0,6,0,1016144664766077711325002,107413410908296296249999,0,459624255801786923378117,0,0,0,0
4,6,10,9,0,7,3,0,2,0,1,1,0,1,2,0,0,0,0,4,0,867401739221637209067157,74274941775084421428225,0,300001000000232468889432,0,0,0,0
13,2,8,2,0,5,4,0,1,0,2,1,0,2,2,0,0,0,0,4,0,143827846978398604112654,92764313666135026450022,0,832673414708958561383305,0,0,0,0
6,4,8,4,0,5,6,0,3,0,2,1,0,3,3,0,0,0,0,3,0,355923477444565468815397,126518044117355474749997,0,304982408219623525499115,0,0,0,0
6,4,7,8,0,5,4,0,3,0,0,2,0,1,3,0,0,0,0,1,0,585010641295620269065227,114850115740740740649998,0,428441016826098454252522,0,0,0,0
5,7,7,6,0,4,3,0,2,0,1,0,0,1,2,0,0,0,1,3,0,582676681961621007882219,98473880810512437013217,0,442024643679967291450832,0,0,0,0
10,4,6,1,0,7,6,0,3,1,2,3,2,3,3,0,0,0,0,3,0,566465289120428962086347,273857896413117797149767,0,399999000000164423952392,0,0,0,0
5,5,12,6,0,6,6,0,5,1,0,3,1,0,6,0,0,0,0,2,0,382702988453040304098028,120280022856739012473766,0,360286173069958498045830,0,0,0,0
11,8,6,9,0,4,4,0,2,0,1,2,1,3,1,0,0,0,1,0,0,639081467650930814074748,98646379568740740700000,0,643679410652874198244495,0,0,0,0
9,6,11,6,0,5,5,0,5,0,0,3,1,2,3,0,0,0,0,3,0,647662445920271977011846,55611618493256034891294,0,464907256168821975163993,0,0,0,0
9,3,7,4,0,5,2,0,2,0,0,2,0,0,2,0,0,0,3,1,0,605499903955765765881032,50006430858077767036524,0,527734042489540625640220,0,0,0,0
6,3,13,4,0,4,4,0,3,1,0,3,1,1,3,0,0,0,0,3,0,745706420388606234742513,456747631448560743414485,0,594431783996215324827520,0,0,0,0
4,2,5,5,0,7,1,0,0,1,0,0,1,0,1,0,0,0,1,0,0,259077063265453293570050,22271219135802469050000,0,377340317392078570028371,0,0,0,0
9,4,4,10,0,5,7,0,3,0,4,1,1,4,3,0,0,0,1,2,0,716041259325515055594738,139880440777155533767748,0,399964000000242563124746,0,0,0,0
6,2,6,7,0,7,5,0,3,2,0,1,2,0,5,0,0,0,0,2,0,331284976702436630806634,85434298154003400805220,0,521280767078781798461740,0,0,0,0
8,5,7,3,0,6,7,0,5,1,0,4,2,1,6,0,0,0,1,2,0,606718067887812584125495,224331799525257084250815,0,430648765142060671609151,0,0,0,0
10,2,8,12,0,5,6,0,3,1,1,3,1,2,4,0,0,0,1,2,0,872933953101871392757106,327487077233146469032592,0,434732600958228654574180,0,0,0,0
9,4,4,12,0,6,6,0,4,0,2,0,0,2,4,0,0,0,1,1,0,592371988496815041718172,87096708464687590978009,0,673356219045951899416115,0,0,0,0
5,10,4,6,0,4,4,0,2,2,0,2,2,1,3,0,0,0,0,3,0,693044837475073878866832,89162230366508123234927,0,254174035591853282588732,0,0,0,0
7,4,8,6,0,6,2,0,0,1,1,0,1,1,1,0,0,0,0,1,0,497521365047958354393100,59175521627740740650000,0,307521520807926517965621,0,0,0,0
11,5,9,6,0,7,2,0,0,1,1,0,1,1,1,0,0,0,0,3,0,285521287684259952784751,17597198448772315050000,0,710756396083880568996690,0,0,0,0
8,3,3,5,0,6,4,0,3,1,0,3,1,1,3,0,0,0,1,2,0,661078465520976033700285,66484306090128796155455,0,365872047454757474820522,0,0,0,0
7,5,8,4,0,8,3,0,3,0,0,1,0,0,3,0,0,0,2,0,0,248436675772463997824684,61979081045152684470807,0,425017918959909628100812,0,0,0,0
12,4,8,3,0,6,7,0,7,0,0,4,0,4,3,0,0,0,2,3,0,844630568393392092783823,134628117092811708699497,0,507522884964503879514705,0,0,0,0
10,4,6,7,0,8,4,0,2,0,0,1,0,0,4,0,0,0,0,3,0,782816956620099011194959,124092348379900875545789,0,739004634180998984137085,0,0,0,0
5,8,7,10,0,5,1,0,1,0,0,1,0,0,1,0,0,0,3,0,0,675902904128885233900399,47485357680299999999997,0,293633326342882637313551,0,0,0,0
7,3,4,4,0,3,2,0,2,0,0,2,1,1,1,0,0,0,0,1,0,907933370690451203583476,115461660299219749465360,0,682289492360633001596989,0,0,0,0
6,5,10,4,0,8,8,0,6,0,1,0,1,1,7,0,0,0,1,2,0,583165014077031923165474,123909495537341247421571,0,511603095735332329034765,0,0,0,0
10,4,6,4,0,6,8,0,4,1,3,2,1,5,3,0,0,0,0,3,0,1064318441576643691856193,319720860280598428049997,0,300000000000349998011463,0,0,0,0
6,3,7,5,0,9,6,0,3,0,3,1,0,4,2,0,0,0,0,4,0,652804040373364365598133,126403913280608497132093,0,355673935570506564658541,0,0,0,0
4,4,9,8,0,6,3,0,2,0,1,2,0,3,0,0,0,0,0,2,0,775632352862761234565448,139179032607000000000000,0,376724644584108113739005,0,0,0,0
7,8,5,4,0,7,1,0,1,0,0,1,0,1,0,0,0,0,2,3,0,297029832997712817062988,50000000000000000000000,0,766454884905972253735593,0,0,0,0
11,3,6,7,0,4,4,0,2,0,2,2,1,2,2,0,0,0,3,1,0,468127195982171659384593,241795457991423491322515,0,425057300423668367224113,0,0,0,0
10,2,11,3,0,3,9,1,7,1,1,3,1,3,6,1,1,0,1,3,0,914123784326143787701636,251053044795169654756655,0,539787774399552928294405,0,0,0,0
5,5,10,3,0,4,3,0,1,1,1,1,1,1,2,0,0,0,1,1,0,240730638610272874872692,193137878921389342635836,0,704443041428650332961697,0,0,0,0
9,3,3,4,0,7,6,0,5,0,0,4,2,2,4,0,0,0,0,4,0,839808740935208788496624,222160490671881566018469,0,688281584244659478482846,0,0,0,0
6,3,7,6,0,7,4,0,1,2,1,1,2,2,2,0,0,0,2,2,0,259224778527823789771657,112701005007122978408124,0,439793745016288255826252,0,0,0,0
4,4,5,3,0,5,8,0,7,1,0,5,2,2,6,0,0,0,0,5,0,774745035590884248661231,197396362813083927378478,0,399999000000125800014714,0,0,0,0
10,4,7,3,0,6,2,0,2,0,0,2,1,0,2,0,0,0,0,1,0,550802602605502965931295,99999999999999999999999,0,384573108052629995327852,0,0,0,0
8,2,11,5,0,4,3,0,3,0,0,3,1,1,2,0,0,0,1,1,0,782102096184049768627889,100000000000000000000039,0,617209286032016477813499,0,0,0,0
7,5,10,4,0,5,4,0,2,0,2,2,0,3,1,0,0,0,1,3,0,423120200087302682635164,88141515523000000004969,0,344695559862604769129822,0,0,0,0
7,1,7,5,0,3,4,0,1,0,3,0,0,3,1,0,0,0,1,3,0,595652207813299951895895,125840509027048644449996,0,399999000000339640736269,0,0,0,0
6,5,6,5,0,5,9,0,6,0,3,4,3,3,6,0,0,0,0,4,0,705619620420749621376078,164420208715564085009187,0,415521184508310108247342,0,0,0,0
8,4,7,3,0,7,3,0,2,1,0,1,1,1,2,0,0,0,0,5,0,494915661949156803235714,83690779320987654250381,0,589366092499106006922130,0,0,0,0
9,5,5,7,0,6,2,0,1,0,1,0,0,1,1,0,0,0,0,2,0,603153465455047877883542,44624942632823393184325,0,665617544900382006613345,0,0,0,0
9,3,10,9,0,4,7,0,5,0,2,2,0,2,5,0,0,0,0,0,0,815627193887787494407265,192198908697504787414123,0,624695095489903777695531,0,0,0,0
6,3,5,6,0,6,4,0,4,0,0,4,2,0,4,0,0,0,0,5,0,602662796216738450957885,132188533956771378729189,0,349999000000150000024282,0,0,0,0
5,6,8,4,0,4,6,0,5,0,1,5,1,3,3,0,0,0,0,3,0,624364706065670785778319,185895555558000000037629,0,354517193069536930618896,0,0,0,0
8,7,6,4,0,5,2,0,2,0,0,1,0,0,2,0,0,0,2,4,0,676286076985184839073664,49999999999999999999996,0,459986514313629216206820,0,0,0,0
10,6,8,8,0,7,2,0,0,0,1,0,1,1,1,0,0,0,0,2,0,555226617922636662643997,11430342557171829838906,0,854211068616184671183414,0,0,0,0
7,6,8,6,0,4,7,0,3,1,3,2,2,4,3,0,0,0,0,4,0,638005412805339041226089,244619544117753751152445,0,456903170339526101018355,0,0,0,0
10,6,5,7,0,4,0,0,0,0,0,0,0,0,0,0,0,0,2,3,0,373497231880065418734554,0,0,645981062652009761669999,0,0,0,0
6,3,6,6,0,6,3,0,1,0,2,1,0,3,0,0,0,0,2,6,0,357520127227715478981672,94977410825000000000000,0,382451791728522656179705,0,0,0,0
8,2,5,3,0,11,2,0,2,0,0,1,0,1,1,0,0,1,2,2,0,424331362607500015293725,68312096233340835649999,0,472093276990344823285799,0,0,1,0
7,8,8,2,0,5,4,0,2,0,0,2,0,1,3,0,0,0,1,2,0,632670385628749837709659,346648067891064009432997,0,423217158477073243819737,0,0,0,0
9,5,9,6,0,7,5,0,5,0,0,3,0,3,2,0,0,0,5,0,0,1075789526803592373711487,357639172994123327325203,0,619261735506876282639596,0,0,0,0
7,8,15,3,0,5,6,0,1,2,2,0,2,2,4,0,0,0,1,3,0,193788948572486783265932,62025313797143405360178,0,528201741450256996995384,0,0,0,0
6,4,13,3,0,5,2,0,1,0,1,1,0,1,1,0,0,0,0,3,0,389933590184481889980910,130666306732999999999999,0,407240637372291359417346,0,0,0,0
7,5,8,2,0,4,4,0,1,1,1,1,1,1,3,0,0,0,0,4,0,307870273350213682424238,88767028601720946327982,0,587873135240045468456749,0,0,0,0
12,8,8,4,0,4,5,0,4,0,0,4,0,2,3,0,0,0,0,5,0,453053307826879154233435,133043853560296296199998,0,482306513310922672764956,0,0,0,0
6,2,13,6,0,6,4,0,3,1,0,0,1,0,4,0,0,0,1,1,0,1026754699568392591568827,119543393770448666361494,0,366387186917782991330947,0,0,0,0
9,13,10,8,0,3,2,0,0,2,0,0,2,0,2,0,0,0,1,3,0,804484355180197080922966,40007665069193052967639,0,590337110225880506149448,0,0,0,0
16,5,5,2,0,1,3,0,1,2,0,1,2,0,3,0,0,0,1,0,0,448650015087685275197009,241600106053250093969128,0,760527713092020301417434,0,0,0,0
7,8,9,2,0,4,10,0,6,0,3,3,0,5,5,0,0,0,1,5,0,374548783342566736569883,281531636633176315781238,0,466883537315673331210200,0,0,0,0
9,6,4,6,0,4,2,0,1,1,0,1,1,0,2,0,0,0,1,1,0,556158418450583476817412,73726911971501199218144,0,504154455591981737154506,0,0,0,0
5,9,17,6,0,3,1,0,0,1,0,0,1,0,1,0,0,0,2,3,0,504492691922049282433587,4,0,505359610806332043068680,0,0,0,0
8,0,10,3,0,6,5,0,4,0,0,2,1,2,3,0,0,0,0,2,0,626940521922340464613384,204524425654558097694166,0,429144754419914030938243,0,0,0,0
10,4,5,7,0,5,6,0,5,0,1,5,2,2,4,0,0,0,0,1,0,938026872814523080743459,243484057656287308327854,0,463533222556886609642501,0,0,0,0
8,2,10,7,0,5,7,0,4,1,1,2,1,2,5,0,0,0,0,1,0,735898944032822159275456,216599787638803843113195,0,499998000000150001126066,0,0,0,0
13,3,9,2,0,4,3,0,3,0,0,2,0,2,1,0,0,0,2,0,0,373264258025079021035487,151612744105938271550147,0,704009164318458617595637,0,0,0,0
9,6,11,5,0,5,8,0,6,0,1,3,1,1,7,0,0,0,0,1,0,471223475572413150832774,121681087394428967351713,0,320904687263985521971527,0,0,0,0
6,1,9,10,0,5,6,0,2,2,2,1,2,3,3,0,0,0,1,5,0,366913027464065406918240,107405324969999152987949,0,648615791193970853368080,0,0,0,0
6,7,12,2,0,5,3,0,3,0,0,2,0,2,1,0,0,0,2,1,0,496220590716800245978896,217716713029308641899999,0,313847610535602947410768,0,0,0,0
9,6,7,5,0,6,3,0,3,0,0,2,0,1,2,0,0,0,0,2,0,755774428885528563174023,121503851771999999999997,0,300000000000151677800834,0,0,0,0
9,2,11,4,0,4,3,0,1,1,0,0,1,0,3,0,0,0,1,0,0,461215928828010446452290,74603047493560355308051,0,544660516948184141255209,0,0,0,0
5,5,6,2,0,9,3,0,3,0,0,2,1,1,2,0,0,0,0,8,0,489108487776945423862662,96462208854525165757803,0,328472092287316574945549,0,0,0,0
11,1,1,5,0,6,3,0,1,0,1,1,1,2,1,0,0,0,2,6,0,495048079072256602964645,91023341048567901200000,0,607887171304127781448697,0,0,0,0
4,3,9,6,0,5,6,1,5,0,0,3,0,2,4,1,1,0,1,0,0,800271995782566508671385,165081549228277180449997,0,384512147644925458143813,0,0,0,0
9,2,3,7,0,5,2,0,2,0,0,1,0,1,1,0,0,0,0,2,0,774851428128930665883032,79910576699966281160603,0,702796489492780622001043,0,0,0,0
10,5,7,5,0,4,9,0,7,0,2,4,0,4,5,0,0,0,0,4,0,753629858368651984304658,151577110964755048281208,0,415958353117683936647174,0,0,0,0
7,4,3,7,0,4,7,0,4,0,2,2,1,2,5,0,0,0,0,4,0,953957114269474570422244,299112655662344649953357,0,299567952317936672903029,0,0,0,0
4,2,7,4,0,8,6,0,3,2,1,2,2,2,4,0,0,0,0,2,0,517259941023383606428936,144239327150748618725845,0,321826471544493127924537,0,0,0,0
10,4,8,7,0,4,9,0,4,1,4,3,2,6,3,0,0,0,0,1,0,815115773436576943740802,256982114439519886593049,0,657016265360738910390859,0,0,0,0
10,5,5,9,0,4,6,0,4,0,2,2,1,2,4,0,0,0,0,2,0,577337858472658436223592,170829472688269116315927,0,434799674365710755454124,0,0,0,0
5,5,9,9,0,4,4,0,3,0,1,3,1,1,3,0,0,0,1,0,0,859439381331159497629807,132651877155524573802518,0,352446297462311004684709,0,0,0,0
3,4,8,10,0,4,4,0,2,1,1,2,1,3,1,0,0,0,3,2,0,1022948087430839445172116,67221394412437869584674,0,250000000000140294753087,0,0,0,0
5,6,8,11,0,10,4,0,1,1,1,0,1,1,3,0,0,0,0,2,0,516397386651701151553041,29836824913078502257815,0,381034147694130535807532,0,0,0,0
11,6,8,5,0,4,4,0,3,0,0,3,0,1,3,0,0,0,3,0,0,819611996405216799700276,231756585507404187456560,0,473137101904555078164759,0,0,0,0
8,7,4,5,0,2,5,0,4,0,0,3,0,1,4,0,0,0,0,3,0,484891768956759493512311,91139801332842966043245,0,372819615337285155014650,0,0,0,0
7,0,12,7,0,2,7,0,2,1,4,2,1,5,2,0,0,0,1,3,0,539758704151533355042598,198331050522512082895698,0,854476453487869172449433,0,0,0,0
7,4,8,5,0,3,9,0,5,4,0,3,5,2,7,0,0,0,1,0,0,639526366878498498509123,386304608723985123399419,0,401430263198273481695773,0,0,0,0
10,2,6,6,0,6,6,0,4,0,1,4,1,2,4,0,0,0,0,6,0,1146136644052344113766660,128130038350456790112495,0,433765653360821713267391,0,0,0,0
13,2,7,3,0,6,6,0,4,2,0,3,2,0,6,0,0,0,0,2,0,710255320009738939259836,427028440728327024275832,0,660371817904256215748675,0,0,0,0
7,9,9,2,0,6,2,0,1,0,0,0,0,0,2,0,0,0,2,4,0,259060454931698310040341,23647199679666217819863,0,260434255052617463002381,0,0,0,0
7,5,7,8,0,3,5,0,4,0,1,3,1,2,3,0,0,0,0,2,0,769191401621662237215777,276512833724846158701426,0,389569794753228376092635,0,0,0,0
7,5,6,5,0,4,3,0,0,1,2,0,1,2,1,0,0,0,0,3,0,318189610220820563018055,9051403681472627858003,0,492652785485503480497184,0,0,0,0
12,0,6,5,0,7,5,0,3,2,0,1,2,1,4,0,0,0,0,1,0,508268485491033087230352,94355210797931162251718,0,846171478910282804143842,0,0,0,0
5,3,10,4,0,6,1,0,0,1,0,0,1,0,1,0,0,0,0,8,0,488124314913099292762538,6758235263977245787942,0,302041538147329815304130,0,0,0,0
9,5,8,4,0,4,4,0,3,0,0,3,1,1,3,0,0,0,0,2,0,842223585236795039806842,118367792719770441100289,0,777711997733861010070183,0,0,0,0
11,7,11,4,0,5,5,0,3,0,2,2,0,3,2,0,0,0,2,3,0,735765953337389067917510,195196890370320986299998,0,636781875197034736574834,0,0,0,0
6,2,2,3,0,6,4,0,1,3,0,1,3,0,4,0,0,0,0,4,0,397879619446295796047609,108130515204036616383637,0,368695907925136998501108,0,0,0,0
10,6,9,8,0,6,2,0,1,0,1,1,0,1,1,0,0,0,2,5,0,357246558344826159501985,131117924803999999999999,0,374089369293083349147509,0,0,0,0
9,9,6,1,0,4,5,0,3,1,1,3,1,1,4,0,0,0,0,2,0,690163548209436090124515,227045096163304693292214,0,433123238833843826397821,0,0,0,0
5,6,9,3,0,6,5,0,5,0,0,5,0,3,2,0,0,0,0,3,0,683567735469852619502933,272819147994293053805011,0,299999000000105459661551,0,0,0,0
9,6,11,5,0,5,5,0,3,1,1,1,1,1,4,0,0,0,1,0,0,399263642903536378484704,114735025644742768881545,0,513565454336540169209426,0,0,0,0
5,6,11,2,0,6,2,0,2,0,0,2,0,2,0,0,0,0,0,1,0,323053973182506301656109,99999026340000000000000,0,349999000000100000020822,0,0,0,0
5,4,7,4,0,8,5,0,1,4,0,1,4,1,4,0,0,0,0,2,0,556262384276027645745871,83857523038965411448506,0,299999000000149970000020,0,0,0,0
9,6,8,4,0,5,5,0,2,1,2,2,1,3,2,0,0,0,1,2,0,621855568048181263127998,170799299952124310899998,0,608637411739872370988673,0,0,0,0
8,6,12,7,0,5,5,0,1,0,4,1,1,4,1,0,0,0,0,1,0,751334695961460676122791,107012501058000000002695,0,544458784362367213348330,0,0,0,0
9,7,7,4,0,5,3,0,2,1,0,1,1,1,2,0,0,0,1,4,0,592003440897710013398074,83100438464141331882285,0,512633772046433446993836,0,0,0,0
12,5,4,2,0,6,6,0,6,0,0,5,0,3,3,0,0,0,0,5,0,437515901998588353211188,189447436090305340280184,0,513867391828276605423274,0,0,0,0
8,3,4,5,0,4,3,0,1,1,1,0,1,1,2,0,0,0,0,8,0,746996866804539854709049,189337487987787531250920,0,540465745114907244763068,0,0,0,0
7,3,10,6,0,9,5,0,4,1,0,3,1,1,4,0,0,0,0,1,0,685081732864560886545336,255233039186873918212076,0,446007091988180865184408,0,0,0,0
12,3,11,7,0,3,6,0,5,0,1,2,0,2,4,0,0,0,0,2,0,473335124139645700708123,111938874035554512269548,0,616523033734134293454103,0,0,0,0
6,3,10,4,0,10,1,0,0,0,0,0,0,0,1,0,0,0,0,7,0,293895119073631009974117,14845293209876543100000,0,431953231121302089616529,0,0,0,0
4,13,8,6,0,6,2,0,2,0,0,2,0,1,1,0,0,0,0,4,0,444302120379584694136892,1000004755849999999997,0,402333596524140300624715,0,0,0,0
10,5,7,5,0,5,3,0,2,0,0,1,0,1,2,0,0,0,0,1,0,352028194392221207457537,117863631800732298182304,0,671014137739358506174205,0,0,0,0
4,7,10,1,0,6,4,0,1,0,2,1,0,2,2,0,0,0,1,2,0,363019106064683702085110,65679949014323014107022,0,299085262345872898470794,0,0,0,0
10,3,15,5,0,3,9,0,4,1,3,2,1,4,5,0,0,0,0,0,0,629166344887327549685964,329283272640124459796444,0,708828229633392151937943,0,0,0,0
5,5,11,9,0,4,4,0,3,0,1,3,1,2,2,0,0,0,1,3,0,596163928414703476919537,83836147194000000000014,0,341663070428525859162742,0,0,0,0
8,8,14,8,0,6,4,0,1,1,2,1,2,2,2,0,0,0,1,1,0,436573796220096622694997,109434481507970239859627,0,492513978664160934662121,0,0,0,0
6,7,6,8,0,5,4,0,1,1,2,0,1,2,2,0,0,0,1,1,0,449035652428415654350183,34878630824568522750371,0,400058248407822766552218,0,0,0,0
4,7,14,4,0,7,3,0,2,1,0,2,3,0,3,0,0,0,0,5,0,745992864108857115895754,50000000000000135801396,0,256540000000168974999997,0,0,0,0
6,7,5,6,0,10,6,0,5,0,1,1,0,1,5,0,0,0,0,4,0,633126433255347505532829,227988582276035010904686,0,592484370264895173021850,0,0,0,0
11,5,6,1,0,8,2,1,1,0,1,0,0,2,0,1,1,0,3,5,0,166945210325186858446705,4099585905000000000000,0,355045008186078339590202,0,0,0,0
8,7,10,6,0,3,4,0,1,0,2,1,1,3,1,0,0,0,3,0,0,721064800398708724049022,107097061607012345650000,0,423594792534383899501971,0,0,0,0
9,4,8,3,0,6,4,0,2,0,2,1,0,3,1,0,0,0,0,2,0,433456868430925751396175,238738469277907235799999,0,485560465155526848429408,0,0,0,0
6,2,7,10,0,8,3,0,3,0,0,2,0,2,1,0,0,0,0,3,0,1110291490623488499700057,150772904068883629799998,0,583536498704496369096268,0,0,0,0
7,6,7,4,0,6,5,0,3,1,1,2,1,3,2,0,0,0,0,0,0,654151681525245400923370,220022234800824391468859,0,410042142514121892936606,0,0,0,0
10,11,6,6,0,6,2,0,1,1,0,0,1,0,2,0,0,0,0,3,0,508609909884840024976976,16456141719252187939084,0,382065569386592966285705,0,0,0,0
7,8,9,5,0,5,4,0,3,0,1,1,1,1,3,0,0,0,0,4,0,522734875750741361185487,154933681411420470732763,0,394064021771067813584813,0,0,0,0
10,6,8,3,0,5,2,0,1,0,1,1,0,1,1,0,0,0,0,3,0,458640842429710813722517,116571803103999999999999,0,741806219745852130714945,0,0,0,0
9,5,10,5,0,4,6,0,3,2,1,2,2,2,4,0,0,0,1,3,0,525848222148724249514761,293582694158231971088699,0,559235280463537482885265,0,0,0,0
12,4,7,3,0,8,7,0,2,1,4,1,1,5,2,0,0,0,2,2,0,453702867437957323994320,130090123882132419799999,0,770230786849754274423627,0,0,0,0
6,4,8,7,0,4,8,0,4,0,3,2,0,3,5,0,0,0,0,0,0,700114514438634144832705,195570177770049382649992,0,514189412712090809804819,0,0,0,0
9,6,8,2,0,11,0,0,0,0,0,0,0,0,0,0,0,0,0,5,0,252318059617824875718855,0,0,500162835820427647688889,0,0,0,0
10,8,10,7,0,7,3,0,2,0,0,0,1,0,3,0,0,0,3,1,0,499752588249058425864367,55551438538431960513878,0,405733815437773002035785,0,0,0,0
10,3,7,6,0,9,4,0,3,1,0,1,2,0,4,0,0,0,0,6,0,558424021339768206750296,279710091068768882461041,0,548282206869500238356094,0,0,0,0
8,6,8,3,0,3,5,0,4,1,0,4,1,1,4,0,0,0,0,1,0,478125834432275217968290,200350465060505848075509,0,318195670357864058176184,0,0,0,0
10,2,6,4,0,7,3,0,2,1,0,1,1,1,2,0,0,0,1,2,0,537803720187204185928456,102856182972108171749998,0,628198230900223267231519,0,0,0,0
6,9,12,6,0,8,7,0,4,1,2,4,1,5,2,0,0,0,0,4,0,960526454620092017671457,207018858191774057900469,0,391696314181666625863253,0,0,0,0
6,2,3,5,0,5,9,0,4,2,3,3,2,4,5,0,0,0,0,4,0,786407940820648012990120,260873102506974328993346,0,583225009259409860074950,0,0,0,0
9,2,4,4,0,5,4,0,4,0,0,4,0,2,2,0,0,0,0,4,0,735967410039140149069187,203126901100806728357386,0,455568864497965781017929,0,0,0,0
7,7,8,5,0,3,4,0,3,0,1,3,0,3,1,0,0,0,2,2,0,1111785901118440224719554,68359100363475813605600,0,643911680928057027269000,0,0,0,0
4,6,7,5,0,5,4,0,3,1,0,3,1,0,4,0,0,0,1,6,0,696144123804422368763921,171093764403773321149996,0,344606979978513094563977,0,0,0,0
9,4,10,5,0,4,6,0,5,1,0,3,2,2,4,0,0,0,1,1,0,510666435421685937256645,239753543245172538574206,0,866734226070264906421396,0,0,0,0
6,4,6,6,0,7,5,0,2,2,1,1,2,2,3,0,0,0,4,2,0,523878704302561283085352,119123492177579312724946,0,393994915160495369770150,0,0,0,0
5,1,9,9,0,5,7,0,5,1,1,2,1,3,4,0,0,0,0,3,0,750882644992583411429446,155707964969191005441290,0,558045315628049484963435,0,0,0,0
3,3,5,7,0,5,7,0,6,1,0,3,1,2,5,0,0,0,2,4,0,1083526084887265594063493,203620056398909865574258,0,300000000000150451924756,0,0,0,0
4,3,9,2,0,8,4,0,2,0,1,2,1,3,1,0,0,0,2,3,0,217555042770828648426892,36994079071728395000000,0,491002245804646450798277,0,0,0,0
14,4,8,6,0,8,4,0,2,0,2,2,0,4,0,0,0,0,0,0,0,693043183041737075007116,288286281470000000000000,0,693592197418428363301315,0,0,0,0
10,4,9,4,0,6,2,0,1,1,0,0,1,0,2,0,0,0,0,4,0,172772662720095903114041,58532551616439133699998,0,373313820244609128090504,0,0,0,0
12,3,8,11,0,3,7,0,2,2,3,1,2,3,4,0,0,0,1,0,0,686291100111251176432389,199661738753122399861371,0,911390592711929722875239,0,0,0,0
9,2,6,5,0,6,2,0,2,0,0,1,1,0,2,0,0,0,1,1,0,428395635040583952898399,63715653418077660463115,0,577927984662122785568623,0,0,0,0
12,11,8,6,0,5,7,0,5,0,1,1,0,1,6,0,0,0,0,2,0,631609935693204884932778,100187532732721767226946,0,624873186904651308367369,0,0,0,0
7,7,6,9,0,3,6,0,4,1,1,3,1,2,4,0,0,0,0,1,0,515489481657584152976622,153235890343915200738012,0,497103877758752511124611,0,0,0,0
8,2,6,8,0,8,3,0,2,0,1,2,0,2,1,0,0,0,0,1,0,787876086922319795457447,200371246878999999999997,0,404876593478878037540344,0,0,0,0
7,10,7,9,0,3,2,0,1,0,1,1,0,2,0,0,0,0,0,0,0,949843261545935057549962,64386578836000000000000,0,645419654698558835659555,0,0,0,0
5,3,6,5,0,6,7,0,4,1,2,2,1,3,4,0,0,0,2,4,0,579956184192541837701938,160566829031177842735973,0,320603871008078709914949,0,0,0,0
6,10,7,2,0,5,5,0,4,0,1,1,0,2,3,0,0,0,0,6,0,711862417467040801861777,248880888705348344905423,0,385049324230204680171231,0,0,0,0
8,2,5,4,0,5,8,0,5,0,3,4,0,4,4,0,0,0,0,6,0,1148670358776748716028687,561788852595940870988524,0,563991677363135745493009,0,0,0,0
9,4,8,4,0,5,7,0,4,2,1,1,2,1,6,0,0,0,0,3,0,334780510676093744227605,243398620841215638901159,0,558000476530574342621177,0,0,0,0
6,7,6,4,0,7,5,0,3,0,2,2,1,2,3,0,0,0,1,1,0,510886412603666334521512,158048728501798949547498,0,325131695090845865585987,0,0,0,0
12,5,4,2,0,8,8,0,4,0,3,1,1,4,4,0,0,0,1,3,0,617777865048542973556343,157695660743579781909345,0,736465796733298583872387,0,0,0,0
5,4,11,2,0,7,4,0,3,0,1,3,0,2,2,0,0,0,0,2,0,808169774194433097878265,254153536437000000007716,0,399998963881841013824413,0,0,0,0
7,7,10,6,0,5,6,0,4,0,1,4,2,2,4,0,0,0,1,1,0,1115184583951743650857031,269244597554763919195595,0,350000000000153209203300,0,0,0,0
9,4,7,10,0,3,6,0,4,1,0,1,2,0,6,0,0,0,0,1,0,758865256888114308699260,209901835182884872819568,0,493478359568051235277770,0,0,0,0
10,7,13,4,0,4,10,0,5,1,4,5,1,7,3,0,0,0,0,0,0,616133227880446398642285,307061123776218747682229,0,487110186076026609928884,0,0,0,0
6,6,7,7,0,4,6,0,4,0,2,3,0,4,2,0,0,0,2,2,0,860753470900992363059353,80446070899537713049997,0,386710934073592425172387,0,0,0,0
10,8,8,10,0,4,0,0,0,0,0,0,0,0,0,0,0,0,0,0,0,592147616813489473885960,0,0,464885758902123242880362,0,0,0,0
8,1,6,11,0,2,6,0,5,0,1,2,0,2,4,0,0,0,0,0,0,932745731109283072014163,190122812084311847184802,0,607380041075839381787968,0,0,0,0
5,7,10,6,0,4,7,0,4,0,2,3,1,3,4,0,0,0,0,2,0,611656191510122221061655,300428070394214002706106,0,415848411019251196049843,0,0,0,0
9,5,7,11,0,6,5,0,4,0,1,3,0,3,2,0,0,0,0,1,0,1134643328223996052721133,346823862917000000000292,0,327656004233952858612950,0,0,0,0
7,6,8,10,0,4,9,0,3,1,4,1,2,4,5,0,0,0,1,4,0,732497587199505276663012,255243884918509879484958,0,326170447249871008983973,0,0,0,0
5,6,7,7,0,7,3,0,2,0,0,2,0,1,2,0,0,0,0,6,0,346953616262306180763355,104669367283950617249998,0,410129582285758865189670,0,0,0,0
13,3,5,4,0,6,3,0,0,3,0,0,3,0,3,0,0,0,0,0,0,480030066709699318056455,39062767789983229883246,0,824621934561990452830379,0,0,0,0
4,4,8,7,0,5,4,0,3,0,1,2,0,2,2,0,0,0,0,2,0,312830053448069358785495,157615555897913354572602,0,381473747584866697236984,0,0,0,0
7,3,11,3,0,7,5,0,5,0,0,3,1,0,5,0,0,0,0,4,0,610839607248762366979800,300007483230912785169978,0,464124099093453480323479,0,0,0,0
11,4,8,6,0,6,6,0,5,1,0,2,1,1,5,0,0,0,0,4,0,490157915843655044016220,145072364319859253750171,0,709226958113194900864527,0,0,0,0
4,5,8,7,0,4,5,0,4,0,1,3,1,2,3,0,0,0,0,2,0,499364328114139780243099,163769082471874264822220,0,300000000000150000008023,0,0,0,0
13,5,10,4,0,6,3,0,3,0,0,2,0,0,3,0,0,0,0,3,0,624829277769413918225588,283391735469293234986804,0,593553996224144183163203,0,0,0,0
6,2,7,6,0,5,5,0,4,0,1,2,1,2,3,0,0,0,0,2,0,1216447828538861039594678,161803689684463060799997,0,300000000000150006617633,0,0,0,0
3,2,8,3,0,8,3,0,1,1,1,1,2,1,2,0,0,0,0,4,0,130298467113241943641990,62078810719049382650003,0,387385876813867390298998,0,0,0,0
9,9,7,8,0,3,5,0,3,1,1,3,1,3,2,0,0,0,0,1,0,489136851498760088779942,204141616704859472177501,0,505608320270710790842890,0,0,0,0
6,4,3,4,0,8,4,0,2,0,2,2,1,2,2,0,0,0,0,8,0,471256723183805755734196,179970892045584035338779,0,399999270288684035341830,0,0,0,0
7,4,8,7,0,3,5,0,5,0,0,4,1,1,4,0,0,0,2,1,0,693242054899597967607202,166841628598670621807318,0,250001000000150000841932,0,0,0,0
8,4,11,6,0,5,6,0,3,0,3,1,0,4,2,0,0,0,0,4,0,412527507335810415017445,112089343470930377784529,0,374350123289284590959201,0,0,0,0
7,6,6,5,0,6,6,0,5,0,1,4,0,2,4,0,0,0,0,2,0,601778863299956805108439,231906795266646598309611,0,296198633131402543959283,0,0,0,0
9,4,7,1,0,5,7,1,6,0,1,4,1,4,3,1,1,0,3,5,0,331535902072272529039844,165050464381299613512495,0,413533156567043070217977,0,0,0,0
6,8,7,4,0,4,2,0,1,0,0,1,0,1,1,0,0,0,1,4,0,435661929466249445563097,41258155864197530850000,0,314262358021558784543106,0,0,0,0
6,5,10,10,0,2,6,0,3,0,2,3,1,3,3,0,0,0,1,1,0,1220249620769026135785358,167478574436796189875739,0,405169181588035807390564,0,0,0,0
6,3,4,4,0,4,8,0,7,1,0,2,2,1,7,0,0,0,0,3,0,811887629202443463331665,299381791634281340487574,0,440300780298007636024456,0,0,0,0
9,2,8,6,0,8,4,0,1,1,0,1,3,0,4,0,0,0,1,1,0,767835015981558765920667,21502168262458985824529,0,478495831737641014460897,0,0,0,0
8,6,10,7,0,3,3,0,1,0,2,1,0,3,0,0,0,0,3,1,0,501555738954061650259330,57419317106000000000000,0,592810617652335121421781,0,0,0,0
11,5,9,3,0,4,4,0,2,1,0,1,2,0,4,0,0,0,0,0,0,250668109050441883180656,71149700515512978155967,0,545147087914438914860762,0,0,0,0
7,5,6,0,0,5,5,0,4,0,1,4,0,5,0,0,0,0,3,6,0,373071073924282677693267,100393468064000000000000,0,574060806774701365163481,0,0,0,0
7,7,9,4,0,6,7,0,4,2,1,2,3,2,5,0,0,0,1,3,0,723900223967320206117014,367027879230960709943625,0,684005800780026074657133,0,0,0,0
5,7,5,8,0,2,5,0,3,2,0,3,3,1,4,0,0,0,0,0,0,718840985797903477505277,205163853759055170960356,0,303716494947245184749950,0,0,0,0
7,6,11,4,0,5,6,0,3,0,1,2,1,1,5,0,0,0,3,1,0,330155801633647879490513,224523523509751481548155,0,435561687290112919828375,0,0,0,0
14,3,10,5,0,6,5,0,1,0,4,0,0,4,1,0,0,0,1,2,0,462460138793875376140871,254256360738147693098423,0,1062295424138912663572652,0,0,0,0
8,4,7,3,0,8,2,0,1,0,1,1,0,1,1,0,0,0,0,4,0,220759766983830225079671,67821307970751602795552,0,410539503272303121882870,0,0,0,0
10,4,9,1,0,6,7,0,4,1,2,2,2,3,4,0,0,0,0,3,0,377410482776264320713834,183750927759787806059888,0,694407305527116942815045,0,0,0,0
4,10,7,6,0,5,6,0,5,0,0,3,0,2,4,0,0,0,0,5,0,757024907325501510557716,161786447350423229675955,0,291775462963112963000000,0,0,0,0
9,4,9,8,0,3,7,1,5,0,0,2,0,1,6,1,1,0,2,4,0,587304165065164707940732,169553282289490787406738,0,483063071440168991884174,0,0,0,0
7,8,8,4,0,4,5,0,3,0,1,0,0,1,4,0,0,0,0,4,0,220176177027955881092942,158899584199797546702562,0,408795902691928845855404,0,0,0,0
7,4,8,7,0,5,7,0,4,0,2,3,1,2,5,0,0,0,1,2,0,386768839254768390159543,151078520125308641879677,0,344447688271752025779690,0,0,0,0
10,2,6,4,0,8,3,0,1,1,0,0,2,0,3,0,0,0,0,4,0,621491833440145624903085,108168328243964430832201,0,477658088571328377756628,0,0,0,0
10,5,8,5,0,3,6,0,6,0,0,2,0,1,5,0,0,0,2,3,0,437231079838322402548340,305380886745042765731426,0,443471961251785500712447,0,0,0,0
3,4,8,5,0,7,6,0,6,0,0,4,0,2,4,0,0,0,1,2,0,785140724679351530611913,127151792297815316988135,0,323396722341992094069378,0,0,0,0
3,4,7,5,0,5,5,0,4,0,1,3,1,1,4,0,0,0,2,2,0,703114260408258878072646,138078124999501353020169,0,306496987893848717135080,0,0,0,0
13,6,4,5,0,3,3,0,2,1,0,1,1,1,2,0,0,0,2,2,0,447712027032281227168752,73308106831508429301769,0,556592314107736658171218,0,0,0,0
5,3,10,4,0,7,4,0,2,0,2,1,1,2,2,0,0,0,1,2,0,278295079787104756483833,74019968023000000010013,0,273256020042665046087511,0,0,0,0
3,6,6,7,0,3,8,0,4,0,4,4,0,6,2,0,0,0,0,1,0,1105570392890486054986850,355486964594726039095149,0,387800097592169624004434,0,0,0,0
8,6,5,4,0,7,2,0,0,0,2,0,0,2,0,0,0,0,0,4,0,481943611419020348424928,15329558300000000000000,0,549897000000167995929519,0,0,0,0
10,7,13,1,0,3,8,0,5,0,3,3,1,3,5,0,0,0,1,4,0,551612767442881777998424,322972828018012282593910,0,480838664400399674215783,0,0,0,0
8,6,5,6,0,3,8,0,6,0,2,4,0,4,4,0,0,0,1,5,0,628030470331808568896782,196996388966000000000025,0,723164007449044346723135,0,0,0,0
7,4,9,7,0,6,5,0,2,0,2,1,1,2,3,0,0,0,2,5,0,423522458710009671553611,81333395120398323449126,0,639172244475786744542957,0,0,0,0
8,2,6,7,0,5,7,0,3,2,2,2,2,2,5,0,0,0,1,3,0,679108514603595070964968,173891568106783939622604,0,461360266679877443404711,0,0,0,0
8,8,9,5,0,4,4,0,1,0,3,1,1,3,1,0,0,0,0,1,0,485643530503877033573140,151028912916000000000000,0,529094790482117767593293,0,0,0,0
4,6,6,5,0,7,2,0,0,0,1,0,0,1,1,0,0,0,3,2,0,335568111330090150073418,14298128857654320950000,0,329560061214806516777150,0,0,0,0
5,7,8,2,0,9,4,0,3,0,0,2,0,2,2,0,0,0,0,1,0,411563469169790008696084,136681326032040140910825,0,311202407152911874327401,0,0,0,0
13,4,6,6,0,4,4,0,3,0,1,0,0,1,3,0,0,0,0,3,0,398128059290654957315747,106002823642956635286571,0,748608940787590612329237,0,0,0,0
6,2,6,3,0,6,6,0,3,1,2,3,1,4,2,0,0,0,0,5,0,542119079011494714732026,193140906638308641899997,0,300000000000145950231482,0,0,0,0
4,8,8,7,0,6,4,0,3,0,0,2,1,2,2,0,0,0,1,7,0,767617292670736272113406,154986087443118150349999,0,234468998952422277700000,0,0,0,0
5,4,12,3,0,6,8,0,4,1,2,4,2,4,4,0,0,0,0,11,0,1200116897401083675685386,391348062496922290641524,0,369284006468417037730483,0,0,0,0
7,6,12,7,0,4,5,0,2,1,2,0,1,2,3,0,0,0,0,2,0,660953757433980879917053,115088119556152923190246,0,468126818688296673480231,0,0,0,0
5,6,9,8,0,7,4,0,1,0,2,1,0,2,2,0,0,0,0,5,0,889689626188686289580075,193338466444567956668407,0,349993598765632154268408,0,0,0,0
8,2,9,2,0,5,4,0,3,1,0,2,1,0,4,0,0,0,0,4,0,633224705587993236409422,123254074074074074000004,0,434724188650333153919321,0,0,0,0
7,4,8,5,0,6,4,0,1,1,2,1,2,2,2,0,0,0,0,0,0,638018082644594777667587,94384565828113136406678,0,451524434284756891821011,0,0,0,0
9,3,11,0,0,8,1,0,0,1,0,0,1,0,1,0,0,0,1,2,0,9025290482650417652456,9025290482650417652456,0,357897551591978389436070,0,0,0,0
6,4,10,3,0,7,5,0,3,0,0,3,2,1,4,0,0,0,1,0,0,964849966469127893148664,203289575574084594486729,0,490790725686849241721424,0,0,0,0
7,6,9,6,0,6,4,0,3,0,0,0,0,0,4,0,0,0,0,1,0,548189408163331353495207,105161820402649728149927,0,501138961993028756364859,0,0,0,0
10,8,5,6,0,2,2,0,2,0,0,2,0,2,0,0,0,0,1,3,0,1045882014639163787843901,129751110567000000000000,0,621752129474678848964048,0,0,0,0
6,3,9,3,0,2,3,0,3,0,0,1,0,1,2,0,0,0,1,4,0,361213960875360101356550,176303256943439925104694,0,574176467962321336942381,0,0,0,0
7,2,2,3,0,4,6,0,4,0,1,4,1,3,3,0,0,0,1,4,0,654604755150283385927369,164882483048641975299996,0,422168849376187576596058,0,0,0,0
10,2,9,2,0,4,7,0,3,0,4,3,0,6,1,0,0,0,2,2,0,447270149785498012286296,275927254448236962554700,0,701198413926674435514142,0,0,0,0
11,3,6,5,0,7,6,0,5,0,1,4,1,2,4,0,0,0,0,2,0,1011834057309559423484888,327158356844395578724913,0,321960231319510995573320,0,0,0,0
7,4,7,4,0,2,4,0,3,1,0,2,1,0,4,0,0,0,0,5,0,521569002560205693676242,214803204836258054201307,0,435334347009663475361139,0,0,0,0
8,3,4,5,0,7,4,0,2,0,2,1,0,3,1,0,0,0,1,7,0,523404763743689569533345,175209615558864197499998,0,484447302469665948566964,0,0,0,0
7,6,10,4,0,4,6,1,4,0,2,2,1,3,3,1,1,0,0,3,0,859236826179219009847137,241356638563591564665251,0,501170524380149927643097,0,0,0,0
6,5,6,5,0,8,3,0,2,0,1,1,0,1,2,0,0,0,1,3,0,624013417519176856044926,76639157222999999999997,0,283153245737877864561945,0,0,0,0
10,7,7,8,0,9,6,0,3,0,0,2,0,0,6,0,0,0,0,3,0,586170172490401026929563,137872105554499936125534,0,612110115288003386612405,0,0,0,0
9,5,5,6,0,7,3,0,1,1,1,1,1,1,2,0,0,0,0,1,0,657300455497041905554146,69439999999382715999998,0,547332938272100288767507,0,0,0,0
8,4,4,4,0,8,5,0,4,0,0,3,1,2,3,0,0,0,0,1,0,518275040771017560305669,159674232690765432050059,0,632384291887292452240227,0,0,0,0
10,4,9,8,0,8,8,0,3,0,4,3,0,6,2,0,0,1,0,2,0,746048167955965413402376,237143529255703703649993,0,356250389403659287646622,0,0,1,0
6,5,8,4,0,6,6,0,3,0,2,1,0,3,3,0,0,0,0,3,0,343044127689165099889222,87842722223704045549998,0,399879709499790145934083,0,0,0,0
6,2,7,6,0,6,5,0,2,0,3,1,0,3,2,0,0,0,0,3,0,529091837190213044232868,125915737019446966049996,0,341063490790980174045163,0,0,0,0
12,4,8,7,0,6,5,1,3,0,2,0,0,3,2,1,1,0,1,1,0,464514119130116193804658,156936113249634004437780,0,796498464393300237968994,0,0,0,0
6,4,8,2,0,7,10,0,8,0,2,6,1,5,5,0,0,0,0,1,0,1197951632024162140944463,407340039983690706572975,0,292776033225315100655690,0,0,0,0
11,6,6,9,0,4,4,0,3,0,1,3,0,4,0,0,0,0,1,0,0,883927357039065286505445,162330367206000000000000,0,554215651800968354461623,0,0,0,0
6,5,6,6,0,2,2,0,2,0,0,2,0,2,0,0,0,0,1,2,0,697944532329708678128880,48804000002000000000000,0,508612033542195773299280,0,0,0,0
3,8,14,5,0,7,6,0,4,0,0,3,2,2,4,0,0,0,1,6,0,426163467416435388673438,205349914274823350828802,0,316298006202580254424024,0,0,0,0
10,5,15,4,0,4,5,0,4,0,0,1,0,0,5,0,0,0,1,1,0,465190745246446078415859,155827481352745136757483,0,582603764352107330112643,0,0,0,0
8,5,10,7,0,7,6,0,4,0,2,2,1,2,4,0,0,0,1,1,0,565357061058644763884916,189776097052629893744089,0,431164233045787400877739,0,0,0,0
9,5,4,12,0,6,6,0,2,0,4,0,0,4,2,0,0,0,0,4,0,889468524405886356899375,118686709336838577967313,0,399964000000242563124745,0,0,0,0
12,6,6,4,0,8,3,0,2,0,1,2,0,3,0,0,0,0,1,2,0,268328006874331638330262,95783109257000000000000,0,744735236532350168444734,0,0,0,0
6,7,9,5,0,7,2,0,1,0,1,1,0,2,0,0,0,0,0,1,0,294029558231830992000663,50000828422000000000000,0,406148465467818862096235,0,0,0,0
14,3,4,2,0,7,2,0,2,0,0,2,1,1,1,0,0,0,1,2,0,194581756554109542350843,135635506021000000000000,0,485562380253269781924476,0,0,0,0
5,9,4,6,0,5,3,0,1,2,0,1,2,0,3,0,0,0,0,4,0,362202027545103992727064,70443928250064158553174,0,245781685400358212059273,0,0,0,0
13,8,8,7,0,6,3,0,2,0,1,2,0,2,1,0,0,0,1,1,0,518980015475748442813187,65132900730999999999999,0,663518797461661177672412,0,0,0,0
8,7,6,6,0,6,3,0,1,0,2,0,0,2,1,0,0,0,2,1,0,425177856369378289294521,54023620469209876449999,0,564115350599903577908023,0,0,0,0
7,5,7,4,0,5,3,0,2,0,0,1,1,0,3,0,0,0,1,2,0,742427326005750199076605,113519675925925925799999,0,610102836531537295133447,0,0,0,0
8,8,10,3,0,4,6,1,3,0,3,2,0,4,2,1,1,0,3,4,0,604445321133032473015029,237070265836320202470318,0,399999012602364372296133,0,0,0,0
7,4,11,1,0,7,3,0,3,0,0,2,0,1,2,0,0,0,0,4,0,431296597013247310463534,137145567035393972178642,0,455200090213904838026007,0,0,0,0
12,3,8,5,0,6,7,0,6,0,0,5,1,2,5,0,0,0,1,4,0,1080781005243738096687651,295990581092104601024849,0,346726524420870856892400,0,0,0,0
9,7,7,3,0,5,4,0,3,0,1,2,0,2,2,0,0,0,2,6,0,478416014015907712790116,257839306598850946808098,0,491917717380106114094291,0,0,0,0
8,2,6,3,0,5,9,0,6,0,3,4,1,3,6,0,0,0,0,3,0,995131441843429557732799,293758518798966717462156,0,449998058004401485920988,0,0,0,0
12,2,7,9,0,5,2,0,1,0,1,1,0,1,1,0,0,0,0,2,0,669126517048305739998592,55317983571999999999999,0,466439384865774381364733,0,0,0,0
8,8,12,6,0,7,3,0,2,0,1,2,0,3,0,0,0,0,0,2,0,340036679043532097948902,70827100588000000000000,0,444026494119582379001774,0,0,0,0
10,5,7,3,0,5,6,0,3,0,3,2,0,5,1,0,0,0,0,5,0,680343147165932417172088,322755412319132247249999,0,532008416381063570446354,0,0,0,0
8,3,11,4,0,4,5,0,4,1,0,3,1,3,2,0,0,0,1,2,0,553336525265577536062145,219044146710938271549999,0,541947641100763466888983,0,0,0,0
8,3,4,9,0,5,4,0,3,1,0,1,1,1,3,0,0,0,0,2,0,882128101336273968199017,117432543825738194655071,0,681693533562407593998345,0,0,0,0
10,4,7,5,0,6,2,0,0,1,1,0,1,1,1,0,0,0,1,3,0,706332642863224180715671,25145255888838301650000,0,702099996704094514053742,0,0,0,0
7,4,6,4,0,10,1,0,1,0,0,1,0,0,1,0,0,0,0,3,0,367543982043920517856961,18797851457697378529229,0,473234831572127595674013,0,0,0,0
10,3,11,4,0,2,7,0,5,1,1,4,1,3,4,0,0,0,2,4,0,872228635865095833490986,266473830794039251522264,0,547475511752861018679946,0,0,0,0
6,6,12,10,0,3,5,0,2,1,2,2,1,3,2,0,0,0,2,1,0,828164478017359785841587,156794083822000000000023,0,588210069291219269280416,0,0,0,0
9,2,9,8,0,5,4,0,4,0,0,3,0,0,4,0,0,0,1,5,0,954750246943222320684214,145244807310263318263646,0,406407834236614007353562,0,0,0,0
11,3,1,4,0,7,7,0,3,2,2,2,2,3,4,0,0,0,0,5,0,537032532606631596395931,210835304240486579238760,0,315388318381770616422585,0,0,0,0
10,4,7,4,0,5,2,0,1,1,0,1,1,1,1,0,0,0,0,1,0,867891620951024321256493,3985611120531758135565,0,499974233261414433073788,0,0,0,0
10,4,10,7,0,1,6,0,1,1,4,1,1,4,2,0,0,0,2,1,0,688975636052062031130146,271024170392691357899998,0,661817392737767206947485,0,0,0,0
12,9,9,4,0,3,8,0,4,1,3,1,1,4,4,0,0,0,0,1,0,581931522975251112999309,241955171933279390937385,0,768180294927232149593678,0,0,0,0
5,5,14,9,0,4,5,0,4,1,0,1,2,0,5,0,0,0,5,2,0,625570552454688820890921,73795782136634351057146,0,714894300028044974494392,0,0,0,0
8,5,7,4,0,7,2,0,2,0,0,1,0,1,1,0,0,0,1,5,0,561858698499774278403684,80537214197530864149998,0,489420965492839230104475,0,0,0,0
7,3,8,8,0,7,4,0,3,0,1,1,0,2,2,0,0,0,0,5,0,1268506806566078270294105,64805709145716521000049,0,432341589761430560710981,0,0,0,0
6,4,9,10,0,6,5,0,4,0,1,1,0,2,3,0,0,0,0,6,0,578489684102296588570809,117271409065253108816438,0,473708968669206539851593,0,0,0,0
10,5,5,3,0,5,5,0,2,2,1,1,2,2,3,0,0,0,1,2,0,599406443650490393640279,188143212673452584280380,0,718110639159007245314178,0,0,0,0
9,8,5,7,0,6,4,0,2,0,2,0,0,2,2,0,0,0,2,0,0,524067367056391943446504,74011923937794002160392,0,451979897648066502057002,0,0,0,0
8,6,3,6,0,3,10,0,7,2,0,5,2,2,8,0,0,0,0,5,0,647229568169895381799203,222042716053369085218880,0,336713269375050525205105,0,0,0,0
5,5,8,3,0,4,5,0,4,0,1,4,0,3,2,0,0,0,0,4,0,541523368920926622191499,197606712460999999999998,0,354517193069536930618896,0,0,0,0
6,5,9,4,0,5,4,0,3,0,0,3,0,1,3,0,0,1,0,5,0,494777814295852316566082,221132974431976571414497,0,361784360869156934233614,0,0,1,0
13,3,4,5,0,4,9,0,6,0,2,5,0,4,5,0,0,0,1,2,0,1011856295581378658535118,493135485883548304236232,0,387735106879651157092675,0,0,0,0
14,3,9,7,0,6,4,0,2,1,1,0,1,1,3,0,0,0,1,3,0,491037575866109355773941,108981304001886078686643,0,684206234922153806925019,0,0,0,0
5,3,7,7,0,5,3,0,3,0,0,1,0,0,3,0,0,0,2,3,0,537747500182277106504997,94285109599332536774294,0,526426005904470976007569,0,0,0,0
6,5,6,4,0,5,2,0,1,0,1,1,0,2,0,0,0,0,2,7,0,366963092839919999172680,50000000000000000000000,0,379641791728529457491431,0,0,0,0
10,8,8,6,0,6,3,0,3,0,0,0,0,0,3,0,0,0,0,6,0,441354954316317535033977,38513961483254713220781,0,598162578151865356043600,0,0,0,0
11,5,6,6,0,6,4,0,1,1,1,0,1,1,3,0,0,0,1,1,0,275489235773845506248162,85759259662658280700177,0,400000000000149999999998,0,0,0,0
4,3,4,4,0,4,7,0,6,0,1,6,1,4,3,0,0,0,1,7,0,1239617131702300826382738,231119155882221671179819,0,200005000000150000014902,0,0,0,0
7,4,8,3,0,5,4,0,2,1,1,1,1,1,3,0,0,0,0,4,0,249904855809814261791485,89914735406978121597390,0,542336041815475183995234,0,0,0,0
8,8,9,6,0,7,4,0,3,0,1,3,1,2,2,0,0,0,0,2,0,355892483217306110837204,28885647965387603645701,0,360447644138470879401091,0,0,0,0
12,7,7,5,0,5,3,0,2,0,1,2,1,1,2,0,0,0,2,0,0,683104040056835700733680,160523791437674302106035,0,665401743370598321306032,0,0,0,0
6,6,12,2,0,5,3,0,2,0,0,1,1,1,2,0,0,0,0,4,0,231310999664544523489362,78070890282977589574461,0,376908783863078059557833,0,0,0,0
9,2,9,9,0,7,4,0,3,0,1,1,0,2,2,0,0,0,1,3,0,870856020900483171531283,168894130771439075889658,0,763093174762149166591657,0,0,0,0
16,4,5,2,0,1,3,0,1,2,0,1,2,0,3,0,0,0,1,0,0,428792415934693036198760,242052158240787191165870,0,675918675665650775864486,0,0,0,0
11,7,3,8,0,6,1,0,1,0,0,1,0,1,0,0,0,0,0,2,0,696614777627929333455982,33744165440000000000000,0,567005814479786092280975,0,0,0,0
6,2,6,3,0,6,5,0,4,0,1,3,1,2,3,0,0,0,1,4,0,302017150941852056560605,90151788468733985778355,0,370575573950646199022639,0,0,0,0
10,5,11,6,0,4,5,0,4,0,1,1,1,1,4,0,0,0,0,1,0,684715309947518645835793,190059567082630023568777,0,354580252090389026334765,0,0,0,0
8,2,10,6,0,4,5,0,2,1,0,0,1,0,5,0,0,0,0,3,0,737131072344208375609896,231247592454502545926961,0,684426468886677998578254,0,0,0,0
11,5,11,7,0,3,2,0,0,1,1,0,1,1,1,0,0,0,0,1,0,213067454479255937382368,40647537730798308900000,0,661333699934074199059534,0,0,0,0
4,5,7,8,0,5,5,0,4,0,1,3,2,2,3,0,0,0,1,3,0,892776016443426219658769,72449763853829627347172,0,349999000334378638601066,0,0,0,0
6,3,9,3,0,5,7,0,2,0,3,2,0,4,3,0,0,0,1,3,0,618417647598749913534957,151219990524803402249999,0,584181671294175195917634,0,0,0,0
9,9,10,9,0,4,5,0,5,0,0,1,1,0,5,0,0,0,0,1,0,442464774511002364058848,122125411792614684855236,0,563145803580096611419978,0,0,0,0
9,5,7,5,0,8,4,0,3,1,0,2,1,1,3,0,0,0,0,1,0,796827049976463380866806,135538649944667338406925,0,300000000000151677800834,0,0,0,0
5,6,8,3,0,6,4,0,3,0,0,1,0,0,4,0,0,0,0,2,0,405931573095668318672035,110710778615263951438351,0,437757824235996267106086,0,0,0,0
5,6,6,5,0,4,2,0,0,0,1,0,0,1,1,0,0,0,2,7,0,88174101916801259415419,8619808661666666600000,0,291380208333433348400000,0,0,0,0
7,6,10,6,0,6,3,0,2,1,0,2,1,1,2,0,0,0,2,2,0,491138331092470706480528,31956367354227073986087,0,560830720044664293220973,0,0,0,0
5,5,5,3,0,4,4,0,1,1,2,0,1,2,2,0,0,0,1,2,0,445304896294507639508005,263822018222742556236164,0,314726763846360684087393,0,0,0,0
9,2,3,6,0,5,2,0,2,0,0,1,0,1,1,0,0,0,0,2,0,796228874270389224945381,83339788183315916518479,0,722520110140652036299871,0,0,0,0
7,5,14,5,0,5,4,0,3,0,1,3,0,1,3,0,0,0,0,2,0,688666109568461713621143,174471173889528295142057,0,381787785177930673599524,0,0,0,0
12,7,9,5,0,4,4,0,3,0,1,2,0,1,3,0,0,0,0,1,0,584098855859923529634617,209278369647479840784135,0,650541815147364933634688,0,0,0,0
11,10,6,3,0,4,8,0,5,0,2,2,0,4,4,0,0,0,1,0,0,872181794964802431514148,601158939231207959049072,0,443849636492135003781011,0,0,0,0
6,5,13,5,0,3,6,0,4,0,1,2,1,2,4,0,0,0,1,2,0,583686692371480427815961,208953475426377802991478,0,591892682783676355517339,0,0,0,0
10,4,8,8,0,4,9,0,4,1,4,3,2,6,3,0,0,0,0,1,0,1078272603672357789017601,267436093937680081694203,0,593088490799559636293380,0,0,0,0
12,8,11,6,0,3,4,0,2,1,1,2,1,2,2,0,0,0,1,3,0,669539344982326362251841,217375730762983151474398,0,738367210705827488766651,0,0,0,0
3,2,10,7,0,2,7,0,3,1,3,3,1,4,3,0,0,0,4,2,0,792482144375345387161254,324585747789292584199997,0,334774463471891615473594,0,0,0,0
7,4,7,10,0,4,4,0,3,1,0,1,1,1,3,0,0,0,0,2,0,704772247319767236547401,81449248224428608202297,0,539924671733836857336524,0,0,0,0
5,5,15,6,0,5,4,0,1,1,2,1,1,2,2,0,0,0,0,5,0,500070002238130138674778,93400129106068162849998,0,437073062849006566764267,0,0,0,0
8,9,4,5,0,3,5,0,4,0,0,1,0,0,5,0,0,0,0,3,0,352525118619034673119386,54948039332034375037607,0,337850649332476566498538,0,0,0,0
8,4,6,7,0,7,4,0,2,1,1,1,1,2,2,0,0,0,0,2,0,613299494056162000639353,57325124554747463249028,0,446780105596041899438473,0,0,0,0
7,3,8,7,0,5,5,0,4,0,1,3,1,2,3,0,0,0,0,1,0,542527403804683723687845,184317791039000000021249,0,425566376915692959535412,0,0,0,0
9,5,12,6,0,9,2,0,1,1,0,0,1,0,2,0,0,0,2,0,0,248585426306009952699554,61035847345350766302317,0,476789658732730847910664,0,0,0,0
11,3,5,3,0,7,9,0,4,1,3,1,1,4,5,0,0,0,0,4,0,586427883910004387379682,348212777517292937419576,0,350843993704772019941201,0,0,0,0
7,9,9,4,0,6,6,1,6,0,0,2,0,0,6,1,1,0,1,1,0,470370768435190857771874,58295218604296027281845,0,370065490505320602062238,0,0,0,0
8,5,7,5,0,7,3,0,1,2,0,1,3,0,3,0,0,0,0,2,0,143357737164229002011260,50000000000000000000005,0,342669942217949173385333,0,0,0,0
9,7,12,8,0,5,4,0,3,0,0,1,1,0,4,0,0,0,0,1,0,1075738712728404365561354,252075444976047922159498,0,621803688000625790492798,0,0,0,0
5,2,10,3,0,8,2,0,1,0,1,1,0,2,0,0,0,0,0,7,0,577587983615571104199701,63954302166000000000000,0,302041538147266915219249,0,0,0,0
9,2,6,5,0,9,3,0,2,1,0,1,1,0,3,0,0,0,0,2,0,464314910173968283468934,104278564542857608605638,0,497598707039357969724116,0,0,0,0
9,5,11,6,0,3,6,0,3,2,1,2,2,2,4,0,0,0,1,1,0,780675461799180347674860,269572177239171658571116,0,604481273944710599363584,0,0,0,0
4,4,10,3,0,8,4,0,1,1,2,1,1,3,1,0,0,0,1,4,0,871563374241788768823696,145313827775740740722073,0,290728712939620410219142,0,0,0,0
9,8,6,2,0,5,4,0,3,1,0,3,1,1,3,0,0,0,1,2,0,446355505930753358633032,92399573394994540291931,0,409926908823855638285986,0,0,0,0
3,1,6,3,0,4,6,0,3,1,1,2,2,1,5,0,0,0,1,4,0,498348353515770469410661,279917473475666480164368,0,542891978262298767397017,0,0,0,0
10,4,7,7,0,4,3,0,3,0,0,1,0,1,2,0,0,0,0,1,0,825316724266887418834123,60062770957606152799997,0,910006718728120533819959,0,0,0,0
10,5,13,9,0,5,3,0,2,0,1,2,0,1,2,0,0,0,0,1,0,364751645365859224681174,62871006104432360201219,0,461722394039105595152098,0,0,0,0
9,6,8,5,0,4,4,0,4,0,0,3,0,1,3,0,0,0,1,3,0,634019479853105935745498,183916905787037037036261,0,518497682816558956567634,0,0,0,0
7,3,9,4,0,6,5,0,0,2,0,0,2,0,5,0,0,0,0,3,0,211329337967456738543578,46340202293478754424859,0,581083003485354288044468,0,0,0,0
10,7,9,6,0,5,6,0,4,2,0,1,2,1,5,0,0,0,0,1,0,622458209084817164206374,206535500886434581236847,0,497600410421928022203176,0,0,0,0
8,3,4,6,0,4,3,0,1,1,1,0,1,1,2,0,0,0,0,8,0,753032344249740277387800,187121609023515154836223,0,540031601308774664933584,0,0,0,0
9,8,11,4,0,4,6,0,2,0,4,1,1,4,2,0,0,0,1,5,0,472689889276176183480533,268428936173012345649998,0,574850645587104580641621,0,0,0,0
7,7,7,5,0,7,3,0,2,0,0,0,0,0,3,0,0,0,0,2,0,210519655942161631555345,42461239440879581759250,0,484207903032705786636031,0,0,0,0
10,3,15,3,0,2,6,0,2,2,2,1,2,3,3,0,0,0,0,3,0,243273602599622900583967,136946074137950336791893,0,734537327529157531735457,0,0,0,0
7,6,4,7,0,5,5,0,3,0,1,2,0,2,3,0,0,0,1,4,0,761145445348044470919027,203068555712007531876180,0,542016190667283805491618,0,0,0,0
8,7,5,10,0,4,6,0,3,1,2,3,2,3,3,0,0,0,0,1,0,490254318982079028605493,119762621492132173214174,0,380497470316916201556070,0,0,0,0
9,6,9,4,0,3,4,0,3,0,1,3,0,4,0,0,0,0,2,4,0,537696463944358349992373,159225550571000000000000,0,823521414533220072945841,0,0,0,0
5,4,6,7,0,7,4,1,3,0,1,2,0,1,3,1,1,1,0,2,0,552047519569482579647684,92409566730008056502119,0,361278647749147796277144,0,0,0,1
4,8,14,4,0,7,3,0,2,1,0,2,2,0,3,0,0,0,0,5,0,636052615119217185924447,26297579000000135814905,0,256540000000168974999997,0,0,0,0
9,2,9,2,0,6,2,0,0,1,0,0,1,0,2,0,0,0,2,3,0,139382057051703332115773,62603311971170332289799,0,637414622275842381946998,0,0,0,0
6,2,8,7,0,7,6,0,5,0,1,2,0,2,4,0,0,0,0,3,0,624296935448430953853739,115292364626732960234667,0,340464969382079981506080,0,0,0,0
10,4,5,9,0,10,5,0,1,2,1,0,2,1,4,0,0,0,0,2,0,460510928406170880408494,82870841294626137615459,0,595482496913866575030137,0,0,0,0
5,2,7,3,0,3,5,0,4,0,1,2,0,2,3,0,0,0,3,5,0,296867332046027667596690,164447493615227653306861,0,439189000000209885893392,0,0,0,0
6,2,7,7,0,10,3,0,2,0,1,1,0,2,1,0,0,0,0,3,0,492519526104748115656949,61274066290883629799998,0,543188775965167527538639,0,0,0,0
12,3,10,4,0,5,4,0,2,2,0,1,2,1,3,0,0,0,2,2,0,256173529384161519561118,124923121628420803390669,0,967889112757239772927078,0,0,0,0
7,4,11,7,0,5,1,0,0,1,0,0,1,0,1,0,0,0,1,1,0,531936249724546729047745,15353587962962962900007,0,492394693003391421177929,0,0,0,0
8,3,9,9,0,3,5,0,3,0,2,2,0,2,3,0,0,0,1,2,0,1095035238167603931424501,337147086597387119945447,0,565363042652896239104919,0,0,0,0
7,8,6,6,0,4,6,0,2,1,2,2,1,3,3,0,0,0,1,3,0,538805292602402090866233,125043796840702506585110,0,600199080518341631545293,0,0,0,0
9,4,10,5,0,5,4,0,3,0,1,2,0,2,2,0,0,0,1,5,0,367234031070412705457977,205413474113922680351000,0,528524033267747774925676,0,0,0,0
3,8,8,2,0,7,11,0,7,0,3,4,1,5,6,0,0,0,2,2,0,554696970536463640384476,164396282319092721017917,0,299915000000148786651235,0,0,0,0
8,5,8,5,0,6,4,0,3,0,1,2,0,3,1,0,0,0,0,4,0,597060335346843494975137,56985206994994212565879,0,594279883181626288146997,0,0,0,0
8,6,10,7,0,5,3,1,2,0,1,1,0,2,1,1,1,0,1,2,0,737277902445127002396845,115113879390000000000000,0,435377382873753206725819,0,0,0,0
10,6,10,7,0,7,4,0,3,0,0,2,1,2,2,0,0,0,3,0,0,672625437314618332296187,233934964655313041314533,0,492779904813002146028491,0,0,0,0
6,3,10,5,0,7,3,0,2,0,1,1,0,1,2,0,0,0,1,2,0,496777655967918418399499,21362517300339857708960,0,374525725855451989657054,0,0,0,0
7,8,12,6,0,6,4,0,3,1,0,3,1,2,2,0,0,0,0,2,0,864928919987154878159100,90113300698283851950042,0,674244618665546657907909,0,0,0,0
8,4,8,5,0,5,6,0,3,0,3,2,0,4,2,0,0,0,0,2,0,767511107106138149137554,375099207096814814749997,0,466812046345572513391970,0,0,0,0
12,5,12,4,0,4,6,1,5,0,0,2,1,1,5,1,1,0,0,0,0,833711016035752319814749,446407202460014477290149,0,620233406037408353666605,0,0,0,0
11,6,8,4,0,5,6,0,3,3,0,0,3,0,6,0,0,0,2,0,0,340965209214826143293512,156844609560134376405350,0,507246462361190373115048,0,0,0,0
9,1,4,3,0,7,4,0,4,0,0,3,0,2,2,0,0,0,0,4,0,672273672125192066739061,220700368820313619354148,0,443349561666732420858995,0,0,0,0
8,7,5,2,0,4,3,0,2,0,1,2,1,1,2,0,0,0,1,3,0,285935272479617283410000,148232051028999999999999,0,612416123488313311814775,0,0,0,0
15,3,7,6,0,7,5,0,4,1,0,2,1,0,5,0,0,0,0,2,0,653911215353825743869327,92391735240363039542037,0,590519396314780565146864,0,0,0,0
7,6,9,3,0,2,6,0,4,0,1,3,1,1,5,0,0,0,0,2,0,741764039001277082719121,195200695164305531564638,0,510632725020524936382251,0,0,0,0
6,7,6,8,0,3,6,0,4,0,1,2,2,2,4,0,0,0,0,2,0,868021532355394080878888,285370624386889815886799,0,558631526134979386306955,0,0,0,0
5,2,9,8,0,6,5,0,4,0,1,1,0,2,3,0,0,0,1,4,0,637757372558186287561172,124286510561379195120955,0,557709176760239721661342,0,0,0,0
12,9,6,6,0,3,5,0,4,0,1,0,0,1,4,0,0,0,2,5,0,669979962850628978246590,160971675387165744665001,0,959482409850171086421469,0,0,0,0
3,5,11,7,0,3,2,0,1,1,0,0,1,0,2,0,0,0,3,0,0,736247014628715340604249,23609886882859170599999,0,311567708386590244924454,0,0,0,0
11,11,8,5,0,2,1,0,1,0,0,1,0,1,0,0,0,0,2,0,0,604452377032512224807105,88559964907000000000000,0,655288264543659857541547,0,0,0,0
12,5,8,12,0,2,5,0,3,1,1,1,2,1,4,0,0,0,0,3,0,548222271686598253855839,220020402569811906430362,0,720883720911297428795846,0,0,0,0
7,8,7,6,0,3,6,0,5,0,0,5,2,3,3,0,0,0,2,4,0,841960451031489598781675,207083267818145622484943,0,642875091205733352491173,0,0,0,0
12,3,8,5,0,5,5,0,2,0,1,0,0,1,4,0,0,0,0,0,0,537948139600662321045372,147513517494206574531149,0,735406508365927468124879,0,0,0,0
7,6,4,5,0,2,9,0,4,1,3,3,1,4,5,0,0,0,1,1,0,1101378739096835919499115,426459941664189263070569,0,355150115154322601740619,0,0,0,0
8,7,5,5,0,5,6,0,3,0,3,2,0,4,2,0,0,0,0,2,0,674031642720614570615200,128222291147521946262684,0,563011891162931687740164,0,0,0,0
7,11,7,10,0,3,2,0,1,0,1,0,0,1,1,0,0,0,0,0,0,927642470021755976047024,93403410886910968518046,0,588289074034188695353092,0,0,0,0
9,4,11,2,0,7,4,0,2,1,0,0,1,0,4,0,0,0,5,1,0,198426612960018535927160,126395212116973590273958,0,562137311818493763388078,0,0,0,0
9,7,13,5,0,4,8,0,6,1,1,4,2,1,7,0,0,0,0,2,0,831965044893777253451506,352752187713756445963561,0,508655200811187838705334,0,0,0,0
11,6,4,0,0,9,2,0,2,0,0,2,0,1,1,0,0,0,0,3,0,711742523227043022469810,195001814776000000000013,0,473199408757118950143776,0,0,0,0
10,3,7,5,0,7,3,0,1,1,0,1,2,1,2,0,0,0,0,0,0,665034618700672641815337,50899633855439188401275,0,609141665617866128894659,0,0,0,0
12,7,4,4,0,8,7,0,4,1,1,2,2,1,6,0,0,0,0,5,0,571139073239491744988054,236333870991892450009642,0,733398926411456126817828,0,0,0,0
7,4,10,4,0,6,6,0,5,0,0,3,1,2,4,0,0,0,0,5,0,776165058965419094267929,220430086555186798635405,0,500557225611851011466622,0,0,0,0
5,5,7,7,0,8,3,0,3,0,0,1,1,0,3,0,0,0,0,2,0,456106545496064253448824,70595401716198187530205,0,295547987563073479965954,0,0,0,0
9,8,9,5,0,4,8,0,2,1,4,1,1,4,4,0,0,0,0,1,0,906793504495552146395649,265975224091204995336363,0,726687479918493891561333,0,0,0,0
6,10,9,5,0,5,5,0,2,1,2,2,1,2,3,0,0,0,2,2,0,703562989627073841418752,100789114695269924794339,0,300000000000249999003630,0,0,0,0
6,4,7,6,0,7,7,0,2,2,2,1,2,3,4,0,0,0,1,2,0,716237955910742284822093,110615762121007193219996,0,391750605377421083656091,0,0,0,0
10,2,3,1,0,8,4,0,3,1,0,2,1,1,3,0,0,0,1,3,0,362563282613872566605928,99189674729080471567117,0,352640017367734597546140,0,0,0,0
8,8,8,8,0,2,4,0,1,1,2,1,1,3,1,0,0,0,0,3,0,642759233545143756747075,168563028380525786050000,0,662655099887675085434891,0,0,0,0
4,7,8,4,0,3,3,0,2,0,1,0,0,1,2,0,0,0,3,1,0,510463236832335106792576,51754119935488446445108,0,300000000000150219999781,0,0,0,0
8,1,4,8,0,4,4,0,3,1,0,0,1,0,4,0,0,0,1,1,0,523169541215696694373449,61713921886249301516135,0,775886381693026920298199,0,0,0,0
9,5,7,10,0,5,4,0,4,0,0,3,0,2,2,0,0,0,0,2,0,1116248241438569364163067,210478220817677013678632,0,244011451399493414090287,0,0,0,0
8,4,9,8,0,5,7,0,4,0,3,3,1,3,4,0,0,0,0,4,0,649423983355291311050104,114094203886805687549997,0,300000000000150000024776,0,0,0,0
7,6,6,3,0,6,3,0,1,0,1,0,1,1,2,0,0,0,1,2,0,238357287471410309027881,116962564073023867547117,0,422203975858089725105133,0,0,0,0
10,1,8,8,0,5,5,0,2,0,2,0,0,2,3,0,0,0,2,2,0,916562468631844764159732,79088283663124790399998,0,608675863932787244741326,0,0,0,0
4,5,8,7,0,5,4,0,3,0,1,2,1,1,3,0,0,0,0,2,0,405030497356639262910785,188289225591396501086399,0,350285543584794591595153,0,0,0,0
2,1,8,6,0,4,6,0,5,1,0,3,2,0,6,0,0,0,0,4,0,675472855542893348265373,178617249952707282700335,0,301957209923986211553648,0,0,0,0
5,5,9,5,0,5,4,0,2,0,2,0,0,2,2,0,0,0,0,2,0,380466208709188588245619,140461112166138053506684,0,571676920884105167180527,0,0,0,0
6,2,6,4,0,10,2,0,1,0,1,1,0,2,0,0,0,0,0,6,0,315630154877230525392486,19571566380000000000000,0,501358408516562277802474,0,0,0,0
6,4,5,1,0,5,9,1,6,2,1,4,2,2,7,1,1,0,0,8,0,624636477783628657686715,230583706847220317610414,0,371523068677445700659070,0,0,0,0
9,9,7,8,0,3,4,0,3,0,1,3,0,3,1,0,0,0,1,1,0,492367754354565421609282,114234962613254256856855,0,605607320270609728960607,0,0,0,0
9,8,9,5,0,5,4,0,2,1,1,1,1,2,2,0,0,0,2,0,0,689194350167869624045667,112590394702681183897431,0,449595191294075256000367,0,0,0,0
12,5,4,6,0,4,4,0,2,0,2,0,0,2,2,0,0,0,4,2,0,365676040315637306507464,154158159579974779238339,0,802259761223180651772264,0,0,0,0
7,5,9,4,0,6,2,0,1,0,1,1,0,2,0,0,0,0,0,2,0,863706635655319694204845,149991061671000000000000,0,396079979639130786880143,0,0,0,0
8,5,7,8,0,5,5,0,3,1,1,2,1,2,3,0,0,0,1,1,0,1017384458313361551854295,61399090368633370790595,0,492834245581768056602478,0,0,0,0
9,4,7,3,0,5,7,0,5,1,1,4,1,4,3,0,0,0,2,6,0,455229078162227073304484,159719263626595832616591,0,566216459189242300055870,0,0,0,0
6,9,7,6,0,3,6,0,5,0,1,4,0,3,3,0,0,0,2,0,0,387544007808462535464689,150540573959670479801256,0,300926740621165753910685,0,0,0,0
12,5,6,2,0,6,5,0,3,0,2,3,0,3,2,0,0,0,1,4,0,573867721630470805090186,109275776176855171117386,0,521596682339600086944287,0,0,0,0
6,6,6,7,0,7,3,0,1,0,2,1,0,3,0,0,0,0,0,3,0,821667543022385649194669,17585286873000000000000,0,368419571908241373445785,0,0,0,0
9,5,8,12,0,4,4,0,2,0,2,0,0,2,2,0,0,0,0,1,0,598540683514323626830790,186009083638620259599997,0,613558929149592537223606,0,0,0,0
4,3,10,10,0,5,6,0,2,0,3,2,2,3,3,0,0,0,2,3,0,599220822087249594477390,91351437473155286089464,0,470625733622013625113276,0,0,0,0
9,2,8,5,0,8,2,0,0,0,0,0,1,0,2,0,0,0,1,3,0,371248589910431178885424,21502168262458985550000,0,486339581737753911044483,0,0,0,0
5,2,2,8,0,5,4,0,3,0,1,3,1,3,1,0,0,0,0,3,0,1062940804173907535967012,110230000000000096702540,0,349999000000150486937875,0,0,0,0
4,2,7,9,0,4,4,0,2,0,2,2,0,3,1,0,0,0,1,2,0,985474565085127709537379,165962615887999999999998,0,456372013572280740961719,0,0,0,0
10,8,15,7,0,4,3,0,2,0,0,2,1,1,2,0,0,0,2,1,0,583095994109971766508911,250277677161884424007852,0,527819116086530785114489,0,0,0,0
5,7,5,6,0,2,3,0,2,1,0,2,1,1,2,0,0,0,2,0,0,675764587263676314664221,99284513254420751543269,0,303716494947243544749950,0,0,0,0
6,4,7,2,0,4,8,0,6,2,0,5,3,2,6,0,0,0,0,6,0,518218123075290040834307,304116271337530802228761,0,320839000000133415218345,0,0,0,0
11,7,12,9,0,1,5,0,2,1,2,0,1,2,3,0,0,0,1,0,0,399515616438952691449070,63447781403377032508619,0,770227588679419972626793,0,0,0,0
12,6,7,6,0,3,5,0,3,0,1,3,1,1,4,0,0,0,1,1,0,647256103864413701718003,291822316134366993999923,0,594586189422018107672594,0,0,0,0
7,6,10,7,0,5,6,0,2,0,3,0,0,3,3,0,0,0,0,2,0,735096579840212599431765,68768536328214150849998,0,421184193566644761011897,0,0,0,0
4,6,7,6,0,5,7,0,6,0,0,4,0,2,5,0,0,0,0,4,0,903127659998681148565713,190244303395846346013745,0,291775462963112963000000,0,0,0,0
10,3,6,7,0,6,3,0,1,0,2,1,0,2,1,0,0,0,0,2,0,831246606350675925296223,243325970579000000000000,0,384579615302725980190088,0,0,0,0
9,1,12,1,0,7,6,0,5,0,0,4,1,2,4,0,0,0,0,1,0,532200381445371880268415,212568275140009815012945,0,316418392721396715688743,0,0,0,0
6,5,12,5,0,2,4,0,1,1,2,1,1,2,2,0,0,0,0,0,0,484285504870205437897075,162823945474395621233410,0,486179755508505670244178,0,0,0,0
6,8,6,2,0,4,4,0,3,0,0,3,1,1,3,0,0,0,0,2,0,495674123533890647562788,141855030864197530799999,0,406031137435808374415366,0,0,0,0
10,2,6,5,0,7,2,0,1,0,0,0,1,0,2,0,0,0,1,4,0,551562563959977757218490,48352771457202521804469,0,778485423976946874442473,0,0,0,0
10,8,12,6,0,5,3,0,2,1,0,2,1,1,2,0,0,0,0,3,0,224915118143216924120898,70140655570635912402042,0,466564651740101715783569,0,0,0,0
10,10,9,6,0,7,1,0,1,0,0,0,0,0,1,0,0,0,0,3,0,434096227852265398245437,1587770061728395049999,0,445064807622820491301350,0,0,0,0
12,8,8,5,0,4,2,0,1,1,0,1,1,1,1,0,0,0,2,0,0,336239835451573725204014,51007329142905739748538,0,577359269764592026966447,0,0,0,0
5,3,10,5,0,5,4,0,2,0,2,2,1,2,2,0,0,0,1,2,0,292141498774009981688421,74019968023000000011014,0,250000000000150000001001,0,0,0,0
8,3,8,6,0,8,2,0,1,0,1,1,0,1,1,0,0,0,0,4,0,808547199367636112241825,634000000999998,0,418100410095791783566286,0,0,0,0
6,5,8,5,0,5,3,0,1,1,1,1,1,1,2,0,0,0,1,2,0,525536074047245234734257,99271210406494163753078,0,530047310759390837493749,0,0,0,0
6,2,11,2,0,7,4,0,1,1,1,1,1,2,2,0,0,0,4,0,0,243271846359454097906237,91233438375831394625286,0,533526228230214153075250,0,0,0,0
6,5,10,2,0,4,6,0,5,0,1,3,2,1,5,0,0,0,1,1,0,408145226215431612815986,141084077551110169627882,0,342116211888970197337043,0,0,0,0
7,4,9,7,0,6,5,0,1,1,2,0,1,2,3,0,0,0,3,4,0,304647008030729025653974,53297804962195560835039,0,553078559773134053116447,0,0,0,0
5,4,7,7,0,5,3,0,2,0,1,2,2,1,2,0,0,0,1,3,0,767530969310969428275513,99658225308000000002827,0,477130206448487905708344,0,0,0,0
10,5,6,6,0,6,8,0,4,0,3,2,0,3,5,0,0,0,0,2,0,828542031624980232079244,195451282380285667626970,0,501744922254930654031524,0,0,0,0
9,5,12,4,0,5,3,0,1,0,2,1,0,2,1,0,0,0,0,6,0,622065786016130740695549,290654244175000000009740,0,337621223442392225719789,0,0,0,0
13,4,6,6,0,4,4,0,3,0,1,1,0,2,2,0,0,0,0,3,0,435388651876158469485840,231219981389765432006281,0,499647229573677939683637,0,0,0,0
5,6,14,7,0,5,7,0,5,0,0,4,3,3,4,0,0,0,0,1,0,1067100738594243126947446,186763180292861296626754,0,427972550935200579199333,0,0,0,0
6,4,10,11,0,2,10,0,8,1,1,6,1,4,6,0,0,0,2,3,0,1310659459854297515856094,414138660507827160331866,0,375700470955197402042349,0,0,0,0
10,5,13,5,0,5,3,0,3,0,0,2,0,1,2,0,0,0,0,3,0,687246026222517889055518,169132651669999999999996,0,881956684122452505596280,0,0,0,0
4,4,13,6,0,7,3,0,3,0,0,1,1,0,3,0,0,0,0,1,0,514036538424381226689802,114932511164455637199997,0,374572527282953724165297,0,0,0,0
8,5,12,6,0,7,3,0,2,0,1,2,0,2,1,0,0,0,2,5,0,778830956049371926610012,189344924505231019449241,0,530425161540770985825445,0,0,0,0
5,5,9,8,0,9,5,0,2,0,2,2,0,2,3,0,0,0,1,3,0,633352314807944343338067,196843035504024746826208,0,349993598765632154268408,0,0,0,0
5,4,7,4,0,4,5,0,4,0,1,1,0,2,3,0,0,0,3,1,0,471252949147494629829653,175290792171709026985786,0,538060403556927521671738,0,0,0,0
5,6,5,10,0,7,2,0,1,0,1,1,0,1,1,0,0,0,3,3,0,572981882764526538344253,50861111110999999999998,0,300000000000149138888889,0,0,0,0
6,7,6,2,0,4,4,0,2,1,1,2,1,1,3,0,0,0,0,3,0,433769761338709448243645,110221448673869848324550,0,329504607159792603407618,0,0,0,0
12,4,8,7,0,4,6,0,4,0,2,2,0,3,3,0,0,0,0,1,0,708351089007067854976373,419039918940708521635962,0,843717558775339614516174,0,0,0,0
9,5,11,3,0,6,0,0,0,0,0,0,0,0,0,0,0,0,2,2,0,309777752823119038911191,0,0,442965056376198289245389,0,0,0,0
9,4,11,8,0,7,2,0,0,0,2,0,0,2,0,0,0,0,3,1,0,899374905306360368102467,71637329294000000000000,0,419849334592836585148230,0,0,0,0
4,2,6,5,0,4,5,0,3,0,2,3,0,3,2,0,0,0,1,4,0,683104397345144087287659,285803855046999999999996,0,300000000000156132231866,0,0,0,0
7,3,6,7,0,5,5,0,2,2,0,2,3,1,4,0,0,0,0,1,0,664542211036419121649096,152409417022312207792036,0,453126903210520353727057,0,0,0,0
10,2,9,2,0,6,7,0,3,2,2,3,2,4,3,0,0,0,2,2,0,363269789901231458270149,210691474878537640781547,0,751198413926713607080797,0,0,0,0
9,6,7,7,0,5,7,0,4,1,1,3,2,2,5,0,0,0,0,3,0,803175701086917876124006,375655536668726161934943,0,405913353686864318479196,0,0,0,0
6,9,5,3,0,6,2,0,2,0,0,2,0,0,2,0,0,0,0,3,0,677608373607110403636922,49163430103066074684503,0,399999000000150000001109,0,0,0,0
9,7,8,2,0,3,7,0,6,1,0,5,1,4,3,0,0,0,2,3,0,560186899803659763117515,255029340535485217579974,0,575816427831035020479856,0,0,0,0
11,3,4,4,0,4,4,0,3,1,0,3,1,1,3,0,0,0,1,4,0,671248505325401255994659,151430051931943328729745,0,584660659256589489055116,0,0,0,0
10,9,7,9,0,7,4,0,2,0,0,2,0,0,4,0,0,0,2,3,0,646241577515324614853082,64211532253209335387474,0,716110570310591182332875,0,0,0,0
6,5,9,6,0,3,7,0,4,1,1,3,1,4,3,0,0,0,2,0,0,783170003947009649096362,155579716354165474982842,0,640910178522348772154836,0,0,0,0
7,4,8,7,0,5,5,0,3,0,2,3,1,3,2,0,0,0,0,1,0,1041500336178753149018268,302909961140000000000027,0,330259625111652652556515,0,0,0,0
7,6,8,7,0,7,1,0,1,0,0,1,0,0,1,0,0,0,0,4,0,908608598754705327061510,149999000000000000838146,0,530951913512200317751462,0,0,0,0
6,2,7,6,0,5,5,0,1,0,3,1,1,3,2,0,0,0,0,3,0,512013995717508525727151,230752334192469135719565,0,344477413781224364166713,0,0,0,0
7,3,11,3,0,8,4,0,2,1,1,2,1,2,2,0,0,0,0,5,0,503285683651904228582276,143186131615671602731621,0,310843127519873290591927,0,0,0,0
9,4,4,2,0,9,5,0,4,0,1,2,0,2,3,0,0,0,0,4,0,360413151865073349013361,274132053326680302401577,0,343631777104432524823101,0,0,0,0
6,6,10,5,0,7,5,0,4,0,0,4,2,0,5,0,0,0,0,2,0,777925904173555383692263,147258670805579669317247,0,397913533590684136966887,0,0,0,0
13,4,5,4,0,4,5,0,2,1,2,0,1,2,3,0,0,0,1,1,0,378827898788462586071421,66920623618308112650102,0,1090567331350397939582626,0,0,0,0
6,5,6,4,0,4,2,0,2,0,0,2,0,1,1,0,0,0,0,3,0,591766182173602387994325,104698530872742735474074,0,491620762506020713402460,0,0,0,0
7,3,5,5,0,6,5,0,3,0,0,1,2,1,4,0,0,0,1,5,0,591631425293965395838161,112867630299719300531088,0,447924234742627638521379,0,0,0,0
5,4,16,3,0,4,5,0,4,0,1,3,1,2,3,0,0,0,0,0,0,735772489468476160989166,209717233908862250441965,0,320108672087158829521243,0,0,0,0
10,7,9,4,0,4,0,0,0,0,0,0,0,0,0,0,0,0,5,0,0,505848141516978618007761,0,0,742589073613456754064716,0,0,0,0
2,7,7,6,0,7,5,0,2,0,3,2,0,4,1,0,0,0,0,6,0,541951339996847887553046,149088541151999999999998,0,300000000000144135802470,0,0,0,0
12,6,6,4,0,6,4,0,2,0,2,2,1,3,1,0,0,0,1,1,0,395204185619737400631725,208850257016000000000000,0,644646237432479264738310,0,0,0,0
8,5,6,9,0,6,2,0,2,0,0,2,0,1,1,0,0,0,1,2,0,964631420498201165423283,100075432243943903972095,0,386354337081424626326388,0,0,0,0
6,5,9,6,0,6,3,0,3,0,0,2,0,1,2,0,0,0,0,2,0,609977508445237113352019,106699807960358024649998,0,397080282699962222897027,0,0,0,0
8,4,4,7,0,4,6,0,3,0,2,3,1,3,3,0,0,0,0,3,0,644102871610346371463325,104539310202706356043730,0,300000000000148042824075,0,0,0,0
8,7,6,6,0,7,4,0,3,0,0,2,1,1,3,0,0,0,0,2,0,367242253833948401402152,47495398036483176733100,0,582164642280627862178639,0,0,0,0
7,5,6,4,0,8,3,0,1,1,1,0,1,1,2,0,0,0,0,4,0,429971466203152260073341,48272376542987654200239,0,314169720679114791242281,0,0,0,0
3,6,7,11,0,3,4,0,1,0,3,1,0,3,1,0,0,0,1,5,0,723792404004209832151416,120194243679999999999999,0,313347345044869110171810,0,0,0,0
10,2,7,6,0,5,5,0,4,0,1,3,1,2,3,0,0,0,0,4,0,1082292100717191557879107,351982799029077235152146,0,498891549612842110106498,0,0,0,0
10,4,5,6,0,6,3,0,1,1,0,0,1,0,3,0,0,0,0,4,0,634981276547098914488116,80735944802721107049997,0,605224934286949060357673,0,0,0,0
9,5,7,4,0,5,5,0,4,0,1,3,0,2,3,0,0,0,2,5,0,594331317457919452128476,291927823235662208684005,0,497990237330152587895570,0,0,0,0
9,4,7,6,0,7,3,0,3,0,0,2,0,1,2,0,0,0,3,3,0,548153401208321897565586,77385642193402791777036,0,485022149405264094143921,0,0,0,0
7,5,3,3,0,6,5,0,3,1,1,3,2,1,4,0,0,0,2,6,0,534300895405300662183360,252256569443691358000007,0,510858000000223741331151,0,0,0,0
13,7,4,7,0,7,3,0,1,2,0,0,2,0,3,0,0,0,2,1,0,613610950828401832151870,77096361387986163513365,0,902971268048019681190118,0,0,0,0
6,2,7,5,0,2,5,0,2,1,1,1,2,2,3,0,0,0,4,4,0,251171036030137729218290,79211524551116145543459,0,451577440961660566317993,0,0,0,0
8,3,11,4,0,5,3,0,2,0,1,2,0,3,0,0,0,0,1,4,0,419643443899587460730971,84410253743000000000000,0,656226377062996919769664,0,0,0,0
6,8,5,7,0,4,3,0,2,0,1,1,0,2,1,0,0,0,0,3,0,805199872635860340304102,173812918724131902864456,0,305654073891227710570905,0,0,0,0
4,5,10,9,0,7,3,0,2,0,1,1,0,1,2,0,0,0,0,4,0,1121737819918742979326011,74274941775084421378226,0,300001000000232468839433,0,0,0,0
5,6,10,6,0,6,5,0,4,0,0,1,2,0,5,0,0,0,0,5,0,709274774930387633228338,221235517010597449281416,0,365600524402909746447777,0,0,0,0
8,4,7,8,0,4,2,0,1,1,0,0,1,0,2,0,0,0,2,1,0,546242220275809877626457,38855546709151434010899,0,433399843177962488422653,0,0,0,0
7,3,6,2,0,8,1,0,1,0,0,1,0,0,1,0,0,0,0,3,0,207862870167036258924531,18797851457697378529229,0,521265698727288004692710,0,0,0,0
11,3,8,6,0,3,2,0,2,0,0,2,0,0,2,0,0,0,1,1,0,888507953742520965105513,100000000773856264544710,0,565251825242227689159019,0,0,0,0
5,7,7,6,0,5,3,0,2,0,1,1,0,1,2,0,0,0,0,4,0,531608855427395346870837,101128691894956648433293,0,420352703043530640030826,0,0,0,0
9,5,7,8,0,3,8,0,5,0,3,3,0,4,4,0,0,0,0,0,0,777821435607312606644527,219565709707964385197149,0,416526728796201259463695,0,0,0,0
10,8,8,7,0,3,5,0,2,1,2,2,1,3,2,0,0,0,3,1,0,504576658223448471631954,85318584727593896584822,0,775941489245955818785173,0,0,0,0
12,9,9,4,0,4,6,0,3,1,2,1,1,3,3,0,0,0,0,3,0,570621256378407390743709,302645152680018383114764,0,520585792644644734728867,0,0,0,0
9,6,11,6,0,6,5,0,4,0,1,2,0,3,2,0,0,0,0,3,0,908989187970170864084443,75038228126205449762224,0,640302169463377302072764,0,0,0,0
13,3,6,6,0,5,5,0,1,2,2,1,2,2,3,0,0,0,2,1,0,657391677675785822994058,153814173564827624836885,0,560895562667050780164505,0,0,0,0
10,2,7,7,0,9,4,0,1,1,2,0,1,2,2,0,0,0,0,3,0,589699755591581369491839,47584620981530612302758,0,591982515804415535680319,0,0,0,0
8,4,7,10,0,6,3,0,1,0,2,1,1,2,1,0,0,0,3,1,0,936371842911010221986099,66610649406000000000000,0,388993696220927745615404,0,0,0,0
10,6,5,4,0,5,5,0,2,2,1,1,2,2,3,0,0,0,1,2,0,623992279474803181747282,167024421254390017517723,0,691418587027931488100322,0,0,0,0
4,2,5,5,0,7,1,0,0,1,0,0,1,0,1,0,0,0,1,0,0,259086505931430103369782,21910108024691357950000,0,377707710932734904446931,0,0,0,0
8,7,8,9,0,8,0,0,0,0,0,0,0,0,0,0,0,0,0,0,0,943181327072692849915745,0,0,426100229067101931298620,0,0,0,0
10,7,11,4,0,3,6,0,4,1,1,1,1,1,5,0,0,0,1,2,0,450032625171533721912300,270547739820205257706344,0,490553907638003565420754,0,0,0,0
6,5,9,4,0,5,7,0,5,1,0,5,2,1,6,0,0,0,0,3,0,583104087392934653903731,225755342374597519357867,0,366406728811777882128373,0,0,0,0
9,6,8,6,0,4,4,0,0,2,2,0,2,2,2,0,0,0,0,1,0,563203092379298350501029,55375474409492040917419,0,528273750749933304548315,0,0,0,0
9,5,4,10,0,5,6,0,3,1,1,1,2,2,4,0,0,0,0,2,0,543407874817044548524858,66446316511996030864205,0,775831264141452684006601,0,0,0,0
10,4,6,5,0,6,7,0,4,0,1,2,1,1,6,0,0,0,0,2,0,589733124779657564891131,221284353214552159778647,0,550015503351450042058117,0,0,0,0
9,6,3,14,0,3,6,0,4,1,1,2,1,1,5,0,0,0,1,1,0,752706013650830677903760,161285182742052371868526,0,475908205414397450969522,0,0,0,0
10,7,8,5,0,5,6,0,5,0,1,1,0,2,4,0,0,0,0,3,0,385095935865778839720199,143710639242593885379319,0,599188564958095785060170,0,0,0,0
9,7,9,2,0,2,6,0,4,1,1,2,1,2,4,0,0,0,1,6,0,467377518536688739379522,176729392457533131832841,0,519184182400141195679393,0,0,0,0
8,3,3,5,0,6,4,0,2,2,0,2,2,1,3,0,0,0,1,2,0,596318128816560232247098,53072767266716533273650,0,465871047454758521638500,0,0,0,0
6,6,10,3,0,5,4,0,3,0,1,3,1,2,2,0,0,0,0,2,0,794162791315776520731306,291264193538541196648948,0,445015747419170375701334,0,0,0,0
7,5,6,1,0,6,5,0,3,1,1,3,2,2,3,0,0,0,0,6,0,416582676220582509088430,118690579239289804554305,0,372157063482334110336016,0,0,0,0
8,6,11,8,0,5,3,0,1,2,0,0,2,0,3,0,0,0,1,1,0,850945365495875964366293,32528582554363152867693,0,567224719198538638124369,0,0,0,0
12,6,7,5,0,5,1,0,0,0,1,0,0,1,0,0,0,0,3,1,0,418400229821218341117278,17228858686000000000000,0,838309634866370983255270,0,0,0,0
5,9,7,10,0,6,1,0,1,0,0,1,0,0,1,0,0,0,3,0,0,705430009818588509625576,47485357680299999999997,0,323694654383765111654161,0,0,0,0
15,2,14,3,0,7,3,0,3,0,0,1,0,0,3,0,0,0,0,0,0,322160045197162439328859,127099387478646220769881,0,902358690974546209828994,0,0,0,0
5,1,7,4,0,5,4,0,3,0,0,3,2,2,2,0,0,0,1,5,0,437499121189350543071396,200000000000000000000000,0,390261381172990924608035,0,0,0,0
6,3,6,5,0,5,5,0,3,0,1,3,1,1,4,0,0,0,1,4,0,693202251211591568538238,238853381032501396973963,0,370575573950646199022639,0,0,0,0
13,8,8,2,0,4,5,0,5,0,0,4,0,1,4,0,0,0,0,3,0,658658340754789540283556,417218528093690282410959,0,553223227031096093359592,0,0,0,0
6,2,7,2,0,7,6,0,3,0,3,3,0,5,1,0,0,0,0,4,0,274111861060626463239777,150705186693999999999999,0,437112512713983481648962,0,0,0,0
11,3,12,2,0,2,8,0,6,0,2,3,1,3,5,0,0,0,0,2,0,463583267555836666862893,215793038630096810195142,0,541492130913659176073977,0,0,0,0
10,8,9,7,0,3,6,0,4,0,2,2,0,3,3,0,0,0,0,4,0,744385728444900621976663,188123910345028736863450,0,313401772123933121160305,0,0,0,0
6,5,9,4,0,5,8,0,2,0,4,2,1,5,3,0,0,0,0,3,0,739268384320569992573116,145546432124803402300000,0,481752480933412060201135,0,0,0,0
11,4,6,7,0,5,3,0,1,0,2,1,0,2,1,0,0,0,4,1,0,381535409083171618077944,183092018688381816998984,0,585484126948103902399693,0,0,0,0
9,6,4,4,0,2,9,0,6,2,1,5,2,4,5,0,0,0,1,6,0,964198323780577866720522,461205587341848354875529,0,459978790761712864860183,0,0,0,0
13,9,7,4,0,8,8,0,4,1,3,2,1,5,3,0,0,0,0,3,0,744619760550745964478199,347431471476756460094006,0,583888142531097121388718,0,0,0,0
6,0,10,8,0,5,4,0,3,0,1,1,0,2,2,0,0,0,1,4,0,672682695935549248036078,232518699140064367349998,0,423495279960870117713390,0,0,0,0
7,6,10,5,0,7,2,0,2,0,0,2,0,1,1,0,0,0,2,3,0,307269896380603356790987,23334324393492256453289,0,591953324262146243912902,0,0,0,0
4,8,5,7,0,5,7,0,5,1,1,2,2,2,5,0,0,0,4,2,0,701831783744474812571025,184672824251730496552964,0,399999000000125800014714,0,0,0,0
7,5,9,5,0,4,1,0,1,0,0,1,0,1,0,0,0,0,0,1,0,491995443395852475947568,49885000000000000000000,0,711909017653665793674399,0,0,0,0
7,5,8,7,0,2,7,0,2,2,1,0,2,1,6,0,0,0,0,2,0,859476541637352469296126,242406051918320066711573,0,390124231963569518960723,0,0,0,0
11,7,6,2,0,5,7,0,3,0,3,2,0,5,2,0,0,0,1,1,0,394862042713527931008446,337645854620592592499999,0,528504791902901779305276,0,0,0,0
8,4,6,6,0,3,6,0,1,1,4,1,2,4,2,0,0,0,2,0,0,400125209842947034881447,153536152393128803925287,0,693740265486133445819672,0,0,0,0
7,7,7,4,0,6,5,0,2,1,1,2,2,1,4,0,0,0,0,5,0,669171630691918384256906,163446049330504869309491,0,402370832242342395374255,0,0,0,0
7,1,7,5,0,4,4,0,2,0,2,1,0,3,1,0,0,0,0,4,0,884125576393931955756389,149341542348506172549997,0,499998000000239624568061,0,0,0,0
11,6,7,11,0,4,4,0,1,0,0,1,3,0,4,0,0,0,0,1,0,956571440228373800279981,174967154138632478300982,0,613838993129948020095083,0,0,0,0
8,6,4,2,0,6,3,0,1,0,1,0,0,1,2,0,0,0,1,0,0,115138966064917794892479,76991966665672021099999,0,500769893665628128832167,0,0,0,0
7,4,7,10,0,3,4,0,1,0,3,0,0,3,1,0,0,0,0,2,0,682239954272041189256743,77397339622172839449999,0,595456888977544171339339,0,0,0,0
9,3,10,8,0,4,7,0,4,1,2,0,1,2,5,0,0,0,0,0,0,679850422696688048751738,185285236519424200298144,0,610591713596641525697110,0,0,0,0
5,3,12,7,0,7,4,0,3,0,0,1,0,1,3,0,0,0,0,4,0,498339241918551952799812,74518614969135802351233,0,296756365740890740750000,0,0,0,0
4,12,5,10,0,2,6,0,4,1,1,4,1,4,2,0,0,0,1,3,0,1193206875351812646429358,125455674207636877425302,0,298393902871153505527153,0,0,0,0
10,4,6,4,0,3,6,0,3,0,3,3,0,4,2,0,0,0,1,5,0,534070419727744878688383,289214635743999999999998,0,439999007719463112092018,0,0,0,0
11,3,5,2,0,6,10,0,6,1,2,3,1,4,6,0,0,0,0,3,0,618044240826327751706191,354322190113234641293067,0,346618993704852497955564,0,0,0,0
7,4,8,6,0,4,7,0,4,0,3,3,1,4,3,0,0,0,0,4,0,826444556167417628224951,300844593311592592450379,0,351790949305129425364339,0,0,0,0
10,3,7,7,0,5,7,0,5,0,2,1,0,2,5,0,0,0,0,1,0,584169838112789475242088,199472341101363917148869,0,551090631122776862139810,0,0,0,0
8,5,6,6,0,6,6,0,4,0,2,1,0,2,4,0,0,0,0,2,0,560709984552907293297028,282010661825221289526257,0,499998000266940305988684,0,0,0,0
9,7,11,7,0,4,4,0,2,1,1,1,1,1,3,0,0,0,0,4,0,745245247847370111690757,223199730934526226396398,0,591284743002453093214048,0,0,0,0
10,4,13,5,0,7,8,0,3,4,1,1,4,1,7,0,0,0,4,0,0,468681037216150355866608,120080456512680973307972,0,539644479402623656592922,0,0,0,0
7,8,8,3,0,4,4,0,2,0,0,2,0,1,3,0,0,0,0,3,0,554906970587653118618781,346763567841064009433230,0,423217158477073242820009,0,0,0,0
9,2,12,9,0,7,6,0,2,2,2,2,2,3,3,0,0,1,0,1,0,1024964713181946863015091,140153352915419680021490,0,428064448496505497807135,0,0,1,0
11,3,4,5,0,5,3,0,3,0,0,0,0,0,3,0,0,0,2,1,0,541817473247441791654157,128441981059765558744786,0,727030202506191542909152,0,0,0,0
7,4,9,5,0,6,4,0,1,1,0,1,2,0,4,0,0,1,0,3,0,331638736562103411924152,52897631415635450670622,0,563628590083350778351038,0,0,1,0
7,6,10,3,0,5,6,0,4,0,2,3,0,4,2,0,0,0,0,0,0,612299051513821563110375,248655208061859147257708,0,524658862511308734570023,0,0,0,0
12,7,8,4,0,2,5,0,4,0,0,4,0,2,3,0,0,0,0,5,0,615997080072979886796952,151156983116333333249998,0,582743574771907405993874,0,0,0,0
11,5,8,5,0,4,7,0,3,1,2,2,2,3,4,0,0,0,0,3,0,674853279281939097393142,182301843381310920524015,0,604958315075254648575560,0,0,0,0
8,6,5,10,0,4,7,0,4,1,2,3,2,3,4,0,0,0,0,0,0,648810865136404405038181,155947382516170112100941,0,361572001018330858656596,0,0,0,0
7,3,8,5,0,3,3,0,3,0,0,2,0,0,3,0,0,0,0,7,0,731204024977556433262390,99999999999999999999997,0,585162267442481723566478,0,0,0,0
12,2,10,10,0,5,3,0,1,0,1,1,0,1,2,0,0,0,0,2,0,519284587205751283286703,101247099062618903724878,0,574735769906331005116297,0,0,0,0
7,5,9,2,0,5,10,0,7,0,2,4,2,4,6,0,0,0,2,4,0,582394381039485580825264,386206707936712164972687,0,598108390170888426562862,0,0,0,0
5,3,3,4,0,5,6,0,5,0,1,4,0,2,4,0,0,0,0,2,0,823307500336979527391636,265111838971520742496548,0,249880000000167813868924,0,0,0,0
14,5,9,5,0,3,6,0,3,2,1,2,2,1,5,0,0,0,0,3,0,763978577870740831894152,194621661198206099388280,0,333822334066944133443785,0,0,0,0
6,2,8,6,0,7,6,0,5,0,1,3,0,1,5,0,0,0,0,3,0,879476879347834436586252,266643803632036972563192,0,365519627613369624071374,0,0,0,0
8,5,4,5,0,7,3,0,1,0,2,1,0,2,1,0,0,0,0,3,0,316784363023755238750368,39714839261132180435034,0,347671178727799420845730,0,0,0,0
8,0,10,3,0,5,5,0,3,0,0,1,1,1,4,0,0,0,1,1,0,252344189485659464183142,123191910078887092045975,0,419290229392242749427617,0,0,0,0
6,3,4,2,0,6,6,0,3,0,2,1,1,2,4,0,0,0,4,6,0,403245068563267137367482,121325967493721012453688,0,303171800193408857757195,0,0,0,0
7,9,7,9,0,1,5,0,1,2,1,2,2,2,3,0,0,0,0,3,0,414600918715585944818283,104442904670085472439022,0,511981471853935433222458,0,0,0,0
8,2,9,10,0,3,3,0,2,0,1,2,0,2,1,0,0,0,1,4,0,922176153722692188724231,150005367846447298743432,0,515363042652886972299086,0,0,0,0
11,1,8,7,0,4,4,0,1,1,2,1,1,3,1,0,0,0,0,3,0,402880066271992664502432,100957882694109919650000,0,414676903787628496706660,0,0,0,0
10,3,6,3,0,7,2,0,1,1,0,1,1,0,2,0,0,0,2,4,0,760555192075001109894203,294927250706905396034059,0,485849700350110520800223,0,0,0,0
9,4,11,4,0,6,8,0,7,0,0,2,1,1,7,0,0,0,0,1,0,363168869730289636871947,175708208424980106370170,0,330638449310035689319114,0,0,0,0
8,4,9,5,0,5,5,0,1,0,4,1,0,4,1,0,0,0,2,6,0,711046493983282584628184,197417391465999999999998,0,300000000000184408138530,0,0,0,0
8,6,8,3,0,7,5,0,1,1,3,1,1,4,1,0,0,0,0,3,0,224481434608516151161783,186507128938037419600000,0,505322565589223928011056,0,0,0,0
8,3,6,5,0,5,5,0,4,0,1,1,1,1,4,0,0,0,0,8,0,307693880875740760402453,205682305012307654820616,0,438486269788383815593443,0,0,0,0
5,3,12,1,0,6,3,0,2,0,0,2,0,1,2,0,0,0,0,3,0,319925567196496741171727,83942493678612063245998,0,401903172936407983938903,0,0,0,0
5,5,6,1,0,8,3,0,3,0,0,3,1,2,1,0,0,1,0,7,0,345187027493492639868882,50173368005145488255695,0,365089961262024084061956,0,0,1,0
8,4,8,6,0,5,5,0,3,0,2,2,0,4,1,0,0,0,0,3,0,630558675441194387128152,271951956451407407349998,0,651311201345525544345825,0,0,0,0
10,4,8,7,0,2,4,0,2,0,1,1,0,1,3,0,0,0,1,1,0,638541817266258739681272,48194210970815618257601,0,759096678294285416996823,0,0,0,0
8,3,11,0,0,3,9,0,7,0,1,4,1,4,5,0,0,0,0,4,0,665993064063755190948331,389687269593686574380883,0,611896690497743144637364,0,0,0,0
11,4,4,4,0,2,2,0,0,2,0,0,2,0,2,0,0,0,3,0,0,228049646798763154686156,38619453495393013159545,0,973378362427570155628936,0,0,0,0
10,5,7,5,0,3,11,0,10,0,1,4,0,5,6,0,0,0,1,1,0,867264044928224777835987,250453150912510542398624,0,458954132348499605078690,0,0,0,0
15,4,7,6,0,7,5,0,4,1,0,2,1,0,5,0,0,0,0,2,0,761042077160883578237764,167442764070925132723337,0,761751866684273783140225,0,0,0,0
7,6,12,5,0,6,4,0,2,0,2,1,0,3,1,0,0,0,0,2,0,346431475941381346490567,123753112854999999899999,0,354872001029923178309646,0,0,0,0
10,5,6,6,0,4,5,0,2,2,1,1,2,1,4,0,0,0,1,7,0,291582629188722296718453,104922787198026606896315,0,601093965037629966784137,0,0,0,0
5,7,9,9,0,3,3,0,2,0,1,2,1,1,2,0,0,0,1,1,0,659552476167139489568809,91137823740106853240575,0,352446297462311004684879,0,0,0,0
5,7,6,9,0,5,4,0,2,0,2,2,0,3,1,0,0,0,2,7,0,467995310894803763293078,174004159923999999999998,0,250695000000100648344736,0,0,0,0
3,3,11,5,0,2,1,0,1,0,0,1,0,0,1,0,0,0,3,1,0,502429505153675332132896,50000000044800314937500,0,385481250647133104579692,0,0,0,0
6,3,9,7,0,4,7,0,3,1,2,3,2,2,5,0,0,0,1,2,0,703175272337834916495571,241833694743119599262180,0,370089990142855338850451,0,0,0,0
9,1,8,2,0,5,6,0,3,1,2,1,1,2,4,0,0,0,1,1,0,455768391902361950218646,226134410014563409810238,0,491222725969744603452700,0,0,0,0
11,8,8,5,0,5,4,0,3,0,0,3,0,1,3,0,0,0,2,1,0,756413295793714354197499,212075453080216539582550,0,467552971560413794628521,0,0,0,0
8,6,8,1,0,6,3,0,2,0,0,2,1,2,1,0,0,0,3,0,0,307128048481111573415526,78680192901234567850000,0,522842928895919270381821,0,0,0,0
7,7,4,4,0,5,7,0,3,1,2,2,1,3,4,0,0,0,1,3,0,671954571169976644140331,259336941906311489036721,0,461154356866722591192626,0,0,0,0
6,3,4,6,0,8,3,0,2,0,1,2,1,1,2,0,0,0,0,6,0,937771027499544846276445,120539878759999999999999,0,300000000000150000100000,0,0,0,0
7,9,7,8,0,4,3,0,3,0,0,2,0,2,1,0,0,0,2,2,0,476346748153345498501456,76486975361544105849999,0,494108106631978105884484,0,0,0,0
8,7,11,10,0,4,4,0,3,0,1,2,1,1,3,0,0,0,0,1,0,614307666874384901658849,89820406866197530850965,0,541780165121917468569607,0,0,0,0
10,4,6,5,0,6,6,0,4,0,1,4,1,1,5,0,0,0,0,6,0,914644806095560722018832,137716475095456790114473,0,433765653360821713267391,0,0,0,0
11,5,4,3,0,6,2,0,1,1,0,1,1,1,1,0,0,0,0,3,0,599369300869391086265103,109214320181364702325549,0,605798082757140996640338,0,0,0,0
6,7,4,7,0,5,2,0,2,0,0,2,0,1,1,0,0,0,0,1,0,433537193613743194692509,68310937499999999704133,0,475503034618674942323984,0,0,0,0
4,5,10,4,0,4,5,0,5,0,0,3,0,0,5,0,0,0,0,2,0,539112048091482978431713,178498443687124923140173,0,454210842729675388635927,0,0,0,0
3,4,6,6,0,8,4,0,1,0,3,1,0,3,1,0,0,0,1,3,0,493311821808340962687709,76226636626999999999999,0,313550016661424921976747,0,0,0,0
5,5,7,7,0,7,2,0,2,0,0,1,1,0,2,0,0,0,0,3,0,375373101095946617238984,68057677993240022708167,0,316555319545001397169280,0,0,0,0
7,4,7,5,0,4,4,0,2,1,1,1,1,1,3,0,0,0,0,2,0,593981959634130020864983,58308165689514689734492,0,306889467950205634063505,0,0,0,0
8,4,9,8,0,3,2,0,2,0,0,1,0,0,2,0,0,0,0,8,0,395770317897880504712653,49999999999999999999997,0,516766059099242562120475,0,0,0,0
8,6,12,6,0,6,7,0,3,0,3,2,1,4,3,0,0,0,4,3,0,685942686520365183757966,174520535790117080602993,0,399999000005150000000000,0,0,0,0
8,8,8,9,0,2,5,0,2,1,2,2,1,3,2,0,0,0,0,2,0,869318462764031068069944,158890547786645025666350,0,726672689610568108414411,0,0,0,0
9,6,8,6,0,2,1,0,0,0,0,0,0,0,1,0,0,0,2,1,0,412670234273803719037016,17635223765432098700000,0,715873714735157711083756,0,0,0,0
11,7,11,4,0,5,6,0,3,0,3,2,0,4,2,0,0,0,2,2,0,772719692752764197895682,280433206973308640749995,0,636781875197048091705570,0,0,0,0
10,3,12,10,0,4,3,0,3,0,0,1,0,1,2,0,0,0,2,2,0,775103907211679681198718,132949317090028571857071,0,524292528499627658315761,0,0,0,0
3,7,14,6,0,7,3,0,2,0,0,2,0,0,3,0,0,0,0,2,0,855433869852188821292593,58804894660493827150006,0,292382833597171279310344,0,0,0,0
7,5,6,5,0,5,3,0,1,0,2,0,0,2,1,0,0,0,1,2,0,252017047939359977425129,63991923503718244631566,0,508007096774333700074170,0,0,0,0
6,4,5,7,0,5,3,1,3,0,0,0,0,0,3,1,1,0,1,1,0,456971775450255381065505,77089898310982132644912,0,479123958170749347781802,0,0,0,0
9,10,11,5,0,5,4,0,2,1,1,0,1,1,3,0,0,0,1,1,0,208810983875470969965843,58227455494945096026305,0,413545716480887925262209,0,0,0,0
7,5,7,5,0,7,4,0,1,1,2,1,1,2,2,0,0,0,0,3,0,443355843097358027563169,217629828821382715949999,0,300000000000249999028259,0,0,0,0
8,2,9,7,0,4,4,0,2,2,0,0,2,0,4,0,0,0,1,1,0,489556868487561908234815,44976776536276406369342,0,541597080875345167894630,0,0,0,0
6,3,5,1,0,7,7,0,5,1,1,4,1,1,6,0,0,0,2,8,0,551770650730330749393143,191530420719414000245159,0,371523068677445700659070,0,0,0,0
9,4,5,7,0,4,5,0,3,1,1,2,1,2,3,0,0,0,1,3,0,434692934392513579645525,116434304000049767744943,0,630658258406562789683207,0,0,0,0
8,6,12,5,0,6,5,0,1,0,4,1,1,4,1,0,0,0,0,1,0,577721926842286552988872,88483265528000000002695,0,498925771362331606457433,0,0,0,0
6,5,11,7,0,3,6,0,4,0,2,3,1,3,3,0,0,0,0,1,0,812619860332436480234837,204950059844901653049997,0,570853748963964637607097,0,0,0,0
7,3,9,3,0,7,1,0,1,0,0,1,0,1,0,0,0,0,1,2,0,504937197600875709966687,50000000000000000000000,0,331424979639187416110773,0,0,0,0
5,3,6,4,0,6,3,0,1,0,1,1,0,1,2,0,0,0,2,1,0,599584125774486331334901,77097791795395061699999,0,430727307170802358109120,0,0,0,0
8,4,9,3,0,7,6,0,3,2,1,3,2,4,2,0,0,0,0,2,0,631960094797365775529130,203533147886670274028380,0,472340505592488438217731,0,0,0,0
12,3,10,8,0,3,6,0,4,0,1,2,0,2,4,0,0,0,0,2,0,523666504342180440192616,145596696740187584774107,0,550354679424968820900751,0,0,0,0
6,8,9,5,0,2,7,0,6,0,1,3,0,3,4,0,0,0,0,1,0,686791943353692927571878,288004310266493585922244,0,538611573533191187518705,0,0,0,0
8,5,11,3,0,4,3,0,2,0,1,1,0,1,2,0,0,0,0,2,0,327095602861911087240712,206229024463012019304289,0,470241630890618102196621,0,0,0,0
6,5,6,4,0,6,5,0,4,0,1,4,1,4,1,0,0,0,0,1,0,652653423285139233156600,167495645066000000000000,0,318419571908291373445785,0,0,0,0
6,5,7,5,0,6,7,0,5,0,2,3,0,4,3,0,0,0,0,3,0,757713164964102523320065,289353557377638959834791,0,487602626086901231668093,0,0,0,0
6,4,8,8,0,5,4,0,2,0,2,2,1,3,1,0,0,0,0,2,0,552546812712345950010423,146634939690000000000000,0,428799569055915530870585,0,0,0,0
10,6,7,5,0,5,4,0,3,0,0,1,0,1,3,0,0,0,0,0,0,333990229613898016182335,122581608296397207722951,0,735911406036367675177653,0,0,0,0
5,3,2,8,0,5,5,0,4,0,1,3,1,3,2,0,0,0,0,2,0,1035696694820351916171290,109824600131203885644224,0,349999000000150014296150,0,0,0,0
5,3,7,5,0,4,6,0,5,1,0,4,1,2,4,0,0,0,3,1,0,812899298338009535554675,233653250611222524716375,0,435303441069597311752742,0,0,0,0
5,2,9,5,0,5,4,0,3,0,1,3,1,2,2,0,0,0,0,4,0,705954807401734724917798,163895194250000000007254,0,300000000000230598586547,0,0,0,0
8,6,10,5,0,7,2,0,2,0,0,2,0,1,1,0,0,0,2,1,0,544379996859783482922831,233754368032036398968207,0,444233368032210801588226,0,0,0,0
6,9,6,8,0,6,2,0,1,0,1,1,0,1,1,0,0,0,2,2,0,455942956618943598834831,74862331018579479199019,0,359611258746561273542794,0,0,0,0
11,6,12,9,0,1,6,0,3,1,2,1,1,2,4,0,0,0,0,0,0,383950880568391323701999,82739890097614615909293,0,638706730114771515176100,0,0,0,0
9,3,5,5,0,6,2,0,2,0,0,1,0,0,2,0,0,0,1,3,0,372017939843807413257513,31668456276265999549998,0,675925684273604859800858,0,0,0,0
6,3,14,7,0,5,5,0,3,1,1,2,1,2,3,0,0,0,1,3,0,986473997484922025263179,294729089114482706676355,0,397072737099016898947831,0,0,0,0
6,7,9,3,0,6,3,0,2,0,1,2,1,2,1,0,0,0,1,2,0,625427350669241010345192,211689972239000000000000,0,307599641337178064316567,0,0,0,0
8,6,10,6,0,2,5,0,2,0,3,1,0,4,1,0,0,0,2,0,0,643849914234413172719706,103830009760736081568961,0,410806161562037610075582,0,0,0,0
9,1,12,1,0,5,5,0,4,0,0,3,1,1,4,0,0,0,0,2,0,249297826475773365965307,83476958823292030534511,0,505301869776580458450245,0,0,0,0
10,4,8,2,0,8,2,0,2,0,0,2,2,0,2,0,0,0,1,5,0,472376352038590682211486,50000000000000000013500,0,369403658918303808640111,0,0,0,0
6,7,6,6,0,3,3,0,2,1,0,2,1,1,2,0,0,0,2,6,0,759013732610060301198255,209048339146185199192139,0,490016537225308291030867,0,0,0,0
7,6,7,4,0,5,4,0,2,1,1,2,1,2,2,0,0,0,0,1,0,850091239981379151352740,254233014894609134212986,0,409927142514122007920440,0,0,0,0
6,6,6,8,0,3,6,1,2,0,3,1,1,3,3,1,1,0,2,2,0,837169268360279992408637,101322812467972789619653,0,341740088798660097476535,0,0,0,0
12,7,8,5,0,4,2,0,1,1,0,1,1,1,1,0,0,0,2,0,0,396035569774046918536464,53667654882423367501478,0,451851817893809285742954,0,0,0,0
17,6,4,6,0,5,2,0,2,0,0,2,0,1,1,0,0,0,0,3,0,696553742760248652830288,99365791712343200580338,0,716147359737410661620109,0,0,0,0
6,3,6,2,0,5,4,0,2,2,0,1,2,1,3,0,0,0,1,7,0,315956880909569992409036,104347486604333890461657,0,440712012345824377416567,0,0,0,0
7,4,6,1,0,5,5,0,3,1,1,2,2,2,3,0,0,0,1,3,0,580804394535568827495498,358638160886758776372727,0,607626731725732502664006,0,0,0,0
12,3,7,2,0,7,7,0,4,0,3,2,0,4,3,0,0,0,0,4,0,401327114501751889909444,141251671834518518449997,0,399997000000351465053615,0,0,0,0
6,5,10,3,0,3,7,0,6,0,1,4,2,2,5,0,0,0,1,0,0,494536728406483063277606,209205514837959223407979,0,342116211888970197337043,0,0,0,0
9,6,9,3,0,8,6,0,2,0,3,0,1,3,3,0,0,0,1,0,0,269592175812646430873233,78430036566452804898953,0,456545008165836674975465,0,0,0,0
7,2,7,5,0,5,4,0,2,2,0,2,2,1,3,0,0,0,1,3,0,493555367541976143156163,227521787047081862272413,0,723611928457497528309918,0,0,0,0
5,3,4,6,0,5,2,0,2,0,0,1,1,0,2,0,0,0,2,2,0,630271619521391339624847,54307876363974587987406,0,483416398941871541986958,0,0,0,0
9,3,12,4,0,6,5,0,3,0,2,3,0,3,2,0,0,0,0,4,0,446741438501836804618104,334964130339664651492746,0,392956223442357319199103,0,0,0,0
10,4,7,7,0,7,5,0,5,0,0,2,1,0,5,0,0,0,0,5,0,760001483593230267423623,158922014302205095101598,0,533692000820955117918139,0,0,0,0
4,5,6,3,0,6,4,0,4,0,0,4,1,1,3,0,0,0,1,3,0,572901345959701475738906,202700295876025815113463,0,368230663321096528799303,0,0,0,0
3,5,11,7,0,6,4,0,3,1,0,2,2,0,4,0,0,0,1,3,0,970167336354906355296530,101328520883849027531082,0,322964768430230501117553,0,0,0,0
4,3,13,5,0,8,4,0,3,1,0,2,1,0,4,0,0,0,0,0,0,682512460884648240743698,142254675762621933960784,0,308057648888060833246893,0,0,0,0
8,2,9,6,0,6,10,0,5,1,3,1,2,4,6,0,0,0,0,0,0,737940746025188127965917,355047415144374733425573,0,426024879949687185507633,0,0,0,0
6,3,3,4,0,6,9,0,3,3,3,3,3,4,5,0,0,0,0,4,0,689599809796422562336318,257740027076117291490540,0,584708523431900975877886,0,0,0,0
12,11,5,6,0,5,1,0,1,0,0,0,0,0,1,0,0,0,1,3,0,676383450270073744637745,27185747259556756645631,0,621594012747068822278744,0,0,0,0
4,6,8,6,0,5,6,0,6,0,0,3,0,1,5,0,0,0,1,4,0,623784175350786894971301,157576758462890881117933,0,300001000000150000000003,0,0,0,0
6,7,6,2,0,4,3,0,3,0,0,2,0,0,3,0,0,0,3,1,0,366750591930927760567661,55464999999999999999996,0,268573050614849342982963,0,0,0,0
8,5,7,6,0,5,2,0,1,0,1,0,0,1,1,0,0,0,0,3,0,632809460712053198729677,95397184168234567799999,0,636995119603329036241810,0,0,0,0
9,4,10,5,0,2,6,0,4,1,1,3,2,2,4,0,0,0,1,1,0,719000618754825334551565,299448974524861948742366,0,767755503830183581343590,0,0,0,0
8,5,9,6,0,4,1,0,0,0,0,0,1,0,1,0,0,0,0,3,0,360175558458396683323540,8357836839257001100000,0,549390486402605974905018,0,0,0,0
9,4,6,4,0,6,4,0,3,1,0,3,1,2,2,0,0,0,0,1,0,717411863021883378329461,178472156843096802950018,0,499998000000150000007822,0,0,0,0
6,4,7,4,0,7,5,0,4,0,0,2,0,2,3,0,0,0,1,3,0,554242099372296352915673,98516270266687941554619,0,353176984415139453661652,0,0,0,0
7,3,6,6,0,5,4,0,2,1,0,1,2,1,3,0,0,0,1,1,0,664667677891530149638851,110743298115367107655912,0,589950064365385229576704,0,0,0,0
14,6,8,7,0,7,2,0,1,0,1,1,0,2,0,0,0,0,0,2,0,753143394578624230536902,156897311684000000000000,0,743592197418336986423927,0,0,0,0
4,7,9,4,0,5,6,0,6,0,0,2,0,0,6,0,0,0,0,1,0,386128591771701908861477,99976141988642533863026,0,308771258121934741361976,0,0,0,0
3,2,11,4,0,8,8,0,3,0,4,3,1,6,2,0,0,0,0,2,0,943442383237817181010146,162680122344053709341746,0,374370538709960489141266,0,0,0,0
11,3,4,4,0,4,5,0,3,2,0,3,2,1,4,0,0,0,0,4,0,730747674382773751071273,163399916498898694952461,0,615018690964034156584657,0,0,0,0
10,2,3,10,0,3,5,0,2,0,2,1,1,2,3,0,0,0,0,3,0,1156125516351823422700967,75963067878535707114891,0,936245161253383091512317,0,0,0,0
12,10,8,6,0,5,7,0,4,0,1,2,0,1,6,0,0,0,0,2,0,723821391141315580416327,110360327983265634382575,0,616847196686269008278651,0,0,0,0
6,2,7,3,0,7,5,0,4,0,1,2,0,2,3,0,0,0,0,4,0,373687066385329971091295,195185741615198481244478,0,628198045347706337010394,0,0,0,0
11,1,11,4,0,9,3,0,3,0,0,0,0,0,3,0,0,0,1,5,0,165171945487837048488511,43170181717527716210810,0,429322922320926978957516,0,0,0,0
7,4,8,8,0,7,2,0,2,0,0,2,0,1,1,0,0,0,1,2,0,1160258757134715307087412,199999100000999999999996,0,413525376331840854122975,0,0,0,0
9,5,7,4,0,6,8,0,4,0,2,4,1,3,5,0,0,0,0,1,0,702089723277577631857616,193170388304948492074043,0,343727855796243855019143,0,0,0,0
10,6,3,8,0,4,4,0,3,0,1,3,0,3,1,0,0,0,3,2,0,898583228016809802892024,131399296347913104707734,0,470779753404158702226611,0,0,0,0
7,3,5,6,0,6,5,0,3,0,0,1,2,1,4,0,0,0,2,4,0,700479723958015119244779,117020288862611923853313,0,523397443899416734191516,0,0,0,0
6,3,6,4,0,4,7,0,4,0,3,2,0,4,3,0,0,0,0,5,0,740127847877036092863216,293862821723411790943429,0,339208388067051730837813,0,0,0,0
6,10,7,1,0,7,7,0,6,0,1,3,1,2,5,0,0,0,0,4,0,589312672603265778663770,270052681245318560835606,0,304852490801161091204328,0,0,0,0
8,3,6,9,0,6,2,0,2,0,0,2,0,1,1,0,0,0,0,3,0,843775526775526377503898,31006882162943903972092,0,436206621410655922326728,0,0,0,0
10,8,9,8,0,5,1,0,1,0,0,0,0,0,1,0,0,0,0,3,0,209707183233169192146283,64594263457367295546927,0,449993001002245888654753,0,0,0,0
8,4,5,2,0,5,7,0,4,2,1,3,2,3,4,0,0,0,1,3,0,841694374953739233945262,267049798368252771409716,0,399999000000153675713657,0,0,0,0
3,5,7,8,0,3,6,0,3,1,2,2,1,3,3,0,0,0,0,4,0,1018272832006180579424388,220943840563259889645373,0,336319279365804766742463,0,0,0,0
9,5,11,8,0,3,3,0,3,0,0,2,1,1,2,0,0,0,0,3,0,701406518964752348655138,55918785860503270177364,0,548432246352048938271861,0,0,0,0
6,4,14,5,0,3,3,0,3,0,0,2,1,1,2,0,0,0,1,3,0,1013513106168992322505378,193968605081408007113403,0,578501924777218238803331,0,0,0,0
6,7,6,3,0,6,3,0,2,0,1,2,0,1,2,0,0,0,0,4,0,654246693735333168355425,314122228395000000024180,0,474667860397570935438514,0,0,0,0
9,4,7,5,0,6,4,0,3,1,0,1,1,0,4,0,0,0,2,3,0,658123760471672074389241,132177246859249640490507,0,412311860461725183382998,0,0,0,0
9,6,11,3,0,4,6,0,3,1,2,2,1,3,3,0,0,0,0,2,0,328157295938932650791463,205547516425308933320242,0,562110977160577222180594,0,0,0,0
8,7,9,2,0,4,3,0,3,0,0,3,1,1,2,0,0,0,0,3,0,557228978278962814761422,171310649022000002591996,0,430913409187114012609037,0,0,0,0
4,6,10,9,0,6,3,0,2,0,1,0,0,1,2,0,0,0,0,4,0,657685439765692609259568,24274969621249363835629,0,405080210053623323906180,0,0,0,0
10,8,5,7,0,5,4,0,1,0,2,1,0,2,2,0,0,0,2,5,0,900433658865177395083042,201863422014061728299996,0,305485652709313232910074,0,0,0,0
7,6,10,6,0,8,5,0,4,0,0,4,1,2,3,0,0,0,0,3,0,1139411108851926330903126,250973652705284291743244,0,350000000000153209203300,0,0,0,0
7,5,4,11,0,3,7,0,5,0,1,2,0,1,6,0,0,0,0,2,0,1026200098837392526976837,279155142030560588843539,0,557893305889762024073717,0,0,0,0
6,5,7,6,0,6,6,0,4,0,1,2,0,3,3,0,0,0,0,1,0,686546191973711393137916,193140308793913677514013,0,492855232631171514207126,0,0,0,0
5,7,7,6,0,6,3,0,3,0,0,1,0,1,2,0,0,0,1,3,0,729491609798194227412432,101581182810940590911602,0,440391391588190675758818,0,0,0,0
6,7,10,7,0,7,3,0,1,0,2,0,0,2,1,0,0,0,1,1,0,237008189163877068098756,79574466603819752899999,0,640339468026126348995352,0,0,0,0
8,7,10,6,0,6,4,0,2,0,2,1,0,2,2,0,0,0,2,0,0,446670013556137131787715,217715494840000000010165,0,602246000000259625940085,0,0,0,0
9,7,11,6,0,6,7,0,4,0,2,4,0,5,2,0,0,0,1,0,0,833905178335325770653038,219300396218432098749999,0,440198999934319207772040,0,0,0,0
8,1,6,10,0,2,4,0,3,0,1,1,0,1,3,0,0,0,1,1,0,971865109231521450675190,148989004589141608432308,0,606480226261024566937786,0,0,0,0
6,3,9,4,0,8,4,0,2,1,1,1,1,2,2,0,0,0,2,3,0,238942783559299303467325,96884282354303264963366,0,354467350202510094794292,0,0,0,0
13,4,6,3,0,3,8,0,4,1,1,3,1,2,6,0,0,0,1,2,0,787652092975118331494716,306096843091435147463125,0,736545078340399524915020,0,0,0,0
4,4,5,5,0,8,2,0,0,1,1,0,1,1,1,0,0,0,0,0,0,254992577402897101142518,39600683644802469100000,0,373858910331390564109610,0,0,0,0
9,4,7,9,0,3,7,0,5,0,2,1,0,2,5,0,0,0,1,0,0,829220711792559056584495,290632605263021718528694,0,472776309758136197386287,0,0,0,0
9,5,4,12,0,4,7,0,3,1,2,1,2,3,4,0,0,0,0,1,0,650232702650423412277318,84928549141224319889562,0,766784075957644806619258,0,0,0,0
5,6,7,8,0,6,6,0,4,0,1,1,0,2,4,0,0,0,1,2,0,567541226174074110017054,86117661685231885790612,0,386971692991993103099121,0,0,0,0
6,3,10,5,0,7,5,0,3,0,0,2,3,0,5,0,0,0,4,1,0,726282027658849807126462,116096174427425377884599,0,463142730701812852367303,0,0,0,0
14,7,13,8,0,8,7,0,3,3,0,2,3,2,5,0,0,0,1,3,0,1003186798737239282142025,472202148690010031327413,0,739817082087395478118615,0,0,0,0
8,4,3,5,0,6,2,0,0,2,0,0,2,0,2,0,0,0,2,3,0,551317186425712819541093,36228761249977990478786,0,351302641634482646634416,0,0,0,0
5,6,9,3,0,7,5,0,2,0,3,2,0,5,0,0,0,0,0,4,0,747298760899413968353562,321258328724000000000000,0,351104000000134990600074,0,0,0,0
9,7,8,3,0,7,3,0,2,0,1,1,0,2,1,0,0,0,1,2,0,341725905188117520081409,94189890434864197499999,0,337416052469285802500017,0,0,0,0
5,8,7,10,0,5,1,0,1,0,0,1,0,0,1,0,0,0,3,0,0,791286843233857091910869,47528132999999999999999,0,287496987646647725766845,0,0,0,0
4,6,8,6,0,5,4,0,3,0,1,2,0,2,2,0,0,0,0,3,0,459560778654372758911720,162620501640874264809502,0,300000000000150000008023,0,0,0,0
14,9,5,7,0,6,6,0,2,2,2,0,2,2,4,0,0,0,0,0,0,738549282744826452218046,210203393467146958203224,0,606235127637336968603781,0,0,0,0
6,2,6,4,0,6,7,0,6,1,0,4,1,1,6,0,0,0,0,5,0,1138990466508656449062502,350949493314433343737521,0,300000000000249999000024,0,0,0,0
8,3,6,6,0,5,2,0,1,0,1,1,1,1,1,0,0,0,1,2,0,500631045700404295562566,60811288537000000000000,0,562482317678633402045430,0,0,0,0
6,4,7,3,0,7,7,0,2,0,4,2,0,5,2,0,0,0,0,3,0,545971451761116466906296,124561497677333333299998,0,337113512714108351125277,0,0,0,0
7,3,8,3,0,6,5,0,3,2,0,3,2,1,4,0,0,0,0,4,0,724117600729469397849542,165316934111076314961504,0,365017417131867674952697,0,0,0,0
4,3,11,2,0,6,4,0,2,1,0,2,2,1,3,0,0,0,0,3,0,561174002955933765305764,93644828757708816829906,0,471753546323781400085865,0,0,0,0
3,2,8,2,0,9,3,0,1,1,1,0,1,1,2,0,0,0,0,4,0,155331121135686380607623,92151364820986644671681,0,387385876813859774314108,0,0,0,0
11,4,6,7,0,5,3,0,2,0,1,2,1,1,2,0,0,0,3,2,0,436007788001354076823330,131564662207381816988817,0,383775199682640782689731,0,0,0,0
7,2,10,6,0,5,5,0,3,0,2,2,0,4,1,0,0,0,2,3,0,745590565124281150359252,230819605963866959495813,0,586094793626425326863147,0,0,0,0
9,2,7,1,0,10,3,0,3,0,0,2,0,0,3,0,0,0,0,1,0,370352640842241595199657,54856838136270854998233,0,344011567109917381434272,0,0,0,0
4,5,5,6,0,5,7,0,6,1,0,3,2,2,5,0,0,0,3,3,0,674357096261990023113368,126160429155807063317873,0,399999000000125800014714,0,0,0,0
12,8,9,6,0,4,5,0,2,2,1,0,2,1,4,0,0,0,0,1,0,440201413685933517736519,157614573405654828810637,0,635386662668980039101389,0,0,0,0
7,3,8,6,0,3,4,0,4,0,0,3,1,1,3,0,0,0,2,2,0,656490143828690101758310,176210923390322531790702,0,250001000000150000841933,0,0,0,0
7,2,7,6,0,4,4,0,1,0,3,0,0,3,1,0,0,0,0,4,0,727262606552804015357727,269267445799024360449997,0,399999000000339573220837,0,0,0,0
10,2,10,3,0,5,7,1,4,0,3,3,1,4,3,1,1,0,3,2,0,499032314238434221566033,197675590361034320621777,0,363307059880290821774460,0,0,0,0
11,5,8,6,0,5,4,0,2,0,0,1,0,0,4,0,0,0,2,4,0,764006780668977329501162,85589834824797256116428,0,358106044274106241000264,0,0,0,0
10,2,10,3,0,5,7,1,4,0,3,3,1,4,3,1,1,0,3,2,0,499032314238434221566033,197675590361034320621777,0,363307059880290821774460,0,0,0,0
9,3,10,10,0,5,7,0,5,0,2,1,0,2,5,0,0,0,0,0,0,784730641643415662216612,166633788588483991855916,0,575977424853396965409324,0,0,0,0
8,6,5,8,0,3,5,0,4,0,1,2,2,1,4,0,0,0,2,1,0,970923442904842081814116,64475769072108605197054,0,489865430877103592978116,0,0,0,0
6,5,10,11,0,3,5,0,2,0,2,2,1,3,2,0,0,0,2,1,0,1014268204678048506429199,113209853362864197499999,0,474191100508705728141783,0,0,0,0
4,5,9,1,0,6,4,0,3,1,0,3,1,2,2,0,0,0,0,5,0,236964699534443036991395,104597250538805455793714,0,300000000000134624477399,0,0,0,0
7,6,8,4,0,5,6,0,2,1,3,2,2,3,3,0,0,0,0,5,0,630441169971698982618346,220557447049320988399847,0,305859694496157808823150,0,0,0,0
11,5,9,3,0,4,4,0,3,1,0,1,1,0,4,0,0,0,0,0,0,345836926887768226981748,100145149458594483605842,0,477199029273151663618572,0,0,0,0
11,6,9,4,0,5,3,1,3,0,0,1,0,0,3,1,1,0,0,2,0,448361728154223514723072,295069715283469623030379,0,650134436351227488924918,0,0,0,0
7,7,8,4,0,6,4,0,2,0,0,2,0,1,3,0,0,0,0,3,0,684939104130770486346308,307531728960064009433787,0,423217158477073242820686,0,0,0,0
14,2,10,2,0,7,4,0,1,0,3,0,0,3,1,0,0,0,1,3,0,320551971279630463476599,244546570742198243430726,0,1115045003364062607648903,0,0,0,0
9,5,16,1,0,7,1,0,0,0,1,0,0,1,0,0,0,0,0,2,0,88419752828703703500000,17356674125000000000000,0,755496541282780411319367,0,0,0,0
12,8,8,5,0,4,4,0,3,0,0,3,0,2,2,0,0,0,0,6,0,545069060534766586520015,80480864975962962899999,0,534858596644291179346787,0,0,0,0
6,5,3,11,0,5,3,0,2,1,0,1,1,1,2,0,0,0,0,2,0,949263354546665298219578,107908119916363723049999,0,515694109549442977101826,0,0,0,0
9,4,9,6,0,3,8,1,7,0,1,4,0,3,5,1,1,0,3,2,0,908837121193507881557497,337580853239352357102479,0,514502757039964398451054,0,0,0,0
7,5,9,2,0,6,11,0,5,0,4,5,0,6,5,0,0,0,1,4,0,714163837400457075011566,492257152559285924858649,0,567111476252363436044286,0,0,0,0
12,3,12,6,0,5,5,0,3,0,2,3,1,3,2,0,0,0,0,3,0,719266416085999381553094,245683937595325704400495,0,449998000000262173111293,0,0,0,0
10,4,8,5,0,3,6,0,6,0,0,2,0,1,5,0,0,0,0,5,0,585730390198985889990627,302639618523501518101720,0,480451542356135352896195,0,0,0,0
7,6,8,8,0,5,6,0,4,0,2,2,1,3,3,0,0,0,0,2,0,628952014085066980413808,108687350216912991451276,0,493214266400407954526727,0,0,0,0
8,0,10,4,0,6,4,0,2,0,0,1,1,1,3,0,0,0,0,3,0,292818256920454857920977,118356497283044098087308,0,448955927996030355805184,0,0,0,0
13,5,4,4,0,3,2,0,2,0,0,1,0,1,1,0,0,0,1,4,0,458182039504033577967794,133324652677690058149999,0,656590314107818724601104,0,0,0,0
11,2,12,3,0,6,1,0,0,0,1,0,0,1,0,0,0,0,1,2,0,430223701246993411333178,53596997002000000000000,0,610278810119513167935633,0,0,0,0
9,4,11,3,0,4,8,0,7,0,0,3,0,1,7,0,0,0,0,1,0,486449736771725643995499,175844937338080568281194,0,320890219671392929367253,0,0,0,0
7,7,5,5,0,6,3,0,3,0,0,2,0,1,2,0,0,0,1,6,0,484004667890142647153906,99999999999999999999996,0,382455397541132667463124,0,0,0,0
10,5,13,1,0,4,4,0,3,0,1,3,1,2,2,0,0,0,1,8,0,425968866785784448732526,253911521413852456926572,0,529982763854287155014890,0,0,0,0
5,5,6,1,0,8,4,0,4,0,0,4,2,1,3,0,0,0,0,7,0,731487267134707394102952,279113329249146372880916,0,328472092287316574945549,0,0,0,0
10,5,7,6,0,6,5,0,2,2,0,1,3,1,4,0,0,0,0,0,0,430535337788579466552927,130773028867368484340913,0,521498726652553886516812,0,0,0,0
4,4,6,4,0,9,2,0,1,0,0,1,0,1,1,0,0,0,2,3,0,403103515344022473319430,59951388888888888850000,0,329559868313571948877151,0,0,0,0
10,4,7,5,0,3,10,0,8,0,2,5,1,4,6,0,0,0,1,2,0,889682184278087973390799,244506990560215776384220,0,508092553734961067848735,0,0,0,0
5,5,7,8,0,5,4,0,3,0,1,3,1,1,3,0,0,0,0,0,0,1456167473866786022403691,233224743887943799137427,0,360809186911136914892754,0,0,0,0
4,8,8,5,0,5,6,0,5,0,0,4,1,3,3,0,0,0,1,5,0,819723812253362586839523,243092649657427284308518,0,234468998952422277700000,0,0,0,0
8,6,7,4,0,5,3,0,2,0,1,2,1,1,2,0,0,0,1,0,0,618530789330101716907592,99411159348368827630053,0,453664316285272219591942,0,0,0,0
5,7,9,8,0,4,4,0,4,0,0,3,1,1,3,0,0,0,1,0,0,847208640947143167065456,261409249415815787804723,0,364922040952688546905398,0,0,0,0
8,3,9,3,0,6,4,0,2,1,1,1,1,1,3,0,0,0,0,4,0,548829759086399992872210,152589263420084218552408,0,499998000000150000035747,0,0,0,0
4,3,9,7,0,7,4,0,3,0,0,1,0,0,4,0,0,0,1,2,0,546927666686814746344675,23562114197530864122892,0,289772955247063580300000,0,0,0,0
11,6,8,4,0,5,5,0,3,0,0,3,1,1,4,0,0,0,2,0,0,864888481777717190794561,255040255679821969938917,0,366141336347164410153588,0,0,0,0
13,4,10,6,0,6,6,0,2,0,3,1,0,3,3,0,0,0,3,1,0,733915062864718378863040,134609252215668506211588,0,627175837704953233583988,0,0,0,0
10,11,5,7,0,2,2,0,2,0,0,2,0,2,0,0,0,0,2,2,0,1234542276686271557544744,99721810600000000000000,0,643911167038657362631793,0,0,0,0
10,3,6,6,0,7,6,1,3,1,1,2,2,1,5,1,1,0,0,6,0,917808172611450815357011,55311136579519092387689,0,347246334876719971672785,0,0,0,0
6,4,8,5,0,4,5,0,2,1,2,1,1,2,3,0,0,0,1,0,0,892204966463361978107199,129766219222778771146247,0,280427890904454875041836,0,0,0,0
7,1,2,4,0,4,8,0,4,0,2,3,3,3,5,0,0,0,1,2,0,459544350530998396282406,199438169999379525741839,0,468706147526724926073223,0,0,0,0
7,4,6,5,0,4,4,0,2,1,1,2,1,2,2,0,0,0,0,2,0,861262410480938299834381,202549172985472627858002,0,352546371971236153165025,0,0,0,0
7,4,8,6,0,4,4,0,4,0,0,3,1,0,4,0,0,0,0,2,0,926505662498228987748597,112750712449715443376804,0,536779092256023126481317,0,0,0,0
7,4,10,4,0,5,6,0,4,0,2,3,1,3,3,0,0,0,0,3,0,922046907270995198050072,249484429455776749915249,0,501170524380149927643097,0,0,0,0
11,7,11,3,0,5,5,0,3,0,2,2,0,3,2,0,0,0,2,3,0,695484547596785147077709,207271044302419751749998,0,636761179835013628058424,0,0,0,0
10,2,8,3,0,5,3,0,1,0,1,0,0,1,2,0,0,0,4,4,0,362548173332951917996329,155871769079950639340283,0,583179428652796374160424,0,0,0,0
8,6,4,6,0,9,2,0,0,0,2,0,0,2,0,0,0,0,0,4,0,723826196526558931373921,6796682247000000000000,0,520718183102263009304304,0,0,0,0
9,2,6,8,0,7,5,0,4,0,1,1,0,2,3,0,0,0,0,3,0,548531822599954427676263,109815438526653324656244,0,475207033921861254623832,0,0,0,0
9,10,11,5,0,5,6,0,3,2,1,0,2,1,5,0,0,0,0,0,0,194854146133890907876056,57043217678551186965932,0,452536702679791948664611,0,0,0,0
10,3,5,1,0,6,7,0,5,0,1,3,2,2,5,0,0,0,2,1,0,424531890838664090958912,191138950411019286695642,0,540963830946701728908682,0,0,0,0
12,4,8,5,0,6,5,1,3,0,2,1,0,3,2,1,1,0,1,1,0,390463676486661105133318,183343691116308576737604,0,737203914134980526705672,0,0,0,0
8,7,12,6,0,6,5,0,1,1,3,1,1,4,1,0,0,0,0,1,0,655707780172161011552067,99730255943992380508103,0,500508784362329282167821,0,0,0,0
6,3,6,8,0,6,4,0,3,0,1,2,1,1,3,0,0,0,0,7,0,864917743877993391473014,124161061303804405415659,0,293910729980737007023318,0,0,0,0
10,5,15,4,0,6,5,0,4,0,0,0,0,0,5,0,0,0,0,2,0,265314657757833419456364,95391756143381931559817,0,431675159336012377929488,0,0,0,0
12,5,11,8,0,4,6,0,4,0,2,2,0,2,4,0,0,0,0,2,0,486259789073640028645906,130784189286918715545515,0,516523033734253454303861,0,0,0,0
10,3,7,5,0,9,2,0,1,0,1,0,0,1,1,0,0,0,0,5,0,329142998490946091722582,91252003197148147899996,0,499999000000248881847090,0,0,0,0
6,6,9,5,0,8,2,0,2,0,0,2,0,2,0,0,0,0,0,1,0,1030826920023395136027730,118937862517000000000000,0,349669086164715362557954,0,0,0,0
10,7,7,4,0,4,4,0,3,0,0,2,1,0,4,0,0,0,0,0,0,378843395872554632425287,166733572097665936142757,0,606015526030454206013488,0,0,0,0
13,4,12,4,0,4,3,0,1,0,1,1,1,1,2,0,0,0,4,2,0,358991636080660305843866,119384355406620192147316,0,969000979386856045234810,0,0,0,0
13,6,8,7,0,7,3,0,2,0,1,2,0,2,1,0,0,0,1,1,0,518131882079048024551350,105818377957999999999999,0,584807677331122101365366,0,0,0,0
6,6,6,9,0,5,2,0,1,0,1,1,0,1,1,0,0,0,1,3,0,595991172691420700559266,124862331018579479199019,0,360996258746561373544858,0,0,0,0
8,3,4,3,0,4,5,0,4,0,1,3,1,1,4,0,0,0,1,3,0,650089409427600963080135,183168783792802053635332,0,300000000000241479300532,0,0,0,0
6,9,3,11,0,9,2,0,1,0,0,1,1,0,2,0,0,0,0,1,0,664304851874782721091130,76006944444444444400000,0,265859251232950444960406,0,0,0,0
8,6,10,6,0,3,4,0,2,0,2,1,0,3,1,0,0,0,3,0,0,649566983840257296757644,150525939951098765399998,0,427164036698800939001576,0,0,0,0
7,4,11,1,0,7,4,0,3,0,1,1,0,2,2,0,0,0,1,2,0,264583790228439315323399,93043405262629771795468,0,393239549978713497039081,0,0,0,0
7,5,7,4,0,7,2,0,1,1,0,1,1,1,1,0,0,0,1,2,0,403896145515955723947171,80315195076609134212989,0,542189973989274334827308,0,0,0,0
7,4,9,9,0,5,3,0,2,0,1,2,1,2,1,0,0,0,1,1,0,517209031046684174678924,49506499148000000002838,0,566538129880777659559529,0,0,0,0
12,3,7,9,0,5,3,0,2,0,1,2,0,2,1,0,0,0,0,1,0,837224458122549857642848,170321704292799382698979,0,390634134881283708732040,0,0,0,0
12,4,7,6,0,8,8,0,5,0,3,1,0,4,4,0,0,0,1,2,0,593627953981434278842493,175551212714490383309827,0,542042060885805110885541,0,0,0,0
6,5,6,8,0,6,2,0,1,0,1,1,1,1,1,0,0,0,0,5,0,976441136029704754471512,41629992500000000000000,0,372297800600373498791539,0,0,0,0
10,2,7,5,0,7,6,0,6,0,0,2,0,0,6,0,0,0,0,4,0,642629954481720868044416,378002186708048761177027,0,466457146707107363442694,0,0,0,0
8,3,4,10,0,6,2,0,2,0,0,1,1,0,2,0,0,0,0,4,0,929060959712286366560250,87876360975269764350326,0,522888150448866650511295,0,0,0,0
6,2,3,3,0,5,9,0,3,3,3,3,3,4,5,0,0,0,0,4,0,478153053756633956072055,255267855188705446878574,0,579252072045031916929221,0,0,0,0
8,4,8,7,0,6,5,0,3,1,1,2,1,2,3,0,0,1,1,5,0,863494446672027757346681,179825234835666527364180,0,652538309904543072138685,0,0,1,0
9,4,10,6,0,4,4,0,2,2,0,2,2,1,3,0,0,0,1,3,0,573209331317554418336892,93716053912643858786308,0,813731959897046305941574,0,0,0,0
9,2,9,6,0,6,2,0,2,0,0,2,0,0,2,0,0,0,1,7,0,766331058944855999291932,99999999999999999999996,0,339291543715214452290210,0,0,0,0
6,3,4,7,0,6,3,0,1,0,2,0,0,2,1,0,0,0,2,3,0,215886462346483800518143,34122522537216495089592,0,478138763955174684423481,0,0,0,0
14,4,8,7,0,6,3,0,1,0,1,1,0,2,1,0,0,0,0,1,0,795634111682806057574221,164719257191074074000000,0,846831197418429340844536,0,0,0,0
12,9,8,5,0,4,8,0,5,0,1,2,0,2,6,0,0,0,0,1,0,596258872791518166316787,117803481224456918932422,0,674656803954412060397692,0,0,0,0
14,6,3,10,0,3,2,0,1,0,1,1,0,2,0,0,0,0,0,2,0,1274539577087622988691339,180448775422000000000000,0,889693567910017519687508,0,0,0,0
10,3,10,6,0,2,5,0,4,1,0,4,1,3,2,0,0,0,1,3,0,860585505742104990827958,237379121914580246799997,0,873970641576517794766575,0,0,0,0
6,10,7,1,0,5,5,0,4,0,1,1,0,2,3,0,0,0,0,6,0,512620134106543644138913,268910666846462931931011,0,391078716692100673128666,0,0,0,0
10,6,6,8,0,5,2,0,2,0,0,1,1,0,2,0,0,0,0,2,0,324340723838047991534790,93563437068563313052220,0,630959670329141892596007,0,0,0,0
6,6,6,3,0,6,4,0,3,0,1,3,1,1,3,0,0,0,1,2,0,729313350360631563729186,320873570987000000024368,0,425842860397580330832864,0,0,0,0
7,5,8,9,0,6,6,0,3,1,2,2,1,4,2,0,0,0,0,3,0,984812425873110651478021,130222386555292936477669,0,508774238557432639609422,0,0,0,0
7,7,10,7,0,5,6,0,3,0,2,3,2,2,4,0,0,0,1,1,0,1053541986243136074694023,184219295651577787034016,0,350000000000153209203300,0,0,0,0
7,2,8,2,0,5,4,0,4,0,0,4,1,1,3,0,0,0,0,4,0,787302816651438540756876,315903850741957520229523,0,481703980779199229599224,0,0,0,0
8,1,6,8,0,2,6,0,5,0,1,2,0,2,4,0,0,0,0,0,0,810568711283373219972049,191630513284321999808498,0,595670041075842014576672,0,0,0,0
8,5,3,5,0,4,8,0,6,1,0,4,1,2,6,0,0,0,0,7,0,1057865149650354573160046,179975761362310869187096,0,435695487450509811492809,0,0,0,0
13,2,8,2,0,5,3,0,1,0,1,1,0,1,2,0,0,0,0,5,0,149429655178164972366577,92537483022124932900022,0,826237909163503546833008,0,0,0,0
5,6,7,10,0,5,7,0,5,0,1,1,0,2,5,0,0,0,0,2,0,473780317527650973131952,104500495863212806295804,0,371680633213625269084797,0,0,0,0
4,6,8,7,0,5,4,0,3,0,1,2,0,2,2,0,0,0,0,3,0,449894949050307449753441,162721959994874264809502,0,300000000000150000008043,0,0,0,0
6,6,7,8,0,6,5,0,3,0,1,1,0,2,3,0,0,0,0,0,0,691150176092402971792844,122843304284069473765393,0,342145488425014196329434,0,0,0,0
14,4,9,6,0,6,4,0,2,1,1,1,1,1,3,0,0,0,1,3,0,316514750903743845880113,149613012399748285562778,0,670569333279648643842795,0,0,0,0
3,1,8,4,0,9,4,0,1,2,1,1,2,1,3,0,0,0,0,3,0,446980108192890066185547,124319859220651884299999,0,352440559881836061327568,0,0,0,0
7,4,8,6,0,3,5,0,4,1,0,3,2,1,4,0,0,0,1,2,0,638730051528009337308490,151752782357432577208094,0,281053519489739824368142,0,0,0,0
5,5,12,5,0,6,7,0,6,1,0,4,1,1,6,0,0,0,0,1,0,604518263040835237167398,225711424339067330451084,0,360286913045915474289234,0,0,0,0
4,4,4,2,0,4,6,0,4,1,1,4,2,2,4,0,0,0,1,8,0,1063425766418044450031957,230122752589221671294332,0,200005000000150000014922,0,0,0,0
6,6,9,10,0,3,5,0,2,0,2,2,1,3,2,0,0,0,0,3,0,1079887579747716652509877,116522171219413473825740,0,360721339886397335399679,0,0,0,0
6,4,13,4,0,4,3,0,3,0,0,3,1,1,2,0,0,0,0,4,0,535294534362143224549464,170402334658591529044144,0,683230794096193800739146,0,0,0,0
6,5,12,1,0,5,4,0,2,1,0,1,2,0,4,0,0,0,0,3,0,338274244577291065536881,102201984157518221215949,0,526418112431144387853966,0,0,0,0
11,5,9,2,0,4,4,0,3,1,0,2,1,0,4,0,0,0,0,0,0,331883940293565103498965,125235204222450782225370,0,387440916586164532323342,0,0,0,0
14,3,10,5,0,6,5,0,2,0,3,1,0,3,2,0,0,0,1,2,0,411678855097938480782118,183165314142396220937066,0,1066210924806773880357625,0,0,0,0
6,4,6,6,0,5,5,0,3,2,0,1,2,0,5,0,0,0,0,2,0,559041369868685618343948,135804620526507878989928,0,399999000000100000017571,0,0,0,0
11,6,3,6,0,5,1,0,1,0,0,1,0,1,0,0,0,0,0,2,0,617546422414562545170288,35416728558000000000000,0,577195712579788014054641,0,0,0,0
9,4,9,6,0,2,9,1,7,0,2,3,0,4,5,1,1,0,3,1,0,693386438031855590538806,249180165980222354952478,0,702500297496846331521840,0,0,0,0
10,3,8,13,0,4,7,0,4,2,1,4,2,2,5,0,0,0,0,2,0,1129887372435836114523013,279582921181764219394383,0,397314930529391000194584,0,0,0,0
10,3,8,3,0,4,7,0,6,0,1,2,0,2,5,0,0,0,1,3,0,488440869284955229043436,302017631642392113608063,0,435454100480540498358566,0,0,0,0
4,5,7,6,0,6,5,0,4,0,1,4,1,2,3,0,0,0,1,3,0,691358370563139633572649,162460000334154246277575,0,300000000334385703699222,0,0,0,0
13,6,4,5,0,3,4,0,3,1,0,2,1,1,3,0,0,0,2,1,0,664455447044256153924761,313227976807929818224803,0,542501623355199052755080,0,0,0,0
11,4,9,8,0,7,3,0,1,1,1,0,1,1,2,0,0,0,0,2,0,549604903076232657221886,22371959085699222495599,0,673740063823820085531884,0,0,0,0
10,7,13,1,0,4,8,0,5,2,1,1,2,1,7,0,0,0,1,4,0,257098388778830962207016,208629799944418078575058,0,609890318099360367434953,0,0,0,0
5,7,8,3,0,7,4,0,4,0,0,0,0,0,4,0,0,0,0,2,0,451781170245714785705527,214273150190251899615927,0,373023898430953699478780,0,0,0,0
7,5,8,4,0,6,2,0,2,0,0,0,0,0,2,0,0,0,2,1,0,139474801764349491686910,14255020842550243899998,0,392069422860197332799363,0,0,0,0
4,5,6,3,0,5,5,0,3,0,1,3,1,3,2,0,0,0,2,0,0,658464268059917834522927,131067316332888888850000,0,329559868313571948877151,0,0,0,0
4,5,8,5,0,6,4,0,3,0,0,2,1,1,3,0,0,0,1,7,0,751680296198286297204815,98958879134118150349996,0,234468998952422277700000,0,0,0,0
7,5,15,5,0,7,3,0,2,0,1,2,0,1,2,0,0,0,0,3,0,383262395077480835427061,127687300454528295138473,0,318229383104483703722105,0,0,0,0
7,4,4,5,0,3,2,0,1,0,1,1,1,1,1,0,0,0,0,1,0,717502889179940982386662,124769279236219749465360,0,482291492360821710592801,0,0,0,0
8,2,9,2,0,4,4,0,2,1,1,2,1,1,3,0,0,0,0,4,0,725885331353801382590070,245593202159209876500005,0,418397209987741322733390,0,0,0,0
10,11,5,6,0,2,2,0,2,0,0,2,0,2,0,0,0,0,2,2,0,1172512041082198522737225,80406193204000000000000,0,621474935233887500138447,0,0,0,0
6,4,10,6,0,6,8,0,6,0,1,1,1,1,7,0,0,0,0,3,0,898791255330338321211355,263600186474953659780125,0,511603095735453992375560,0,0,0,0
6,7,13,6,0,4,7,0,5,0,1,3,1,2,5,0,0,0,0,2,0,838718442466107811866021,323939677436946958858667,0,459558058209196007016218,0,0,0,0
7,2,2,4,0,5,9,0,4,1,3,2,2,4,5,0,0,0,0,2,0,625060956424707315150910,161213250411457357817729,0,505398631991108064207601,0,0,0,0
7,7,5,4,0,8,2,0,2,0,0,2,0,1,1,0,0,0,1,3,0,416080134561435510779238,99999999999999999999998,0,598467403737935325708627,0,0,0,0
7,6,10,3,0,4,6,1,3,1,2,1,1,3,3,1,1,0,0,3,0,593449140916552653844966,239301345185483090991913,0,501170524380130512643097,0,0,0,0
5,3,15,5,0,6,4,0,3,0,1,3,0,3,1,0,0,0,1,4,0,894751539782836332337836,274467749722999999999998,0,352729959143924341689170,0,0,0,0
8,6,4,6,0,7,2,0,0,0,1,0,1,1,1,0,0,0,0,4,0,468074011917488898950763,6796683810765432050000,0,611557098646801542865923,0,0,0,0
5,3,10,3,0,6,4,0,1,2,1,1,3,1,3,0,0,0,1,0,0,236048660461102890326714,68832554011985479960048,0,704443041428650328524969,0,0,0,0
12,3,8,7,0,5,5,0,3,0,2,1,0,3,2,0,0,0,1,1,0,466876346356890355717481,237540666864515573298509,0,726929160093344343576733,0,0,0,0
7,5,8,6,0,6,4,0,3,0,1,2,1,1,3,0,0,0,1,1,0,377454546033060604592027,126240875371999999999996,0,424989496659365154117318,0,0,0,0
6,3,7,6,0,6,4,0,1,2,1,1,2,2,2,0,0,0,2,2,0,380819439566707859796152,111461787786199259661917,0,441861917019026762482781,0,0,0,0
10,7,15,3,0,5,6,1,5,0,0,1,1,0,6,1,1,0,0,1,0,441409076965886905273711,93125638000533658274360,0,520298398286957532258384,0,0,0,0
6,7,9,4,0,8,0,0,0,0,0,0,0,0,0,0,0,0,0,3,0,501142121471633327700773,0,0,342429086164715359089006,0,0,0,0
8,4,7,8,0,8,4,0,1,0,2,1,1,2,2,0,0,0,1,0,0,452010299418097213844452,104392768454562177649999,0,370246600671207769479660,0,0,0,0
7,4,10,6,0,5,5,0,3,0,2,2,0,3,2,0,0,1,0,2,0,567882848658787959392837,57774722903000000004932,0,436590263578774381782837,0,0,1,0
13,7,8,8,0,7,4,0,3,1,0,2,1,2,2,0,0,0,1,0,0,769257298669397656480107,251193484852439903426869,0,632580840075936773459770,0,0,0,0
9,2,6,5,0,8,3,0,1,2,0,1,2,0,3,0,0,0,0,2,0,406894810885272496404188,55855604887913919387086,0,506901730301244318018144,0,0,0,0
6,6,6,3,0,4,9,0,6,0,3,5,3,4,5,0,0,0,0,4,0,753428135023851646623766,182586589714547997946001,0,440363198411666662047332,0,0,0,0
7,3,11,2,0,7,4,0,3,1,0,2,1,0,4,0,0,0,0,3,0,264665106995747694584481,61946232311757083277618,0,417435235653796863987634,0,0,0,0
6,3,5,7,0,5,4,0,4,0,0,4,2,0,4,0,0,0,0,5,0,752118629083146898607003,124525000000000000005619,0,302915163575794512234531,0,0,0,0
3,1,6,2,0,4,7,0,5,0,1,4,2,2,5,0,0,0,1,3,0,822310696502112812744332,420441288561828504834744,0,497520015666729498517657,0,0,0,0
10,4,8,5,0,5,1,0,1,0,0,0,0,0,1,0,0,0,0,3,0,775790938008814717124465,92858306704204508914123,0,914156341916436132060606,0,0,0,0
12,3,7,9,0,5,3,0,1,0,2,1,0,2,1,0,0,0,0,1,0,933061382848892887592100,83898790806703703506860,0,390634134881096239571551,0,0,0,0
10,5,13,9,0,5,3,0,2,0,1,2,0,1,2,0,0,0,0,1,0,620098667592153775456150,62894732752432360183607,0,461722394039139590275201,0,0,0,0
10,7,5,6,0,4,2,0,2,0,0,1,0,0,2,0,0,0,1,2,0,347983558007157257636087,123055595508230639959999,0,434156224131092485046940,0,0,0,0
8,4,4,11,0,6,3,0,3,0,0,1,1,0,3,0,0,0,0,3,0,893764991151718565843484,76582895687244583620931,0,581938775334817910260011,0,0,0,0
10,7,9,6,0,6,4,0,4,0,0,1,0,1,3,0,0,0,2,1,0,587859010679860868144871,153377746008504614591837,0,498762229708882015716055,0,0,0,0
9,6,9,6,0,4,5,0,5,0,0,5,1,4,1,0,0,0,2,3,0,1131116344015691347662475,366606049322000000000000,0,604409215313116555583585,0,0,0,0
9,3,9,3,0,5,2,0,2,0,0,2,0,0,2,0,0,0,1,7,0,421338314221630423513338,100000000001999999999995,0,339291543715214451381029,0,0,0,0
7,9,7,7,0,10,2,0,2,0,0,0,0,0,2,0,0,0,0,3,0,255920223427948958987114,38552271570294773284955,0,310575781581264517100499,0,0,0,0
7,8,15,3,0,5,8,0,4,2,2,0,2,2,6,0,0,0,0,2,0,401410191135095924545311,244717512122165467872658,0,572906780274102794474401,0,0,0,0
10,4,10,6,0,2,5,0,4,0,1,3,0,4,1,0,0,0,1,3,0,682059019637202246473687,161653853745789336933246,0,785626782141213435291431,0,0,0,0
6,3,13,2,0,6,5,0,3,2,0,1,2,0,5,0,0,0,1,0,0,651059257395741452768678,233090344739734938321507,0,444460104784090812767871,0,0,0,0
9,5,9,4,0,3,6,0,4,0,2,4,0,5,1,0,0,0,1,3,0,674413852423910969851330,234135564173041960015047,0,639603253733358616025018,0,0,0,0
7,1,8,9,0,6,4,0,4,0,0,1,0,0,4,0,0,0,1,4,0,942005854644293061554274,70753598204387717784884,0,595241477637121765286842,0,0,0,0
9,5,4,4,0,5,2,0,1,1,0,1,1,0,2,0,0,0,1,1,0,503823665871746438890274,73719581724587618968144,0,504162012547562747721516,0,0,0,0
10,5,5,7,0,9,5,0,1,2,1,0,2,1,4,0,0,0,1,1,0,398024855408700032643367,77592340823576112027653,0,733681335512582018315911,0,0,0,0
5,9,17,6,0,3,2,0,1,1,0,1,1,0,2,0,0,0,1,3,0,773754845940197883006951,135539026233961372999996,0,512329686944637154926543,0,0,0,0
8,5,3,7,0,3,8,0,6,1,0,4,1,1,7,0,0,0,0,7,0,664425734081398933326109,157390099468061550944255,0,428574678240893472634979,0,0,0,0
12,3,10,4,0,5,4,0,1,2,1,0,2,1,3,0,0,0,3,1,0,260776763308358157483582,223644667658483116694506,0,917019665369759810768816,0,0,0,0
13,3,9,2,0,4,4,1,4,0,0,2,0,2,2,1,1,0,0,1,0,431485243382948799447065,157511056662024691250146,0,654000869565378088669316,0,0,0,0
14,4,9,7,0,6,4,0,2,1,1,0,1,1,3,0,0,0,2,2,0,336840075569006097624826,143042423104178301127029,0,822616360407645999515855,0,0,0,0
6,2,9,11,0,6,7,0,2,2,3,0,2,3,4,0,0,1,1,3,0,354501290826679421065343,182130577071309759277868,0,620492469576611053072245,0,0,1,0
3,2,8,3,0,8,11,0,6,1,2,3,1,3,8,0,0,0,1,3,0,525270429997893657536964,204758689093584945265879,0,299915000000148786651235,0,0,0,0
4,4,4,3,0,4,8,1,8,0,0,7,2,3,5,1,1,0,0,7,0,1257713123689880318917740,247075997050221671826652,0,200005000000150000015097,0,0,0,0
9,0,11,4,0,5,3,0,2,0,0,0,0,0,3,0,0,0,1,0,0,532865664528146136918397,63626811256495799207908,0,526364027750664988943942,0,0,0,0
7,9,12,6,0,8,2,0,1,0,1,1,0,1,1,0,0,0,0,4,0,914852101849130190533639,91649182059000000026467,0,567752495441684681111945,0,0,0,0
6,5,12,2,0,5,5,0,3,1,0,2,2,0,5,0,0,0,0,2,0,528821417317215061546553,177118630728450413197822,0,526418112431098370024838,0,0,0,0
4,3,9,4,0,5,6,1,5,0,0,3,0,2,4,1,1,0,1,0,0,272160387365525121506266,118089559170252489252672,0,358106794804031120449495,0,0,0,0
11,7,8,5,0,4,6,0,3,3,0,0,3,0,6,0,0,0,1,1,0,424509662746024795388098,172562835976115384215682,0,719372739868906886640178,0,0,0,0
11,5,3,8,0,6,2,0,2,0,0,2,0,1,1,0,0,0,0,1,0,704542033652920626947079,52983000714999999999998,0,471898000000150000000745,0,0,0,0
7,4,3,4,0,4,6,0,4,0,1,4,0,2,4,0,0,0,1,4,0,685034162929697379026553,238896489416001979941262,0,315697557317932933889219,0,0,0,0
7,6,9,1,0,2,4,0,2,0,1,1,1,1,3,0,0,0,1,3,0,169303295138174072805025,60482353429464378853675,0,567570193467747363487517,0,0,0,0
4,3,7,6,0,4,4,0,3,0,1,3,1,2,2,0,0,0,1,4,0,774362936200818838036208,115728257536999999999999,0,499998000334257852599181,0,0,0,0
10,5,5,9,0,3,6,0,5,0,1,3,1,2,4,0,0,0,0,2,0,711424369375259884869367,273696708212700043148960,0,434799674365712517730249,0,0,0,0
3,5,8,10,0,5,4,0,2,1,1,2,1,3,1,0,0,0,3,2,0,963807519548557969168326,66220622806437869584675,0,250000000000141295524692,0,0,0,0
5,10,8,4,0,6,5,0,4,0,0,2,0,0,5,0,0,0,0,1,0,318485926277497114213092,96917313019120993025456,0,310698824236029146284823,0,0,0,0
11,10,8,4,0,2,2,0,2,0,0,1,0,1,1,0,0,0,1,0,0,655300456843190482375032,212958839841232948935976,0,450062704461659251593498,0,0,0,0
7,0,12,7,0,2,8,0,1,1,5,1,1,5,3,0,0,0,1,2,0,755429606695133213483182,288984462396158134943417,0,606534999556582223223872,0,0,0,0
7,5,15,4,0,7,4,0,2,0,2,2,0,2,2,0,0,0,0,2,0,688768972778582849690440,185649979923528295138474,0,345842256626883161100520,0,0,0,0
12,3,8,5,0,7,5,0,2,0,1,0,0,1,4,0,0,0,0,0,0,340766180329969136284587,134013496793415465229774,0,528053036205741131931342,0,0,0,0
13,2,7,4,0,7,5,0,3,1,1,0,1,1,4,0,0,0,0,3,0,620015797000514111631886,424632894325773414363113,0,633796302446656713045773,0,0,0,0
6,5,13,6,0,3,8,0,6,0,1,3,1,2,6,0,0,0,0,1,0,719452888633418021617336,339014283817387423984997,0,450969094271661848187721,0,0,0,0
9,2,11,2,0,6,3,0,2,0,0,1,1,0,3,0,0,0,4,3,0,212944902794056246816720,96396552906541379464677,0,589398627790741115027655,0,0,0,0
7,4,7,6,0,5,6,0,4,0,1,2,0,2,4,0,0,0,0,1,0,388306273686504760643315,109099976850565835000743,0,389569408950759239906832,0,0,0,0
5,5,15,5,0,6,5,0,3,0,2,3,0,4,1,0,0,0,1,3,0,617842538462752170316520,239196532852999999999998,0,409842172381063780018889,0,0,0,0
7,5,10,6,0,5,7,1,6,1,0,3,1,2,5,1,1,0,0,4,0,1052583062927017720038482,252811497452105814531924,0,514159210264694217017686,0,0,0,0
9,4,8,5,0,5,5,0,2,2,0,2,2,1,4,0,0,0,0,1,0,717864825266246919946535,125145107831306466523003,0,778167823351144960670303,0,0,0,0
7,4,8,9,0,4,5,0,4,0,1,1,1,1,4,0,0,0,1,0,0,479877370762309005597473,211095717714319056104207,0,362229443656579135715315,0,0,0,0
6,3,2,3,0,5,5,0,2,3,0,2,3,1,4,0,0,0,0,3,0,614386002676072915150852,179427139810401032836183,0,368110197680890315076920,0,0,0,0
6,9,9,5,0,3,5,1,3,1,1,2,1,2,3,1,1,0,2,2,0,801152055035047889566699,129572971465012254647693,0,323621478669715084076660,0,0,0,0
8,2,7,6,0,5,2,0,2,0,0,2,0,1,1,0,0,0,2,1,0,582069298249530894000073,199999005056999999999998,0,392669942218049172391497,0,0,0,0
5,10,9,4,0,5,5,0,2,0,3,1,0,4,1,0,0,0,1,2,0,621136278380749100468394,169476743782672028999999,0,282175818372331800018150,0,0,0,0
4,6,8,4,0,3,4,0,3,0,1,1,1,1,3,0,0,0,0,3,0,680377139406758000523735,107072429383738255671727,0,300000000000150219999781,0,0,0,0
5,4,7,5,0,8,4,0,1,2,1,1,3,1,3,0,0,0,0,3,0,694958604395804594506241,99328318134363134690823,0,299999000000149970000020,0,0,0,0
9,4,6,5,0,8,4,0,2,2,0,2,2,0,4,0,0,0,0,1,0,671454079268092411478967,158110189296247155632316,0,497598707039357969724365,0,0,0,0
10,1,8,7,0,4,6,0,2,0,2,2,0,3,3,0,0,0,1,2,0,1298920640285178453500562,304716045462826885943251,0,604140578955677328382857,0,0,0,0
9,5,7,3,0,5,3,0,2,1,0,2,1,1,2,0,0,0,2,3,0,553604685161169044519080,119043240746501477573528,0,504792183666753817201360,0,0,0,0
3,3,7,3,0,4,6,0,2,1,2,1,1,2,4,0,0,0,1,4,0,445055838694544764575891,299441833027229888887954,0,462706803665544872890969,0,0,0,0
5,5,9,7,0,2,4,0,2,0,2,0,0,2,2,0,0,0,0,2,0,562824580921902353691435,164493918140413813205107,0,548641754758344508016876,0,0,0,0
7,5,10,5,0,9,4,0,4,0,0,3,0,1,3,0,0,0,0,2,0,604424431686688593596917,182398964005769670860613,0,408861000956202159058901,0,0,0,0
10,5,13,6,0,5,2,0,1,0,1,1,0,1,1,0,0,0,0,2,0,130691973277017513985152,12574131104432360183609,0,561721394039039911865652,0,0,0,0
6,3,10,4,0,11,2,0,0,0,1,0,0,1,1,0,0,0,2,4,0,515909018009156049790218,133871248962827160400000,0,409906980603908335751424,0,0,0,0
12,5,4,6,0,5,6,0,3,0,2,2,1,3,3,0,0,0,2,2,0,558803478459751722926003,241020477368575938658481,0,666261025077153114207967,0,0,0,0
10,7,9,5,0,5,5,0,4,1,0,1,1,1,4,0,0,0,1,1,0,558953906091309267200731,188885928993158956798184,0,469560263339861071572457,0,0,0,0
4,8,10,3,0,4,4,0,2,0,1,2,0,1,3,0,0,0,2,1,0,471049431269955382624087,113961553204606482609170,0,424510528847459596562670,0,0,0,0
6,7,7,6,0,4,6,0,5,0,1,4,0,3,3,0,0,0,2,0,0,567400034001354474402173,109715185962846368306778,0,544617079387398098161533,0,0,0,0
7,8,7,6,0,9,2,0,2,0,0,0,0,0,2,0,0,0,0,3,0,285781767045540291658290,30345553876336752377110,0,395387490726796128637388,0,0,0,0
8,8,14,10,0,6,4,0,1,1,2,1,2,2,2,0,0,0,1,1,0,772634398067494120493091,108413173058889676303620,0,379571363031716070604460,0,0,0,0
4,3,10,9,0,5,5,0,2,1,1,2,2,2,3,0,0,0,2,4,0,699450872951667090032923,180260438084693950412093,0,470625733622013625113286,0,0,0,0
6,9,5,8,0,7,5,0,3,0,1,1,1,1,4,0,0,0,0,5,0,507864315135826181453963,162045049195137067818248,0,417655170682702881927737,0,0,0,0
9,6,9,3,0,3,5,0,4,0,1,4,0,4,1,0,0,0,3,2,0,519141846547649982438980,191030554374000000018147,0,597643253733368381757695,0,0,0,0
10,8,15,6,0,4,5,0,4,0,1,2,1,1,4,0,0,0,0,1,0,636052227881955050484934,255768718943874822651603,0,537215776145389831226417,0,0,0,0
9,5,8,4,0,5,4,0,3,0,1,2,0,3,1,0,0,0,0,2,0,678792222658559802584159,238072315536318601399999,0,485560465155476848429407,0,0,0,0
10,5,5,7,0,8,1,0,0,0,0,0,0,0,1,0,0,0,1,5,0,345030716634851895003887,4513503086419753050000,0,799994000000086330058579,0,0,0,0
7,8,9,5,0,4,4,0,2,0,1,2,1,2,2,0,0,0,0,4,0,556563815081190734601123,142235774421802756250579,0,408350922324487674188813,0,0,0,0
12,7,7,7,0,5,6,0,4,0,1,1,1,1,5,0,0,0,1,0,0,510541386623610665851991,182819198381108405794114,0,594030162481632381907286,0,0,0,0
12,3,10,5,0,4,4,0,2,2,0,1,2,1,3,0,0,0,3,1,0,454116959496792588881515,126948745710987464281094,0,965844571194680241977904,0,0,0,0
10,6,8,2,0,5,4,0,3,1,0,2,2,1,3,0,0,0,0,1,0,312550103721057613175187,192800645592733269323007,0,814845099587254129747064,0,0,0,0
6,5,12,4,0,3,4,0,1,1,2,0,1,2,2,0,0,0,0,0,0,422813471148693959797954,184393927388856744747727,0,486179572006783401057785,0,0,0,0
3,7,8,3,0,8,10,0,5,0,3,3,0,5,5,0,0,0,1,4,0,593849015249950058227600,196016514527421660917294,0,299915000000148786651235,0,0,0,0
9,5,8,3,0,10,2,0,1,0,1,1,0,2,0,0,0,0,0,3,0,511065662076862351178264,66674533663000000000000,0,457842902269663744814188,0,0,0,0
10,8,12,5,0,4,3,0,1,1,1,1,1,2,1,0,0,0,0,3,0,319287918254537079000230,77946544569552424019381,0,716928711431361257718661,0,0,0,0
7,6,12,4,0,5,2,0,2,0,0,2,0,1,1,0,0,0,0,4,0,928264931382634747708095,72193380957999999999998,0,588127669369582311529672,0,0,0,0
8,6,8,6,0,4,5,0,4,0,1,4,0,2,3,0,0,0,0,1,0,590052747619485856919434,191471408478572601175512,0,318195670357864058176184,0,0,0,0
6,4,8,5,0,6,4,0,1,1,2,1,1,2,2,0,0,0,1,1,0,587966726618523735700793,66146071504244332411565,0,603030424158351005178148,0,0,0,0
6,7,12,5,0,8,5,0,3,1,1,3,1,4,1,0,0,0,0,6,0,765760382624389516801777,106973078320774057900000,0,354696314181666648392672,0,0,0,0
11,7,8,4,0,4,3,0,3,0,0,1,1,0,3,0,0,0,4,1,0,421177640956471211420972,157550774439439807770429,0,734569952895274683931816,0,0,0,0
4,4,7,5,0,6,6,0,4,2,0,4,2,0,6,0,0,0,1,4,0,745449878602818613849616,172677179945934678881277,0,300000000000100032019022,0,0,0,0
5,4,7,9,0,5,4,0,2,1,1,2,2,2,2,0,0,0,0,3,0,813355227582986476172297,177317568312554646812080,0,477130206448450841833501,0,0,0,0
7,4,9,4,0,2,6,0,5,0,0,3,1,1,5,0,0,0,0,2,0,713105529770473022794682,213470710640616046156470,0,514723136317147845146187,0,0,0,0
6,5,6,6,0,5,5,0,2,2,1,1,2,2,3,0,0,0,4,2,0,650926135517831448608060,119034686570158557393707,0,394100919756947797895793,0,0,0,0
11,10,8,3,0,2,2,0,2,0,0,2,0,1,1,0,0,0,1,0,0,606885211156678855441190,138559964906999999999997,0,575470782700459857222279,0,0,0,0
6,5,10,11,0,2,8,0,6,1,1,5,1,4,4,0,0,0,1,6,0,1327805300808441185055826,314197723765432098602895,0,375642588941494247275412,0,0,0,0
4,5,9,1,0,8,1,0,0,0,1,0,0,1,0,0,0,0,0,8,0,22763888890888888850000,2000000000000,0,264857640866397939890377,0,0,0,0
12,5,8,5,0,5,5,0,2,0,1,0,0,1,4,0,0,0,0,0,0,504542993230382470203209,123931455533768686439371,0,596978362911721504645404,0,0,0,0
8,5,12,5,0,7,3,0,2,0,1,2,0,2,1,0,0,0,3,4,0,750148191309949353915631,191041735063231019449241,0,430692530465336036668376,0,0,0,0
10,4,9,4,0,5,3,0,2,1,0,1,1,0,3,0,0,0,0,3,0,319560528529447593658258,108593365450132463499996,0,483257907449602115146471,0,0,0,0
5,5,5,7,0,4,2,0,1,0,1,1,0,1,1,0,0,0,1,5,0,647415140271726996800641,50861111110999999999998,0,605035410350021439271081,0,0,0,0
9,3,11,2,0,7,4,0,2,0,0,2,0,2,2,0,0,0,4,2,0,364807157778677714600799,122921657648951507850000,0,620399759708984862548474,0,0,0,0
7,9,6,8,0,4,5,0,4,0,1,1,0,2,3,0,0,0,0,2,0,564364233702089625207083,107709090748174528606446,0,549843837235615101989307,0,0,0,0
4,4,6,7,0,4,5,0,2,0,3,2,0,3,2,0,0,0,1,4,0,602745430527360067852770,191064864095999999999996,0,300000000000156132231866,0,0,0,0
5,4,6,6,0,6,7,0,5,0,2,4,1,4,3,0,0,0,1,5,0,879498094026872942617953,169676205142449394963475,0,329250175757676987264447,0,0,0,0
7,5,10,7,0,4,7,0,6,0,0,3,0,2,5,0,0,0,1,3,0,966116085908925815644159,252890428591587371161341,0,514159210264722170971801,0,0,0,0
6,8,5,3,0,6,2,0,2,0,0,2,0,0,2,0,0,0,0,3,0,350844349613935935884021,22419786790044003163765,0,399999000000150000001109,0,0,0,0
8,1,5,4,0,4,8,0,6,0,2,6,0,5,3,0,0,0,0,6,0,1219053227252378894311231,438984019842321861394717,0,563991677363095291594843,0,0,0,0
6,9,9,5,0,4,5,1,3,1,1,2,1,2,3,1,1,0,2,2,0,407525737157167863585436,98037864453324913434601,0,300000000000249999003630,0,0,0,0
5,4,11,1,0,6,2,0,1,0,1,0,0,1,1,0,0,0,0,4,0,297603375616367047553339,159579552314204605591552,0,499998963881840993335271,0,0,0,0
6,6,9,7,0,4,7,0,3,1,3,2,1,5,2,0,0,0,2,0,0,792538440230659229199389,120801705611046556034896,0,632583699808277052594668,0,0,0,0
4,7,8,4,0,4,3,0,2,0,1,1,1,1,2,0,0,0,0,4,0,457949551835785837784390,72921898390123456750024,0,300000000000150219999781,0,0,0,0
9,4,7,9,0,3,7,0,4,2,0,2,3,0,7,0,0,0,0,0,0,721087924441658908740485,213517902789433489543129,0,393479359568151234287383,0,0,0,0
7,1,11,3,0,6,3,0,1,1,1,1,1,2,1,0,0,0,0,6,0,551335747248884592821523,79109182097765432050000,0,313430602197667944057386,0,0,0,0
10,2,8,8,0,4,4,0,2,0,1,2,0,2,2,0,0,0,1,4,0,1120286198682876682528470,175544826889232730085493,0,695193768942925560072006,0,0,0,0
10,9,8,7,0,5,0,0,0,0,0,0,0,0,0,0,0,0,0,0,0,479714956001814435512598,0,0,633528692147538668690521,0,0,0,0
5,6,9,5,0,4,5,0,3,0,2,1,1,2,3,0,0,0,0,1,0,426493690934891388345463,231439287138138053506708,0,586676820884155168074185,0,0,0,0
13,4,5,5,0,4,5,0,1,1,3,0,1,3,2,0,0,0,1,1,0,357250731349855853060210,71221859529456687660283,0,1005834301009496291577735,0,0,0,0
5,5,10,6,0,5,7,0,4,0,2,3,1,3,4,0,0,0,0,2,0,524971462648670045443462,250487517815194778466685,0,416048297425365813005009,0,0,0,0
12,6,4,5,0,4,6,1,3,0,1,0,2,2,4,1,1,0,3,1,0,429766695110186795399475,185290067509436341665557,0,786262083976229994347063,0,0,0,0
13,4,5,3,0,7,1,0,0,1,0,0,1,0,1,0,0,0,0,2,0,195220428106874785995305,11279771866584942900000,0,776874073905791454045710,0,0,0,0
10,6,9,5,0,5,1,0,1,0,0,1,0,1,0,0,0,0,3,1,0,336118331058423208737574,410000000000000000000,0,841236265412658362599040,0,0,0,0
11,3,9,6,0,7,4,0,3,1,0,2,1,2,2,0,0,0,0,6,0,555829903365074516113900,54439827814975920069721,0,777627911702051693553025,0,0,0,0
6,8,7,6,0,3,5,0,4,0,1,3,0,2,3,0,0,0,1,2,0,416008760355843105952972,89719217741334313487726,0,527394243634759835705776,0,0,0,0
8,4,4,9,0,4,6,0,3,1,2,2,1,3,3,0,0,0,0,3,0,555217104092624732666555,96306116461697870550524,0,380001252144109129232765,0,0,0,0
13,5,10,3,0,7,3,0,3,0,0,3,1,0,3,0,0,0,0,3,0,618834123549387396059870,123743299073307211748495,0,493553996202055877977402,0,0,0,0
4,3,10,9,0,5,6,0,2,0,3,1,2,3,3,0,0,0,4,1,0,625571189619725841887052,92637711877128596551050,0,470625733622013625113287,0,0,0,0
10,3,7,5,0,4,5,0,4,0,1,3,1,2,3,0,0,0,0,4,0,909586844191571286902198,333235728973903442916753,0,682369621311888354591396,0,0,0,0
6,3,3,6,0,7,3,1,3,0,0,2,1,0,3,1,1,0,1,8,0,1036848653703521146945700,149999270288584035337814,0,349998270288634036341894,0,0,0,0
13,6,4,8,0,6,1,0,0,1,0,0,1,0,1,0,0,0,2,3,0,875796391000131226640036,13428797093232108845089,0,663419434755049973250617,0,0,0,0
10,8,15,6,0,3,3,0,1,0,1,1,1,1,2,0,0,0,1,2,0,626950427700411967055486,259071602515670159347197,0,642820486120735287740478,0,0,0,0
7,5,6,5,0,6,6,0,6,0,0,5,1,1,5,0,0,0,0,2,0,949774897229129476658868,394175475902646598309611,0,296198633131402543959283,0,0,0,0
6,7,5,5,0,5,3,0,2,0,1,1,0,2,1,0,0,0,0,3,0,533714625992284417100451,178342375609168233991059,0,305654073891229879166584,0,0,0,0
12,7,7,6,0,5,6,0,3,0,2,2,1,2,4,0,0,0,0,1,0,725794599318013630345001,379850564702818672948666,0,618418410221710032347711,0,0,0,0
6,7,7,4,0,3,2,0,1,0,0,1,0,1,1,0,0,0,1,4,0,433109220879808831082439,41257962962962962950000,0,449148362188792438173541,0,0,0,0
8,6,10,6,0,3,4,0,2,0,2,2,0,3,1,0,0,0,2,1,0,421868232330473827876108,57419242761001901074594,0,592820617652335127547910,0,0,0,0
6,4,12,4,0,2,4,0,1,1,2,0,1,2,2,0,0,0,0,0,0,584523975743682841727444,205458243832750222802673,0,481055102910694392513430,0,0,0,0
8,4,7,7,0,4,3,0,1,1,1,0,1,1,2,0,0,0,2,0,0,541327469236922043502956,168933811427019343120908,0,358859952184744608449056,0,0,0,0
7,7,6,0,0,7,5,0,2,0,3,2,0,5,0,0,0,0,4,5,0,245409932197537691827349,164615883062000000000000,0,474061806774828325596579,0,0,0,0
10,10,12,6,0,5,3,0,2,1,0,1,1,1,2,0,0,0,2,1,0,491501066602766265469209,100279768111241079476439,0,539394382758531271946896,0,0,0,0
10,8,8,9,0,3,6,0,3,2,1,2,2,2,4,0,0,0,2,1,0,632726920767841299760659,98400171008660396653532,0,769851117824037467543748,0,0,0,0
7,6,11,4,0,4,6,0,3,0,1,2,1,1,5,0,0,0,3,1,0,655228128578367580367266,250621669328751481548156,0,490857723634781552656346,0,0,0,0
6,4,8,3,0,5,3,0,1,1,1,1,1,1,2,0,0,0,0,3,0,321113720275687977551201,71344039095359131937504,0,482828569227991187678226,0,0,0,0
10,2,7,7,0,10,4,0,1,1,2,0,1,2,2,0,0,0,0,3,0,1042805399590300997824735,46311985210686515780315,0,532053300697305140749292,0,0,0,0
10,4,9,1,0,5,7,0,4,1,2,1,2,2,5,0,0,0,1,2,0,251151918060199028277056,162802667943513661429244,0,748917054997972204469538,0,0,0,0
5,3,7,8,0,5,3,0,2,0,1,2,1,2,1,0,0,0,1,3,0,846014892795647445996792,144038481969000000002827,0,477130206448453868015743,0,0,0,0
8,7,8,8,0,8,0,0,0,0,0,0,0,0,0,0,0,0,0,0,0,951765709226777789975295,0,0,464772442122704554306628,0,0,0,0
7,5,8,4,0,4,5,0,3,0,1,2,0,1,4,0,0,0,2,2,0,289885432923788830740759,209262924801004303216708,0,528781024656015977305403,0,0,0,0
6,5,10,12,0,3,11,0,6,1,4,4,1,5,6,0,0,0,1,3,0,1289648640309036076393798,360841550495518518406345,0,359915274340270175726210,0,0,0,0
10,5,6,2,0,5,6,0,3,0,1,3,1,2,4,0,0,0,0,3,0,673846231813527133831464,301129828260595635051193,0,450016503351450042058152,0,0,0,0
3,5,8,6,0,6,5,0,5,0,0,3,0,1,4,0,0,0,0,4,0,755702780640630095500672,84624134076226605957992,0,319187932162426605983029,0,0,0,0
8,4,12,4,0,7,3,0,2,0,1,2,0,2,1,0,0,0,2,5,0,593447798848886151278816,190329806552231019449239,0,461940064846498221423103,0,0,0,0
3,4,7,6,0,6,6,0,4,0,1,3,1,2,4,0,0,0,1,2,0,625660773131539723704302,120192753112443904156797,0,314076270301256124535080,0,0,0,0
9,6,9,3,0,3,7,0,5,1,1,4,2,2,5,0,0,0,0,6,0,589788859362755767497179,209277873058439306821861,0,424931156918070170172592,0,0,0,0
8,6,5,4,0,7,3,0,2,0,1,1,1,1,2,0,0,0,0,3,0,187960554251515999320510,9120654095835187007487,0,449898000000268753610072,0,0,0,0
5,7,5,7,0,7,3,0,2,0,1,2,1,1,2,0,0,0,2,3,0,675185666897427498123528,61516111110999999999998,0,455106629892544583778529,0,0,0,0
8,6,11,6,0,5,2,0,1,1,0,0,1,0,2,0,0,0,1,2,0,519533219523183109403691,9816698570767751972276,0,545588802250840265497091,0,0,0,0
8,5,5,4,0,4,7,0,3,1,3,2,1,4,3,0,0,0,0,7,0,624029406544312188235990,197403968799651331050581,0,634960592333211077149478,0,0,0,0
4,2,6,8,0,3,5,0,4,0,1,3,0,2,3,0,0,0,1,4,0,691249933586742450147845,237099001908163973412716,0,300000000000156132231866,0,0,0,0
5,1,7,4,0,5,4,0,3,0,0,3,2,2,2,0,0,0,1,5,0,467591906456784684378504,150000000000000000000000,0,390261381172990924608035,0,0,0,0
8,10,9,6,0,4,3,0,1,0,2,1,0,2,1,0,0,0,0,2,0,502733607975103946499739,121144497817999999999999,0,614008790481988102300097,0,0,0,0
6,9,5,3,0,6,3,0,3,0,0,3,1,0,3,0,0,0,0,2,0,673726738179270867021727,94997365388445597663313,0,399999000000150000001111,0,0,0,0
11,2,12,2,0,3,8,0,6,0,2,4,1,4,4,0,0,0,0,2,0,734001063184033160496154,313985157193418005435330,0,482499128900387642623581,0,0,0,0
6,3,6,5,0,6,5,0,2,1,2,2,1,4,1,0,0,0,0,6,0,439753362674917614346100,109269218161876543150000,0,313359580652334426126000,0,0,0,0
6,5,9,6,0,4,6,0,3,1,2,2,1,4,2,0,0,0,2,1,0,463102105313292337202808,112566013108940707927168,0,632802814748471961934975,0,0,0,0
13,8,7,2,0,8,9,0,4,0,5,1,0,6,3,0,0,0,0,2,0,444913556249586563181300,331786545977407286826165,0,446499166456449169591403,0,0,0,0
5,2,12,3,0,7,12,0,8,2,0,5,3,3,9,0,0,0,0,7,0,930965215932262552632988,296206379508666167525000,0,341662589613842085669644,0,0,0,0
7,2,11,3,0,6,5,0,3,1,1,3,1,2,3,0,0,0,0,4,0,708330946472141858024445,237236911682301109771385,0,326280953287560169328524,0,0,0,0
7,3,8,5,0,7,4,0,2,1,1,2,2,1,3,0,0,0,0,0,0,459510129013022401547442,129916082936458090067936,0,349999000000249999027911,0,0,0,0
7,3,9,7,0,4,1,0,1,0,0,1,0,1,0,0,0,0,0,1,0,556109234913936817740727,49885000300000000000000,0,711909017653675861117398,0,0,0,0
13,5,5,5,0,4,5,0,2,0,3,0,0,3,2,0,0,0,0,2,0,356084776336721575345114,94493899643853886301753,0,1076257811864198884037440,0,0,0,0
6,5,10,2,0,8,4,0,3,0,0,3,2,1,3,0,0,0,1,1,0,535622323360532438843850,147613447897376543298282,0,414252864428943218644657,0,0,0,0
8,7,6,6,0,3,5,0,0,1,4,0,1,4,1,0,0,0,3,0,0,428266141020326442240020,207699595563510052450000,0,606002526932327032045224,0,0,0,0
6,3,9,5,0,2,3,0,3,0,0,2,0,1,2,0,0,0,2,3,0,590382310048498986895848,193244382472579132519941,0,530804483657698579108681,0,0,0,0
10,7,9,4,0,6,1,0,1,0,0,1,0,0,1,0,0,0,3,1,0,395717195137690173978025,81923180837114414644827,0,690238546420635280219116,0,0,0,0
8,5,4,2,0,5,3,0,2,0,1,1,0,1,2,0,0,0,1,0,0,92807140575847872890693,54205781058148148049999,0,500769507863172810380024,0,0,0,0
7,4,7,4,0,2,5,0,4,1,0,1,1,0,5,0,0,0,0,4,0,479109676340087315053465,212158782391550576669520,0,426780155588438398738708,0,0,0,0
8,2,4,9,0,4,5,0,3,0,1,3,1,2,3,0,0,0,0,4,0,756873059021434065456000,89773826466808850486612,0,302076677222842057359156,0,0,0,0
4,10,5,12,0,3,7,0,5,1,1,4,1,3,4,0,0,0,1,2,0,1304551799254071510691358,131764526969116668368825,0,346236915176172882690535,0,0,0,0
8,3,4,5,0,6,5,0,3,1,1,2,1,3,2,0,0,0,0,7,0,718646644001878191757439,82834711798094032817589,0,657600407731980922415796,0,0,0,0
10,1,7,3,0,3,6,1,3,0,2,1,2,3,3,1,1,0,0,3,0,668459614732767966717252,152230622627951663562071,0,602262631778667018266174,0,0,0,0
9,5,5,6,0,7,3,0,1,1,1,1,1,1,2,0,0,0,0,1,0,640220114750063472198097,69844706789382715999998,0,447333938272026666542566,0,0,0,0
10,3,7,7,0,6,7,0,5,0,2,1,1,2,5,0,0,0,0,1,0,665006661104475912614777,225338928912815517326480,0,448434092036846147314954,0,0,0,0
13,6,4,6,0,5,2,0,1,1,0,1,1,0,2,0,0,0,2,2,0,472866426137413241614053,63387917975611004405592,0,859119517560692947301778,0,0,0,0
10,2,9,5,0,10,8,0,3,1,3,3,1,4,4,0,0,0,1,2,0,355472680723196800652492,89612815342950533167875,0,341807208598787641584204,0,0,0,0
9,2,12,11,0,8,7,0,3,2,2,1,2,3,4,0,0,0,0,1,0,1190893979812477228196080,145328668044171683616644,0,522733672885897380503617,0,0,0,0
6,9,5,9,0,4,3,0,2,0,1,2,0,2,1,0,0,0,0,3,0,1025186701589725357081877,202007918502439025557213,0,398974062411185359146649,0,0,0,0
6,7,8,1,0,7,8,1,7,0,1,4,0,4,4,1,1,0,1,2,0,499341088320843126641964,214572146451495419929347,0,278577383152801934395289,0,0,0,0
7,5,10,1,0,4,4,0,3,0,1,3,1,2,2,0,0,0,0,2,0,543087490482858090342376,261361073596423915980646,0,497878862511424385135988,0,0,0,0
8,5,7,7,0,3,4,0,3,1,0,1,1,1,3,0,0,0,1,0,0,543907430108656484852893,121077876631137147705282,0,411070698974452637040039,0,0,0,0
3,8,14,5,0,5,6,0,5,0,0,2,1,1,5,0,0,0,1,6,0,254708635334157254940790,88535077024054962130312,0,328420915879345404759044,0,0,0,0
7,2,8,4,0,2,4,0,4,0,0,2,0,0,4,0,0,0,0,6,0,653995665185926428153957,124482727289369459493986,0,593998379449751355000771,0,0,0,0
10,8,8,7,0,3,5,0,3,1,1,2,1,2,3,0,0,0,3,1,0,438974226419618975384096,73973865842074252495189,0,794493680304300989302158,0,0,0,0
8,5,10,7,0,6,6,0,4,0,2,3,1,3,3,0,0,0,0,2,0,673468689276086783609390,161707824580680098725991,0,485719482499675164745478,0,0,0,0
14,4,4,3,0,7,2,0,2,0,0,2,1,1,1,0,0,0,1,2,0,571078727387106420645020,135635506021000000000000,0,597931256553169782910654,0,0,0,0
14,6,9,7,0,2,5,0,4,0,1,3,0,2,3,0,0,0,1,3,0,742249642179150514097439,173449451001135845550480,0,441202136150331156529546,0,0,0,0
10,3,7,7,0,11,4,0,1,1,2,0,1,2,2,0,0,0,0,3,0,582266549362418603796099,46975856939197496407089,0,592693717411584361343658,0,0,0,0
7,4,7,2,0,6,4,0,2,1,0,2,1,1,3,0,0,0,0,2,0,533087098796725233549298,173392687953947780675629,0,666555131167415369500208,0,0,0,0
8,5,8,8,0,7,0,0,0,0,0,0,0,0,0,0,0,0,0,0,0,634639283266620095327270,0,0,549982062066996902304726,0,0,0,0
6,5,5,4,0,8,8,0,6,0,1,4,2,2,6,0,0,0,2,6,0,796621573994206022973980,268787855395226070144202,0,263928850308741975350000,0,0,0,0
8,6,10,3,0,3,8,1,4,1,3,3,1,5,3,1,1,0,2,3,0,726526208803604538942444,273353218116707531985557,0,642991637556851890248849,0,0,0,0
10,6,6,3,0,4,6,0,3,1,1,2,1,2,4,0,0,0,0,3,0,401672297361168438488190,205567308029411481854001,0,450016503351450042058921,0,0,0,0
10,4,6,4,0,7,1,0,1,0,0,1,0,0,1,0,0,0,2,5,0,597332093045572833673958,249998000000000000014155,0,448489676459982041382126,0,0,0,0
8,2,6,4,0,5,8,0,5,0,3,3,0,3,5,0,0,0,1,3,0,835450930380729273303003,302058216425349766080050,0,401744958369038079837495,0,0,0,0
9,7,9,2,0,2,7,0,5,1,1,4,1,3,4,0,0,0,1,5,0,915519434954397240961563,231125305287345109663184,0,423354708349868071022592,0,0,0,0
8,3,6,4,0,5,4,0,2,0,2,0,0,2,2,0,0,0,0,9,0,290841285981496246546217,178842686700077018849998,0,499819768188361533155258,0,0,0,0
8,8,12,8,0,6,3,0,2,0,1,2,0,3,0,0,0,0,0,2,0,409590936764727910787416,89290863267000000000000,0,444037701619750330891499,0,0,0,0
8,7,10,7,0,5,3,0,1,2,0,1,2,0,3,0,0,0,1,1,0,1048316965499210526247678,124927619910738695105384,0,504566811790124055568514,0,0,0,0
8,4,11,1,0,6,8,1,5,2,0,3,2,2,6,1,1,0,0,5,0,650280523575777715423565,253192089262014531246775,0,575069992900024544038490,0,0,0,0
10,3,7,2,0,5,2,0,0,1,1,0,1,1,1,0,0,0,1,3,0,248611607500295966529124,25148516853070063600000,0,752090359747654569121625,0,0,0,0
5,3,7,6,0,6,5,1,3,1,0,2,3,2,3,1,1,0,1,4,0,653390131073543997516359,100000000000000000000012,0,390261381172991398972585,0,0,0,0
6,7,12,10,0,3,5,0,4,0,1,4,1,3,2,0,0,0,1,2,0,772462446674056959486446,166330881013999999999999,0,477941069291288970723574,0,0,0,0
7,6,12,6,0,4,5,0,3,0,2,2,0,3,2,0,0,0,0,1,0,770480730787295762063595,284854873099814814657042,0,508228167695531297687840,0,0,0,0
11,3,1,3,0,9,6,0,5,0,1,4,2,2,4,0,0,0,0,6,0,845141097272537019579314,209757305076252248752645,0,290459991511964537679954,0,0,0,0
11,0,12,2,0,3,7,0,5,0,2,3,1,2,5,0,0,0,1,2,0,595231696449576105701994,312626979588388416924329,0,386176798453413569112979,0,0,0,0
6,5,9,8,0,4,6,0,3,1,1,3,1,2,4,0,0,0,0,4,0,826889798401678691405932,213274219160632613845143,0,370089990142855338850451,0,0,0,0
5,5,14,9,0,5,3,0,3,0,0,0,0,0,3,0,0,0,6,3,0,670133159426928023828725,51932603389171827129620,0,633486917452321159139993,0,0,0,0
13,8,7,4,0,7,9,0,5,2,2,2,2,4,5,0,0,0,0,2,0,590955148852456471720976,373632070017288231230385,0,456322796980794809119384,0,0,0,0
8,6,8,1,0,5,4,0,2,1,0,2,2,2,2,0,0,0,2,0,0,328239744839618397910419,84313999905719983432347,0,582359370074920059276481,0,0,0,0
6,3,9,8,0,6,6,0,3,2,1,2,2,2,4,0,0,0,2,3,0,784993555433501710482797,160908341681962956496507,0,429884364045535421363988,0,0,0,0
7,3,9,4,0,4,1,0,1,0,0,1,0,1,0,0,0,0,0,1,0,292769375994722235733735,50000000000000000000000,0,729308064844454631055865,0,0,0,0
7,10,7,9,0,4,3,0,3,0,0,2,0,2,1,0,0,0,2,2,0,343826263043175307023915,173896364283373880499999,0,494153106709905127750415,0,0,0,0
9,9,5,8,0,5,4,0,2,0,2,0,0,2,2,0,0,0,0,2,0,623207386152945709868902,75230582186303560190970,0,510414073771632748409539,0,0,0,0
8,6,6,6,0,3,5,0,0,1,4,0,1,4,1,0,0,0,3,0,0,351560148568941134330869,205319315219128803924396,0,644407380288331930829751,0,0,0,0
4,7,10,8,0,4,4,0,4,0,0,1,0,0,4,0,0,0,0,3,0,675677868103680338812444,125302272709471298081617,0,354318629088507852558439,0,0,0,0
13,2,4,3,0,5,7,0,5,1,0,5,1,2,5,0,0,0,1,4,0,838078095891794775296763,469270845545888537190474,0,387735106879651157092675,0,0,0,0
8,5,4,2,0,6,1,0,1,0,0,0,0,0,1,0,0,0,1,2,0,85455474014135252921060,37557870370370370299999,0,505516035640939086175622,0,0,0,0
5,3,7,6,0,5,3,0,2,1,0,1,1,0,3,0,0,0,2,3,0,670214257424396384659982,67548705563640094927621,0,530596759608593075798308,0,0,0,0
8,4,12,7,0,5,7,0,3,0,3,3,1,5,2,0,0,0,2,5,0,717469871862443932080170,219783789709666666649998,0,399999000005150000000000,0,0,0,0
4,10,5,10,0,3,8,0,6,1,1,5,2,4,4,0,0,0,0,2,0,1090354334592417321598750,175825685634006989606140,0,295250000000086253021236,0,0,0,0
11,3,6,6,0,6,4,0,0,1,3,0,1,3,1,0,0,0,1,1,0,227336603482083412654659,100067632847987654250000,0,405295009851970020307177,0,0,0,0
10,1,12,8,0,4,4,0,4,0,0,2,1,1,3,0,0,0,0,3,0,567740454840145753546393,177861686962212142113676,0,524292528499627658315761,0,0,0,0
8,8,9,5,0,7,4,0,3,0,1,3,1,2,2,0,0,0,0,2,0,538127375874490588698038,167987009634387603635794,0,352473319763858391180369,0,0,0,0
10,3,7,6,0,6,7,0,5,0,2,1,1,2,5,0,0,0,0,1,0,570007819377741371132850,246563462507163631568920,0,549919855165931639365471,0,0,0,0
7,6,7,4,0,5,4,0,2,1,1,2,1,2,2,0,0,0,1,2,0,445902460687977918852358,272300535811864197449999,0,300000000000249999028259,0,0,0,0
9,2,9,8,0,9,2,0,1,0,1,1,0,1,1,0,0,0,0,6,0,724935781622947832419483,84419106930999999999999,0,635976955187633328734897,0,0,0,0
9,2,12,11,0,8,6,0,2,2,2,2,2,3,3,0,0,0,0,2,0,1353173831461595870790779,192234836449734602146891,0,427894602851870688583226,0,0,0,0
10,4,11,4,0,5,3,0,2,0,1,2,0,1,2,0,0,0,2,1,0,708343013422844941095476,167164725498339019555880,0,311858600056895005306709,0,0,0,0
9,6,5,8,0,5,4,0,2,1,1,1,1,1,3,0,0,0,1,4,0,385055564052848019964688,99049332705847707610347,0,537122608205219039416445,0,0,0,0
7,4,10,2,0,4,5,0,4,0,1,4,1,2,3,0,0,0,0,1,0,503508560960672743727961,144732405691423913388640,0,397754862511459685128413,0,0,0,0
11,5,11,6,0,3,1,0,0,1,0,0,1,0,1,0,0,0,1,1,0,478416518448889462681895,17014317380953247000000,0,691601952460879332601855,0,0,0,0
5,3,6,5,0,8,2,0,1,0,0,1,0,0,2,0,0,0,1,3,0,492055294465887134033755,167003436728395061703587,0,435235399727703109545787,0,0,0,0
7,4,8,5,0,4,3,0,3,0,0,2,0,0,3,0,0,0,1,6,0,790135620675278019265726,110906005577265794127970,0,415813888477829130346797,0,0,0,0
9,6,10,9,0,3,3,0,2,0,1,1,1,1,2,0,0,0,2,1,0,336367861990978476059320,26446226421839506149998,0,680115986056492135521906,0,0,0,0
8,6,11,2,0,6,3,1,2,0,1,1,0,1,2,1,1,0,0,2,0,183387088295377771861647,61794836347999999999999,0,470241630890568102196623,0,0,0,0
5,6,6,7,0,4,3,0,2,0,0,1,0,0,3,0,0,0,3,5,0,715160252055231877199065,8619791666666666631875,0,291380208333433348400000,0,0,0,0
14,6,9,7,0,2,7,0,5,2,0,3,2,1,6,0,0,0,0,2,0,738352984704694164586887,159447044079519799069512,0,448518259687847663859495,0,0,0,0
6,6,8,9,0,6,2,0,1,0,1,0,0,1,1,0,0,0,1,3,0,624658663984476360698907,89789995423978214789294,0,373002811198860725454153,0,0,0,0
5,6,5,2,0,4,2,0,1,1,0,1,1,0,2,0,0,0,2,3,0,286503943319658764182995,65903041335579768799999,0,303372157928141759175910,0,0,0,0
6,3,5,4,0,7,5,0,4,0,0,2,1,1,4,0,0,0,4,7,0,916956090742408174757442,170946117268164223979263,0,394122930685037246857702,0,0,0,0
5,5,9,8,0,5,3,0,3,0,0,2,0,1,2,0,0,0,2,3,0,587935565229047085672064,134303642414156287654976,0,323638776401867738124952,0,0,0,0
12,7,9,6,0,4,4,0,3,0,1,1,0,1,3,0,0,0,0,1,0,536835779200319396089527,275386371362645068831270,0,595605653723845544673042,0,0,0,0
10,2,6,5,0,7,4,0,4,0,0,3,1,1,3,0,0,0,0,4,0,1082371605063097642068686,402527877697000000017843,0,341677134391444617014308,0,0,0,0
9,3,5,8,0,7,2,0,2,0,0,1,0,0,2,0,0,0,0,4,0,775378884302177658407337,42906109985366046399997,0,449998000000150373411902,0,0,0,0
12,10,11,6,0,4,5,0,2,1,2,2,1,4,1,0,0,0,1,2,0,576390130078383085745138,229709914540544341582183,0,870341768733518154440808,0,0,0,0
8,3,6,5,0,5,5,0,4,0,1,2,1,1,4,0,0,0,0,8,0,477426653313382203618953,195691063685154679301993,0,407873830988383815591189,0,0,0,0
3,2,10,6,0,2,7,0,3,2,2,3,2,3,4,0,0,0,5,1,0,769276299265051690180590,296825943173919024947869,0,334774463471891615473593,0,0,0,0
10,2,8,4,0,8,3,0,2,0,1,1,1,1,2,0,0,0,0,5,0,565969462182215613270824,61100647081000000003319,0,533699248218893713812641,0,0,0,0
8,4,6,7,0,7,4,0,1,1,2,1,1,3,1,0,0,0,0,2,0,712021677150308939969944,84839128025206724348340,0,387265931212714303181069,0,0,0,0
8,3,11,1,0,6,8,0,7,0,0,5,0,3,5,0,0,0,0,5,0,821474051501070084331899,304173121711705806632709,0,634068751502133156422604,0,0,0,0
6,7,6,8,0,4,5,0,2,0,2,1,0,3,2,0,0,0,3,2,0,964227957861190311078811,53610305072950617199999,0,397109170840386346964655,0,0,0,0
9,5,12,7,0,8,3,0,1,2,0,0,2,0,3,0,0,0,1,0,0,225324216491992355637389,92888171840245566803577,0,523495870152433939356072,0,0,0,0
7,6,12,7,0,7,4,0,2,0,2,1,0,3,1,0,0,0,0,2,0,643132137889151235456071,108341520450987654249999,0,346048897317804277660005,0,0,0,0
7,5,6,2,0,6,4,0,2,1,1,2,2,2,2,0,0,0,1,4,0,710714935172868412695230,78839217650179700496370,0,477349839627318211121741,0,0,0,0
9,7,12,9,0,5,4,0,3,0,0,1,1,0,4,0,0,0,0,1,0,810882101529321069522138,155246517613558856256177,0,467760603915942002895998,0,0,0,0
6,3,9,9,0,3,10,0,3,2,4,3,2,5,5,0,0,0,0,0,0,844256861288450737825216,281452649446721215198620,0,379759499564762652544371,0,0,0,0
7,4,8,3,0,7,3,0,2,1,0,2,1,1,2,0,0,0,1,4,0,476212402238807549419366,153205170121696957868039,0,598726099075909950687252,0,0,0,0
4,2,10,4,0,6,4,0,2,1,1,2,1,3,1,0,0,0,1,4,0,1369843547095722132361170,199609202169740740722044,0,340728712939620410218962,0,0,0,0
8,6,8,1,0,6,4,0,3,1,0,2,1,2,2,0,0,0,1,1,0,300712944674511784628760,172134563865534865020405,0,574464769054614999050042,0,0,0,0
3,5,11,8,0,7,5,0,3,1,1,2,1,2,3,0,0,0,0,3,0,1041302599644621176839810,101280355038682445956696,0,300000000000184905571883,0,0,0,0
10,4,7,7,0,5,3,0,3,0,0,1,0,1,2,0,0,0,0,1,0,762740499263777572700657,77129672967258472795443,0,903389640435052200467910,0,0,0,0
7,11,7,9,0,4,3,0,3,0,0,2,0,2,1,0,0,0,2,2,0,347020905894715897758726,172690954753253986349999,0,345073806852041925317090,0,0,0,0
9,8,11,3,0,4,5,0,1,0,4,1,1,4,1,0,0,0,2,5,0,536829978363507421387327,273563708375000000000000,0,512054544352595355088697,0,0,0,0
12,9,5,5,0,5,2,0,2,0,0,1,0,1,1,0,0,0,1,2,0,580865138477093509415831,115498062905034787976740,0,716827680333469612857611,0,0,0,0
7,4,4,8,0,5,5,0,3,1,0,2,1,1,4,0,0,0,1,4,0,752814810048586722128293,259708079811730585269107,0,442017190667383804491619,0,0,0,0
4,6,10,8,0,4,5,0,5,0,0,3,1,1,4,0,0,0,0,2,0,806205348627996462281860,129329287798041140091122,0,404317629088465389750483,0,0,0,0
8,5,7,5,0,5,5,0,2,1,1,0,2,1,4,0,0,0,0,0,0,412159219821812115773545,112828544863168410537454,0,534156576342841928905954,0,0,0,0
5,5,6,6,0,6,3,1,1,1,1,0,1,1,2,1,1,1,0,3,0,392923509644830389577929,31129918981000000001495,0,361278647749147796277144,0,0,0,1
8,4,12,6,0,6,9,0,5,1,2,4,3,4,5,0,0,0,1,4,0,819192105373625740505005,274550604278029511910251,0,399999000005150000000000,0,0,0,0
6,4,7,4,0,6,5,0,4,0,0,3,0,2,3,0,0,0,1,3,0,746154268448937860536353,118705385802469135749997,0,323491922152206024629828,0,0,0,0
9,3,9,2,0,7,4,0,1,1,1,0,1,1,3,0,0,0,1,2,0,208370982512266351700860,137561812229069169977450,0,745077539668479728398291,0,0,0,0
10,2,12,9,0,4,5,0,4,1,0,2,2,1,4,0,0,0,0,2,0,705233504977493768854657,177848330079708132385091,0,524292528499627658315761,0,0,0,0
3,3,11,2,0,9,7,1,4,0,1,3,0,4,3,1,1,0,0,3,0,638457471937987470684867,155484919787419582116081,0,374370538709960489141266,0,0,0,0
5,3,7,2,0,4,7,0,4,1,2,3,1,4,3,0,0,0,2,4,0,651041614276447441441490,205286059851038370438363,0,445305109313680397218964,0,0,0,0
7,5,7,5,0,6,4,0,2,1,1,2,2,1,3,0,0,0,0,3,0,538442369817282541165781,137757188172790123408068,0,300000000000249999028476,0,0,0,0
7,6,11,6,0,3,2,0,2,0,0,2,2,0,2,0,0,0,0,1,0,291534286629082663062590,50000000000000000000025,0,449789974423507312901931,0,0,0,0
6,6,7,4,0,7,5,0,4,0,1,2,0,2,3,0,0,0,0,4,0,565348863974185660558874,159142613550436643759630,0,588713045347706376957090,0,0,0,0
7,6,6,6,0,4,5,0,3,0,2,3,0,4,1,0,0,0,2,3,0,469843664281281753609826,111840574108882794347522,0,693170385461528969690981,0,0,0,0
9,6,5,8,0,5,5,0,3,1,1,1,1,1,4,0,0,0,1,3,0,472230186046146316749619,116387684900604742570118,0,619572703271446290334423,0,0,0,0
9,5,7,3,0,6,6,0,4,0,1,3,1,1,5,0,0,0,0,3,0,442173550134277113650741,143176350806518305030305,0,343727855796243855019143,0,0,0,0
8,8,10,5,0,3,5,1,5,0,0,4,0,3,2,1,1,0,1,0,0,772860110753902987406689,151864973869999999999997,0,435377382873753206725818,0,0,0,0
5,3,6,4,0,8,2,0,1,0,0,1,1,0,2,0,0,0,0,4,0,544968227459103168033255,49767298635749281973694,0,331571782115998612934831,0,0,0,0
6,4,6,7,0,5,4,0,2,0,2,0,0,2,2,0,0,0,0,8,0,450901635429839778391130,73265835638413218117941,0,397466058713722892198181,0,0,0,0
6,3,10,6,0,7,2,0,2,0,0,0,0,0,2,0,0,0,1,3,0,729455926821300700444733,31899602584905268462208,0,404151830340050835524193,0,0,0,0
8,5,11,3,0,6,2,0,2,0,0,1,0,1,1,0,0,0,1,2,0,199116905140442235654749,89471777491650886683809,0,470106630890568102196854,0,0,0,0
8,3,4,2,0,3,7,0,4,2,1,4,2,3,4,0,0,0,1,3,0,731720359382588391289882,333624639180771517312047,0,420142810393901573218341,0,0,0,0
12,4,12,4,0,5,6,0,4,0,1,1,1,1,5,0,0,0,0,0,0,764754437892035185611135,342280368113940904447704,0,730552329287156609441389,0,0,0,0
6,4,8,8,0,6,2,0,2,0,0,1,0,1,1,0,0,0,1,3,0,521366023051771481677182,100707822084888671660274,0,480359065945854822553589,0,0,0,0
6,3,14,5,0,3,3,0,3,0,0,2,1,1,2,0,0,0,0,4,0,894703077932395261099147,170967590170218139397362,0,578407418327408107519386,0,0,0,0
8,6,5,2,0,3,4,0,3,1,0,3,2,1,3,0,0,0,0,3,0,325639092820836411832083,153864390432098765399997,0,703914586407423067256122,0,0,0,0
5,5,9,7,0,5,5,0,4,0,1,3,0,3,2,0,0,0,1,2,0,665097677510978531496478,235245153870581628061563,0,300000000000230598586547,0,0,0,0
6,7,6,8,0,3,5,0,3,0,1,1,1,1,4,0,0,0,1,2,0,571751148550560605067219,181554529603918061574584,0,408637413160085749800352,0,0,0,0
9,4,11,4,0,4,5,0,4,0,1,2,0,2,3,0,0,0,0,3,0,329095303354308054424704,147413349662267524055367,0,567793489197761393436018,0,0,0,0
9,3,5,4,0,7,2,0,2,0,0,1,0,0,2,0,0,0,0,4,0,471174366513123363124903,37997096448689566705660,0,657731256683547459989870,0,0,0,0
12,9,6,7,0,3,5,0,5,0,0,0,0,0,5,0,0,0,2,5,0,647382777444361094830441,156585353105816591374342,0,930592300471997542086105,0,0,0,0
10,7,5,6,0,1,7,2,7,0,0,4,1,1,6,2,2,0,1,3,0,935180991533211978700725,151544999999999999999989,0,578007024622765653047410,0,0,0,0
10,3,8,2,0,7,3,0,2,0,1,2,1,2,1,0,0,0,0,5,0,430756818061187243278627,110791879267000000000000,0,527816295352868216646797,0,0,0,0
7,9,7,5,0,2,6,0,5,0,0,4,2,2,4,0,0,0,2,4,0,666089023850336503338472,371718407299062493478150,0,575500146395135614236705,0,0,0,0
6,5,7,5,0,7,5,0,3,0,1,1,0,2,3,0,0,0,0,2,0,812893817985694091355524,118967631612321367118386,0,381638171122502633449732,0,0,0,0
6,7,6,7,0,4,6,0,4,0,1,2,1,2,4,0,0,0,2,2,0,852248451460742234832993,98686567368956130471010,0,400130004173719680268606,0,0,0,0
8,6,5,5,0,5,6,0,3,0,3,3,0,4,2,0,0,0,1,1,0,896129037415405343834185,248360859818000000016149,0,549978591162901456029371,0,0,0,0
6,6,10,7,0,7,3,0,1,0,2,0,0,2,1,0,0,0,0,2,0,319703304535417400140132,99486799543259259149999,0,435794257849397139267156,0,0,0,0
9,6,13,4,0,3,6,0,5,1,0,3,2,0,6,0,0,0,1,3,0,629624482266487722404620,212880816757686243956188,0,524089397858371149184466,0,0,0,0
7,4,5,2,0,4,4,0,2,1,1,2,2,2,2,0,0,0,1,4,0,616687962059037532279898,83323750134754618396370,0,531994764640410455410516,0,0,0,0
10,5,7,5,0,7,2,0,0,1,0,0,2,0,2,0,0,0,0,1,0,366011719208645516541469,4680437195244646701682,0,609141665617867834319228,0,0,0,0
6,3,9,4,0,9,4,0,4,0,0,3,1,1,3,0,0,0,0,5,0,572214742430819267704377,188223613403277266418098,0,354467350202510094794291,0,0,0,0
7,3,8,5,0,6,6,0,3,3,0,3,3,1,5,0,0,0,0,2,0,658985052272937768840828,230713975974261949973032,0,580838882264143384416895,0,0,0,0
9,9,9,4,0,4,6,0,5,0,0,3,0,2,4,0,0,0,0,3,0,819556122525544138583780,265977866034719583008016,0,719229568257718464823905,0,0,0,0
9,5,7,7,0,3,3,0,2,0,1,1,0,1,2,0,0,0,1,4,0,603023329120488625500417,144463499971260146273503,0,573707732951296677065568,0,0,0,0
3,5,10,10,0,5,6,0,4,1,1,2,1,3,3,0,0,0,0,2,0,979547889414890010046286,239101275411455076652345,0,300000000000184905571883,0,0,0,0
10,1,3,1,0,7,5,0,3,1,1,2,2,1,4,0,0,0,0,3,0,411930226429794052286307,153506575679870453523706,0,402640017367699256350152,0,0,0,0
6,3,10,4,0,6,4,0,2,0,0,0,2,0,4,0,0,0,5,1,0,551659202178044385632636,119875479231330080162637,0,496455231652177382241695,0,0,0,0
12,10,5,3,0,5,2,0,2,0,0,1,0,1,1,0,0,0,1,2,0,305605417827641908375125,132581828969051224555009,0,568264905094815092322797,0,0,0,0
8,1,4,8,0,4,3,0,2,1,0,0,1,0,3,0,0,0,1,2,0,682845479258088981189311,57452628007765371188330,0,780147675571510850626007,0,0,0,0
5,4,9,3,0,6,6,0,3,0,3,3,0,5,1,0,0,0,0,3,0,856573197751919283563857,338656197519000000000004,0,350969000000135054979280,0,0,0,0
8,6,7,5,0,8,2,0,1,0,1,0,0,1,1,0,0,0,1,2,0,408430113807508307806722,92135098505765431999999,0,500924859329771285564527,0,0,0,0
8,5,9,9,0,3,9,0,5,2,2,3,4,2,7,0,0,0,0,2,0,524432902112179962266231,124473868112479553725983,0,300000000000150000024775,0,0,0,0
14,9,5,6,0,6,3,0,3,0,0,1,0,1,2,0,0,0,2,1,0,380062190191205866862510,45479574388167338375286,0,706234127637236969603780,0,0,0,0
6,5,7,4,0,7,6,0,4,0,1,2,1,2,4,0,0,0,1,2,0,542287487412347580526482,73094433125357284140357,0,300114739941662137637477,0,0,0,0
2,1,8,9,0,4,4,0,4,0,0,1,0,0,4,0,0,1,4,1,0,719274742737967516249612,130425430989677119122661,0,359203821494495890856917,0,0,1,0
6,3,6,4,0,8,2,0,1,0,1,1,0,2,0,0,0,0,1,5,0,573424356584274728079929,69571759259000000000000,0,601357408516612277742800,0,0,0,0
8,5,6,5,0,9,1,0,0,1,0,0,1,0,1,0,0,0,1,3,0,385070374488576462499996,4494847835090875550000,0,372639903368865229332581,0,0,0,0
3,3,11,2,0,7,8,0,5,0,2,5,0,5,3,0,0,0,0,2,0,1226009566098071314591518,406775434037864197509998,0,372346708260472024491265,0,0,0,0
9,8,9,3,0,4,4,0,3,1,0,2,2,1,3,0,0,0,1,1,0,582792329247373349666718,125136982589310617069576,0,399999000000118420000016,0,0,0,0
7,4,8,2,0,10,3,0,3,0,0,3,2,1,2,0,0,0,0,6,0,980047194076376839868171,62524310486212429098071,0,323825069888764167569874,0,0,0,0
6,5,7,6,0,5,4,0,3,0,1,2,0,2,2,0,0,0,0,5,0,539515816717491122853655,153364367656853616049998,0,658456508178641430217365,0,0,0,0
8,5,7,8,0,6,4,0,2,1,1,2,2,2,2,0,0,0,1,2,0,915773661523325536560611,55330871834223093487371,0,345059289143685297973703,0,0,0,0
7,4,10,5,0,7,5,0,3,1,1,2,1,2,3,0,0,0,0,5,0,779703094863712826979539,135296722874626980607111,0,481638216404273514491538,0,0,0,0
9,4,7,4,0,6,6,0,3,0,1,1,0,1,5,0,0,0,2,1,0,321921178373939429914272,113655794525514785499090,0,383688813981057141078027,0,0,0,0
12,6,6,2,0,5,7,0,5,0,2,4,0,3,4,0,0,0,1,2,0,552989039962452972383585,297582412643855171170643,0,436401682339640997327483,0,0,0,0
12,8,9,5,0,5,3,0,2,0,1,1,1,1,2,0,0,0,0,3,0,332932191296365120863739,69702978849259725251143,0,514648176440208541640870,0,0,0,0
6,4,6,2,0,4,6,0,5,0,1,3,0,2,4,0,0,0,0,6,0,386082777369526710901577,145572742124625089728863,0,289208388067232421978439,0,0,0,0
9,4,8,10,0,4,3,0,2,0,1,1,0,2,1,0,0,0,0,2,0,632761526616487390053155,141294820113091792449998,0,613722878421404532128293,0,0,0,0
4,3,7,5,0,4,5,0,2,2,1,2,2,3,2,0,0,0,0,2,0,765070228643255323829236,214425475955091588975260,0,456372013572280740961719,0,0,0,0
11,5,8,5,0,4,7,0,5,0,0,4,1,1,6,0,0,0,0,3,0,705604618647362794860100,284589160046283843358456,0,295605359147175813737373,0,0,0,0
8,4,5,1,0,4,6,0,5,1,0,5,2,2,4,0,0,0,0,5,0,901706699096550427017230,301503131673631823700299,0,415090901999673501761165,0,0,0,0
6,5,7,3,0,4,5,0,3,1,1,2,2,2,3,0,0,0,1,8,0,524920789092667403468849,197148602919580049991939,0,398433203015572170149602,0,0,0,0
6,2,14,5,0,2,2,0,2,0,0,1,1,0,2,0,0,0,2,3,0,812418988847843343317454,135636066545554177856804,0,473880941952172067076005,0,0,0,0
8,4,5,7,0,4,5,0,2,1,2,0,1,2,3,0,0,0,2,1,0,946182307297213592494316,63017176734166644566589,0,528931063142799480001295,0,0,0,0
7,5,10,5,0,5,7,0,3,1,2,0,1,2,5,0,0,0,0,1,0,675975914570407056192057,146443734580089314585292,0,361207834598458041187609,0,0,0,0
9,5,11,4,0,3,5,0,3,1,1,3,1,2,3,0,0,0,0,3,0,577924447909064900823689,226599436107382348000320,0,623976144058724299013454,0,0,0,0
4,4,9,1,0,4,4,0,2,1,1,2,1,1,3,0,0,0,0,5,0,578075154623399236840248,179046777169393284429175,0,300000000000134624477399,0,0,0,0
10,3,6,5,0,6,3,0,1,0,2,1,0,2,1,0,0,0,0,2,0,752580484213846545753402,195283358992000000000000,0,502243615302625977702212,0,0,0,0
10,10,5,6,0,4,6,1,4,0,2,1,0,3,3,1,1,0,1,4,0,1029781050648181209912183,177370381485826808194992,0,300000000000208618334428,0,0,0,0
11,8,9,5,0,5,4,0,2,1,0,0,2,0,4,0,0,0,0,1,0,455729778496863202010593,181777558998249024096673,0,737909065698317542482524,0,0,0,0
6,10,6,2,0,4,5,0,4,0,0,4,1,1,4,0,0,0,0,1,0,672056518848134019673373,206638697454651664027375,0,300000000000179578989179,0,0,0,0
6,3,7,7,0,7,6,0,4,0,1,2,0,3,3,0,0,0,0,1,0,1017342454845097790612009,170124990025030677458674,0,381357324493013085156502,0,0,0,0
9,5,16,2,0,6,0,0,0,0,0,0,0,0,0,0,0,0,0,3,0,206234162250855977703905,0,0,728425740253877858494334,0,0,0,0
10,12,9,6,0,9,2,0,2,0,0,0,0,0,2,0,0,0,1,1,0,696573601862784038569144,87795138557057100540890,0,493996972296965010488500,0,0,0,0
8,4,8,6,0,6,0,0,0,0,0,0,0,0,0,0,0,0,2,4,0,897186111609625066560956,0,0,418170410095836198988133,0,0,0,0
6,4,10,7,0,7,4,0,1,0,3,0,0,3,1,0,0,0,0,1,0,345201052668278222472552,81985484821197530749999,0,502262636419947719927930,0,0,0,0
6,6,3,12,0,5,3,0,2,1,0,1,1,1,2,0,0,0,0,2,0,943374235831625078804614,148163284476832789354684,0,415680109549555104567677,0,0,0,0
6,3,11,2,0,9,6,0,3,1,1,3,2,2,4,0,0,0,1,1,0,354472599526025529561229,152458950667530540910706,0,451898275875954885232021,0,0,0,0
6,2,9,4,0,9,2,0,1,1,0,1,1,1,1,0,0,0,2,5,0,244612942035693589939330,79724796910164307893371,0,354467350202510094794291,0,0,0,0
12,3,12,6,0,6,6,0,3,1,2,2,2,2,4,0,0,0,0,2,0,517026562314031136114872,192938355305309758597691,0,505616433395303689262754,0,0,0,0
10,6,6,6,0,5,6,0,2,0,1,1,0,1,5,0,0,0,0,4,0,811725672790923409856181,210330748781317505867317,0,500628465933585222088951,0,0,0,0
9,5,7,8,0,2,4,0,1,0,3,1,0,3,1,0,0,0,1,3,0,799556321473234891546663,217935142571124579958584,0,663787331756270687676905,0,0,0,0
7,5,8,6,0,5,4,0,2,0,2,0,0,2,2,0,0,0,0,4,0,300555355186346323436125,77388299652414805153822,0,532855389452951321353753,0,0,0,0
5,6,14,7,0,5,8,0,6,0,0,4,3,3,5,0,0,0,0,0,0,1019032275053277476388221,154473298096223128345485,0,400000000000284410349805,0,0,0,0
6,4,10,4,0,6,5,0,3,0,0,2,3,0,5,0,0,0,3,2,0,1005074606676346889590621,119009000746828267749997,0,310097573308356642747817,0,0,0,0
11,3,12,4,0,7,2,0,1,0,1,0,0,1,1,0,0,0,1,1,0,319426611756502957384397,105221593108950617199999,0,613556941306973354381317,0,0,0,0
10,5,13,4,0,5,3,0,3,0,0,2,0,1,2,0,0,0,0,3,0,558937065219843539229410,119132651669999999999997,0,881957684122452505596262,0,0,0,0
5,6,9,3,0,6,5,0,1,0,4,1,0,5,0,0,0,0,0,4,0,500926660159326263505438,280493780934000000000000,0,300000000000150000000014,0,0,0,0
5,4,7,4,0,4,6,0,4,0,2,1,1,2,4,0,0,0,3,0,0,513653517345508270756425,130888087145637284147527,0,525148416532160248473019,0,0,0,0
7,6,5,7,0,6,5,0,3,0,2,2,0,2,3,0,0,0,0,5,0,549329912330101869730766,173881310677513012615848,0,432455397541126887196801,0,0,0,0
14,8,5,7,0,6,4,0,2,0,2,0,0,2,2,0,0,0,2,0,0,597440005007622768717978,113072275371766338811151,0,706234127637236969603782,0,0,0,0
12,6,8,7,0,4,6,0,4,0,2,2,0,4,2,0,0,0,0,1,0,486249929944161779364006,255614700248483974903255,0,821508759818024188465473,0,0,0,0
10,6,7,5,0,6,5,0,2,2,0,2,3,1,4,0,0,0,0,0,0,469751433696317229337580,136731286691196175796489,0,585145307431446018996396,0,0,0,0
8,2,6,5,0,7,1,0,1,0,0,1,1,0,1,0,0,0,0,4,0,405983682916615312238879,50000000000000000000000,0,454663577302969078988594,0,0,0,0
9,5,11,8,0,7,2,0,0,0,2,0,0,2,0,0,0,0,3,1,0,878060802477284629672963,46616519954000000000000,0,449386011385900179469890,0,0,0,0
5,7,7,6,0,5,4,0,4,0,0,4,1,1,3,0,0,0,0,0,0,1200740866259574226239764,172389669554943799137424,0,460808186911095105507612,0,0,0,0
7,4,8,4,0,7,2,0,1,1,0,1,2,0,2,0,0,0,3,4,0,334076795139405897293797,32222396806154137005466,0,323825069888764167569874,0,0,0,0
9,5,7,7,0,5,7,0,4,1,1,3,2,2,5,0,0,0,0,3,0,689957461804161686395527,361285210413672690849733,0,499168047356109786088570,0,0,0,0
8,7,7,4,0,5,2,0,1,0,1,1,0,1,1,0,0,0,2,0,0,660502254712865220976616,49900526860343342644021,0,553243611583321883889433,0,0,0,0
9,10,9,2,0,3,6,0,5,1,0,5,1,3,3,0,0,0,1,5,0,422435951705967736364921,188032734112825110207074,0,511440988547693957130948,0,0,0,0
7,3,10,5,0,6,7,0,4,1,2,4,1,4,3,0,0,0,1,2,0,1156406104614726228518600,357770293485017723730695,0,448873904226927228200615,0,0,0,0
4,2,9,6,0,8,4,0,2,1,0,1,2,0,4,0,0,0,0,3,0,498931774410696940533733,74661396048164994020705,0,289772955247063580300000,0,0,0,0
7,6,8,5,0,4,4,0,2,0,2,2,0,3,1,0,0,0,1,1,0,436554242450442832640150,152515933686000000020682,0,336845499585331591272815,0,0,0,0
12,9,9,6,0,5,5,0,2,2,1,0,2,1,4,0,0,0,0,1,0,542953623616266452190569,106494387622612036813001,0,514648176440208541641471,0,0,0,0
9,3,5,3,0,8,5,0,4,0,1,2,0,2,3,0,0,0,0,4,0,567773961437572556901848,310518176853695573149997,0,372829844243840265466147,0,0,0,0
13,4,10,6,0,6,6,0,3,0,2,2,0,3,3,0,0,0,3,1,0,790546368823807555330862,260438579439668122699998,0,527146938013469452911716,0,0,0,0
11,4,8,5,0,5,6,0,3,0,1,3,1,2,4,0,0,0,0,4,0,799047753192031643009989,244839789294499468151172,0,295605359147175813737373,0,0,0,0
6,5,10,5,0,6,6,0,5,0,0,4,2,1,5,0,0,0,0,1,0,684786519674785596251256,338491182308708554102694,0,397913533590684136966887,0,0,0,0
6,4,8,5,0,4,5,0,3,1,1,2,1,2,3,0,0,0,1,0,0,940567375605944315391335,116664133392830853044324,0,280422682571121541741835,0,0,0,0
8,4,5,7,0,4,4,0,2,1,1,0,1,1,3,0,0,0,3,1,0,797765575657771875217158,42343384029369269028258,0,650985850280911627882796,0,0,0,0
5,5,16,4,0,4,5,0,4,0,1,4,1,2,3,0,0,0,0,0,0,916026258046395591995026,295396685659958399409723,0,319965432703358088717919,0,0,0,0
7,5,8,5,0,4,5,0,4,1,0,3,1,1,4,0,0,0,0,1,0,618029898740089316013876,198498603848364029596833,0,487118732926993640578473,0,0,0,0
4,5,9,1,0,3,4,0,3,1,0,3,1,1,3,0,0,0,2,3,0,704689022386992561109057,139301229794925448701078,0,300000000000134624477399,0,0,0,0
2,6,7,4,0,6,7,0,4,0,3,3,0,4,3,0,0,0,0,4,0,750765956686500636512848,266609030163997481952530,0,300000000000144135802470,0,0,0,0
10,3,8,4,0,7,5,0,3,1,1,2,2,1,4,0,0,0,1,5,0,610473744823738623608945,185403155721041428961783,0,439071803145227150939325,0,0,0,0
6,5,9,6,0,6,4,0,3,0,1,3,0,2,2,0,0,0,0,1,0,479373891149131038521245,131473393972024745668239,0,445426069508620629800230,0,0,0,0
11,5,9,4,0,6,3,0,2,1,0,2,1,1,2,0,0,0,0,2,0,696471109676145017337686,219962275836424519945926,0,758381864296578786787351,0,0,0,0
9,2,6,7,0,7,3,0,0,2,1,0,2,1,2,0,0,0,0,5,0,642512843355348068720331,83621747742339180216507,0,427456700710275614230913,0,0,0,0
7,3,6,4,0,8,3,0,2,1,0,2,2,0,3,0,0,0,0,4,0,540284411613762511555965,50010000000000000000237,0,250048000000102445442281,0,0,0,0
9,6,16,3,0,7,1,0,1,0,0,0,0,0,1,0,0,0,0,2,0,85485281691611355976162,17356674382716049349999,0,630910525581314135189564,0,0,0,0
10,4,5,7,0,7,1,0,1,0,0,0,0,0,1,0,0,0,1,5,0,788617234214995213411620,68626283156309868999998,0,561878558967829330471483,0,0,0,0
10,3,5,1,0,6,6,0,3,0,2,2,1,3,3,0,0,0,3,1,0,345815603765005021346506,165932267068148291432565,0,647853449204611465749867,0,0,0,0
6,6,3,12,0,5,3,0,2,1,0,1,1,1,2,0,0,0,0,2,0,936908527130055505721750,147843897788040430599997,0,415695109549469712376552,0,0,0,0
7,5,3,3,0,6,5,0,3,1,1,2,2,1,4,0,0,0,2,6,0,326481379158983180013089,111985138314259259199998,0,387101805540249379780695,0,0,0,0
6,4,6,3,0,7,3,0,2,0,1,1,0,1,2,0,0,0,0,8,0,437172536530849201749030,229291506138740740699999,0,221970196759409259300000,0,0,0,0
12,4,12,6,0,6,6,0,2,2,2,2,2,2,4,0,0,0,0,2,0,649873707863995765064302,184535007943379644802521,0,422435263361519927112540,0,0,0,0
6,2,7,6,0,2,6,0,5,1,0,2,2,0,6,0,0,0,2,5,0,308309451473729251160315,138594616153665061710558,0,489617333307083718046042,0,0,0,0
10,4,7,5,0,9,3,0,1,0,2,0,0,2,1,0,0,0,0,4,0,369784423898769405977556,99995854449222221999996,0,499999000000199450194800,0,0,0,0
7,7,8,7,0,4,5,0,3,0,2,1,0,3,2,0,0,0,0,3,0,322067648332772336628959,77997715592317022721286,0,533177639166117643048508,0,0,0,0
5,7,10,7,0,6,6,0,6,0,0,2,1,1,5,0,0,0,1,3,0,784684792706012861825093,302095381867666001004103,0,486506156160291872185127,0,0,0,0
13,6,12,4,0,4,4,0,3,0,0,2,1,1,3,0,0,0,4,1,0,293808168382097705931878,97979310596131275921500,0,731841610934814117994345,0,0,0,0
11,1,12,4,0,6,2,0,0,1,1,0,1,1,1,0,0,0,0,2,0,677615238910590022159891,82438361073910364268816,0,626221797160259115164160,0,0,0,0
11,3,8,7,0,4,3,0,2,1,0,0,1,0,3,0,0,0,0,1,0,776295612267823440504080,121568495311531436856662,0,615250407589736774472700,0,0,0,0
8,4,4,3,0,5,7,0,3,1,3,3,2,3,4,0,0,0,0,2,0,700258483889137669429238,248332388820518518449995,0,300000000000241463096828,0,0,0,0
9,7,7,6,0,3,6,0,4,0,2,3,1,3,3,0,0,0,1,1,0,611757414636924637240463,183720941020481865832026,0,516525728796165439462337,0,0,0,0
7,7,5,7,0,5,5,0,2,0,2,2,0,2,3,0,0,0,0,5,0,697053611759858728892526,229359665291197530800044,0,383522382017675877348258,0,0,0,0
6,6,3,11,0,10,2,1,1,0,0,0,0,0,2,1,1,0,0,1,0,568541743589298744480905,26010995370370370300000,0,322123545098650444960407,0,0,0,0
13,4,6,5,0,5,5,0,2,2,1,0,2,1,4,0,0,0,2,1,0,449910191619511324966805,86726134908228671999372,0,604219314266890636445875,0,0,0,0
10,5,7,6,0,6,5,0,2,2,0,1,3,1,4,0,0,0,0,0,0,466414537685869345270439,137242899735428825764200,0,585144921628976883146397,0,0,0,0
7,4,9,7,0,5,3,0,2,0,1,2,1,2,1,0,0,0,0,2,0,710352786905698779746437,99506499148000000002902,0,593349113806935371630471,0,0,0,0
8,3,7,8,0,6,5,0,2,0,3,2,1,3,2,0,0,0,1,1,0,1040515173889438413969877,97149357528133321224199,0,314092523757290653709888,0,0,0,0
5,7,7,6,0,5,4,0,4,0,0,4,1,1,3,0,0,0,0,0,0,1170360652325519497529084,152218816252894930494513,0,406023388622952596996339,0,0,0,0
10,8,11,4,0,3,6,0,5,1,0,1,1,0,6,0,0,0,1,2,0,425512615995945092905363,268220874039466800636711,0,490553907638025609211517,0,0,0,0
6,4,6,8,0,4,4,0,1,0,3,1,1,3,1,0,0,0,1,2,0,1255866783157097559567992,119678679777000000000000,0,341721143004706397724257,0,0,0,0
8,8,7,5,0,5,0,0,0,0,0,0,0,0,0,0,0,0,3,1,0,448433543780009127024894,0,0,465166546312796794519371,0,0,0,0
9,5,8,6,0,7,3,0,0,1,2,0,1,2,1,0,0,0,0,2,0,424161760820521027111323,39453357721674409241752,0,542554341071854138942478,0,0,0,0
8,2,9,6,0,5,6,0,3,2,1,3,2,1,5,0,0,0,1,5,0,758887258723388516766420,238053919609055560293908,0,372892613266575146175599,0,0,0,0
4,3,9,6,0,7,3,0,2,0,0,1,0,0,3,0,0,0,1,3,0,629507168315660313777998,33377160964339360414065,0,289772955247063580300000,0,0,0,0
9,6,3,15,0,3,6,1,5,1,0,2,1,2,4,1,1,0,0,2,0,1205426400349317252489746,88499123201028819465975,0,558892902247963489744137,0,0,0,0
6,5,4,7,0,6,5,0,3,0,2,2,0,2,3,0,0,0,1,2,0,644731307546672712496095,144331710330270202743647,0,436009667116184918375559,0,0,0,0
13,4,10,4,0,8,5,0,1,0,3,1,0,3,2,0,0,0,3,2,0,852099014257414768120481,196838311880083643799998,0,607616040476483583397573,0,0,0,0
6,5,10,3,0,5,4,0,4,0,0,4,1,2,2,0,0,0,1,1,0,881148706080318531840848,346873527840541196648948,0,544355000589327010389407,0,0,0,0
14,4,3,9,0,4,3,0,2,1,0,2,1,2,1,0,0,0,0,1,0,1139028182262226520684232,419206541308799452942368,0,798454480810008464211852,0,0,0,0
6,4,8,6,0,4,5,0,3,1,1,2,1,2,3,0,0,0,1,0,0,1100053745689985188021148,164076318814931592496247,0,280384102324207961491836,0,0,0,0
7,4,6,2,0,5,5,0,2,1,2,2,1,3,2,0,0,0,2,4,0,512940826326998843261891,150854901006701990922775,0,344994649542283011105493,0,0,0,0
10,7,6,7,0,5,2,0,1,1,0,1,2,0,2,0,0,0,1,1,0,470993236706105987882968,61726734045845882997202,0,494660499368292556838133,0,0,0,0
15,1,14,3,0,9,3,0,3,0,0,1,0,0,3,0,0,0,0,0,0,240845690937045524515450,125654066513449324201854,0,688596466104093127199552,0,0,0,0
7,4,8,5,0,4,4,0,3,1,0,1,1,0,4,0,0,0,0,2,0,838276474295876888170072,60911418848448249001526,0,538375818390383011693466,0,0,0,0
7,1,8,2,0,6,5,0,5,0,0,3,1,1,4,0,0,0,1,2,0,266524705430667090748140,53637594995536478078999,0,545616026214474820916485,0,0,0,0
13,7,8,1,0,2,7,0,5,0,2,4,0,4,3,0,0,0,0,1,0,656257502206487267652438,411286930230103602659623,0,557395560156792880234014,0,0,0,0
10,3,8,3,0,5,3,0,3,0,0,2,0,0,3,0,0,0,3,5,0,584952444478604504186074,249998497895797226091946,0,558114456545494247529419,0,0,0,0
10,8,9,7,0,4,5,0,3,0,2,2,0,3,2,0,0,0,0,5,0,899944380517648302668945,175622210025999999999997,0,331126100109256837610305,0,0,0,0
13,3,8,2,0,4,3,0,1,0,1,0,0,1,2,0,0,0,0,5,0,137082047238316170362534,88710747936144564150005,0,962474777665008930990904,0,0,0,0
9,2,6,6,0,7,5,0,2,2,1,2,2,2,3,0,0,0,0,3,0,517403735055176247797775,119435123399811774872891,0,713552368594448954169232,0,0,0,0
9,7,4,6,0,3,8,0,5,1,2,3,1,4,4,0,0,0,3,5,0,1004536235954691837949141,471641456779843465977843,0,411401519955138231274215,0,0,0,0
6,6,7,8,0,5,4,1,3,0,0,1,0,2,2,1,1,0,0,1,0,602769512363097388460106,66412808641975308549999,0,457683299966047792909930,0,0,0,0
10,3,5,4,0,6,4,0,2,0,1,2,1,2,2,0,0,0,3,3,0,651508041239699496093468,118701548357866203105625,0,676541287578661352041393,0,0,0,0
6,1,10,7,0,6,5,0,1,0,4,0,0,4,1,0,0,0,1,3,0,234584992607020921463439,81152001944098765399998,0,438483963799991652726563,0,0,0,0
5,4,12,7,0,5,7,0,6,1,0,3,1,1,6,0,0,0,0,1,0,501924938097691933060865,170763016889600557044336,0,352521217099025376973909,0,0,0,0
6,3,6,5,0,7,4,0,3,0,0,2,1,0,4,0,0,0,0,7,0,635867675110110590673118,138293219554480777042345,0,299194196759459258303210,0,0,0,0
7,4,8,6,0,1,8,1,3,2,1,0,2,2,6,1,1,0,0,1,0,454303490067802066739901,155881518337795673779441,0,443864438817140047736716,0,0,0,0
6,4,13,6,0,3,4,0,4,0,0,3,1,1,3,0,0,0,0,3,0,711503782332164473653442,170402334658591529044144,0,684240783996200349825548,0,0,0,0
10,3,7,4,0,9,2,0,1,0,1,1,0,1,1,0,0,0,0,5,0,346549918181893045528595,47785769490999999999997,0,621336252588089943175333,0,0,0,0
7,6,7,3,0,6,5,0,3,1,0,3,2,1,4,0,0,0,1,4,0,433263040801201305102235,155939911795237598011173,0,357150359476752956130615,0,0,0,0
6,3,6,7,0,6,7,0,4,2,1,1,2,1,6,0,0,0,0,0,0,884655975297657141915123,248878264391235733437786,0,399999000000100000017676,0,0,0,0
13,6,12,4,0,3,4,0,4,0,0,3,1,1,3,0,0,0,4,1,0,466756876024695609480989,129659574869183481579657,0,849982610934850135309984,0,0,0,0
11,6,7,9,0,4,4,0,2,0,0,2,2,0,4,0,0,0,0,1,0,1201297248788415403250443,246952208063859356021210,0,618087765474931232043355,0,0,0,0
5,2,12,7,0,6,5,0,5,0,0,2,0,1,4,0,0,0,0,3,0,733597347124424002123836,103442997685185284049302,0,296756365740890740750000,0,0,0,0
10,3,8,8,0,5,5,0,5,0,0,5,0,2,3,0,0,0,0,4,0,850809861313449769019450,379032418589000000000002,0,447314930529391000199469,0,0,0,0
8,5,4,3,0,5,6,0,3,1,2,2,1,2,4,0,0,0,1,2,0,569661394781946359792307,182818916989814814749995,0,300000000000241462711026,0,0,0,0
10,3,6,4,0,3,7,0,5,1,1,5,3,2,5,0,0,0,0,5,0,514500324975399917452062,272592481777000000000892,0,439999007719409189256811,0,0,0,0
6,8,3,10,0,9,3,0,1,0,1,1,1,1,2,0,0,0,0,0,0,816171825579576956244471,85452189056037037000000,0,308648545098633709807578,0,0,0,0
11,5,9,7,0,9,2,0,0,1,1,0,1,1,1,0,0,0,0,3,0,371392870264847650809392,34896886936631750572598,0,643597949896270775674339,0,0,0,0
8,3,6,5,0,5,5,0,3,2,0,2,2,1,4,0,0,0,0,3,0,318630145815882993591984,139492669893707428503809,0,613208118741980578065440,0,0,0,0
7,4,9,9,0,4,2,0,1,0,1,1,0,2,0,0,0,0,0,3,0,516885751298690989223867,45549210609000000000000,0,443351113807035370629624,0,0,0,0
7,5,8,3,0,7,3,0,3,0,0,1,0,0,3,0,0,0,2,0,0,124366900846159179387643,64828475521718319222156,0,383894968175864532612509,0,0,0,0
10,4,13,6,0,7,7,0,2,4,1,0,4,1,6,0,0,0,2,3,0,429585200602684767744597,82588321892268827277995,0,565349163348097441811147,0,0,0,0
6,6,6,7,0,6,4,0,2,0,2,2,1,3,1,0,0,0,0,3,0,1121572821942484266889839,140117696045000000000000,0,316287373401114538398071,0,0,0,0
7,4,4,6,0,5,1,0,1,0,0,1,1,0,1,0,0,0,0,2,0,715935497172036866739145,65461660299219749465360,0,532290492360783000597210,0,0,0,0
11,4,4,6,0,4,3,0,3,0,0,1,0,1,2,0,0,0,2,1,0,663036153591688324051011,216559298228575530752097,0,614889163783161678569879,0,0,0,0
8,4,8,6,0,4,5,0,3,0,1,1,0,1,4,0,0,0,0,7,0,762678215598228718340379,178123780906931728238731,0,461826342323989255350030,0,0,0,0
6,5,10,5,0,6,7,0,5,0,1,2,1,2,5,0,0,0,0,4,0,875974414689407010174883,313613543306736891284801,0,611602095735189854933650,0,0,0,0
11,4,8,4,0,5,8,0,4,0,2,1,1,3,5,0,0,0,0,2,0,656571196648926816244675,300406891937632930457011,0,544958789042195121760957,0,0,0,0
6,4,4,5,0,6,5,0,3,0,2,2,0,3,2,0,0,0,1,2,0,761525115313496775321826,234397484870849642923818,0,437155571768283883271871,0,0,0,0
7,9,5,5,0,6,2,0,2,0,0,2,0,1,1,0,0,0,2,2,0,399039260483242166917169,59134999999999999999998,0,616455884906096248539739,0,0,0,0
12,2,10,11,0,5,3,0,1,0,1,1,0,1,2,0,0,0,0,2,0,602133220951115274250661,97590888251769609670953,0,581140333622401305836417,0,0,0,0
5,4,3,5,0,5,4,0,2,0,2,2,0,3,1,0,0,0,0,4,0,409056240067660213513665,86635702915999999999998,0,316417698254539919612207,0,0,0,0
14,4,3,10,0,3,3,0,3,0,0,2,0,2,1,0,0,0,0,1,0,1180872133091790852749816,143728865576521186636057,0,944992080912303745161093,0,0,0,0
5,4,10,2,0,6,5,0,2,2,1,1,3,1,4,0,0,0,0,0,0,432443204434510694871625,153393680590445217279769,0,704443041428650316757993,0,0,0,0
8,7,4,6,0,6,6,0,2,1,3,2,2,3,3,0,0,0,0,0,0,144247344318667951547249,70887374627839969310774,0,441469649727825659263113,0,0,0,0
10,4,5,5,0,7,1,0,1,0,0,1,1,0,1,0,0,0,1,2,0,232945582667336376246278,50020000000000000009859,0,506397484143187898164699,0,0,0,0
6,3,7,6,0,5,3,0,2,1,0,2,1,2,1,0,0,0,2,3,0,527428783398714602178054,133714124008370370300000,0,443839589788812494799819,0,0,0,0
7,7,7,9,0,2,7,0,3,3,0,3,3,2,5,0,0,0,0,1,0,679911385232812223087774,148095768005241910485519,0,477804687166436913742034,0,0,0,0
7,1,8,2,0,6,3,0,3,0,0,3,1,1,2,0,0,0,1,4,0,497626454043051769484358,100000623472957199935673,0,576522225059074098082585,0,0,0,0
7,4,10,6,0,5,3,0,1,0,2,1,0,3,0,0,0,0,2,3,0,486535136663597768648537,54344470010000000000000,0,329967472851508433233674,0,0,0,0
11,2,8,7,0,4,2,0,1,0,1,0,0,1,1,0,0,0,3,2,0,479039857323121914405582,46655862034004800924164,0,436847671334165473126833,0,0,0,0
13,2,8,2,0,6,5,0,2,0,2,1,0,3,2,0,0,0,0,3,0,178224646994069999905960,97024025143982875200005,0,785257021231768030143045,0,0,0,0
6,5,6,3,0,4,9,0,7,0,2,5,3,3,6,0,0,0,0,4,0,732796410513779418260231,245522512380726698779144,0,410937007471394831156137,0,0,0,0
8,3,9,6,0,5,7,0,6,0,1,5,0,4,3,0,0,0,2,4,0,840008448598419459048129,313312429177156540671012,0,353057244600572692627555,0,0,0,0
6,6,7,8,0,5,5,0,4,0,0,2,0,1,4,0,0,0,0,0,0,574161376437777550587439,114872878104419752999997,0,368258856080419288181250,0,0,0,0
6,3,5,6,0,5,3,0,3,0,0,3,1,0,3,0,0,0,1,5,0,501606070731315690746428,73754999999999999999995,0,415702176722773449296315,0,0,0,0
5,5,12,0,0,5,3,0,2,0,0,2,0,1,2,0,0,0,0,3,0,172390885096707845722659,83042006172839506154532,0,451902172936457983943260,0,0,0,0
5,5,12,7,0,3,8,0,7,1,0,3,1,1,7,0,0,0,0,0,0,388691557752339044480838,157990180124234708091479,0,410286217099024866973906,0,0,0,0
10,3,8,7,0,3,4,0,1,0,2,0,0,2,2,0,0,0,0,2,0,603217536115948495414318,148896869578217745722496,0,755343529937770454867920,0,0,0,0
10,3,8,3,0,6,0,0,0,0,0,0,0,0,0,0,0,0,1,3,0,423808400306340751588433,0,0,814242341916392802214261,0,0,0,0
11,6,4,4,0,2,2,0,0,2,0,0,2,0,2,0,0,0,3,0,0,154398038714906800214661,32634885594158445259546,0,773717762748722459995486,0,0,0,0
6,2,13,4,0,3,5,0,5,0,0,3,0,1,4,0,0,0,0,2,0,558912682773261110306873,159135882085195557627826,0,603726783996315323836672,0,0,0,0
10,9,5,8,0,4,2,0,2,0,0,0,0,0,2,0,0,0,1,2,0,376411161191866542782880,47650274945381081147837,0,428896038215118864893497,0,0,0,0
10,8,6,7,0,3,7,0,2,3,2,0,3,2,5,0,0,0,3,3,0,317587412127057126838934,82089996832440440548835,0,559757655740259159235602,0,0,0,0
6,2,6,6,0,5,6,0,4,2,0,3,2,1,5,0,0,0,0,1,0,516101796959870996463232,198071595633001545343829,0,459030809060789345592620,0,0,0,0
9,5,9,7,0,6,6,0,2,3,1,2,3,3,3,0,0,0,2,2,0,851079135642665588057052,81081472517784384765687,0,611133353713116555584910,0,0,0,0
5,6,6,8,0,6,3,0,0,0,3,0,0,3,0,0,0,0,1,9,0,363122092919137762584390,44279178825000000000000,0,366041035172584963727176,0,0,0,0
10,3,8,10,0,4,5,0,5,0,0,5,0,2,3,0,0,0,0,4,0,968198388932158594388541,379037419272000000000001,0,371164858548711031691748,0,0,0,0
7,7,15,2,0,5,7,0,1,2,3,0,2,3,4,0,0,0,0,3,0,337875139779537668692829,148903956393637949367791,0,473866618078165185077362,0,0,0,0
9,1,8,3,0,6,5,0,4,1,0,2,1,2,3,0,0,1,1,1,0,625713606061821035239428,188719125063541585057644,0,515641229511902925517836,0,0,1,0
11,4,9,8,0,7,4,0,2,1,1,1,1,2,2,0,0,0,0,1,0,483106269846595403720296,43860861008065912141038,0,699672633889035145148497,0,0,0,0
6,2,4,6,0,8,2,0,1,0,1,1,1,1,1,0,0,0,0,7,0,656971016469093442488828,70539878756000000000000,0,300000000000150000100000,0,0,0,0
6,4,13,4,0,7,3,0,2,1,0,1,1,0,3,0,0,0,1,2,0,492903991677997330710915,127456519526310191861043,0,481386697346610966806605,0,0,0,0
7,7,8,7,0,7,2,0,2,0,0,0,0,0,2,0,0,0,3,0,0,205166061572852841504564,13160438765439808349998,0,335564407709975830842898,0,0,0,0
8,7,11,10,0,4,4,0,3,0,1,2,1,1,3,0,0,0,0,1,0,666172287489059602855372,149772699858197530850944,0,541780165121917473569548,0,0,0,0
9,7,4,5,0,4,2,0,1,1,0,1,1,0,2,0,0,0,1,1,0,456850785096399231360945,58151794599555487502310,0,523134073138936079129603,0,0,0,0
6,6,3,6,0,5,3,0,3,0,0,2,0,1,2,0,0,0,0,0,0,503303774748440020967349,109580508892484865599676,0,475503034618674942323984,0,0,0,0
7,4,4,4,0,4,2,0,2,0,0,2,1,1,1,0,0,0,0,1,0,917698618283047635630046,115461660299219749465360,0,582290492360726724248341,0,0,0,0
5,8,17,5,0,3,3,0,2,1,0,1,1,0,3,0,0,0,0,3,0,793758457795852293283708,102023259895638348349996,0,411684838836540711527760,0,0,0,0
3,3,6,4,0,4,4,0,3,0,1,3,0,1,3,0,0,0,2,2,0,538246745682562215838196,163943410401068463283603,0,313550016661424921976747,0,0,0,0
6,6,10,5,0,4,9,0,7,0,1,3,2,3,6,0,0,0,1,1,0,631603375631658089649411,215509160227875157901639,0,661602095735240194862725,0,0,0,0
8,1,9,6,0,2,4,0,4,0,0,3,0,1,3,0,0,0,0,6,0,467640153305734097203923,150000221030999999999996,0,516766059099236872284911,0,0,0,0
13,3,9,2,0,4,3,0,3,0,0,2,0,2,1,0,0,0,2,0,0,367469428756101267901341,157527067464493827099999,0,600266988139877758719379,0,0,0,0
7,5,5,3,0,7,3,0,3,0,0,3,0,3,0,0,0,0,2,1,0,302630134579504861964003,124713158981000000000000,0,766454884905971903117691,0,0,0,0
9,6,8,6,0,2,1,0,0,0,0,0,0,0,1,0,0,0,2,1,0,456106695389713563832463,17635223765432098700000,0,615824714735309779753105,0,0,0,0
6,0,9,11,0,6,6,0,3,2,1,1,2,1,5,0,0,0,0,6,0,633899970438559914146726,253354487088268805300995,0,489819763902889396823643,0,0,0,0
5,4,10,3,0,7,4,0,1,2,1,1,3,1,3,0,0,0,0,1,0,243384956341936513244046,78944118025650158573371,0,704443041428650159929290,0,0,0,0
3,9,14,7,0,8,2,0,1,0,0,1,0,0,2,0,0,1,0,2,0,411850148596838737046516,8796757314814814800000,0,292390180324581482449819,0,0,1,0
9,2,11,4,0,6,3,0,2,0,0,0,0,0,3,0,0,0,1,0,0,556483237071647346217327,70907771670975661508411,0,561581867711355953444629,0,0,0,0
6,3,5,7,0,6,2,0,2,0,0,0,0,0,2,0,0,0,0,3,0,347921620001856338007945,25643807870370370299996,0,399999000000150000028800,0,0,0,0
6,4,7,4,0,6,3,0,1,1,1,1,1,2,1,0,0,0,2,3,0,177735407807715190310106,94198109824481481400000,0,443507937756717973989663,0,0,0,0
4,3,9,6,0,5,4,0,3,0,0,2,0,2,2,0,0,0,1,2,0,519000302911904130964396,110978448059141377999998,0,395659822073182471519696,0,0,0,0
8,2,9,7,0,4,3,0,2,1,0,0,1,0,3,0,0,0,1,2,0,416877763927228461459683,31734801971698140214767,0,703586835123493860071284,0,0,0,0
7,4,10,4,0,5,4,0,2,0,2,2,0,3,1,0,0,0,0,4,0,522675785589251694178700,213615821857973849519443,0,259819327596602015193441,0,0,0,0
6,3,11,8,0,3,6,0,4,0,2,3,1,3,3,0,0,0,0,1,0,503390828743439223759401,196694745710257382499555,0,551962361304812926168282,0,0,0,0
7,5,3,5,0,5,5,0,2,0,2,2,1,2,3,0,0,0,0,6,0,830584026530665185995699,124983355114283950599997,0,240986638046670701470169,0,0,0,0
6,5,6,4,0,7,11,0,8,0,3,5,3,3,8,0,0,0,0,2,0,892316975899391464308442,434363671482011707202483,0,413539557952318531997706,0,0,0,0
8,4,9,3,0,7,4,0,3,1,0,3,1,3,1,0,0,0,0,4,0,867263548741312468237060,162299057563296894677220,0,422340505594438720767961,0,0,0,0
10,4,5,6,0,5,6,0,6,0,0,4,1,1,5,0,0,0,0,2,0,732085278794652960611249,177494406073269599517859,0,434799674365662585160017,0,0,0,0
6,3,5,7,0,6,3,0,2,1,0,2,1,0,3,0,0,0,2,4,0,463138150426478862574818,61145000000000000002181,0,384855407980714810234990,0,0,0,0
6,8,9,5,0,2,6,0,5,0,1,4,0,3,3,0,0,0,0,2,0,673365501942175297798975,193091556057999999999997,0,582092175254849552057824,0,0,0,0
3,4,8,8,0,4,3,0,1,1,1,1,1,2,1,0,0,0,3,3,0,728702741945500293114809,65149516146437869584676,0,250000000000141289930556,0,0,0,0
10,3,8,5,0,7,0,0,0,0,0,0,0,0,0,0,0,0,1,3,0,619545875896727621252262,0,0,951991505263844533569374,0,0,0,0
6,6,7,4,0,6,6,0,5,0,1,3,0,4,2,0,0,0,1,3,0,614645202661021630676971,203594762275718254220530,0,537970075543200801273464,0,0,0,0
7,0,12,8,0,2,6,0,4,0,2,2,0,4,2,0,0,0,2,3,0,737719305034583184871510,158404423303446511598405,0,865557576465151747194548,0,0,0,0
10,4,5,7,0,5,1,0,1,0,0,0,0,0,1,0,0,0,0,4,0,297092505826453414234123,574672314107413278,0,569151581337200722346665,0,0,0,0
5,3,7,9,0,6,5,0,5,0,0,4,0,2,3,0,0,0,2,3,0,924083468767551304782365,215601620907634846273498,0,338309279658132225041827,0,0,0,0
13,2,7,5,0,6,6,0,4,2,0,3,2,0,6,0,0,0,0,2,0,1123999833920395286852529,389341360241954957850991,0,671463915519220879040763,0,0,0,0
8,5,10,2,0,4,4,0,3,1,0,3,1,2,2,0,0,0,0,1,0,253064787293775773497271,142724629586351376750045,0,426154801387445088085116,0,0,0,0
9,4,9,6,0,8,6,0,2,3,1,1,3,2,4,0,0,0,2,2,0,995905337728693362927267,335699928215957778146906,0,549998000000245709207917,0,0,0,0
6,5,14,7,0,5,4,0,3,0,1,1,0,2,2,0,0,0,2,3,0,823723116446577911397589,198598043743905751351890,0,429710214767331350884170,0,0,0,0
7,5,7,8,0,4,5,0,4,0,1,2,1,2,3,0,0,0,0,2,0,672889033405326510297853,139085921675825625089253,0,404905350327793275452667,0,0,0,0
7,8,15,3,0,4,5,0,3,0,1,1,1,1,4,0,0,0,2,3,0,211684321549443565862655,37723072476788661305813,0,665793084087776758808759,0,0,0,0
6,6,9,3,0,7,3,0,2,0,1,2,1,2,1,0,0,0,1,2,0,602676416397908654298712,173085809138000000000000,0,349999000000205845572512,0,0,0,0
9,3,8,6,0,5,4,0,2,0,1,2,1,1,3,0,0,0,0,2,0,770346809892788457778029,220345711399042046050283,0,658055636630669798045287,0,0,0,0
6,5,13,5,0,8,3,0,2,1,0,1,1,1,2,0,0,0,1,2,0,815761030337401652358037,171845949211005870845750,0,486658113242651874563699,0,0,0,0
6,5,6,5,0,3,4,0,3,1,0,3,1,2,2,0,0,0,2,5,0,935787881328378335668307,294138056720974900493639,0,490016537225308291031519,0,0,0,0
6,3,2,4,0,6,4,0,1,3,0,1,3,0,4,0,0,0,0,4,0,323034776339665786118386,102155686287955967189790,0,370757020980449528886733,0,0,0,0
9,7,4,4,0,5,2,0,1,1,0,1,1,0,2,0,0,0,1,1,0,459338700453083302873942,58160668056345610952310,0,523124925245338013717232,0,0,0,0
17,4,4,8,0,5,2,0,2,0,0,2,0,1,1,0,0,0,1,2,0,594278231619172578359796,50000000000000000006661,0,816146359737416307053394,0,0,0,0
5,6,9,3,0,7,4,0,1,0,3,1,0,4,0,0,0,0,0,4,0,369363623122011895775872,27848783079000000000000,0,417352478504329535677289,0,0,0,0
5,8,17,5,0,2,1,0,0,1,0,0,1,0,1,0,0,0,1,4,0,466221088599507088988027,36989144914544222300000,0,545000356137528547850551,0,0,0,0
6,4,6,5,0,5,7,0,2,4,1,1,4,1,6,0,0,0,1,4,0,858188527928015066616673,132807448866498582473645,0,287329896605086681650001,0,0,0,0
5,4,7,5,0,7,4,0,2,2,0,2,2,1,3,0,0,0,1,2,0,671063290381547045798762,128782790193815209583389,0,318809178424720187604640,0,0,0,0
13,2,9,2,0,4,3,0,3,0,0,2,0,2,1,0,0,0,2,0,0,423739133039449902801593,257599519187657483300171,0,603913390718845294630707,0,0,0,0
9,4,9,4,0,7,4,0,2,0,1,0,1,1,3,0,0,0,1,2,0,378750934325620546344514,36334243424524729294262,0,573209136899459056445724,0,0,0,0
9,4,7,3,0,7,2,0,1,1,0,1,1,0,2,0,0,0,1,5,0,572982044255411675144435,70078240746501477574024,0,405827183666753817177078,0,0,0,0
5,3,4,6,0,6,3,0,1,2,0,0,2,0,3,0,0,0,0,3,0,231855307230904176261526,23456298062698545306003,0,461796802041484850707825,0,0,0,0
6,2,9,11,0,7,7,0,1,2,4,0,2,4,3,0,0,0,0,5,0,449605664307047772579886,203817194577668859176810,0,538766314579149890225151,0,0,0,0
4,5,6,3,0,6,5,0,5,0,0,4,0,2,3,0,0,0,1,2,0,689311798077694021413592,266159326952600443796297,0,366512871339270395435116,0,0,0,0
7,4,10,9,0,9,5,0,5,0,0,3,1,1,4,0,0,0,0,1,0,980366491242001154657090,109433210178199330129320,0,408861000956202159058901,0,0,0,0
9,2,11,3,0,6,2,0,1,0,0,0,0,0,2,0,0,0,2,0,0,475462400747955027299544,46080439814814814699999,0,485937124546762892261235,0,0,0,0
8,2,9,8,0,7,8,0,4,0,3,1,2,3,5,0,0,0,0,2,0,730532952569264606919454,367991143510722419714701,0,311534255540263868194599,0,0,0,0
6,2,10,4,0,9,3,0,0,2,0,0,2,0,3,0,0,0,1,4,0,324101299777089760379097,58551538901632822169040,0,512419474860460249619459,0,0,0,0
4,1,9,6,0,5,5,0,3,1,0,2,1,1,4,0,0,0,1,1,0,696310882437542183342891,144799189803621857513084,0,454695959754036112236126,0,0,0,0
4,5,8,6,0,5,6,0,6,0,0,4,1,2,4,0,0,0,1,4,0,935888484827649327666810,279072768431000000053253,0,300001000000150000000003,0,0,0,0
4,7,10,0,0,5,5,0,2,0,2,2,0,2,3,0,0,0,2,0,0,223406940499431155965944,96375600074606482609167,0,413849409320423367044843,0,0,0,0
7,4,3,5,0,4,6,0,3,0,2,3,1,2,4,0,0,0,0,5,0,831168018329420328960871,184115330007283950599996,0,240986638046670701470169,0,0,0,0
8,6,9,6,0,4,1,0,0,0,0,0,1,0,1,0,0,0,0,3,0,242989647000385890257749,19018108868703543500000,0,562597756474376660332362,0,0,0,0
10,5,5,8,0,4,6,0,6,0,0,3,1,1,5,0,0,0,0,2,0,844107382947149658636725,134790701091216565612600,0,383639131378970489377887,0,0,0,0
8,7,14,9,0,6,5,0,3,1,1,2,2,2,3,0,0,0,0,1,0,781209050794450275088159,203473900678310339120418,0,388977953563275453028635,0,0,0,0
9,6,6,5,0,4,2,0,1,1,0,1,1,0,2,0,0,0,2,1,0,767678151864153515126639,85693370756035744192344,0,700987015833958800109184,0,0,0,0
4,5,9,4,0,6,7,0,6,0,1,2,0,1,6,0,0,0,0,0,0,422313490106788376045112,138871348920170790560857,0,294693287037187037051226,0,0,0,0
3,5,7,8,0,4,4,0,2,1,1,2,2,2,2,0,0,0,0,5,0,887348670376833344766381,116061946699964447087438,0,250000000000141289544754,0,0,0,0
6,5,5,8,0,8,5,0,5,0,0,1,0,1,4,0,0,0,0,5,0,858822624336124407838733,270309950061745961884456,0,592418056347639115241779,0,0,0,0
10,3,3,9,0,4,4,0,2,0,1,0,0,1,3,0,0,0,1,3,0,888668034359300167593131,248600188570031044692295,0,671722882203879686306302,0,0,0,0
7,0,12,8,0,2,7,0,2,1,3,1,1,4,3,0,0,0,2,2,0,615436776544759826862841,183189220584831340455575,0,836636552453289702084835,0,0,0,0
9,3,8,5,0,6,5,0,3,0,2,2,0,4,1,0,0,0,0,1,0,689335822403063629107843,246617520638455202449999,0,447630160230093372634222,0,0,0,0
11,1,11,5,0,8,4,0,4,0,0,1,0,0,4,0,0,0,1,4,0,530073837240207142961130,134431780042774663723883,0,451030249277963166608837,0,0,0,0
13,2,7,4,0,6,5,0,4,1,0,0,1,0,5,0,0,0,0,3,0,328055987555407805146660,328055987345659039281532,0,616848434603905939762053,0,0,0,0
7,7,9,6,0,4,3,0,1,0,2,1,1,2,1,0,0,1,0,4,0,643780535847937207731918,86097302060344741100579,0,449888203298477950594631,0,0,1,0
10,6,3,9,0,5,6,0,2,1,3,2,1,4,2,0,0,0,3,0,0,952388317792304277121684,135320208987684544157734,0,424937999296520385880535,0,0,0,0
7,4,7,5,0,5,4,0,3,0,1,2,0,2,2,0,0,0,0,3,0,492397349035314756491618,100503873753315294344363,0,389569408950759239906832,0,0,0,0
10,5,8,3,0,6,3,0,2,0,1,1,0,1,2,0,0,0,0,2,0,287982630568713518808944,130442971626348410049998,0,599997219745948850420098,0,0,0,0
10,6,9,6,0,7,4,0,2,1,0,0,1,0,4,0,0,0,0,0,0,260819789935471859076374,150018891432587130078759,0,345430134259409259326906,0,0,0,0
9,3,8,5,0,7,4,0,4,0,0,4,1,2,2,0,0,0,0,2,0,1075686792885662477378883,122912523346980317700283,0,766335229984869984518331,0,0,0,0
9,3,11,7,0,4,1,0,1,0,0,1,0,1,0,0,0,0,1,4,0,470908165876297758178374,40220000000000000000000,0,537632539234168123484110,0,0,0,0
9,6,8,2,0,9,3,0,1,0,2,1,0,3,0,0,0,0,0,2,0,373350212505074347058659,67414034859000000000000,0,480327812269663744814186,0,0,0,0
6,2,2,3,0,7,3,0,1,2,0,1,2,0,3,0,0,0,1,4,0,582057705813863965920159,56100710124521492289051,0,398772552158007991692690,0,0,0,0
8,6,9,2,0,5,5,0,5,0,0,3,1,1,4,0,0,0,1,0,0,693144452373142236410972,224891204515154035226791,0,494224220995984730226653,0,0,0,0
8,6,8,6,0,4,3,0,2,0,1,2,0,1,2,0,0,0,0,3,0,382446633700112028767819,139220265081625356460850,0,318195670357864058176184,0,0,0,0
5,4,9,2,0,7,6,0,2,0,4,2,1,5,1,0,0,0,0,2,0,457802180604020295207231,92739177623000000011121,0,267358478504421144333017,0,0,0,0
7,5,4,11,0,3,7,0,5,0,1,3,0,1,6,0,0,0,0,2,0,1157027810625482216261769,191279499716922295069321,0,557893305889762024073717,0,0,0,0
6,6,12,6,0,6,9,0,6,1,2,5,1,6,3,0,0,0,1,1,0,986330120407500838267126,440889352475021488804840,0,435271402008823085133167,0,0,0,0
8,5,10,6,0,5,4,0,3,0,1,2,1,1,3,0,0,0,1,1,0,479508531547585719108786,200248887745000000080176,0,552246000000327014563736,0,0,0,0
5,4,7,7,0,9,4,0,0,3,1,0,3,1,3,0,0,0,1,2,0,513800986487834625692440,50309317622919040888119,0,299999000000149970000020,0,0,0,0
4,4,7,5,0,6,5,0,4,1,0,3,1,0,5,0,0,0,1,5,0,721168488432762337536150,226460555910251499225043,0,388291779013014596083889,0,0,0,0
13,6,6,3,0,3,8,0,4,1,2,3,1,2,6,0,0,0,1,2,0,637842346919260145549136,262272515471124801742520,0,694678741500010882780635,0,0,0,0
9,6,7,3,0,6,3,0,2,1,0,2,1,0,3,0,0,0,1,4,0,552283676336674204248212,151033133388229437103562,0,423218433687149102626335,0,0,0,0
14,7,13,8,0,7,3,0,2,0,0,1,0,1,2,0,0,0,1,7,0,731246544542797277934828,221446858899192125367049,0,804782664656808892371261,0,0,0,0
6,5,6,7,0,5,4,0,2,1,1,1,1,2,2,0,0,0,4,3,0,742088533254063847001287,90311610436331323404199,0,359344209757836888783870,0,0,0,0
7,3,10,7,0,10,5,0,4,1,0,3,2,0,5,0,0,0,0,1,0,988700621101663440262756,202481995028046238266015,0,408861000956202159058901,0,0,0,0
9,7,8,3,0,6,3,0,2,0,1,1,0,2,1,0,0,0,1,2,0,350889980490225190312531,95748675986604938249998,0,343804441691125001087831,0,0,0,0
4,6,9,1,0,7,3,0,2,0,0,2,2,1,2,0,0,0,0,6,0,272546208127341087980259,10165000420000000021728,0,350956779866385903561866,0,0,0,0
6,3,10,4,0,9,2,0,1,0,0,1,1,0,2,0,0,0,1,5,0,442106018381493077694788,63641975308641975200000,0,513784184251721660559903,0,0,0,0
6,0,6,4,0,6,5,0,4,1,0,3,1,1,4,0,0,2,0,5,0,583480980614735795291309,211000341194697555201722,0,300000000000249999000024,0,0,2,0
10,4,9,2,0,7,3,0,2,1,0,1,1,0,3,0,0,0,0,3,0,102143882666568310745997,56358329058806770949997,0,473451532330271822592231,0,0,0,0
4,7,10,3,0,4,5,0,2,0,2,2,0,2,3,0,0,0,2,0,0,487915982096879124992267,138826197492606482609168,0,407113125220819391745962,0,0,0,0
4,4,10,3,0,7,6,0,3,1,1,3,2,3,3,0,0,0,0,1,0,751028227747927599627607,158390754019385273858440,0,337598796378421576302632,0,0,0,0
7,7,6,8,0,3,5,0,4,0,1,2,0,2,3,0,0,0,0,2,0,509690900028704132984101,150250008202058363430688,0,540852371183340834439438,0,0,0,0
9,2,7,3,0,10,2,0,1,0,1,1,0,1,1,0,0,0,0,2,0,218941393696817502911906,72811839040999999999999,0,344011567109917381434272,0,0,0,0
8,8,14,10,0,7,3,0,0,1,2,0,1,2,1,0,0,0,2,1,0,608522738362664231394480,91235974607000000000018,0,382453211017713189311018,0,0,0,0
10,6,10,3,0,5,6,0,3,0,3,3,1,3,3,0,0,0,3,3,0,424832612057285220547519,168516401518034320620754,0,363308059880240821774459,0,0,0,0
5,4,6,5,0,4,8,0,6,0,2,4,2,3,5,0,0,0,0,5,0,778124337211737344617370,171450670635338283813473,0,410435507717604078919823,0,0,0,0
6,7,5,7,0,7,8,0,5,0,2,0,1,2,6,0,0,0,0,2,0,762384399274320003973852,412256588393760694343675,0,476114231958989038606972,0,0,0,0
10,6,10,3,0,5,6,0,3,0,3,3,1,3,3,0,0,0,3,3,0,424832612057285220547519,168516401518034320620754,0,363308059880240821774459,0,0,0,0
8,2,5,3,0,5,10,0,8,0,2,5,0,4,6,0,0,0,0,4,0,1296481460792498445075670,561790204430629786055910,0,498350138762603929964749,0,0,0,0
9,4,8,4,0,6,5,0,4,0,1,3,0,3,2,0,0,0,0,1,0,525405435652666490465226,269352767620999999999997,0,485560465155476848429408,0,0,0,0
5,3,11,2,0,6,4,0,3,0,1,3,1,2,2,0,0,0,0,2,0,282327496697810392553400,82324385805000000000001,0,401055278579961248202923,0,0,0,0
7,4,9,6,0,4,5,0,3,0,2,3,1,3,2,0,0,0,0,3,0,797665183752230948754203,233758348627344741103183,0,449888203298477950209778,0,0,0,0
10,6,8,1,0,6,4,0,4,0,0,3,1,1,3,0,0,0,0,1,0,702363815248118397381154,351849436980599757644262,0,741806219745889217477063,0,0,0,0
9,2,7,8,0,4,6,0,4,1,0,2,3,0,6,0,0,0,0,1,0,720289198181615984553869,165656424185219688095982,0,393479359568151234280918,0,0,0,0
9,6,8,1,0,9,2,0,1,0,1,1,0,2,0,0,0,0,0,3,0,329122461211572808378661,65321236481000000000000,0,478770009225670913872640,0,0,0,0
10,11,8,10,0,6,0,0,0,0,0,0,0,0,0,0,0,0,0,0,0,329534800914708996966559,0,0,609632140202002510766019,0,0,0,0
8,6,8,5,0,3,5,0,4,1,0,4,2,1,4,0,0,0,0,1,0,760691172363381151585851,206227941571691122825514,0,318195670357864058176184,0,0,0,0
5,4,10,6,0,5,8,0,4,1,2,3,2,3,5,0,0,0,0,1,0,471865635414682767931237,242378297015515031971907,0,416006268003318835213722,0,0,0,0
6,7,12,4,0,7,6,0,4,1,1,4,1,5,1,0,0,0,0,5,0,652496663412777704033816,115705598034662946800000,0,339381738265872523477390,0,0,0,0
13,4,5,3,0,8,3,0,0,2,1,0,2,1,2,0,0,0,0,0,0,114815604145864115111723,67491715371974384841073,0,794852813112987879501895,0,0,0,0
4,5,7,7,0,6,5,0,4,1,0,3,1,0,5,0,0,0,1,5,0,702517168627235869177239,178378727900053374439995,0,340000000000100000019338,0,0,0,0
11,3,9,6,0,7,4,0,1,2,1,1,2,2,2,0,0,0,0,6,0,405131918427302603703132,98669741525717140550111,0,677628911702202812375651,0,0,0,0
6,6,6,7,0,4,4,0,2,1,1,1,1,2,2,0,0,0,5,2,0,720081658413468131330953,88353942812121238322379,0,393208892046764019350019,0,0,0,0
13,6,10,3,0,6,2,0,2,0,0,1,0,1,1,0,0,0,0,4,0,419306305005379687277908,155516724989088497557971,0,777157105524105397968018,0,0,0,0
4,5,9,2,0,5,3,0,1,0,0,1,2,0,3,0,0,0,2,4,0,326414378178134181557134,99410803858720538607196,0,414856640866397930727473,0,0,0,0
6,3,3,4,0,8,4,0,2,0,2,2,1,2,2,0,0,0,0,8,0,506913825701184156574189,189795494762584035339293,0,399999270288684035341905,0,0,0,0
10,5,9,4,0,6,3,0,2,1,0,1,1,0,3,0,0,0,0,3,0,239331198435882149434893,108766291861586965849997,0,474274965071712903254288,0,0,0,0
7,7,6,5,0,6,6,0,5,0,1,4,0,2,4,0,0,0,0,2,0,601172196387068501925038,230884731944875764975979,0,294630787037187037050000,0,0,0,0
7,9,6,8,0,3,4,0,3,0,1,2,1,2,2,0,0,0,0,3,0,535568582015222000490104,85468900877634338729562,0,540711044683334055861020,0,0,0,0
6,8,7,4,0,3,2,0,1,0,0,1,0,1,1,0,0,0,1,4,0,471588443312199727034040,41235972222222222200000,0,449162960833064086268576,0,0,0,0
5,4,6,6,0,4,8,0,4,1,3,3,1,5,3,0,0,0,2,3,0,803196664421884847552087,312308034221232423928842,0,330479728226815904133159,0,0,0,0
8,6,10,6,0,3,4,0,2,0,2,2,0,3,1,0,0,0,2,1,0,430423342468286406824470,57399415390000184218806,0,626600617652332385802987,0,0,0,0
8,1,5,4,0,4,8,0,5,0,3,4,0,5,3,0,0,0,0,6,0,1293026272122796970143644,482626474821454996764646,0,563991677363135733745949,0,0,0,0
7,5,6,1,0,6,5,0,4,0,1,4,1,4,1,0,0,0,3,6,0,458877639208880553494581,109365092787000000000000,0,552623311482141699773420,0,0,0,0
5,4,11,3,0,5,4,0,2,0,2,2,0,2,2,0,0,0,0,2,0,631354524956246834691810,107955032103999999999997,0,401055278580003600491724,0,0,0,0
7,4,11,4,0,4,6,0,3,0,1,2,1,1,5,0,0,0,3,1,0,665969425323750548384453,254862022543751481548155,0,429024603264557595943914,0,0,0,0
9,3,7,10,0,3,7,0,4,2,0,1,3,0,7,0,0,0,0,0,0,750345793423312183540959,278278404543459761224465,0,493478359568051235281611,0,0,0,0
10,3,9,1,0,6,6,0,3,1,2,1,2,2,4,0,0,0,2,2,0,167505540807859867404466,128220111922873533079949,0,729504385593799240635536,0,0,0,0
10,10,8,10,0,6,0,0,0,0,0,0,0,0,0,0,0,0,0,0,0,410250185205731857083758,0,0,473039797047688667698386,0,0,0,0
7,5,8,4,0,3,6,0,4,0,1,1,1,1,5,0,0,0,0,3,0,281263557381958933782193,213449155827417931827387,0,478779962005823445511023,0,0,0,0
5,7,10,5,0,4,7,0,3,0,3,3,1,3,4,0,0,0,0,2,0,506146298147584821680449,209020807370987984781258,0,415857093153385034424737,0,0,0,0
3,5,8,5,0,5,6,0,6,0,0,4,1,1,5,0,0,0,1,2,0,726127604455927870325815,114389840768420361978653,0,319187932162426605983030,0,0,0,0
13,4,5,3,0,7,3,0,0,2,1,0,2,1,2,0,0,0,0,0,0,210774153210071188045560,165451871718164334650000,0,676110134029837441454160,0,0,0,0
3,4,7,6,0,7,4,0,3,0,1,2,1,1,3,0,0,0,1,4,0,689665287725137476750960,134788966048802469099997,0,310072219375330198635080,0,0,0,0
11,4,7,6,0,7,4,0,3,1,0,2,1,2,2,0,0,1,0,5,0,665562741729016073241424,138559715450776013015514,0,653219637650941681929068,0,0,1,0
8,7,5,3,0,6,2,0,1,0,1,0,0,1,1,0,0,0,0,4,0,87927689059102451400012,13934439906237137449999,0,549897000000168754610070,0,0,0,0
13,6,10,4,0,5,3,0,1,1,1,1,2,1,2,0,0,0,0,3,0,366604376923600314157838,58170963141018045471366,0,732700941725759217383630,0,0,0,0
8,6,5,6,0,2,7,0,4,1,2,3,1,4,3,0,0,0,0,7,0,951871306438098481150821,185312483979079922569523,0,551495633281131752924273,0,0,0,0
6,3,3,6,0,9,4,1,4,0,0,2,1,1,3,1,1,0,0,8,0,585577355553415642147366,110353870075612116443497,0,399998270288684036342411,0,0,0,0
8,11,9,4,0,4,3,0,2,0,1,2,0,2,1,0,0,0,2,0,0,417836567697180349260559,137168893523999999999999,0,551246421291242080023624,0,0,0,0
7,6,6,4,0,6,6,0,5,0,1,4,0,2,4,0,0,0,0,2,0,567492478559696858738338,229527677985146598308919,0,294630787037187037050000,0,0,0,0
6,5,6,7,0,6,7,0,1,2,4,1,2,5,2,0,0,0,0,4,0,480950114284935824460306,193171936968641975150000,0,360416042504327020736869,0,0,0,0
6,7,7,5,0,3,3,0,1,1,0,1,1,1,2,0,0,0,2,2,0,442646028098994221719403,47847700907244276343885,0,487514711984035425643725,0,0,0,0
5,2,12,2,0,6,9,1,6,0,2,4,1,4,5,1,1,0,0,10,0,947276550872683817074757,285664167019445717540708,0,355607570288897047375230,0,0,0,0
8,4,10,5,0,3,4,0,2,0,2,2,0,4,0,0,0,0,2,1,0,533598163701529250081987,148652068385000000000000,0,626600617652332384765778,0,0,0,0
7,2,8,5,0,7,4,0,0,2,2,0,2,2,2,0,0,0,0,0,0,337446945839082034987003,83809928138239306385046,0,488736732788173740280949,0,0,0,0
7,6,6,1,0,6,6,0,5,0,1,5,0,5,1,0,0,0,3,5,0,835003770012187958792029,340533427784671404330588,0,552623311482194921980665,0,0,0,0
6,5,10,3,0,7,2,0,1,0,0,1,1,0,2,0,0,0,3,1,0,417394918934056453883565,67195023148148148119461,0,463190093942882107520845,0,0,0,0
7,6,11,3,0,5,7,0,4,0,1,3,1,2,5,0,0,0,2,1,0,371097912836868350349821,260262240132751481548154,0,390858721634749361703831,0,0,0,0
6,4,9,5,0,1,3,0,3,0,0,2,1,1,2,0,0,0,2,3,0,635776413489979163326191,321999487465023362863405,0,581672980671456792055509,0,0,0,0
10,4,9,1,0,7,6,1,4,2,0,1,3,1,5,1,1,0,0,4,0,262807806715242164507426,109738271594376934690983,0,720635188866949589012541,0,0,0,0
7,4,7,5,0,1,5,0,3,2,0,1,2,0,5,0,0,0,0,4,0,508169856088425694856633,164850889694779617124638,0,389684729819659729789042,0,0,0,0
7,4,8,2,0,4,5,0,3,0,1,1,0,1,4,0,0,0,0,4,0,206152385404916840145917,152456946580787612950023,0,503867322444946231009975,0,0,0,0
8,4,4,4,0,6,4,0,1,0,3,0,0,3,1,0,0,0,1,7,0,458924770398417957174770,122222368849629629599999,0,484431870371005339764798,0,0,0,0
3,5,8,5,0,4,6,0,5,1,0,3,1,2,4,0,0,0,0,3,0,620941071854697748914298,137020497014442605214125,0,319187932162426605984047,0,0,0,0
9,7,5,7,0,5,3,0,1,2,0,1,2,0,3,0,0,0,1,0,0,423048625677403544763852,57128922441551219049998,0,560863015201312197788492,0,0,0,0
3,4,7,6,0,5,5,0,5,0,0,4,1,0,5,0,0,0,0,4,0,626998281686525199170414,128750000000217402420167,0,310071833572861062835080,0,0,0,0
10,2,9,7,0,8,5,0,2,1,2,2,1,2,3,0,0,0,0,6,0,371129913982072147760337,80421548241902978329911,0,349999000000157172658815,0,0,0,0
8,4,5,2,0,8,3,0,2,0,1,1,1,1,2,0,0,0,0,3,0,196934539230578077684981,21848103052677551057487,0,549897000000168754610074,0,0,0,0
6,6,8,0,0,6,8,1,6,0,2,4,1,3,5,1,1,0,1,2,0,562950945877410200593509,319619238181079308578483,0,221906956880729595523019,0,0,0,0
8,5,5,4,0,4,8,0,7,0,1,3,2,2,6,0,0,0,0,6,0,1095793367203321233684076,279915851563312099542222,0,618949792237586678116970,0,0,0,0
3,8,14,4,0,5,6,0,5,1,0,3,1,1,5,0,0,0,2,5,0,379165940978151719844097,106672202777665698966025,0,404618334927826639762866,0,0,0,0
8,11,9,5,0,3,4,0,2,0,1,2,1,2,2,0,0,0,0,1,0,555051678280795182609475,180022398951948955300000,0,619803179003614397640337,0,0,0,0
6,3,6,7,0,7,5,0,3,1,1,1,1,2,3,0,0,1,1,4,0,372272812486591164882768,153238335097450468360866,0,396586326022611048832141,0,0,1,0
8,5,10,7,0,7,5,0,2,0,3,1,1,3,2,0,0,0,2,1,0,478785889290759757628589,132169754677544296229386,0,415279168140946850734074,0,0,0,0
14,4,4,2,0,6,2,0,2,0,0,2,1,1,1,0,0,0,2,1,0,368989341738280616085735,135635506021000000000000,0,477373277394374669232667,0,0,0,0
5,1,12,2,0,8,7,0,5,1,0,5,2,3,4,0,0,0,1,11,0,873431356680769543402634,195452932430758076487845,0,303904057756568150868539,0,0,0,0
7,2,7,4,0,6,2,0,0,1,0,0,1,0,2,0,0,0,1,3,0,509407570278515814517833,59813751474643702350000,0,602068170038525369502331,0,0,0,0
7,4,8,5,0,7,3,0,1,1,1,1,2,1,2,0,0,0,0,1,0,379829710697667331004698,109932263493476505124314,0,449998000000150000025234,0,0,0,0
6,6,10,2,0,6,5,0,3,0,0,3,3,1,4,0,0,0,1,0,0,460336364268195769436495,185480189760662144838578,0,488247610469456952497472,0,0,0,0
8,5,10,3,0,4,8,1,5,0,3,3,1,4,4,1,1,0,1,4,0,541656092944084714486390,235791755413232369261322,0,581656220065896552963794,0,0,0,0
6,4,9,5,0,2,1,0,1,0,0,0,0,0,1,0,0,0,2,5,0,454231661698059150795906,41993922710537756772034,0,595287069597749713569319,0,0,0,0
8,2,6,2,0,4,8,0,5,0,3,3,0,3,5,0,0,0,1,3,0,834213762088222100755350,280369704369391609479853,0,459298920185368491859587,0,0,0,0
7,4,7,4,0,2,6,0,3,3,0,1,3,0,6,0,0,0,0,3,0,601283019520323430547016,183026136418109160193060,0,358531007696832253433106,0,0,0,0
8,5,12,10,0,8,3,0,1,1,1,1,1,2,1,0,0,0,0,2,0,423129385363575993879352,50000668852830460102034,0,519866075480699025242558,0,0,0,0
8,4,4,5,0,4,5,0,3,1,1,1,1,2,3,0,0,0,0,7,0,1532492276555751432773562,120071368127051690102816,0,659782687093930378030205,0,0,0,0
10,4,7,5,0,5,3,0,1,1,1,0,1,1,2,0,0,0,1,2,0,748751251769714534693309,64320608447868217828399,0,719648182708115408491621,0,0,0,0
9,5,5,7,0,7,1,0,0,0,1,0,0,1,0,0,0,0,2,1,0,568741595142832915400712,7492091049000000000000,0,597332938272025890891162,0,0,0,0
6,7,12,11,0,3,6,0,3,1,1,3,2,3,3,0,0,0,0,2,0,785026539339341552473893,144354734277993182313099,0,573244387013024517426582,0,0,0,0
10,2,9,9,0,9,6,0,3,1,2,3,1,4,2,0,0,1,0,4,0,469866293568554332619128,134319277061506313499912,0,408545250191962310836460,0,0,1,0
11,3,1,3,0,7,4,0,4,0,0,3,1,2,2,0,0,0,1,7,0,755634880253073424408930,217409398696311278337929,0,523312559411786740846376,0,0,0,0
6,7,8,2,0,5,7,0,6,0,1,4,1,2,5,0,0,0,1,3,0,611992557007887505021359,140637191521867769551336,0,248376558642125308650000,0,0,0,0
5,5,14,9,0,4,5,0,4,0,1,2,1,2,3,0,0,0,5,2,0,635957231337960236227158,130764096199336609315163,0,683475693686841318344409,0,0,0,0
3,8,14,4,0,6,8,0,4,1,1,2,3,1,7,0,0,0,1,4,0,375979096442025297226256,145237451201837281905796,0,339882732121839571824254,0,0,0,0
6,4,9,10,0,5,4,0,3,0,1,1,0,2,2,0,0,0,4,3,0,658326701394977595866582,91094594687263190999997,0,611896491519378731964440,0,0,0,0
8,5,10,7,0,6,5,0,2,0,3,1,1,3,2,0,0,0,2,1,0,641390242091909192265557,179931784115544296225992,0,431164233045736870724159,0,0,0,0
9,8,5,9,0,4,4,0,1,1,2,0,1,2,2,0,0,0,0,2,0,599170280375541841263199,87320932350431946462325,0,451979897648067667067560,0,0,0,0
14,3,4,2,0,8,2,0,2,0,0,2,1,1,1,0,0,0,1,2,0,525212188052423008913781,135635506021000000000000,0,542229184481523482475839,0,0,0,0
13,3,4,4,0,5,7,0,4,1,1,4,1,3,4,0,0,0,1,4,0,831922299738648437196094,441248927391383652507481,0,387735106879651157092675,0,0,0,0
7,3,7,3,0,5,3,0,1,1,0,1,1,0,3,0,0,0,1,2,0,324070420558595942097927,109832336264956065849999,0,602068170038499392841106,0,0,0,0
5,2,7,8,0,6,2,0,1,0,0,0,0,0,2,0,0,0,2,4,0,239115752131962736178869,21117909115964478574299,0,571581680522661499444039,0,0,0,0
8,5,10,3,0,4,7,1,4,1,2,3,1,3,4,1,1,0,1,5,0,610792433546577651371304,236829343577659561185556,0,641426178896663167815697,0,0,0,0
11,5,6,6,0,6,4,0,1,1,2,0,1,2,2,0,0,0,1,1,0,272213390871384967052408,94821367088049382499999,0,400000000000149999999998,0,0,0,0
8,2,6,4,0,7,7,0,4,0,3,2,0,3,4,0,0,0,2,3,0,745943514737057346625332,220428862519923701871454,0,419998258004410084923040,0,0,0,0
8,8,9,5,0,7,4,0,3,0,1,3,1,2,2,0,0,0,0,2,0,579662730194177318399967,178884647988387603645701,0,360277644138470879424596,0,0,0,0
8,7,12,9,0,6,3,0,2,0,1,2,0,3,0,0,0,0,0,2,0,501445984615703496098844,67962681082000000000000,0,444038701619663000867611,0,0,0,0
9,2,9,8,0,7,5,0,4,0,1,3,0,2,3,0,0,0,0,3,0,1034316560704492213341564,236313754635259164922525,0,685977955187633328735116,0,0,0,0
10,1,7,4,0,5,3,0,0,2,1,0,2,1,2,0,0,0,1,2,0,472450821796147661248661,38631253142297797696253,0,644769940779490648537168,0,0,0,0
10,3,11,3,0,5,3,0,3,0,0,2,1,0,3,0,0,0,0,3,0,538336139773784826039204,74675999505577968410148,0,342551306564216340112495,0,0,0,0
6,5,12,10,0,3,5,0,3,0,2,3,1,3,2,0,0,0,1,2,0,963103032973657681482771,164728985560999999999998,0,502070273007219955540864,0,0,0,0
11,6,11,5,0,3,2,0,0,1,1,0,1,1,1,0,0,0,0,1,0,495282649158998982863270,52033734748370204152624,0,589862186389489898867108,0,0,0,0
11,3,1,1,0,6,6,0,5,0,1,3,1,2,4,0,0,0,0,6,0,611404055753614358161514,236824417451201646473635,0,358058350958436549975700,0,0,0,0
9,9,10,9,0,2,6,0,4,0,2,1,1,2,4,0,0,0,0,0,0,573434051096724403002757,283863548218769534493556,0,568869694049833912157162,0,0,0,0
5,5,14,9,0,3,5,0,4,1,0,2,2,0,5,0,0,0,4,3,0,614579775181941791198235,104967002334027876568071,0,631943139061705844654024,0,0,0,0
5,5,6,9,0,3,4,0,1,1,1,1,1,2,2,0,0,0,2,5,0,864817493561178259026051,292272009248953194015425,0,291380208333433348400000,0,0,0,0
6,4,9,8,0,6,5,0,4,0,1,1,0,2,3,0,0,0,3,3,0,513768827933879513255150,110819637169554530144244,0,556956472416698895842380,0,0,0,0
5,3,5,2,0,5,2,0,2,0,0,1,1,0,2,0,0,0,0,5,0,363537747374355274576016,56197560335391097858454,0,314004645907717593504856,0,0,0,0
9,9,5,8,0,4,5,0,3,0,2,2,1,3,2,0,0,0,0,1,0,824762609529599599444229,280709017032525270812517,0,358344657583356955445219,0,0,0,0
12,7,9,7,0,5,4,0,3,0,1,1,0,1,3,0,0,0,0,1,0,505022881013650861258198,242346363971727583686836,0,736792723344357639457170,0,0,0,0
13,3,4,4,0,5,6,0,2,0,2,2,0,3,3,0,0,0,2,4,0,813282669106553205672615,414362704274803553233694,0,460245215887991841270232,0,0,0,0
12,7,11,5,0,3,4,0,2,1,1,1,1,2,2,0,0,0,1,3,0,567135343642558184000635,144048332317163922732153,0,853036485682716901248035,0,0,0,0
5,3,7,7,0,5,3,0,3,0,0,2,1,0,3,0,0,0,2,3,0,734872160350055138630935,77205684931652570251807,0,526830430572150942600141,0,0,0,0
3,2,10,6,0,2,9,0,4,1,2,3,3,3,6,0,0,0,3,1,0,802627286631875014918636,314098633612476782183259,0,334884463471891508304888,0,0,0,0
11,4,6,6,0,6,3,0,1,1,1,0,1,1,2,0,0,0,1,2,0,277978530492370730489048,82664362345703703499999,0,400000000000149999999998,0,0,0,0
8,8,9,5,0,7,2,0,1,0,1,1,0,1,1,0,0,0,0,4,0,338947078746489300904617,15812028774387570616194,0,358827643838470879386272,0,0,0,0
8,5,6,8,0,7,4,0,1,1,2,1,1,3,1,0,0,0,0,2,0,817595355539593953445694,61090226123719123903923,0,437692101182784041352069,0,0,0,0
9,6,9,8,0,8,4,0,1,1,2,1,1,3,1,0,0,0,1,3,0,690114107861486839818021,128041662066754155131437,0,638506958162630425079755,0,0,0,0
9,5,12,5,0,8,3,0,1,2,0,0,2,0,3,0,0,0,1,0,0,242862294648604922879388,92842653961328028244132,0,527450924164779618306001,0,0,0,0
10,4,11,5,0,4,4,0,3,0,1,2,1,1,3,0,0,0,0,2,0,608953179192952287875505,123554773814834156467657,0,342551306564362827106809,0,0,0,0
9,7,12,10,0,4,4,0,3,0,0,1,1,0,4,0,0,0,0,1,0,907206426094246280330976,194598284701198707140031,0,406381589434572181121456,0,0,0,0
11,6,11,6,0,3,1,0,0,0,1,0,0,1,0,0,0,0,0,2,0,482024253892443355912011,10369595890000000000000,0,672688417246019260496660,0,0,0,0
4,2,10,5,0,6,2,0,1,1,0,1,1,1,1,0,0,0,1,6,0,591754287099977425861496,10850115742740740724097,0,340728712939581650382620,0,0,0,0
9,5,10,9,0,4,5,0,4,0,1,2,2,1,4,0,0,0,0,1,0,578994050062370651357359,132288922801293569821537,0,496599458145551618024779,0,0,0,0
10,6,7,6,0,4,4,0,4,0,0,2,0,1,3,0,0,0,0,0,0,879092467315153889050046,122953181612149584199996,0,835889383690911052069959,0,0,0,0
5,3,6,7,0,3,4,0,1,2,0,0,2,0,4,0,0,0,3,4,0,407239328886677910350377,67168330394131949817391,0,291380769028717131711220,0,0,0,0
9,8,11,3,0,4,5,0,1,0,4,1,1,4,1,0,0,0,1,6,0,491105434199362696716588,266815101993000000000000,0,476270241266093450478578,0,0,0,0
5,1,5,3,0,4,4,0,2,1,1,2,2,1,3,0,0,0,0,3,0,511248925278370065215499,248504883413703679565545,0,353799391200142603072710,0,0,0,0
7,6,4,7,0,4,4,0,3,0,0,2,0,1,3,0,0,0,0,6,0,822713902125389870565501,212168736648867461085764,0,542016190667283805491619,0,0,0,0
12,7,9,9,0,3,5,0,4,0,1,1,0,1,4,0,0,0,0,0,0,629980275142272756037138,215513462042117820660822,0,691756351850852067503558,0,0,0,0
5,9,6,9,0,6,4,2,3,0,1,1,0,2,2,2,2,1,0,2,0,384398287205149879666207,31132510722000000000000,0,361278647749147994307475,0,0,0,1
12,9,11,5,0,4,6,0,3,1,2,3,2,3,3,0,0,0,1,1,0,868748138169577006317685,266761773301053866960869,0,667337618358953909909597,0,0,0,0
9,3,9,2,0,7,3,0,1,1,0,1,1,0,3,0,0,0,1,3,0,261738594352114280086971,109969603651825040971368,0,742858175062737789308742,0,0,0,0
3,1,10,7,0,2,9,0,5,1,2,5,3,4,5,0,0,0,2,2,0,899691331221898740469720,313778730296089018599721,0,348333826702563857249945,0,0,0,0
5,2,7,3,0,4,3,0,2,0,1,2,0,2,1,0,0,0,3,7,0,542353623331348731757872,116524731084999999999998,0,498010345758599203308226,0,0,0,0
8,4,6,7,0,7,3,0,2,0,1,1,0,2,1,0,0,0,2,1,0,670099164720201680927467,76500262345506172799999,0,329884897530103415429548,0,0,0,0
7,6,10,6,0,4,1,0,1,0,0,1,1,0,1,0,0,0,1,1,0,600607433110189346956725,25,0,449789974423507312901930,0,0,0,0
9,4,12,9,0,8,2,0,1,1,0,0,1,0,2,0,0,0,2,0,0,228178638492615075889715,83478101653252862925313,0,529503586201816655359459,0,0,0,0
7,7,6,6,0,3,6,0,3,0,3,2,1,3,3,0,0,0,2,2,0,485142303835808712989736,126504806751757786857856,0,614751475753457929897517,0,0,0,0
9,8,12,10,0,5,3,1,2,0,0,0,1,0,3,1,1,0,0,2,0,971181633133260834234862,73375031534843820549998,0,516007464502695662449817,0,0,0,0
8,7,10,6,0,3,5,1,3,0,2,2,0,3,2,1,1,0,1,0,0,867396957959756232467767,246399329345999999999997,0,435377382873753206725845,0,0,0,0
4,4,10,4,0,8,4,0,2,1,1,2,2,2,2,0,0,0,1,4,0,443168494799704594501738,54984053923558458959276,0,250000000000150000000012,0,0,0,0
6,3,10,6,0,7,2,0,2,0,0,1,0,0,2,0,0,0,2,2,0,518601292060154359835940,3009147807358700457690,0,483853109373288647153756,0,0,0,0
10,6,7,6,0,6,2,0,2,0,0,0,0,0,2,0,0,0,0,2,0,699361030359096878182673,58272713918519445259252,0,790853682131674119659597,0,0,0,0
12,6,12,4,0,5,6,0,5,0,0,3,1,1,5,0,0,0,0,0,0,898345910148090937519946,373133057228989417389804,0,642112750380673664612449,0,0,0,0
9,8,11,3,0,3,5,0,1,0,4,1,1,4,1,0,0,0,2,5,0,696636763753498808218436,276735206663000000000000,0,541000578787445358221135,0,0,0,0
8,5,5,2,0,4,4,0,3,0,1,3,1,1,3,0,0,0,0,3,0,444346725246832565900000,189223544188999999999995,0,568016167488413310814808,0,0,0,0
7,7,4,6,0,3,4,0,3,0,0,2,0,1,3,0,0,0,1,5,0,759497875082439207933219,175780245320442544228053,0,542016190667283805491618,0,0,0,0
6,6,6,8,0,2,5,0,3,0,2,2,1,2,3,0,0,0,1,2,0,677784082639742274033086,158498609902915387412930,0,516394901728449885819965,0,0,0,0
5,6,6,8,0,7,5,1,4,0,1,1,1,1,4,1,1,1,0,1,0,410692519461167990068283,46092014638321121141626,0,361278647749149024307475,0,0,0,1
12,9,6,7,0,3,6,0,6,0,0,0,0,0,6,0,0,0,0,6,0,629229695328005362217461,151927045492724329426548,0,865311370384314685578016,0,0,0,0
9,3,9,2,0,7,2,0,0,1,0,0,1,0,2,0,0,0,3,2,0,136553441343685081216962,59770042672997610642390,0,800011782138182020425862,0,0,0,0
7,7,7,6,0,1,9,0,7,0,1,6,2,3,6,0,0,0,1,2,0,1098569139068466086771217,482396983482540954178846,0,582827087760567227083291,0,0,0,0
5,4,7,3,0,3,5,0,4,0,1,1,0,2,3,0,0,0,3,5,0,293570592852590249977964,38996896556305991087190,0,591495486794905603028839,0,0,0,0
8,5,5,4,0,6,5,0,3,0,2,3,0,3,2,0,0,0,0,3,0,573099486050763948454339,183900730217000000015420,0,550011891163037168575408,0,0,0,0
7,5,10,8,0,4,1,0,0,1,0,0,1,0,1,0,0,0,1,1,0,469827466400012215291337,15353587962962962900000,0,526918285782680664513223,0,0,0,0
9,7,13,5,0,3,6,0,4,0,1,3,1,1,5,0,0,0,3,1,0,703685124778668994158534,242738425118529699355114,0,538451674200307495892092,0,0,0,0
7,8,6,5,0,5,6,0,3,1,2,2,1,3,3,0,0,0,1,3,0,510260870580133271749271,171846377808948758190183,0,538226466089638180393098,0,0,0,0
8,8,10,6,0,3,4,1,3,0,1,2,0,3,1,1,1,0,1,1,0,589296753886586295111033,113266987303000000000000,0,435377382873753206725803,0,0,0,0
10,6,7,4,0,7,1,0,0,0,0,0,1,0,1,0,0,0,0,2,0,369418827988009599424757,3582754629629629600000,0,651745534324764978892305,0,0,0,0
6,3,10,5,0,6,3,0,3,0,0,2,0,1,2,0,0,0,2,1,0,635283585039904846004128,92969143254176949571158,0,424464726455369978651495,0,0,0,0
9,8,9,5,0,5,5,0,3,0,0,2,0,1,4,0,0,0,0,4,0,861691003138164145360805,255935248728339628569734,0,724717751993910358585611,0,0,0,0
12,6,12,5,0,5,4,0,3,0,0,1,0,1,3,0,0,0,1,1,0,429360419463228593094773,136943514750419662574084,0,730552329287156609447615,0,0,0,0
10,2,3,2,0,7,3,0,3,0,0,2,0,1,2,0,0,0,0,5,0,409282101094967822233985,111604048280007433117118,0,402640017367734597546141,0,0,0,0
8,6,5,2,0,5,5,0,1,3,1,1,3,1,4,0,0,0,0,2,0,214154278585210921865172,122760760066692403615171,0,481617687920316479039640,0,0,0,0
8,2,4,8,0,4,4,0,3,1,0,0,1,0,4,0,0,0,1,1,0,662170961050636269466178,61713921886249301516135,0,761311876135313891747269,0,0,0,0
6,7,6,8,0,3,6,0,4,0,2,2,1,2,4,0,0,0,0,2,0,725507899274981224258920,243531999273212390482552,0,477655956728449869423335,0,0,0,0
8,3,9,6,0,4,6,0,3,0,3,3,1,3,3,0,0,0,0,5,0,577233772866606589336955,136720646618999999999998,0,300000000000150000024854,0,0,0,0
12,9,6,7,0,3,5,0,5,0,0,0,0,0,5,0,0,0,2,5,0,669124070204654036464172,163328663084804626054039,0,976012951073424865862276,0,0,0,0
2,1,8,5,0,4,5,0,5,0,0,3,1,0,5,0,0,0,2,3,0,618234854059263943178702,178651154617811921799991,0,301923305258881572453648,0,0,0,0
6,2,6,5,0,9,2,0,1,0,1,1,0,2,0,0,0,0,0,6,0,567731171676230510156975,23180941380000000000000,0,551358408516611140127473,0,0,0,0
7,8,7,6,0,3,10,0,7,0,2,4,2,5,5,0,0,0,2,0,0,967504519894600366744234,430086601304331709564215,0,476673335095177461513207,0,0,0,0
9,9,9,3,0,5,5,0,3,2,0,2,2,2,3,0,0,0,1,0,0,449696605669449051785636,154893124826206005786272,0,476815657343456361723280,0,0,0,0
8,6,5,6,0,5,6,0,3,0,3,2,0,4,2,0,0,0,0,2,0,592724678977210141257795,209377395735905848334684,0,550011891162983430554026,0,0,0,0
8,4,7,6,0,8,3,0,1,1,1,1,1,2,1,0,0,0,1,3,0,455371776052261626364394,155203914055899263152898,0,592819682065843237591803,0,0,0,0
9,5,13,5,0,4,7,0,6,0,1,4,1,1,6,0,0,0,0,3,0,776101807122128196675467,288724675110906394986687,0,340139407193324191787303,0,0,0,0
12,6,6,2,0,5,6,0,4,0,2,3,0,4,2,0,0,0,2,2,0,498741920969607053630537,215390073400670865927520,0,540645092445946048809777,0,0,0,0
10,4,7,5,0,8,3,0,1,1,0,1,2,1,2,0,0,0,0,0,0,351844813601669966619620,104283643471000547933501,0,709140665617752173907850,0,0,0,0
9,5,8,12,0,4,2,0,1,0,1,0,0,1,1,0,0,0,1,2,0,491442130908088464465325,86819897274338706099999,0,715958339841202435978990,0,0,0,0
9,9,9,5,0,5,7,0,2,0,4,0,0,4,3,0,0,0,0,2,0,808009619464897136025976,216294766001148405992363,0,619378681645161355450768,0,0,0,0
4,3,7,8,0,4,4,0,0,0,4,0,0,4,0,0,0,0,0,3,0,213366029282082004496225,103554063125000000000000,0,456372013572280740961719,0,0,0,0
10,3,3,2,0,8,6,0,4,2,0,3,3,1,5,0,0,0,1,1,0,361848744300117237813177,100575757558679965082810,0,318360438618119360517121,0,0,0,0
6,3,7,4,0,4,9,0,7,2,0,5,3,3,6,0,0,0,0,5,0,868100576393500884656678,344577590021808070278629,0,320839000000133250177110,0,0,0,0
8,2,4,10,0,4,3,0,2,1,0,0,1,0,3,0,0,0,1,2,0,691700026935651401903450,57452628007765371188330,0,765573170013797822075074,0,0,0,0
8,4,9,7,0,4,7,0,5,0,2,4,3,2,5,0,0,0,0,4,0,840808009555552492935972,237518039307043500275856,0,330504000000250000001222,0,0,0,0
7,2,10,7,0,4,8,0,3,1,3,1,1,3,5,0,0,0,0,0,0,857116874982660867621672,216210641836901917764069,0,318469351807039656149578,0,0,0,0
10,3,6,7,0,6,3,0,1,0,2,1,0,2,1,0,0,0,0,2,0,942819464591325728688365,192045681399000000000000,0,487309365489208233861343,0,0,0,0
2,3,8,9,0,5,6,0,6,0,0,1,1,0,6,0,0,0,2,2,0,771253438470566191417861,135919773865737551555777,0,341106315171291424732651,0,0,0,0
6,1,6,4,0,9,3,0,2,0,1,2,1,2,1,0,0,0,0,5,0,550613775914411527012667,73192516464197154397973,0,399999000000154548497492,0,0,0,0
6,10,6,2,0,4,4,0,3,0,0,3,1,1,3,0,0,0,0,2,0,513880767168710633472406,132466875864197530799999,0,406031137435789243015554,0,0,0,0
9,9,9,4,0,5,4,0,4,0,0,3,1,1,3,0,0,0,0,2,0,688767947169876677279264,258913758281146045422751,0,600301314305269097645511,0,0,0,0
10,12,9,7,0,8,1,0,1,0,0,0,0,0,1,0,0,0,0,3,0,526840494445350358392531,1587770061728395049999,0,414428375046852673190010,0,0,0,0
8,3,7,7,0,6,4,0,2,1,1,1,1,2,2,0,0,0,1,2,0,685382612550720094792371,173984385359982850854288,0,399090862846180125248178,0,0,0,0
8,5,8,6,0,8,1,0,0,0,1,0,0,1,0,0,0,0,0,5,0,846656243871188331869491,515566000000000000,0,418170410095791783328811,0,0,0,0
12,6,6,2,0,6,3,0,3,0,0,3,0,1,2,0,0,0,2,5,0,574689807811385671800987,67438408241855171117387,0,621595682339500087982456,0,0,0,0
6,3,11,2,0,8,6,0,0,3,2,0,3,2,4,0,0,0,1,1,0,350305023604321235629539,133312821459703467840018,0,460838855345615187155385,0,0,0,0
9,4,8,11,0,4,4,0,3,0,1,1,0,2,2,0,0,0,0,1,0,894175548183124655820601,150461993431579588949998,0,570272297754377446573658,0,0,0,0
10,6,6,6,0,5,6,0,2,0,3,1,0,3,3,0,0,0,0,4,0,645082301462160695562340,146375358342708844676972,0,509668550000157329952747,0,0,0,0
4,2,7,9,0,4,4,0,1,0,3,1,0,4,0,0,0,0,0,3,0,746727824291646052916245,138374208218000000000000,0,482022271720982701484259,0,0,0,0
5,5,14,6,0,5,5,0,2,0,1,2,2,3,2,0,0,0,1,2,0,667649432556634275512930,88542204104912006458855,0,449900000000052516004961,0,0,0,0
6,3,7,3,0,4,6,0,6,0,0,6,2,2,4,0,0,0,0,8,0,519945110264002748037141,220840108016000000452344,0,332788000000100000032425,0,0,0,0
10,5,13,4,0,5,3,0,3,0,0,2,0,1,2,0,0,0,0,3,0,676414561218036673990080,119132651669999999999996,0,881956684122452505596282,0,0,0,0
7,3,10,5,0,6,6,0,2,0,3,1,0,3,3,0,0,0,0,2,0,507457275422740518733525,194734357135554665557695,0,310764127551308116305955,0,0,0,0
5,4,7,3,0,4,5,0,4,0,1,1,0,2,3,0,0,0,3,1,0,402411430053296179257602,170824885161683452659920,0,548782172073030157132300,0,0,0,0
10,2,6,7,0,7,3,0,1,0,2,1,0,2,1,0,0,0,0,2,0,939799978156859835399680,189846345216000000000000,0,508718615302625860484649,0,0,0,0
12,5,8,7,0,5,5,0,3,0,2,1,0,3,2,0,0,0,0,2,0,793682447346710842301601,303868799713682428476342,0,866687414550406216542952,0,0,0,0
6,10,6,3,0,4,4,0,3,0,0,3,1,1,3,0,0,0,0,2,0,522454992493636803605284,141855030864197530799999,0,300897137435928121419158,0,0,0,0
9,3,11,10,0,6,4,0,2,0,2,1,1,2,2,0,0,0,0,2,0,722863422777558761863739,96955759206000000001744,0,440597323013513275138800,0,0,0,0
10,8,9,7,0,8,1,0,1,0,0,0,0,0,1,0,0,0,1,2,0,386322943363403021056922,1587770061728395049999,0,421333075726350027496547,0,0,0,0
9,6,7,6,0,5,7,0,4,1,1,3,2,2,5,0,0,0,0,3,0,544175316705824493304660,311514092122120591034131,0,467097675477119150821581,0,0,0,0
8,3,8,5,0,6,1,0,0,0,1,0,0,1,0,0,0,0,2,3,0,930285241268550050095552,700000000000000,0,418170410095791713561870,0,0,0,0
9,7,9,1,0,3,6,0,4,0,2,4,0,5,1,0,0,0,3,3,0,511164336075659682553375,246269114649999999999999,0,615504910404464684751182,0,0,0,0
6,3,11,2,0,8,5,0,0,2,2,0,2,2,3,0,0,0,3,0,0,292834493475035684394158,90126138748312279423104,0,590854242899088911064032,0,0,0,0
7,5,8,7,0,5,3,0,1,0,2,1,0,3,0,0,0,0,1,2,0,648687993087761404254032,154424834975000000000000,0,391866533928838782362823,0,0,0,0
10,4,6,4,0,6,7,0,3,0,1,2,0,2,5,0,0,0,0,3,0,520629273667446364357610,231235782481477191926200,0,477324891510108599297408,0,0,0,0
9,5,5,3,0,8,5,0,4,0,1,2,0,1,4,0,0,0,0,4,0,513776574702918374961461,298266166286266854577137,0,343631777104432524823175,0,0,0,0
5,5,14,7,0,5,7,0,4,0,1,3,3,3,4,0,0,0,0,1,0,744720438717852994140173,154061343604114913851990,0,400000000000284410349805,0,0,0,0
6,6,10,5,0,7,4,0,3,0,0,3,1,0,4,0,0,0,1,2,0,593594937023920395609010,116155177109076693341024,0,397913533590684136966887,0,0,0,0
10,7,13,6,0,5,5,0,3,2,0,2,2,1,4,0,0,0,0,1,0,712967464266751348601674,119132897837090083790184,0,881957407070042175021389,0,0,0,0
5,3,16,3,0,4,4,0,4,0,0,2,1,1,3,0,0,0,0,1,0,529809345901961985039193,137074083102232826547490,0,393942185933148411373059,0,0,0,0
5,4,7,2,0,5,5,0,4,0,1,1,1,1,4,0,0,0,3,1,0,254424699311843433359188,152319247727964224174438,0,449999000000137435000016,0,0,0,0
2,7,7,4,0,6,6,0,3,0,3,3,0,5,1,0,0,0,0,5,0,745034770736167699945264,216985569392985116355599,0,300000000000144135802470,0,0,0,0
12,4,8,8,0,4,4,0,1,0,3,1,0,3,1,0,0,0,0,3,0,747828174708409578002404,214776286957000000001030,0,884416199036040818540154,0,0,0,0
6,5,9,6,0,6,3,0,2,0,0,2,0,1,2,0,0,0,0,2,0,504156312213620417910199,106761150552950617249999,0,462485285896631919582409,0,0,0,0
9,6,11,8,0,7,2,0,0,0,2,0,0,2,0,0,0,0,3,1,0,765982546294823071809653,84814272202000000000000,0,321609989292867294807649,0,0,0,0
7,4,6,5,0,8,5,0,2,2,1,2,3,1,4,0,0,0,0,2,0,421427882302607709900970,12506972471768774193623,0,350005522073377690200853,0,0,0,0
9,5,7,7,0,5,8,0,5,1,1,4,2,3,5,0,0,0,0,2,0,901590863580601718783426,379774128449452114912012,0,418055537266168336058936,0,0,0,0
10,3,5,8,0,7,2,0,0,1,0,0,1,0,2,0,0,0,2,3,0,331142513291805060519022,14876925114043501657096,0,547994573699600215740249,0,0,0,0
9,8,9,1,0,4,6,1,6,0,0,5,0,5,1,1,1,0,2,4,0,717110530559450245589420,146032061033000000000000,0,497291179642830067609663,0,0,0,0
7,4,3,6,0,7,6,0,4,1,1,3,2,1,5,0,0,0,1,6,0,492274698273323307673920,134576032700839941971216,0,492987822954923597684727,0,0,0,0
7,7,8,5,0,4,3,0,1,0,2,1,0,3,0,0,0,1,0,2,0,486037960910677404673060,196037961594000000000000,0,330259625111617786543194,0,0,1,0
6,2,7,7,0,1,6,0,1,2,2,0,3,2,4,0,0,0,2,5,0,279089875338090718242851,95832734353587034129315,0,501104090664512729454248,0,0,0,0
9,3,4,2,0,8,4,0,3,0,1,1,0,1,3,0,0,0,0,5,0,398416346352543957560376,246430813149246364119534,0,343631777104432524823219,0,0,0,0
5,5,10,7,0,4,7,0,7,0,0,4,1,2,5,0,0,0,0,3,0,971752577185504792375445,281098709192433775513792,0,486421177312368854927788,0,0,0,0
6,7,10,5,0,6,4,0,4,0,0,3,1,1,3,0,0,0,1,2,0,778076449421562335716215,284974976435632761945456,0,397913533590684136966887,0,0,0,0
11,4,8,5,0,4,2,0,2,0,0,2,0,0,2,0,0,0,1,1,0,737743406628970282065984,100000000000000000012069,0,474811222432644468544821,0,0,0,0
5,6,16,3,0,4,3,0,2,0,1,2,1,1,2,0,0,0,0,2,0,439584752845337759345084,96179976850999999999999,0,340921054676036838488585,0,0,0,0
9,5,7,7,0,3,6,0,4,0,2,2,0,2,4,0,0,0,1,1,0,776368681214829854323627,154192434695042625319693,0,466526728796151259463695,0,0,0,0
2,7,7,6,0,7,5,0,2,0,3,2,0,4,1,0,0,0,0,6,0,504283064443463584294049,135800413593999999999998,0,300000000000144135802470,0,0,0,0
6,4,9,6,0,6,3,0,2,0,0,2,0,1,2,0,0,0,0,2,0,624908422970653046741926,106761150552950617249999,0,397018940107369630297027,0,0,0,0
13,4,6,4,0,6,5,0,2,2,1,2,2,1,4,0,0,0,1,2,0,566510464835901255687877,187037410140700426889910,0,504055768078551669880387,0,0,0,0
7,2,6,5,0,10,3,0,0,1,2,0,1,2,1,0,0,0,0,4,0,125846019950602929529833,43771623438000000000240,0,350048000000002445442282,0,0,0,0
8,5,7,9,0,6,5,0,2,0,3,1,1,3,2,0,0,0,1,1,0,917665529491662037587502,113720931021623949472637,0,422319445064606710647074,0,0,0,0
10,4,5,7,0,5,3,0,1,2,0,0,2,0,3,0,0,0,1,3,0,700110029998226842629993,120590672357611986231059,0,656992144379561419990043,0,0,0,0
10,6,11,3,0,3,5,0,4,1,0,2,1,0,5,0,0,0,1,3,0,469859656364851178560469,296682585099339709389264,0,561538449960838712611064,0,0,0,0
7,5,3,4,0,6,5,0,3,1,1,2,2,1,4,0,0,0,3,5,0,531766568517928383906081,97368029903901234498241,0,386816855537197012997958,0,0,0,0
9,7,8,6,0,7,4,0,1,0,3,1,0,4,0,0,0,0,0,1,0,753585747084615351131125,246399348216000000000000,0,556943130557184268652548,0,0,0,0
6,1,7,6,0,3,6,0,3,2,1,1,2,2,4,0,0,0,3,4,0,435983437839385227774303,142402350003142835990901,0,490676985378176494726509,0,0,0,0
9,8,3,15,0,2,7,1,5,2,0,2,2,2,5,1,1,0,0,1,0,1126580879106916881807459,127276408514521594595851,0,670099323179607695539566,0,0,0,0
5,5,9,5,0,3,7,0,6,0,0,3,1,2,5,0,0,0,1,2,0,671789290306792856410627,254853701915465543219075,0,504288386187613238437762,0,0,0,0
6,5,10,3,0,5,4,0,4,0,0,4,1,2,2,0,0,0,0,2,0,1050152678650770014725269,355136516478157740726703,0,445015747419170375701334,0,0,0,0
11,4,8,7,0,4,1,0,1,0,0,0,0,0,1,0,0,0,0,3,0,458570657694118469181705,25350635941098449829127,0,515251826842281217244396,0,0,0,0
7,6,6,3,0,5,4,0,3,0,1,3,1,2,2,0,0,0,0,7,0,487567109532446926042259,100354000457000000000007,0,368470805454443633052297,0,0,0,0
9,4,7,7,0,3,7,0,5,0,2,3,0,3,4,0,0,0,0,1,0,961189799981898873321642,278184682315219639650382,0,416526728796201259462462,0,0,0,0
15,0,14,3,0,7,3,0,3,0,0,1,0,0,3,0,0,0,0,0,0,398913012121711919000889,206961138050091512585851,0,795136068279256864582988,0,0,0,0
13,3,6,6,0,3,5,0,2,2,1,2,2,2,3,0,0,0,1,2,0,814711102213044574668892,279451464825383991376778,0,697965531930906281874847,0,0,0,0
13,5,8,2,0,3,5,0,5,0,0,5,1,1,4,0,0,0,0,3,0,688332405910766747558138,283948714386103602701898,0,595553670459032249847266,0,0,0,0
8,4,7,9,0,8,3,0,0,0,3,0,0,3,0,0,0,0,1,3,0,902869485643226142477785,57205589971000000000000,0,388993696220923181654472,0,0,0,0
10,9,9,7,0,6,6,0,3,0,3,1,0,4,2,0,0,0,0,4,0,735083731136683905132037,104012057756004571496496,0,336949318413943556337369,0,0,0,0
10,5,11,2,0,3,5,0,4,1,0,2,1,0,5,0,0,0,1,3,0,448521828027330537307884,289180041787616577559182,0,561539449960839138687707,0,0,0,0
9,7,4,5,0,3,8,0,5,2,1,2,2,2,6,0,0,0,1,7,0,819723932838747569892808,424308086171216583376617,0,431901036591683736980401,0,0,0,0
9,5,8,6,0,6,3,0,1,1,1,1,1,2,1,0,0,0,0,2,0,366146726166062026439250,12972517562303325345588,0,592114517934319716497009,0,0,0,0
6,0,10,8,0,5,3,0,2,0,1,1,0,2,1,0,0,0,1,5,0,619212378048443227013795,189083972551777777749998,0,465593255140888873809402,0,0,0,0
9,6,3,10,0,3,6,0,4,0,2,3,1,2,4,0,0,0,0,2,0,1111856710228853602905697,247548694261790123414255,0,381018557572403194079261,0,0,0,0
7,4,8,5,0,3,7,0,3,2,0,1,2,1,6,0,0,0,0,2,0,453601240604234857330825,136791315235424521565949,0,464172215634455733579623,0,0,0,0
6,5,10,3,0,6,3,0,2,0,1,2,1,2,1,0,0,0,0,3,0,432688037618960738004784,139996987408000000000000,0,445015747419170375701334,0,0,0,0
7,6,7,3,0,6,5,0,2,1,1,2,2,1,4,0,0,0,1,4,0,725414694439803239793198,179119174296118283995621,0,407137660513169235339909,0,0,0,0
7,6,6,3,0,7,5,0,2,0,3,2,1,4,1,0,0,0,0,6,0,318518295364554004420703,110739174708000000000001,0,368470805454443633052290,0,0,0,0
15,1,14,3,0,8,3,0,3,0,0,0,0,0,3,0,0,0,0,0,0,123133176294673659453031,37569633765063582511674,0,929291872508828081655696,0,0,0,0
11,4,7,10,0,4,4,0,2,0,0,2,2,0,4,0,0,0,0,1,0,1080226935322732217208724,148471318200104221760971,0,677274831367530300052801,0,0,0,0
5,2,12,6,0,6,4,0,3,0,0,2,0,1,3,0,0,0,0,4,0,569204327792975093927899,65408183707345678972819,0,296756365740890740750000,0,0,0,0
13,7,8,1,0,3,6,0,5,0,1,4,1,2,4,0,0,0,0,2,0,777233264496976101195777,491235966758828604701546,0,539964762772662212247869,0,0,0,0
10,2,6,3,0,6,5,0,3,0,2,2,0,3,2,0,0,0,0,7,0,436470427783297521552256,266906186199160493749996,0,439999007719433097092015,0,0,0,0
10,8,9,7,0,4,5,0,2,0,3,2,0,4,1,0,0,0,0,5,0,792690246867325148252325,174142581660999999999998,0,327395949732383515595992,0,0,0,0
8,6,6,6,0,6,6,0,5,0,1,1,0,1,5,0,0,0,2,0,0,483487041585810066389632,235436644452007710409549,0,573857423241104933139479,0,0,0,0
9,7,4,5,0,3,6,0,4,2,0,2,2,1,5,0,0,0,1,9,0,734434258607737953383394,376653810902769339774070,0,600434503521035353018755,0,0,0,0
6,1,10,9,0,4,2,0,1,0,1,0,0,1,1,0,0,0,1,6,0,493501363271469799775069,70133279919370370299998,0,466629218429650468172876,0,0,0,0
10,4,13,5,0,7,7,0,2,3,2,0,3,2,5,0,0,0,3,2,0,410696645602195999408714,133013895556836182981335,0,617136573634339912203862,0,0,0,0
7,2,8,5,0,5,5,0,3,0,0,0,0,0,5,0,0,0,0,4,0,473419521024432668711344,136034962730653400960370,0,516229900554918729174092,0,0,0,0
11,4,4,7,0,4,5,1,4,1,0,2,1,1,4,1,1,0,1,0,0,750397504385581219681545,244560719756021243591903,0,622826713104509209547647,0,0,0,0
7,5,7,2,0,5,5,0,2,1,1,2,2,1,4,0,0,0,0,5,0,309982120333487865017161,144433973430223788923374,0,302371832242442394374536,0,0,0,0
11,2,8,6,0,5,8,0,3,1,3,0,2,3,5,0,0,0,0,2,0,580203440094232435542599,147079206285593686333217,0,526359406896069046863945,0,0,0,0
11,5,7,10,0,4,4,0,2,0,0,2,2,0,4,0,0,0,0,1,0,1011672621128573000537231,213888180109635479989348,0,537369281886333156675102,0,0,0,0
12,2,10,9,0,4,3,0,1,0,1,1,0,1,2,0,0,0,1,1,0,655356987982797524157330,95456588660769609670957,0,581140333622481711062369,0,0,0,0
5,1,12,5,0,6,6,0,5,0,0,3,0,1,5,0,0,0,0,2,0,537209519957495515766816,65408208257345678981750,0,296756365740890740750000,0,0,0,0
5,3,3,5,0,6,5,0,3,1,1,3,1,1,4,0,0,0,1,2,0,566692589191655837086295,185491491724122318166040,0,250000000000167813868924,0,0,0,0
10,4,6,3,0,3,7,0,6,0,1,5,1,2,5,0,0,0,1,4,0,759317808845793998746403,251439108352000000049996,0,439999007719365105885511,0,0,0,0
8,4,4,3,0,6,4,0,3,0,1,3,1,2,2,0,0,0,0,2,0,365691237961710488370976,123526877588000000000024,0,436180178727820805845730,0,0,0,0
8,5,6,6,0,3,4,0,2,2,0,1,2,0,4,0,0,0,3,1,0,379790943148266545988320,110330077595869998346504,0,698993189073451262208573,0,0,0,0
7,9,7,9,0,2,5,0,0,3,1,0,3,1,4,0,0,0,1,2,0,281562009602351430588755,55068357825476282651303,0,344579559014005686605318,0,0,0,0
10,3,13,5,0,6,9,0,6,2,1,3,2,3,6,0,0,0,3,0,0,698670756080335936960706,231667857288867633325042,0,588709309898627386363984,0,0,0,0
11,2,8,7,0,5,2,0,1,0,1,0,0,1,1,0,0,0,2,3,0,344369262770137072610636,44263031885004807210400,0,436847671334167865956982,0,0,0,0
11,4,4,6,0,5,4,0,3,1,0,2,1,1,3,0,0,0,1,1,0,567437961465339721616957,203462275045556756357665,0,571142533893858674779490,0,0,0,0
8,3,9,7,0,6,8,0,6,0,1,3,1,3,5,0,0,0,3,2,0,1195175977973499649732784,326744427650783780213084,0,388426545089657535611605,0,0,0,0
11,4,8,3,0,5,9,0,4,1,2,3,2,3,6,0,0,0,0,1,0,816869819339121507487171,342889714689179653092083,0,532672980913504593091808,0,0,0,0
5,6,12,0,0,5,3,0,2,0,0,2,0,1,2,0,0,0,0,3,0,178943560092684036556131,83041813271604938254610,0,343752826140903569617234,0,0,0,0
12,2,10,9,0,5,4,0,1,1,1,1,1,1,3,0,0,0,0,1,0,801961551229979071091507,173570533496627442409912,0,612295102091352578099116,0,0,0,0
10,3,8,7,0,3,3,0,1,0,1,0,0,1,2,0,0,0,1,2,0,629468744930632764064085,48283926132087223199999,0,659492799256664223504269,0,0,0,0
5,5,3,3,0,5,5,0,4,0,1,4,0,3,2,0,0,0,0,3,0,752513534736469246453541,170808615042999999999996,0,249955000000167813868924,0,0,0,0
11,7,4,4,0,2,1,0,0,1,0,0,1,0,1,0,0,0,4,0,0,406659717665875688103267,20548489505568395049400,0,622630234426784730204206,0,0,0,0
8,5,4,7,0,8,3,0,1,0,2,1,1,2,1,0,0,0,0,3,0,447898616565614270015989,70740282788000000000024,0,436180178727665227019412,0,0,0,0
10,8,6,7,0,4,5,0,2,2,1,1,2,2,3,0,0,0,4,4,0,322037696290450562448389,84365105721253865791551,0,646008730137367991056450,0,0,0,0
7,8,7,9,0,1,7,0,2,3,1,2,3,2,5,0,0,0,0,1,0,572008495365992364295861,149807395207280474556315,0,453108093342611889004574,0,0,0,0
5,7,6,8,0,4,3,0,2,0,1,2,0,3,0,0,0,0,1,9,0,331154511254133184814821,94305000000000000000000,0,365391034172512011459966,0,0,0,0
11,1,8,7,0,4,5,0,3,1,1,3,1,1,4,0,0,0,0,2,0,684847204780393011883775,161782904263752146350112,0,414542766178770782740365,0,0,0,0
9,2,8,1,0,4,5,0,3,1,1,1,1,2,3,0,0,0,1,2,0,365205499951904477151874,236406055045009181415025,0,496593900733040826826881,0,0,0,0
8,4,9,5,0,6,6,0,4,0,1,4,2,2,4,0,0,0,1,6,0,848177414374964011068684,155076435187000000021022,0,300000000000150052536321,0,0,0,0
6,3,4,7,0,8,3,0,2,0,1,2,1,2,1,0,0,0,0,6,0,655364479717207194030173,70539857623000000000000,0,300000000000150000100000,0,0,0,0
5,6,12,0,0,6,3,0,2,0,0,2,0,1,2,0,0,0,0,3,0,174990497410720148251346,80297129987654320955309,0,401903172936363381372968,0,0,0,0
8,7,11,10,0,4,4,0,3,0,1,1,1,1,3,0,0,0,0,1,0,629015423335233914106394,209252429264651316464178,0,499725165121959338555034,0,0,0,0
10,4,8,7,0,2,3,0,2,0,1,0,0,1,2,0,0,0,1,2,0,602551492466384156482156,43251529201684547099998,0,659041410169224885209273,0,0,0,0
6,7,4,6,0,5,3,1,3,0,0,2,0,1,2,1,1,0,0,0,0,711895159338239715854809,66609999999999999999999,0,475503034618674942323984,0,0,0,0
11,6,4,4,0,2,1,0,0,1,0,0,1,0,1,0,0,0,4,0,0,284261077376722688914602,20548489505568395049399,0,734896019885117161673737,0,0,0,0
3,4,6,6,0,6,4,0,3,0,1,1,0,1,3,0,0,0,0,4,0,467450120116289750381631,131115316493183185447982,0,313550016661424921976747,0,0,0,0
10,6,6,8,0,4,6,0,2,2,2,0,2,2,4,0,0,0,3,4,0,334923458388266887922172,119905736184332828106500,0,570471923922812600780206,0,0,0,0
8,3,9,9,0,3,2,0,2,0,0,1,0,0,2,0,0,0,2,6,0,493678280942924108303410,49999999999999999999996,0,516766059099286975367602,0,0,0,0
5,6,6,9,0,4,5,0,4,0,1,4,1,2,3,0,0,0,1,7,0,1034296396218870987818839,191319999999999999999998,0,276041035172578257474838,0,0,0,0
9,6,8,6,0,3,1,0,0,0,0,0,0,0,1,0,0,0,2,1,0,456696197778006701186521,17635223765432098700000,0,815732714735159289757678,0,0,0,0
9,1,8,2,0,6,6,0,4,2,0,3,2,2,4,0,0,0,0,2,0,548578968716351112055834,154840363487181479903493,0,607743621308833363868509,0,0,0,0
3,6,14,6,0,6,3,0,2,0,0,2,0,0,3,0,0,0,0,2,0,804434106344386309820578,58636341488404320950027,0,292410632025209885795162,0,0,0,0
6,2,4,5,0,8,6,0,4,1,1,4,2,3,3,0,0,0,0,3,0,712841562958821492808175,142515564010680741956850,0,300000000000150000099999,0,0,0,0
6,2,5,8,0,6,2,0,1,0,1,0,0,1,1,0,0,0,1,2,0,415647283221555159007347,57557966677703703650004,0,415957475810905789492826,0,0,0,0
8,7,11,10,0,3,4,0,3,0,1,2,1,1,3,0,0,0,0,1,0,694501416826785553528028,89028214061197530850991,0,496325165121959338555683,0,0,0,0
8,2,9,7,0,5,3,0,0,2,0,0,2,0,3,0,0,0,1,2,0,549917229952599110278728,44853316608629471270321,0,686705956899035026205915,0,0,0,0
6,7,4,6,0,5,3,1,3,0,0,1,0,1,2,1,1,0,0,0,0,577402321075779744883989,67827087067268716409036,0,475503034618674942323984,0,0,0,0
6,2,11,6,0,3,6,0,4,0,2,3,2,2,4,0,0,0,0,1,0,988521681370337748003178,388688460402732951262424,0,491824917376224381145052,0,0,0,0
3,5,6,7,0,4,4,0,3,0,1,3,0,1,3,0,0,0,1,3,0,660942450244728755532242,90140629264474675657601,0,313550016661424921976747,0,0,0,0
8,4,9,5,0,7,3,0,2,1,0,2,1,1,2,0,0,0,0,5,0,412701684040998533586139,61583397236858878035106,0,472340505594438720767987,0,0,0,0
8,3,9,9,0,2,4,0,4,0,0,3,0,0,4,0,0,0,0,6,0,820995886845224889731280,103834999999999999999993,0,416767059099218590107058,0,0,0,0
6,7,9,5,0,2,6,0,5,0,1,3,0,3,3,0,0,0,1,1,0,770325774374513560516492,245856756729185473782143,0,579326974583663007087806,0,0,0,0
9,6,8,6,0,3,1,0,0,0,0,0,0,0,1,0,0,0,2,1,0,527639622827054683181573,17635223765432098700000,0,631659714735355060440640,0,0,0,0
6,5,7,4,0,6,8,1,6,0,2,4,1,5,3,1,1,0,1,1,0,872037996511418669915399,261534760415828601016846,0,382454688654694977822781,0,0,0,0
3,7,14,5,0,7,2,0,2,0,0,2,0,0,2,0,0,0,0,3,0,688261324240844539470752,51404817500000000000030,0,267360000000100007113804,0,0,0,0
5,2,7,6,0,4,3,0,3,0,0,3,0,2,1,0,0,0,4,3,0,779307896364703414544021,100015000003999999999998,0,540323847258213864129817,0,0,0,0
6,4,5,7,0,6,2,1,2,0,0,0,0,0,2,1,1,0,1,2,0,457531376487348524831990,30775462962962962899995,0,499998000000199999032854,0,0,0,0
8,5,10,2,0,5,2,0,2,0,0,2,0,2,0,0,0,0,0,3,0,338454618994314340025543,119219018594000000000000,0,501738028486585015874695,0,0,0,0
8,2,9,5,0,5,3,0,0,1,0,0,1,0,3,0,0,0,1,2,0,644689329102209507320736,58620616008789772445390,0,434218298874936328339463,0,0,0,0
6,4,14,3,0,6,3,0,2,0,1,1,0,2,1,0,0,0,3,3,0,469930756246119264081953,155021480498057032633278,0,478221933528123402745046,0,0,0,0
6,4,11,6,0,4,6,0,4,0,2,3,1,3,3,0,0,0,0,1,0,696856737700041655718037,132120723445323054563207,0,551962361304903924909985,0,0,0,0
6,8,9,5,0,6,3,0,1,0,2,1,1,2,1,0,0,0,1,2,0,631739515114044022138277,31216314514520048077062,0,300000000000302140315981,0,0,0,0
8,5,9,5,0,4,7,0,6,1,0,6,2,4,3,0,0,0,0,1,0,841140535609161914137966,249934277705664143417306,0,472340505594438720767985,0,0,0,0
6,7,6,5,0,3,5,0,1,2,2,1,2,2,3,0,0,0,2,4,0,779759785722652003369765,120417540575054503853048,0,390017537225408290030921,0,0,0,0
6,9,9,5,0,2,7,1,6,0,1,3,0,3,4,1,1,0,0,1,0,754296046184047472310280,330783094470244462844737,0,515875273151667981470503,0,0,0,0
17,4,4,7,0,5,2,0,1,0,1,1,0,2,0,0,0,0,0,3,0,829960047827506160183238,98747044062000000000000,0,816146359737432882273484,0,0,0,0
6,7,7,5,0,6,6,0,5,0,1,3,0,3,3,0,0,0,0,4,0,612066745046491396649435,181987589294719479596182,0,487602626086876506391915,0,0,0,0
6,4,6,3,0,6,5,1,2,3,0,0,3,1,4,1,1,0,0,7,0,418655058164153159555601,81298891906664744504701,0,429461797801064848594907,0,0,0,0
5,2,7,7,0,5,7,0,6,1,0,4,1,2,5,0,0,0,3,0,0,809170232440913094457191,159582714238973847738024,0,300094825493953258131134,0,0,0,0
9,6,9,2,0,9,6,0,4,0,1,2,1,3,3,0,0,0,1,0,0,496016835327625652736029,216836172551011950505245,0,425629485676539683301702,0,0,0,0
8,5,10,4,0,4,4,0,3,1,0,3,1,1,3,0,0,0,0,1,0,511806459589125789287481,269301940316807623712110,0,525318761805117645486888,0,0,0,0
5,4,4,5,0,4,1,0,1,0,0,0,0,0,1,0,0,0,3,2,0,490163062165058849228098,2154737723215052199997,0,483416398941871541986954,0,0,0,0
6,5,14,6,0,3,5,0,3,0,2,2,1,2,3,0,0,0,2,2,0,985740325063385808300983,250718642006377994775793,0,447072737099016898947831,0,0,0,0
4,5,6,3,0,7,3,0,3,0,0,3,0,2,1,0,0,0,1,4,0,362136005529108683559266,100000002826999999999999,0,356707871339279765435116,0,0,0,0
6,5,9,4,0,6,3,0,2,0,1,2,1,2,1,0,0,0,1,2,0,978081147481205502674811,210995913597000000000000,0,307599641337125402121239,0,0,0,0
8,3,9,7,0,5,7,0,5,0,1,2,1,2,5,0,0,0,1,2,0,926973299249087316047222,353153057848487829199781,0,461518266187145975094598,0,0,0,0
6,7,6,5,0,4,5,0,1,1,2,2,2,2,3,0,0,0,2,4,0,546721076395382781110695,230378024023404644909482,0,390017537225407903695123,0,0,0,0
4,5,8,7,0,6,6,0,5,0,1,2,1,1,5,0,0,0,2,3,0,795790625279480755872554,200593342477162818592150,0,300001000000150000000003,0,0,0,0
17,2,4,8,0,6,1,0,1,0,0,1,0,1,0,0,0,1,0,3,0,519880802108750513043183,5139029073000000000000,0,722263151449804368601021,0,0,1,0
8,4,9,5,0,4,1,0,0,0,0,0,1,0,1,0,0,0,0,3,0,264063635368789420486762,19822723765432098650000,0,465004323083221583902016,0,0,0,0
6,2,6,3,0,7,5,0,2,2,1,1,3,1,4,0,0,0,2,5,0,434443826246987581494208,79036550145207241509819,0,382567407407557407450035,0,0,0,0
9,6,6,5,0,5,2,0,1,1,0,1,1,0,2,0,0,0,1,2,0,799055475969953120220315,55460730963696401742343,0,647792941225016285336302,0,0,0,0
9,6,9,5,0,7,5,0,3,0,1,1,1,2,3,0,0,0,1,1,0,536012811487656130029636,89586635225552969818622,0,582742974416110706218070,0,0,0,0
4,6,9,2,0,7,7,0,7,0,0,3,0,1,6,0,0,0,0,0,0,285363029831787367878069,149976143339735000467838,0,294693287037187037051226,0,0,0,0
5,2,4,7,0,6,4,0,2,2,0,1,3,0,4,0,0,0,0,2,0,595705604704284836405399,74605428962639207214460,0,479107522577805584043921,0,0,0,0
10,3,3,10,0,4,4,0,1,0,2,0,0,2,2,0,0,0,0,4,0,925400416043896846200257,25151724251049382649999,0,768638532261369394718241,0,0,0,0
4,3,6,3,0,4,4,0,4,0,0,4,1,1,3,0,0,0,1,3,0,627492759047401997998337,288061666148029989678539,0,410669952826038229736616,0,0,0,0
11,1,11,5,0,7,5,0,4,0,1,1,1,1,4,0,0,0,1,3,0,380946729831133582896474,74697804087068860546231,0,399761217938514114576922,0,0,0,0
8,3,9,6,0,5,7,0,4,0,2,2,1,3,4,0,0,0,0,3,0,884646441956965411095783,412434791473393995753466,0,461472721614514681594598,0,0,0,0
10,6,3,9,0,6,5,0,4,0,1,4,0,4,1,0,0,0,3,1,0,916944093030007795380785,175784174542913104707733,0,471199750604154462545302,0,0,0,0
4,5,8,5,0,6,7,0,7,0,0,5,1,2,5,0,0,0,1,3,0,686432984394974593453196,162402668510999999999995,0,300001000000150000000003,0,0,0,0
8,3,9,4,0,6,1,0,0,0,1,0,0,1,0,0,0,0,0,3,0,360499777823712870436988,19987847222000000000000,0,415004323241892988176800,0,0,0,0
10,8,9,8,0,7,3,0,2,0,1,1,0,1,2,0,0,0,1,0,0,379865836642719930395461,132149467462740740699996,0,345430134259409259327005,0,0,0,0
9,5,6,3,0,5,3,0,2,1,0,2,1,1,2,0,0,0,2,0,0,602122340961547794991373,128534693546171383549998,0,754604861517201835291568,0,0,0,0
9,5,11,8,0,4,3,0,2,0,1,0,0,1,2,0,0,0,0,3,0,542751780233877669161443,94340876512205710823149,0,629652042329319752187660,0,0,0,0
4,7,9,5,0,6,6,0,5,0,1,2,0,1,5,0,0,0,0,1,0,608939771696292790823905,146943913685052392240835,0,316828827603205273228091,0,0,0,0
8,7,9,2,0,5,1,0,1,0,0,1,0,0,1,0,0,0,1,4,0,328664275122963905014522,41249999999999999999997,0,489025540267788623960427,0,0,0,0
10,2,3,9,0,3,3,0,2,0,0,0,0,0,3,0,0,0,0,5,0,826165210779520009630866,103579227926091701638838,0,779592061974158620095249,0,0,0,0
7,5,4,10,0,5,7,0,5,0,1,3,0,1,6,0,0,0,0,2,0,1370127208830194939378868,205655476831799970682603,0,557892920087292888273717,0,0,0,0
11,1,11,5,0,8,3,0,3,0,0,0,0,0,3,0,0,0,1,5,0,220229258489069185818582,39599312415727776302296,0,360227823207520422429592,0,0,0,0
8,5,10,7,0,5,4,0,3,0,1,2,1,1,3,0,0,0,0,2,0,745338097115571543411118,221496103200000000010385,0,552246000000327014526812,0,0,0,0
10,6,3,9,0,6,3,0,3,0,0,2,0,1,2,0,0,0,2,4,0,842216840048975699365025,175953237032803810242252,0,463948990011028982254546,0,0,0,0
13,4,6,4,0,3,8,0,4,1,2,2,2,3,5,0,0,0,1,2,0,648658391241991434437149,327715682883095546931256,0,757922084641302732070041,0,0,0,0
10,5,9,5,0,4,3,0,1,0,2,1,1,2,1,0,0,0,0,1,0,286569804963739521077760,86456186135000000000013,0,300000000000145431146166,0,0,0,0
14,5,13,6,0,7,7,0,2,4,0,1,4,1,6,0,0,0,1,3,0,707433160003720224274854,227271637881697591505240,0,844713480689533094019647,0,0,0,0
9,7,11,7,0,3,4,1,4,0,0,2,0,2,2,1,1,0,0,2,0,691862824895693279648354,90183802000000000000007,0,522077966239991214760541,0,0,0,0
9,6,8,4,0,6,4,0,2,0,2,2,1,3,1,0,0,0,0,2,0,383580037525547994152226,91078864136000000000019,0,387253309600139811204401,0,0,0,0
8,7,9,4,0,6,2,0,2,0,0,1,1,0,2,0,0,0,0,4,0,376925245659963614042777,78580344819287954264292,0,490050427665833635775045,0,0,0,0
6,1,6,5,0,6,6,0,4,1,0,2,1,1,5,0,0,0,0,6,0,1041785751130245632030591,305465008368559534570595,0,300000000000249999000024,0,0,0,0
7,5,4,11,0,4,7,0,5,0,1,3,0,1,6,0,0,0,0,2,0,1026202578298485419982750,217271810384170405595320,0,557892920087292888273717,0,0,0,0
4,3,11,3,0,7,6,0,4,1,0,4,2,3,3,0,0,0,0,1,0,454664062329969552246326,189758329805797101605476,0,369602982364188702337107,0,0,0,0
8,5,10,7,0,5,4,0,3,0,1,2,0,2,2,0,0,0,2,0,0,759175172208458446179542,215399858340000000023227,0,602246000000308219061353,0,0,0,0
9,1,7,3,0,11,1,0,1,0,0,1,0,1,0,0,0,0,0,3,0,202873191278701304971280,50000000000000000000000,0,344011567109917381434272,0,0,0,0
13,5,6,3,0,3,8,0,5,1,2,2,1,2,6,0,0,0,1,2,0,620410631326930228192612,233688885227792252232885,0,677024581046836989365859,0,0,0,0
10,5,10,2,0,4,7,0,3,2,2,3,2,3,4,0,0,0,1,4,0,533685111237727924453055,236198317666882046986318,0,363307059880290821774460,0,0,0,0
10,5,10,2,0,4,7,0,3,2,2,3,2,3,4,0,0,0,1,4,0,533685111237727924453055,236198317666882046986318,0,363307059880290821774460,0,0,0,0
14,7,13,8,0,6,4,0,3,0,0,2,0,2,2,0,0,0,1,6,0,1036850986293468928382439,433478469202829047393674,0,855773322796348977045397,0,0,0,0
9,6,8,3,0,7,4,0,2,0,2,1,0,3,1,0,0,0,1,1,0,431983533518509227851232,102721466060753086399999,0,420877413580346914603165,0,0,0,0
6,1,6,6,0,8,7,0,5,1,0,3,1,2,5,0,0,0,0,5,0,1053591706673001800775197,208321210834932051747156,0,300000000000249999000024,0,0,0,0
4,2,11,1,0,8,4,0,3,0,0,3,1,2,2,0,0,0,2,1,0,89661012659560806922127,74916925515232373984505,0,440661979765738251299170,0,0,0,0
9,2,7,1,0,10,2,0,2,0,0,1,0,0,2,0,0,0,0,2,0,132493757702887592570039,49999999999999999999998,0,344011567109917381434272,0,0,0,0
10,5,10,2,0,4,9,1,5,1,3,3,3,4,5,1,1,0,1,2,0,600461518710268488628634,218237729361342748759242,0,363308059880240821774460,0,0,0,0
10,5,10,2,0,4,9,1,5,1,3,3,3,4,5,1,1,0,1,2,0,600461518710268488628634,218237729361342748759242,0,363308059880240821774460,0,0,0,0
